unsigned char ___sim_audio_g711a[] = {
  0xd5, 0xd5, 0xd5, 0xd5, 0xd5, 0xd5, 0xd5, 0xd5, 0xd5, 0xd5, 0xd5, 0xd5,
  0xd5, 0xd5, 0xd5, 0xd5, 0xd5, 0xd5, 0xd5, 0xd5, 0xd5, 0xd5, 0xd5, 0xd5,
  0xd5, 0xd5, 0xd5, 0xd5, 0xd5, 0xd5, 0xd5, 0xd5, 0xd5, 0xd5, 0xd5, 0xd5,
  0xd5, 0xd5, 0xd5, 0xd5, 0xd5, 0xd5, 0xd5, 0xd5, 0xd5, 0xd5, 0xd5, 0xd5,
  0xd5, 0xd5, 0xd5, 0xd5, 0xd5, 0xd5, 0xd5, 0xd5, 0xd5, 0xd5, 0xd5, 0xd5,
  0xd5, 0xd5, 0xd5, 0xd5, 0xd5, 0xd5, 0xd5, 0xd5, 0xd5, 0xd5, 0xd5, 0xd5,
  0xd5, 0xd5, 0xd5, 0xd5, 0xd5, 0xd5, 0xd5, 0xd5, 0xd5, 0xd5, 0xd5, 0xd5,
  0xd5, 0xd5, 0xd5, 0xd5, 0xd5, 0xd5, 0xd5, 0xd5, 0xd5, 0xd5, 0xd5, 0xd5,
  0xd5, 0xd5, 0xd5, 0xd5, 0xd5, 0xd5, 0xd5, 0xd5, 0xd5, 0xd5, 0xd5, 0xd5,
  0xd5, 0xd5, 0xd5, 0xd5, 0xd5, 0xd5, 0xd5, 0xd5, 0xd5, 0xd5, 0xd5, 0xd5,
  0xd5, 0xd5, 0xd5, 0xd5, 0xd5, 0xd5, 0xd5, 0xd5, 0xd5, 0xd5, 0xd5, 0xd5,
  0xd5, 0xd5, 0xd5, 0xd5, 0xd5, 0xd5, 0xd5, 0xd5, 0xd5, 0xd5, 0xd5, 0xd5,
  0xd5, 0xd5, 0xd5, 0xd5, 0xd5, 0xd5, 0xd5, 0xd5, 0xd5, 0xd5, 0xd5, 0xd5,
  0xd5, 0xd5, 0xd5, 0xd5, 0xd5, 0xd5, 0xd5, 0xd5, 0xd5, 0xd5, 0xd5, 0xd5,
  0xd5, 0xd5, 0xd5, 0xd5, 0xd5, 0xd5, 0xd5, 0xd5, 0xd5, 0xd5, 0xd5, 0xd5,
  0xd5, 0xd5, 0xd5, 0xd5, 0xd5, 0xd5, 0xd5, 0xd5, 0xd5, 0xd5, 0xd5, 0xd5,
  0xd5, 0xd5, 0xd5, 0xd5, 0xd5, 0xd5, 0xd5, 0xd5, 0xd5, 0xd5, 0xd5, 0xd5,
  0xd5, 0xd5, 0xd5, 0xd5, 0xd5, 0xd5, 0xd5, 0xd5, 0xd5, 0xd5, 0xd5, 0xd5,
  0xd5, 0xd5, 0xd5, 0xd5, 0xd5, 0xd5, 0xd5, 0xd5, 0xd5, 0xd5, 0xd5, 0xd5,
  0xd5, 0xd5, 0xd5, 0xd5, 0xd5, 0xd5, 0xd5, 0xd5, 0xd5, 0xd5, 0xd5, 0xd5,
  0xd5, 0xd5, 0xd5, 0xd5, 0xd5, 0xd5, 0xd5, 0xd5, 0xd5, 0xd5, 0xd5, 0xd5,
  0xd5, 0xd5, 0xd5, 0xd5, 0xd5, 0xd5, 0xd5, 0xd5, 0xd5, 0xd5, 0xd5, 0xd5,
  0xd5, 0xd5, 0xd5, 0xd5, 0xd5, 0xd5, 0xd5, 0xd5, 0xd5, 0xd5, 0xd5, 0xd5,
  0xd5, 0xd5, 0xd5, 0xd5, 0xd5, 0xd5, 0xd5, 0xd5, 0xd5, 0xd5, 0xd5, 0xd5,
  0xd5, 0xd5, 0xd5, 0xd5, 0xd5, 0xd5, 0xd5, 0xd5, 0xd5, 0xd5, 0xd5, 0xd5,
  0xd5, 0xd5, 0xd5, 0xd5, 0xd5, 0xd5, 0xd5, 0xd5, 0xd5, 0xd5, 0xd5, 0xd5,
  0xd5, 0xd5, 0xd5, 0xd5, 0xd5, 0xd5, 0xd5, 0xd5, 0xd5, 0xd5, 0xd5, 0xd5,
  0xd5, 0xd5, 0xd5, 0xd5, 0xd5, 0xd5, 0xd5, 0xd5, 0xd5, 0xd5, 0xd5, 0xd5,
  0xd5, 0xd5, 0xd5, 0xd5, 0xd5, 0xd5, 0xd5, 0xd5, 0xd5, 0xd5, 0xd5, 0xd5,
  0xd5, 0xd5, 0xd5, 0xd5, 0xd5, 0xd5, 0xd5, 0xd5, 0xd5, 0xd5, 0xd5, 0xd5,
  0xd5, 0xd5, 0xd5, 0xd5, 0xd5, 0xd5, 0xd5, 0xd5, 0xd5, 0xd5, 0xd5, 0xd5,
  0xd5, 0xd5, 0xd5, 0xd5, 0xd5, 0xd5, 0xd5, 0xd5, 0xd5, 0xd5, 0xd5, 0xd5,
  0xd5, 0xd5, 0xd5, 0xd5, 0xd5, 0xd5, 0xd5, 0xd5, 0xd5, 0xd5, 0xd5, 0xd5,
  0xd5, 0xd5, 0xd5, 0xd5, 0xd5, 0xd5, 0xd5, 0xd5, 0xd5, 0xd5, 0xd5, 0xd5,
  0xd5, 0xd5, 0xd5, 0xd5, 0xd5, 0xd5, 0xd5, 0xd5, 0xd5, 0xd5, 0xd5, 0xd5,
  0xd5, 0xd5, 0xd5, 0xd5, 0xd5, 0xd5, 0xd5, 0xd5, 0xd5, 0xd5, 0xd5, 0xd5,
  0xd5, 0xd5, 0xd5, 0xd5, 0xd5, 0xd5, 0xd5, 0xd5, 0xd5, 0xd5, 0xd5, 0xd5,
  0xd5, 0xd5, 0xd5, 0xd5, 0xd5, 0xd5, 0xd5, 0xd5, 0xd5, 0xd5, 0xd5, 0xd5,
  0xd5, 0xd5, 0xd5, 0xd5, 0xd5, 0xd5, 0xd5, 0xd5, 0xd5, 0xd5, 0xd5, 0xd5,
  0xd5, 0xd5, 0xd5, 0xd5, 0xd5, 0xd5, 0xd5, 0xd5, 0xd5, 0xd5, 0xd5, 0xd5,
  0xd5, 0xd5, 0xd5, 0xd5, 0xd5, 0xd5, 0xd5, 0xd5, 0xd5, 0xd5, 0xd5, 0xd5,
  0xd5, 0xd5, 0xd5, 0xd5, 0xd5, 0xd5, 0xd5, 0xd5, 0xd5, 0xd5, 0xd5, 0xd5,
  0xd5, 0xd5, 0xd5, 0xd5, 0xd5, 0xd5, 0xd5, 0xd5, 0xd5, 0xd5, 0xd5, 0xd5,
  0xd5, 0xd5, 0xd5, 0xd5, 0xd5, 0xd5, 0xd5, 0xd5, 0xd5, 0xd5, 0xd5, 0xd5,
  0xd5, 0xd5, 0xd5, 0xd5, 0xd5, 0xd5, 0xd5, 0xd5, 0xd5, 0xd5, 0xd5, 0xd5,
  0xd5, 0xd5, 0xd5, 0xd5, 0xd5, 0xd5, 0xd5, 0xd5, 0xd5, 0xd5, 0xd5, 0xd5,
  0xd5, 0xd5, 0xd5, 0xd5, 0xd5, 0xd5, 0xd5, 0xd5, 0xd5, 0xd5, 0xd5, 0xd5,
  0xd5, 0xd5, 0xd5, 0xd5, 0xd5, 0xd5, 0xd5, 0xd5, 0xd5, 0xd5, 0xd5, 0xd5,
  0xd5, 0xd5, 0xd5, 0xd5, 0xd5, 0xd5, 0xd5, 0xd5, 0xd5, 0xd5, 0xd5, 0xd5,
  0xd5, 0xd5, 0xd5, 0xd5, 0xd5, 0xd5, 0xd5, 0xd5, 0xd5, 0xd5, 0xd5, 0xd5,
  0xd5, 0xd5, 0xd5, 0xd5, 0xd5, 0xd5, 0xd5, 0xd5, 0xd5, 0xd5, 0xd5, 0xd5,
  0xd5, 0xd5, 0xd5, 0xd5, 0xd5, 0xd5, 0xd5, 0xd5, 0xd5, 0xd5, 0xd5, 0xd5,
  0xd5, 0xd5, 0xd5, 0xd5, 0xd5, 0xd5, 0xd5, 0xd5, 0xd5, 0xd5, 0xd5, 0xd5,
  0xd5, 0xd5, 0xd5, 0xd5, 0xd5, 0xd5, 0xd5, 0xd5, 0xd5, 0xd5, 0xd5, 0xd5,
  0xd5, 0xd5, 0xd5, 0xd5, 0xd5, 0xd5, 0xd5, 0xd5, 0xd5, 0xd5, 0xd5, 0xd5,
  0xd5, 0xd5, 0xd5, 0xd5, 0xd5, 0xd5, 0xd5, 0xd5, 0xd5, 0xd5, 0xd5, 0xd5,
  0xd5, 0xd5, 0xd5, 0xd5, 0xd5, 0xd5, 0xd5, 0xd5, 0xd5, 0xd5, 0xd5, 0xd5,
  0xd5, 0xd5, 0xd5, 0xd5, 0xd5, 0xd5, 0xd5, 0xd5, 0xd5, 0xd5, 0xd5, 0xd5,
  0xd5, 0xd5, 0xd5, 0xd5, 0xd5, 0xd5, 0xd5, 0xd5, 0xd5, 0xd5, 0xd5, 0xd5,
  0xd5, 0xd5, 0xd5, 0xd5, 0xd5, 0xd5, 0xd5, 0xd5, 0xd5, 0xd5, 0xd5, 0xd5,
  0xd5, 0xd5, 0xd5, 0xd5, 0xd5, 0xd5, 0xd5, 0xd5, 0xd5, 0xd5, 0xd5, 0xd5,
  0xd5, 0xd5, 0xd5, 0xd5, 0xd5, 0xd5, 0xd5, 0xd5, 0xd5, 0xd5, 0xd5, 0xd5,
  0xd5, 0xd5, 0xd5, 0xd5, 0xd5, 0xd5, 0xd5, 0xd5, 0xd5, 0xd5, 0xd5, 0xd5,
  0xd5, 0xd5, 0xd5, 0xd5, 0xd5, 0xd5, 0xd5, 0xd5, 0xd5, 0xd5, 0xd5, 0xd5,
  0xd5, 0xd5, 0xd5, 0xd5, 0xd5, 0xd5, 0xd5, 0xd5, 0xd5, 0xd5, 0xd5, 0xd5,
  0xd5, 0xd5, 0xd5, 0xd5, 0xd5, 0xd5, 0xd5, 0xd5, 0xd5, 0xd5, 0xd5, 0xd5,
  0xd5, 0xd5, 0xd5, 0xd5, 0xd5, 0xd5, 0xd5, 0xd5, 0xd5, 0xd5, 0xd5, 0xd5,
  0xd5, 0xd5, 0xd5, 0xd5, 0xd5, 0xd5, 0xd5, 0xd5, 0xd5, 0xd5, 0xd5, 0xd5,
  0xd5, 0xd5, 0xd5, 0xd5, 0xd5, 0xd5, 0xd5, 0xd5, 0xd5, 0xd5, 0xd5, 0xd5,
  0xd5, 0xd5, 0xd5, 0xd5, 0xd5, 0xd5, 0xd5, 0xd5, 0xd5, 0xd5, 0xd5, 0xd5,
  0xd5, 0xd5, 0xd5, 0xd5, 0xd5, 0xd5, 0xd5, 0xd5, 0xd5, 0xd5, 0xd5, 0xd5,
  0xd5, 0xd5, 0xd5, 0xd5, 0xd5, 0xd5, 0xd5, 0xd5, 0xd5, 0xd5, 0xd5, 0xd5,
  0xd5, 0xd5, 0xd5, 0xd5, 0xd5, 0xd5, 0xd5, 0xd5, 0xd5, 0xd5, 0xd5, 0xd5,
  0xd5, 0xd5, 0xd5, 0xd5, 0xd5, 0xd5, 0xd5, 0xd5, 0xd5, 0xd5, 0xd5, 0xd5,
  0xd5, 0xd5, 0xd5, 0xd5, 0xd5, 0xd5, 0xd5, 0xd5, 0xd5, 0xd5, 0xd5, 0xd5,
  0xd5, 0xd5, 0xd5, 0xd5, 0xd5, 0xd5, 0xd5, 0xd5, 0xd5, 0xd5, 0xd5, 0xd5,
  0xd5, 0xd5, 0xd5, 0xd5, 0xd5, 0xd5, 0xd5, 0xd5, 0xd5, 0xd5, 0xd5, 0xd5,
  0xd5, 0xd5, 0xd5, 0xd5, 0xd5, 0xd5, 0xd5, 0xd5, 0xd5, 0xd5, 0xd5, 0xd5,
  0xd5, 0xd5, 0xd5, 0xd5, 0xd5, 0xd5, 0xd5, 0xd5, 0xd5, 0xd5, 0xd5, 0xd5,
  0xd5, 0xd5, 0xd5, 0xd5, 0xd5, 0xd5, 0xd5, 0xd5, 0xd5, 0xd5, 0xd5, 0xd5,
  0xd5, 0xd5, 0xd5, 0xd5, 0xd5, 0xd5, 0xd5, 0xd5, 0xd5, 0xd5, 0xd5, 0xd5,
  0xd5, 0xd5, 0xd5, 0xd5, 0xd5, 0xd5, 0xd5, 0xd5, 0xd5, 0xd5, 0xd5, 0xd5,
  0xd5, 0xd5, 0xd5, 0xd5, 0xd5, 0xd5, 0xd5, 0xd5, 0xd5, 0xd5, 0xd5, 0xd5,
  0xd5, 0xd5, 0xd5, 0xd5, 0xd5, 0xd5, 0xd5, 0xd5, 0xd5, 0xd5, 0xd5, 0xd5,
  0xd5, 0xd5, 0xd5, 0xd5, 0xd5, 0xd5, 0xd5, 0xd5, 0xd5, 0xd5, 0xd5, 0xd5,
  0xd5, 0xd5, 0xd5, 0xd5, 0xd5, 0xd5, 0xd5, 0xd5, 0xd5, 0xd5, 0xd5, 0xd5,
  0xd5, 0xd5, 0xd5, 0xd5, 0xd5, 0xd5, 0xd5, 0xd5, 0xd5, 0xd5, 0xd5, 0xd5,
  0xd5, 0xd5, 0xd5, 0xd5, 0xd5, 0xd5, 0xd5, 0xd5, 0xd5, 0xd5, 0xd5, 0xd5,
  0xd5, 0xd5, 0xd5, 0xd5, 0xd5, 0xd5, 0xd5, 0xd5, 0xd5, 0xd5, 0xd5, 0xd5,
  0xd5, 0xd5, 0xd5, 0xd5, 0xd5, 0xd5, 0xd5, 0xd5, 0xd5, 0xd5, 0xd5, 0xd5,
  0xd5, 0xd5, 0xd5, 0xd5, 0xd5, 0xd5, 0xd5, 0xd5, 0xd5, 0xd5, 0xd5, 0xd5,
  0xd5, 0xd5, 0xd5, 0xd5, 0xd5, 0xd5, 0xd5, 0xd5, 0xd5, 0xd5, 0xd5, 0xd5,
  0xd5, 0xd5, 0xd5, 0xd5, 0xd5, 0xd5, 0xd5, 0xd5, 0xd5, 0xd5, 0xd5, 0xd5,
  0xd5, 0xd5, 0xd5, 0xd5, 0xd5, 0xd5, 0xd5, 0xd5, 0xd5, 0xd5, 0xd5, 0xd5,
  0xd5, 0xd5, 0xd5, 0xd5, 0xd5, 0xd5, 0xd5, 0xd5, 0xd5, 0xd5, 0xd5, 0xd5,
  0xd5, 0xd5, 0xd5, 0xd5, 0xd5, 0xd5, 0xd5, 0xd5, 0xd5, 0xd5, 0xd5, 0xd5,
  0xd5, 0xd5, 0xd5, 0xd5, 0xd5, 0xd5, 0xd5, 0xd5, 0xd5, 0xd5, 0xd5, 0xd5,
  0xd5, 0xd5, 0xd5, 0xd5, 0xd5, 0xd5, 0xd5, 0xd5, 0xd5, 0xd5, 0xd5, 0xd5,
  0xd5, 0xd5, 0xd5, 0xd5, 0xd5, 0xd5, 0xd5, 0xd5, 0xd5, 0xd5, 0xd5, 0xd5,
  0xd5, 0xd5, 0xd5, 0xd5, 0xd5, 0xd5, 0xd5, 0xd5, 0xd5, 0xd5, 0xd5, 0xd5,
  0xd5, 0xd5, 0xd5, 0xd5, 0xd5, 0xd5, 0xd5, 0xd5, 0xd5, 0xd5, 0xd5, 0xd5,
  0xd5, 0xd5, 0xd5, 0xd5, 0xd5, 0xd5, 0xd5, 0xd5, 0xd5, 0xd5, 0xd5, 0xd5,
  0xd5, 0xd5, 0xd5, 0xd5, 0xd5, 0xd5, 0xd5, 0xd5, 0xd5, 0xd5, 0xd5, 0xd5,
  0xd5, 0xd5, 0xd5, 0xd5, 0xd5, 0xd5, 0xd5, 0xd5, 0xd5, 0xd5, 0xd5, 0xd5,
  0xd5, 0xd5, 0xd5, 0xd5, 0xd5, 0xd5, 0xd5, 0xd5, 0xd5, 0xd5, 0xd5, 0xd5,
  0xd5, 0xd5, 0xd5, 0xd5, 0xd5, 0xd5, 0xd5, 0xd5, 0xd5, 0xd5, 0xd5, 0xd5,
  0xd5, 0xd5, 0xd5, 0xd5, 0xd5, 0xd5, 0xd5, 0xd5, 0xd5, 0xd5, 0xd5, 0xd5,
  0xd5, 0xd5, 0xd5, 0xd5, 0xd5, 0xd5, 0xd5, 0xd5, 0xd5, 0xd5, 0xd5, 0xd5,
  0xd5, 0xd5, 0xd5, 0xd5, 0xd5, 0xd5, 0xd5, 0xd5, 0xd5, 0xd5, 0xd5, 0xd5,
  0xd5, 0xd5, 0xd5, 0xd5, 0xd5, 0xd5, 0xd5, 0xd5, 0xd5, 0xd5, 0xd5, 0xd5,
  0xd5, 0xd5, 0xd5, 0xd5, 0xd5, 0xd5, 0xd5, 0xd5, 0xd5, 0xd5, 0xd5, 0xd5,
  0xd5, 0xd5, 0xd5, 0xd5, 0xd5, 0xd5, 0xd5, 0xd5, 0xd5, 0xd5, 0xd5, 0xd5,
  0xd5, 0xd5, 0xd5, 0xd5, 0xd5, 0xd5, 0xd5, 0xd5, 0xd5, 0xd5, 0xd5, 0xd5,
  0xd5, 0xd5, 0xd5, 0xd5, 0xd5, 0xd5, 0xd5, 0xd5, 0xd5, 0xd5, 0xd5, 0xd5,
  0xd5, 0xd5, 0xd5, 0xd5, 0xd5, 0xd5, 0xd5, 0xd5, 0xd5, 0xd5, 0xd5, 0xd5,
  0xd5, 0xd5, 0xd5, 0xd5, 0xd5, 0xd5, 0xd5, 0xd5, 0xd5, 0xd5, 0xd5, 0xd5,
  0xd5, 0xd5, 0xd5, 0xd5, 0xd5, 0xd5, 0xd5, 0xd5, 0xd5, 0xd5, 0xd5, 0xd5,
  0xd5, 0xd5, 0xd5, 0xd5, 0xd5, 0xd5, 0xd5, 0xd5, 0xd5, 0xd5, 0xd5, 0xd5,
  0xd5, 0xd5, 0xd5, 0xd5, 0xd5, 0xd5, 0xd5, 0xd5, 0xd5, 0xd5, 0xd5, 0xd5,
  0xd5, 0xd5, 0xd5, 0xd5, 0xd5, 0xd5, 0xd5, 0xd5, 0xd5, 0xd5, 0xd5, 0xd5,
  0xd5, 0xd5, 0xd5, 0xd5, 0xd5, 0xd5, 0xd5, 0xd5, 0xd5, 0xd5, 0xd5, 0xd5,
  0xd5, 0xd5, 0xd5, 0xd5, 0xd5, 0xd5, 0xd5, 0xd5, 0xd5, 0xd5, 0xd5, 0xd5,
  0xd5, 0xd5, 0xd5, 0xd5, 0xd5, 0xd5, 0xd5, 0xd5, 0xd5, 0xd5, 0xd5, 0xd5,
  0xd5, 0xd5, 0xd5, 0xd5, 0xd5, 0xd5, 0xd5, 0xd5, 0xd5, 0xd5, 0xd5, 0xd5,
  0xd5, 0xd5, 0xd5, 0xd5, 0x55, 0x55, 0xd5, 0x55, 0x55, 0xd5, 0xd5, 0x55,
  0xd5, 0xd5, 0xd5, 0xd5, 0xd5, 0xd5, 0xd5, 0xd5, 0xd5, 0xd5, 0xd5, 0xd5,
  0xd5, 0xd5, 0xd5, 0xd5, 0xd5, 0xd5, 0x55, 0x55, 0x55, 0x55, 0x55, 0x55,
  0x55, 0x55, 0x55, 0x55, 0x55, 0x55, 0x55, 0xd5, 0x55, 0x55, 0x55, 0xd5,
  0xd5, 0xd5, 0xd5, 0xd5, 0xd5, 0xd5, 0xd5, 0xd5, 0xd5, 0xd5, 0xd5, 0xd5,
  0xd5, 0xd5, 0xd5, 0xd5, 0x55, 0x55, 0x55, 0xd5, 0xd5, 0xd5, 0xd5, 0xd5,
  0xd5, 0xd5, 0x55, 0x55, 0x55, 0x55, 0xd5, 0x55, 0xd5, 0xd5, 0xd5, 0xd5,
  0x55, 0x55, 0x55, 0x55, 0x55, 0x55, 0xd5, 0xd5, 0xd5, 0xd5, 0xd5, 0xd5,
  0xd5, 0xd5, 0xd5, 0xd5, 0xd5, 0xd5, 0x55, 0x55, 0xd5, 0x55, 0x55, 0x55,
  0xd5, 0xd5, 0xd5, 0xd5, 0xd5, 0xd5, 0xd5, 0xd5, 0xd5, 0xd5, 0xd5, 0xd5,
  0xd5, 0xd5, 0x55, 0x55, 0xd5, 0xd5, 0xd5, 0xd5, 0xd5, 0xd5, 0xd5, 0xd5,
  0x55, 0x55, 0x55, 0x55, 0x55, 0x55, 0x55, 0xd5, 0xd5, 0x55, 0xd5, 0xd5,
  0xd5, 0x55, 0x55, 0x55, 0x55, 0x55, 0xd5, 0xd5, 0xd5, 0xd5, 0xd5, 0x55,
  0x55, 0xd5, 0x55, 0xd5, 0xd5, 0xd5, 0xd5, 0xd5, 0xd5, 0xd5, 0xd5, 0xd5,
  0xd5, 0xd5, 0xd5, 0xd5, 0xd5, 0xd5, 0xd5, 0x55, 0xd5, 0xd5, 0xd5, 0xd5,
  0xd5, 0xd5, 0xd5, 0xd5, 0xd5, 0xd5, 0xd5, 0xd5, 0xd5, 0xd5, 0xd5, 0xd5,
  0xd5, 0xd5, 0xd5, 0x55, 0x55, 0x55, 0x55, 0x55, 0xd5, 0xd5, 0xd5, 0xd5,
  0xd5, 0xd5, 0xd5, 0xd5, 0xd5, 0xd5, 0xd5, 0x55, 0xd5, 0x55, 0x55, 0xd5,
  0x55, 0x55, 0x55, 0x55, 0x55, 0x55, 0x55, 0x55, 0xd5, 0x55, 0xd5, 0xd5,
  0xd5, 0x55, 0x55, 0x55, 0xd5, 0xd5, 0xd5, 0xd5, 0x55, 0x55, 0x55, 0x55,
  0x55, 0x55, 0x55, 0x55, 0xd5, 0x55, 0xd5, 0xd5, 0xd5, 0xd5, 0xd5, 0xd5,
  0xd5, 0xd5, 0xd5, 0xd5, 0x55, 0x55, 0x55, 0x55, 0xd5, 0x55, 0xd5, 0xd5,
  0x55, 0xd5, 0x55, 0x55, 0x55, 0x55, 0x55, 0x55, 0x55, 0x55, 0x55, 0x55,
  0x55, 0x55, 0x55, 0x55, 0x55, 0x55, 0x55, 0xd5, 0xd5, 0x55, 0xd5, 0xd5,
  0xd5, 0xd5, 0x55, 0x55, 0x55, 0xd5, 0xd5, 0x55, 0xd5, 0xd5, 0x55, 0x55,
  0x55, 0x55, 0x55, 0x55, 0x55, 0x55, 0x55, 0x55, 0x55, 0xd5, 0x55, 0xd5,
  0xd5, 0x55, 0xd5, 0x55, 0x55, 0x55, 0x55, 0xd5, 0x55, 0x55, 0x55, 0x55,
  0xd5, 0xd5, 0x55, 0x55, 0xd5, 0x55, 0x55, 0xd5, 0x55, 0x55, 0xd5, 0xd5,
  0xd5, 0xd5, 0xd5, 0xd5, 0xd5, 0xd5, 0xd5, 0xd5, 0x55, 0xd5, 0x55, 0x55,
  0x55, 0x55, 0x55, 0x55, 0x55, 0xd5, 0x55, 0x55, 0xd5, 0x55, 0x55, 0xd5,
  0xd5, 0xd5, 0xd5, 0xd5, 0xd5, 0x55, 0x55, 0x55, 0x55, 0x55, 0x55, 0x55,
  0x55, 0x55, 0xd5, 0x55, 0x55, 0x55, 0x55, 0x55, 0xd5, 0x55, 0x55, 0x55,
  0x55, 0x55, 0x55, 0xd5, 0x55, 0xd5, 0x55, 0x55, 0x55, 0x55, 0xd5, 0xd5,
  0xd5, 0xd5, 0x55, 0xd5, 0xd5, 0x55, 0x55, 0xd5, 0x55, 0x55, 0xd5, 0xd5,
  0x55, 0x55, 0x55, 0xd5, 0xd5, 0xd5, 0xd5, 0xd5, 0xd5, 0xd5, 0x55, 0x55,
  0x55, 0x55, 0x55, 0x55, 0x55, 0x55, 0x55, 0x55, 0x55, 0x55, 0x55, 0xd5,
  0x55, 0x55, 0xd5, 0xd5, 0x55, 0x55, 0x55, 0x55, 0x55, 0x55, 0x55, 0x55,
  0x55, 0x55, 0x55, 0x55, 0x55, 0x55, 0x55, 0x55, 0x55, 0x55, 0x55, 0x55,
  0x55, 0x55, 0x55, 0x55, 0x55, 0x55, 0x55, 0x55, 0x55, 0xd5, 0xd5, 0xd5,
  0xd5, 0x55, 0x55, 0x55, 0xd5, 0xd5, 0xd5, 0xd5, 0xd5, 0x55, 0x55, 0xd5,
  0xd5, 0xd5, 0xd5, 0xd5, 0xd5, 0xd5, 0xd5, 0x55, 0x55, 0x55, 0x55, 0x55,
  0x55, 0x55, 0x55, 0x55, 0xd5, 0x55, 0x55, 0x55, 0x55, 0x55, 0xd5, 0x55,
  0x55, 0xd5, 0x55, 0x55, 0x55, 0x55, 0xd5, 0xd5, 0xd5, 0x55, 0x55, 0x55,
  0xd5, 0x55, 0xd5, 0x55, 0x55, 0x55, 0x55, 0x55, 0x55, 0x55, 0xd5, 0xd5,
  0x55, 0xd5, 0x55, 0xd5, 0x55, 0x55, 0xd5, 0x55, 0x55, 0xd5, 0x55, 0x55,
  0x55, 0x55, 0x55, 0x55, 0xd5, 0xd5, 0x55, 0x55, 0xd5, 0xd5, 0x55, 0x55,
  0xd5, 0xd5, 0xd5, 0xd5, 0xd5, 0xd5, 0xd5, 0xd5, 0xd5, 0xd5, 0x55, 0xd5,
  0xd5, 0xd5, 0xd5, 0x55, 0xd5, 0x55, 0x55, 0xd5, 0xd5, 0x55, 0xd5, 0xd5,
  0x55, 0xd5, 0x55, 0x55, 0xd5, 0xd5, 0x55, 0xd5, 0x55, 0x55, 0x55, 0x55,
  0xd5, 0x55, 0xd5, 0x55, 0x55, 0x55, 0xd5, 0x55, 0x55, 0xd5, 0xd5, 0xd5,
  0x55, 0xd5, 0x55, 0xd5, 0xd5, 0xd5, 0xd5, 0xd5, 0xd5, 0xd5, 0xd5, 0xd5,
  0xd5, 0x55, 0xd5, 0xd5, 0xd5, 0xd5, 0xd5, 0xd5, 0x55, 0xd5, 0x55, 0x55,
  0xd5, 0xd5, 0xd5, 0xd5, 0x55, 0xd5, 0xd5, 0x55, 0xd5, 0xd5, 0xd5, 0xd5,
  0xd5, 0x55, 0x55, 0x55, 0x55, 0xd5, 0xd5, 0x55, 0xd5, 0xd5, 0x55, 0xd5,
  0xd5, 0xd5, 0xd5, 0xd5, 0xd5, 0xd5, 0xd5, 0xd5, 0xd5, 0xd5, 0xd5, 0x55,
  0x55, 0xd5, 0xd5, 0xd5, 0x55, 0xd5, 0xd5, 0x55, 0xd5, 0x55, 0x55, 0xd5,
  0xd5, 0x55, 0x55, 0xd5, 0xd5, 0xd5, 0xd5, 0xd5, 0xd5, 0xd5, 0xd5, 0xd5,
  0xd5, 0xd5, 0xd5, 0xd5, 0xd5, 0x55, 0x55, 0xd5, 0x55, 0xd5, 0xd5, 0xd5,
  0xd5, 0x55, 0x55, 0x55, 0xd5, 0xd5, 0xd5, 0xd5, 0x55, 0xd5, 0xd5, 0xd5,
  0xd5, 0xd5, 0xd5, 0x55, 0xd5, 0xd5, 0x55, 0xd5, 0x55, 0xd5, 0x55, 0x55,
  0xd5, 0x55, 0x55, 0x55, 0x55, 0x55, 0xd5, 0x55, 0xd5, 0xd5, 0xd5, 0xd5,
  0xd5, 0xd5, 0xd5, 0xd5, 0xd5, 0x55, 0x55, 0xd5, 0x55, 0x55, 0xd5, 0xd5,
  0x55, 0xd5, 0x55, 0x55, 0xd5, 0x55, 0xd5, 0xd5, 0xd5, 0x55, 0xd5, 0x55,
  0xd5, 0x55, 0x55, 0x55, 0xd5, 0x55, 0x55, 0xd5, 0x55, 0xd5, 0xd5, 0xd5,
  0x55, 0xd5, 0x55, 0x55, 0xd5, 0x55, 0xd5, 0xd5, 0xd5, 0xd5, 0xd5, 0xd5,
  0x55, 0xd5, 0x55, 0xd5, 0xd5, 0xd5, 0xd5, 0xd5, 0xd5, 0xd5, 0xd5, 0x55,
  0xd5, 0xd5, 0x55, 0xd5, 0x55, 0xd5, 0xd5, 0x55, 0x55, 0xd5, 0xd5, 0xd5,
  0x55, 0x55, 0xd5, 0xd5, 0xd5, 0x55, 0xd5, 0xd5, 0xd5, 0xd5, 0x55, 0xd5,
  0x55, 0xd5, 0xd5, 0x55, 0x55, 0x55, 0xd5, 0xd5, 0xd5, 0xd5, 0xd5, 0x55,
  0x55, 0xd5, 0xd5, 0xd5, 0xd5, 0x55, 0xd5, 0x55, 0x55, 0xd5, 0xd5, 0xd5,
  0x55, 0xd5, 0xd5, 0x55, 0x55, 0xd5, 0x55, 0x55, 0x55, 0x55, 0x55, 0x55,
  0xd5, 0xd5, 0xd5, 0x55, 0xd5, 0x55, 0x55, 0x55, 0x55, 0xd5, 0xd5, 0x55,
  0x55, 0xd5, 0xd5, 0xd5, 0xd5, 0xd5, 0x55, 0xd5, 0xd5, 0xd5, 0xd5, 0xd5,
  0x55, 0xd5, 0xd5, 0x55, 0x55, 0x55, 0x55, 0x55, 0xd5, 0xd5, 0x55, 0x55,
  0x55, 0x55, 0x55, 0x55, 0x55, 0x55, 0x55, 0x55, 0xd5, 0x55, 0xd5, 0x55,
  0xd5, 0xd5, 0x55, 0xd5, 0xd5, 0x55, 0x55, 0xd5, 0x55, 0x55, 0xd5, 0x55,
  0x55, 0xd5, 0xd5, 0x55, 0x55, 0x55, 0x55, 0x55, 0x55, 0x55, 0x55, 0x55,
  0xd5, 0xd5, 0x55, 0x55, 0xd5, 0x55, 0x55, 0xd5, 0xd5, 0x55, 0xd5, 0x55,
  0xd5, 0xd5, 0xd5, 0xd5, 0xd5, 0xd5, 0x55, 0xd5, 0xd5, 0xd5, 0xd5, 0x55,
  0xd5, 0xd5, 0x55, 0x55, 0x55, 0x55, 0xd5, 0x55, 0x55, 0xd5, 0x55, 0xd5,
  0x55, 0x55, 0x55, 0xd5, 0xd5, 0xd5, 0x55, 0xd5, 0xd5, 0xd5, 0x55, 0xd5,
  0xd5, 0xd5, 0xd5, 0xd5, 0xd5, 0xd5, 0x55, 0xd5, 0x55, 0xd5, 0xd5, 0x55,
  0xd5, 0xd5, 0xd5, 0xd5, 0x55, 0x55, 0xd5, 0x55, 0x55, 0xd5, 0x55, 0x55,
  0x55, 0x55, 0x55, 0x55, 0x55, 0x55, 0x55, 0xd5, 0x55, 0xd5, 0xd5, 0x55,
  0x55, 0x55, 0xd5, 0xd5, 0xd5, 0xd5, 0xd5, 0xd5, 0xd5, 0x55, 0x55, 0x55,
  0x55, 0xd5, 0x55, 0x55, 0x55, 0x55, 0xd5, 0x55, 0xd5, 0xd5, 0x55, 0xd5,
  0x55, 0x55, 0xd5, 0xd5, 0x55, 0x55, 0x55, 0x55, 0x55, 0x55, 0x55, 0x55,
  0x55, 0x55, 0x55, 0xd5, 0x55, 0x55, 0x55, 0x55, 0x55, 0x55, 0xd5, 0xd5,
  0x55, 0x55, 0x55, 0x55, 0x55, 0x55, 0xd5, 0x55, 0x55, 0x55, 0xd5, 0xd5,
  0x55, 0x55, 0x55, 0xd5, 0xd5, 0x55, 0x55, 0xd5, 0xd5, 0xd5, 0x55, 0x55,
  0x55, 0x55, 0xd5, 0x54, 0x54, 0x54, 0x54, 0xd5, 0x55, 0x57, 0x54, 0x54,
  0x55, 0xd5, 0x54, 0x57, 0x55, 0xd5, 0xd5, 0x55, 0x54, 0x55, 0xd5, 0x55,
  0x54, 0x55, 0x54, 0x54, 0x55, 0x55, 0x55, 0xd5, 0x55, 0xd5, 0xd5, 0x55,
  0xd5, 0x54, 0x54, 0xd5, 0xd5, 0xd5, 0x55, 0x55, 0x55, 0x55, 0x54, 0x55,
  0x55, 0x54, 0x54, 0x54, 0x55, 0x54, 0x57, 0x54, 0x55, 0xd5, 0x54, 0x57,
  0x54, 0xd5, 0xd5, 0xd5, 0xd5, 0x55, 0x55, 0xd5, 0xd5, 0x55, 0xd5, 0x55,
  0xd5, 0xd4, 0xd5, 0x55, 0xd5, 0xd5, 0xd5, 0xd4, 0xd5, 0x55, 0xd5, 0xd5,
  0x54, 0x55, 0xd5, 0xd5, 0x55, 0xd5, 0xd5, 0xd5, 0xd5, 0xd5, 0xd4, 0xd5,
  0xd5, 0x55, 0xd5, 0xd5, 0xd4, 0xd7, 0xd5, 0x55, 0xd5, 0xd4, 0x55, 0x55,
  0xd4, 0x55, 0x55, 0xd7, 0xd5, 0x57, 0xd5, 0xd5, 0x54, 0x55, 0xd5, 0xd5,
  0xd5, 0x54, 0x54, 0xd5, 0xd5, 0x54, 0x54, 0x55, 0x54, 0x54, 0x54, 0x54,
  0x54, 0x55, 0x54, 0x54, 0x55, 0xd5, 0xd5, 0xd5, 0x55, 0x55, 0x55, 0x54,
  0x54, 0x54, 0x55, 0x54, 0x55, 0x55, 0xd5, 0xd5, 0x55, 0xd5, 0x55, 0xd4,
  0xd4, 0xd4, 0xd7, 0xd5, 0xd4, 0xd4, 0xd4, 0xd4, 0xd5, 0xd4, 0xd4, 0xd5,
  0xd5, 0xd4, 0xd5, 0xd5, 0xd5, 0xd7, 0xd4, 0x55, 0x55, 0xd5, 0xd4, 0xd5,
  0xd4, 0xd4, 0xd4, 0xd7, 0xd4, 0xd4, 0xd4, 0xd4, 0xd7, 0xd4, 0x55, 0xd4,
  0xd5, 0x55, 0xd5, 0xd5, 0x55, 0x55, 0x55, 0xd5, 0x54, 0x57, 0xd5, 0xd5,
  0xd5, 0x55, 0xd5, 0xd4, 0xd5, 0xd5, 0xd5, 0xd4, 0x55, 0x55, 0x55, 0x55,
  0xd5, 0xd5, 0x55, 0xd5, 0xd5, 0xd5, 0xd5, 0x54, 0x54, 0x54, 0x55, 0x55,
  0x54, 0x55, 0xd5, 0x55, 0xd5, 0xd5, 0x55, 0x55, 0xd4, 0xd5, 0x54, 0xd5,
  0xd5, 0xd5, 0xd5, 0xd4, 0xd4, 0xd5, 0xd5, 0xd4, 0xd7, 0xd5, 0xd4, 0xd7,
  0xd4, 0xd7, 0xd7, 0xd4, 0xd4, 0xd7, 0xd7, 0xd4, 0xd4, 0xd4, 0xd4, 0xd5,
  0xd4, 0xd5, 0xd5, 0xd5, 0xd5, 0x55, 0xd5, 0xd5, 0x55, 0xd5, 0x54, 0x54,
  0x54, 0x55, 0x54, 0x55, 0x54, 0x54, 0xd5, 0xd5, 0xd5, 0x55, 0x55, 0xd5,
  0xd5, 0x55, 0x55, 0xd5, 0xd5, 0x55, 0xd5, 0xd5, 0x54, 0x54, 0x57, 0xd5,
  0x54, 0x57, 0x55, 0x55, 0x55, 0xd5, 0xd5, 0x55, 0x55, 0x57, 0x54, 0x57,
  0x57, 0xd5, 0x55, 0xd4, 0x55, 0x54, 0x54, 0xd5, 0xd7, 0x55, 0xd5, 0xd4,
  0xd6, 0xd4, 0x55, 0xd4, 0xd7, 0xd5, 0x54, 0x51, 0x55, 0xd7, 0xd4, 0x54,
  0x56, 0xd5, 0x5d, 0x52, 0x54, 0x56, 0x53, 0x51, 0x55, 0x5d, 0x50, 0x57,
  0x5d, 0x5f, 0x59, 0x5c, 0xd5, 0xd1, 0x56, 0x51, 0xd0, 0xd8, 0xdf, 0xd5,
  0xdc, 0xdc, 0xdf, 0xd0, 0x55, 0xdd, 0xd9, 0xd7, 0x51, 0xd7, 0xd4, 0xd2,
  0xd4, 0x50, 0x57, 0xd1, 0x56, 0x53, 0xd5, 0xd3, 0xd7, 0xd1, 0xd6, 0xd3,
  0xdc, 0xdc, 0xd2, 0xd4, 0xd5, 0x54, 0xd5, 0x55, 0x51, 0x57, 0x57, 0x57,
  0x54, 0xd5, 0xd5, 0x54, 0x54, 0x57, 0x57, 0x55, 0x56, 0x56, 0xd5, 0x57,
  0xd5, 0xd5, 0x54, 0xd4, 0x55, 0x56, 0x54, 0xd4, 0x54, 0x50, 0x51, 0x54,
  0x57, 0x54, 0x54, 0x54, 0x57, 0x51, 0x54, 0xd5, 0x57, 0x55, 0x55, 0x56,
  0x57, 0x54, 0xd5, 0x55, 0xd5, 0x55, 0x54, 0x55, 0x57, 0xd5, 0xd5, 0x57,
  0x56, 0x54, 0xd5, 0xd5, 0x57, 0x57, 0x55, 0x57, 0x57, 0xd5, 0xd5, 0x55,
  0x54, 0x55, 0x54, 0x54, 0x55, 0x54, 0x57, 0x55, 0x54, 0x54, 0x55, 0x57,
  0x55, 0x54, 0x54, 0xd4, 0x55, 0xd5, 0xd4, 0xd4, 0xd4, 0xd4, 0xd4, 0x55,
  0xd4, 0xd4, 0xd5, 0x54, 0xd5, 0xd5, 0x54, 0xd5, 0x55, 0xd5, 0x57, 0x54,
  0x54, 0xd5, 0x55, 0xd5, 0x55, 0x55, 0xd5, 0x55, 0x55, 0x55, 0x54, 0xd5,
  0xd5, 0xd5, 0xd4, 0x54, 0x54, 0xd5, 0xd5, 0xd4, 0xd5, 0x55, 0x55, 0xd5,
  0x55, 0x55, 0xd5, 0xd7, 0xd7, 0xd4, 0xd5, 0x54, 0xd5, 0x55, 0xd5, 0xd4,
  0x55, 0x55, 0xd5, 0xd5, 0xd5, 0xd5, 0xd5, 0xd4, 0xd4, 0xd5, 0xd5, 0xd4,
  0xd5, 0xd4, 0xd7, 0xd4, 0xd4, 0xd4, 0xd4, 0xd4, 0xd4, 0xd4, 0xd5, 0xd4,
  0xd4, 0xd4, 0xd7, 0xd4, 0xd7, 0xd4, 0xd5, 0xd5, 0xd5, 0xd4, 0x55, 0x55,
  0x54, 0x55, 0xd5, 0x55, 0x55, 0xd5, 0xd5, 0xd4, 0xd4, 0x55, 0x55, 0x55,
  0xd4, 0x54, 0xd5, 0x55, 0xd5, 0x57, 0xd4, 0x54, 0x57, 0xd5, 0x54, 0x55,
  0xd4, 0xd7, 0xd5, 0x56, 0x57, 0xd5, 0xd4, 0x55, 0x57, 0xd7, 0xd7, 0x54,
  0x56, 0x57, 0xd5, 0xd5, 0x54, 0x57, 0x54, 0xd5, 0xd5, 0x54, 0x54, 0x54,
  0x54, 0x55, 0x54, 0x55, 0x54, 0x54, 0x55, 0x55, 0xd5, 0x55, 0xd5, 0xd5,
  0x55, 0x54, 0x54, 0xd5, 0xd5, 0x54, 0x55, 0x54, 0x55, 0x54, 0x54, 0xd5,
  0x55, 0x57, 0x55, 0xd4, 0xd4, 0x54, 0x54, 0x55, 0xd5, 0x55, 0x57, 0x55,
  0x54, 0x55, 0xd5, 0xd5, 0x55, 0x55, 0x54, 0x55, 0xd5, 0x54, 0x55, 0xd5,
  0xd4, 0xd5, 0xd5, 0x54, 0x55, 0xd5, 0x55, 0x54, 0x54, 0x54, 0xd5, 0xd5,
  0x57, 0x54, 0xd5, 0xd5, 0x54, 0x54, 0xd5, 0xd5, 0x55, 0x54, 0xd5, 0x54,
  0x54, 0xd5, 0xd5, 0x55, 0x55, 0xd5, 0xd5, 0xd5, 0x54, 0x55, 0x55, 0x54,
  0x55, 0xd5, 0x55, 0x55, 0xd4, 0x55, 0xd5, 0x55, 0xd5, 0xd5, 0x55, 0x55,
  0xd5, 0xd5, 0x54, 0xd5, 0xd5, 0x55, 0x55, 0x55, 0x55, 0x55, 0xd5, 0xd5,
  0xd4, 0xd5, 0xd5, 0xd4, 0x55, 0x54, 0xd4, 0xd5, 0x55, 0xd5, 0xd5, 0xd4,
  0x57, 0x55, 0xd5, 0x55, 0x55, 0xd5, 0xd6, 0xd5, 0x55, 0xd5, 0xd5, 0x57,
  0x57, 0x57, 0x55, 0x55, 0x54, 0xd4, 0x55, 0xd4, 0xd4, 0x55, 0x55, 0x56,
  0x55, 0x57, 0x54, 0x54, 0x54, 0x54, 0x55, 0xd5, 0xd4, 0x57, 0x57, 0x57,
  0x55, 0x55, 0x57, 0x54, 0x57, 0x57, 0x54, 0x55, 0x57, 0x54, 0x57, 0xd6,
  0x57, 0x56, 0x51, 0x55, 0xd6, 0x57, 0xd5, 0x54, 0xd4, 0xd5, 0xd5, 0x54,
  0xd5, 0xd5, 0xd5, 0x55, 0x54, 0x55, 0x54, 0x54, 0x54, 0x55, 0x55, 0x55,
  0x54, 0x54, 0x55, 0x54, 0x54, 0x57, 0x55, 0xd5, 0x57, 0x54, 0x56, 0x55,
  0xd5, 0x54, 0x54, 0x57, 0x54, 0x54, 0x56, 0x56, 0x56, 0x54, 0x55, 0x57,
  0x55, 0xd5, 0x55, 0x55, 0x57, 0x55, 0xd5, 0xd5, 0xd5, 0xd5, 0xd4, 0xd4,
  0xd5, 0xd5, 0xd4, 0xd5, 0x55, 0xd5, 0xd4, 0xd4, 0x55, 0x55, 0xd5, 0xd4,
  0xd4, 0x57, 0x55, 0xd5, 0xd4, 0x55, 0x55, 0xd4, 0xd4, 0xd4, 0x54, 0xd7,
  0xd5, 0x54, 0xd5, 0xd4, 0xd7, 0x55, 0xd5, 0xd5, 0xd6, 0x54, 0x57, 0xd7,
  0x54, 0xd5, 0x54, 0xd4, 0x54, 0xd4, 0xd4, 0xd4, 0xd6, 0x56, 0xd4, 0xd7,
  0xd4, 0xd5, 0x55, 0x54, 0x54, 0xd6, 0xd4, 0x51, 0x5a, 0x52, 0xd7, 0x5f,
  0x45, 0x5b, 0x5f, 0x5f, 0x41, 0x5a, 0xd4, 0xde, 0xd5, 0x5d, 0x55, 0xc1,
  0xc0, 0xd6, 0x50, 0xdc, 0xda, 0x5c, 0x58, 0x57, 0xd1, 0x56, 0xd4, 0xd3,
  0x51, 0x55, 0x55, 0xd1, 0xd2, 0x46, 0xc6, 0xcc, 0xd3, 0x56, 0xdf, 0x72,
  0xd2, 0xcc, 0xde, 0x5e, 0x5c, 0xd1, 0x5a, 0x50, 0x5f, 0xd7, 0xd7, 0xd4,
  0x57, 0x54, 0xd3, 0xd6, 0xd6, 0xd1, 0xd5, 0x56, 0x57, 0x57, 0x55, 0xd5,
  0xd7, 0xd5, 0xd5, 0xd7, 0x54, 0x54, 0x55, 0x54, 0x56, 0xd5, 0xd0, 0xd0,
  0x56, 0x56, 0x55, 0xd4, 0x55, 0xd4, 0xd5, 0x55, 0xd4, 0xd4, 0x54, 0x55,
  0xd4, 0xd5, 0xd4, 0x55, 0x57, 0x55, 0xd5, 0x55, 0xd4, 0xd4, 0xd4, 0xd5,
  0x54, 0xd5, 0x55, 0x57, 0x55, 0x55, 0xd5, 0x54, 0x54, 0x54, 0x55, 0x55,
  0x54, 0x55, 0x54, 0x54, 0x54, 0x54, 0x54, 0x54, 0x57, 0x54, 0x55, 0x55,
  0x54, 0x54, 0x54, 0x55, 0x56, 0x57, 0xd5, 0xd5, 0x55, 0x57, 0x54, 0x55,
  0x54, 0x55, 0xd4, 0x55, 0x54, 0x55, 0x54, 0xd4, 0xd4, 0xd5, 0x55, 0x54,
  0xd5, 0xd5, 0x54, 0xd5, 0xd5, 0x54, 0x54, 0x54, 0x54, 0xd5, 0x55, 0x55,
  0x55, 0x54, 0x55, 0x55, 0xd5, 0xd5, 0x55, 0xd5, 0xd5, 0xd5, 0xd5, 0x54,
  0x57, 0xd5, 0xd5, 0xd5, 0xd5, 0xd5, 0xd5, 0xd4, 0xd4, 0xd5, 0xd5, 0xd5,
  0xd4, 0xd5, 0xd4, 0xd5, 0x54, 0x55, 0x55, 0x55, 0x55, 0x55, 0x55, 0xd5,
  0xd5, 0xd5, 0x55, 0xd5, 0xd5, 0x55, 0x55, 0x55, 0xd5, 0x55, 0xd5, 0xd4,
  0xd5, 0xd4, 0xd5, 0xd5, 0xd5, 0xd5, 0xd5, 0xd5, 0xd5, 0xd5, 0xd5, 0xd5,
  0xd5, 0xd4, 0xd4, 0xd5, 0xd5, 0x55, 0xd5, 0xd5, 0x55, 0x55, 0xd5, 0xd5,
  0xd5, 0xd5, 0x54, 0x55, 0x54, 0x54, 0x57, 0x54, 0x54, 0x57, 0x55, 0x55,
  0x55, 0x54, 0x54, 0x54, 0x55, 0x55, 0x54, 0x54, 0xd5, 0x55, 0x55, 0x55,
  0xd4, 0xd5, 0xd5, 0xd5, 0xd5, 0xd5, 0x55, 0x55, 0x55, 0x54, 0x55, 0xd5,
  0x55, 0x55, 0x55, 0xd5, 0xd5, 0x55, 0x55, 0x54, 0x54, 0x54, 0x54, 0x55,
  0x54, 0x54, 0x55, 0xd5, 0x55, 0x57, 0x54, 0x55, 0xd5, 0x54, 0x54, 0x54,
  0x57, 0x54, 0xd5, 0xd5, 0x55, 0x55, 0x55, 0xd5, 0xd5, 0xd5, 0x55, 0x55,
  0x54, 0xd4, 0xd7, 0x54, 0x51, 0x56, 0x57, 0x54, 0xd5, 0xd4, 0xd4, 0x57,
  0x56, 0x57, 0x55, 0x55, 0x54, 0xd7, 0xd6, 0xd6, 0xd5, 0x57, 0x57, 0x57,
  0x55, 0xd4, 0xd7, 0xd4, 0x55, 0x54, 0xd5, 0xd5, 0x55, 0x54, 0xd5, 0xd5,
  0xd5, 0xd5, 0xd5, 0x54, 0x56, 0xd5, 0xd5, 0xd5, 0xd5, 0x55, 0xd5, 0xd4,
  0xd4, 0x55, 0x54, 0x55, 0x55, 0x55, 0xd5, 0x54, 0x57, 0x57, 0x54, 0xd5,
  0xd5, 0x55, 0x54, 0xd5, 0x55, 0x57, 0x54, 0x55, 0x54, 0x57, 0x54, 0x57,
  0x57, 0x56, 0x54, 0x55, 0x55, 0x55, 0x54, 0x54, 0x54, 0x57, 0x54, 0x54,
  0x54, 0x55, 0x55, 0xd5, 0x55, 0x55, 0x55, 0xd4, 0xd4, 0xd5, 0xd5, 0xd5,
  0xd4, 0xd5, 0x55, 0xd5, 0xd5, 0xd5, 0xd4, 0xd7, 0xd5, 0xd4, 0xd4, 0xd5,
  0xd5, 0xd5, 0xd4, 0xd5, 0xd7, 0xd6, 0x55, 0xd5, 0xd5, 0xd5, 0x54, 0x54,
  0xd4, 0xd4, 0xd5, 0x55, 0x55, 0x54, 0xd5, 0x55, 0x55, 0xd4, 0x55, 0x54,
  0xd5, 0x54, 0x57, 0xd5, 0x55, 0x55, 0xd4, 0xd5, 0xd4, 0x55, 0x54, 0x55,
  0xd5, 0x55, 0x54, 0x54, 0x55, 0xd5, 0x55, 0x55, 0x55, 0x55, 0x54, 0xd5,
  0x55, 0xd4, 0xd4, 0xd4, 0xd5, 0xd5, 0xd5, 0x55, 0xd5, 0xd4, 0xd4, 0xd5,
  0xd5, 0xd5, 0xd5, 0xd5, 0xd4, 0xd4, 0xd5, 0xd5, 0xd4, 0xd7, 0xd4, 0xd4,
  0xd4, 0xd4, 0xd4, 0xd5, 0xd5, 0xd7, 0xd4, 0xd4, 0xd4, 0xd4, 0xd5, 0x55,
  0x55, 0x54, 0x55, 0x57, 0x57, 0x54, 0x55, 0x54, 0x56, 0x57, 0x57, 0x57,
  0x57, 0x57, 0x54, 0x54, 0xd4, 0xd5, 0xd5, 0x55, 0x55, 0xd4, 0x55, 0x54,
  0xd7, 0xd4, 0xd5, 0xd5, 0xd5, 0xd5, 0xd5, 0xd4, 0xd4, 0xd4, 0xd5, 0x55,
  0xd4, 0xd5, 0xd5, 0xd5, 0xd5, 0xd5, 0x55, 0xd5, 0xd5, 0x55, 0x54, 0x55,
  0x55, 0xd5, 0x55, 0x55, 0x55, 0x54, 0x55, 0x55, 0x55, 0x55, 0x55, 0x55,
  0x55, 0x55, 0xd5, 0x55, 0x55, 0x55, 0x55, 0x55, 0x55, 0xd5, 0xd5, 0xd4,
  0xd4, 0xd5, 0xd4, 0xd4, 0xd5, 0x55, 0xd4, 0xd4, 0xd4, 0xd4, 0xd5, 0xd4,
  0xd7, 0xd4, 0xd4, 0xd7, 0xd7, 0xd4, 0xd4, 0xd7, 0xd4, 0xd4, 0xd4, 0xd5,
  0x55, 0xd5, 0xd5, 0x55, 0x55, 0x54, 0x54, 0x54, 0x54, 0x57, 0x57, 0x57,
  0x54, 0x54, 0x57, 0x55, 0x57, 0x54, 0x54, 0x55, 0xd5, 0x54, 0x55, 0xd5,
  0x54, 0x55, 0x55, 0x54, 0x55, 0x55, 0xd5, 0xd5, 0x55, 0x55, 0x55, 0xd5,
  0xd4, 0xd4, 0xd4, 0xd5, 0x55, 0xd5, 0xd4, 0xd4, 0xd4, 0xd5, 0xd5, 0xd4,
  0xd5, 0x55, 0x54, 0x54, 0x55, 0xd5, 0xd5, 0xd5, 0x54, 0x56, 0x54, 0xd7,
  0xd7, 0x54, 0x56, 0xd5, 0xd5, 0x57, 0x57, 0x55, 0x54, 0xd5, 0x55, 0x57,
  0x54, 0x54, 0xd5, 0x55, 0x55, 0x55, 0xd5, 0x55, 0x55, 0x55, 0x55, 0xd5,
  0x54, 0x54, 0x54, 0x54, 0x56, 0x54, 0xd5, 0x55, 0xd5, 0x55, 0x55, 0x55,
  0x54, 0x54, 0xd5, 0x55, 0xd5, 0xd5, 0x55, 0xd5, 0x55, 0x55, 0xd5, 0xd4,
  0xd4, 0xd4, 0xd4, 0xd4, 0xd4, 0xd4, 0xd4, 0xd5, 0xd7, 0xd5, 0xd4, 0xd4,
  0xd4, 0xd7, 0xd4, 0xd7, 0xd5, 0x55, 0xd5, 0xd5, 0xd7, 0xd5, 0x55, 0xd4,
  0xd4, 0xd5, 0xd4, 0xd5, 0xd5, 0x55, 0xd5, 0xd5, 0xd5, 0x55, 0xd5, 0xd5,
  0x57, 0x57, 0x54, 0x57, 0x56, 0x54, 0x51, 0x57, 0x56, 0x56, 0x54, 0x56,
  0x54, 0x54, 0xd4, 0x55, 0x55, 0xd5, 0x55, 0xd5, 0xd4, 0xd5, 0x55, 0xd5,
  0x55, 0xd5, 0xd5, 0xd5, 0xd5, 0xd4, 0xd5, 0xd5, 0x55, 0xd5, 0xd4, 0xd5,
  0x55, 0x54, 0xd5, 0xd5, 0xd5, 0x55, 0xd5, 0xd5, 0x55, 0x57, 0x55, 0xd5,
  0x55, 0xd5, 0xd5, 0xd5, 0x55, 0x55, 0xd5, 0x55, 0xd4, 0xd5, 0xd5, 0xd4,
  0xd4, 0xd4, 0xd4, 0xd7, 0xd5, 0x54, 0x55, 0xd5, 0xd5, 0xd4, 0xd7, 0xd7,
  0xd4, 0xd7, 0xd4, 0x55, 0xd5, 0xd5, 0xd4, 0xd5, 0xd5, 0x54, 0xd5, 0xd5,
  0xd4, 0x55, 0x54, 0xd5, 0x57, 0x57, 0x55, 0x54, 0x55, 0x54, 0x56, 0x57,
  0xd5, 0x55, 0x54, 0x54, 0x54, 0x54, 0x54, 0x56, 0x56, 0x56, 0x56, 0x55,
  0x54, 0xd5, 0x55, 0x56, 0x56, 0x55, 0xd5, 0xd4, 0x55, 0x54, 0x57, 0x55,
  0xd4, 0xd5, 0xd5, 0x54, 0xd5, 0xd4, 0xd5, 0xd5, 0x55, 0x54, 0xd5, 0xd7,
  0xd4, 0xd4, 0xd5, 0xd5, 0xd5, 0xd6, 0xd7, 0xd4, 0xd5, 0xd5, 0xd5, 0xd4,
  0xd7, 0xd7, 0xd4, 0xd5, 0xd5, 0xd4, 0xd7, 0xd5, 0xd5, 0xd4, 0x55, 0xd4,
  0xd4, 0xd5, 0x55, 0x54, 0x54, 0x54, 0xd5, 0xd4, 0xd5, 0xd4, 0xd5, 0xd4,
  0x55, 0x57, 0x55, 0xd4, 0xd4, 0x55, 0x55, 0xd5, 0xd5, 0xd5, 0x55, 0x57,
  0x56, 0x57, 0x55, 0x54, 0x57, 0x54, 0x55, 0xd5, 0x55, 0x55, 0x55, 0x54,
  0x55, 0xd5, 0xd5, 0xd5, 0xd4, 0xd4, 0xd4, 0xd5, 0xd5, 0xd4, 0xd7, 0xd7,
  0xd4, 0xd5, 0xd5, 0x54, 0x55, 0x55, 0x55, 0xd5, 0xd7, 0xd7, 0xd7, 0xd4,
  0xd5, 0xd5, 0xd5, 0xd4, 0x54, 0x54, 0x54, 0x57, 0xd5, 0xd5, 0x55, 0x55,
  0x57, 0x57, 0x57, 0x56, 0x54, 0xd5, 0xd7, 0xd5, 0x57, 0x54, 0x54, 0xd5,
  0xd4, 0xd4, 0xd5, 0xd5, 0xd4, 0xd6, 0xd4, 0xd7, 0xd5, 0x55, 0xd7, 0xd4,
  0xd7, 0xd7, 0xd7, 0xd6, 0xd7, 0xd4, 0xd4, 0x55, 0x55, 0x54, 0xd4, 0xd4,
  0xd4, 0xd4, 0x55, 0x54, 0x54, 0x54, 0xd5, 0x55, 0x54, 0xd4, 0x55, 0x57,
  0x54, 0x57, 0xd5, 0xd5, 0x55, 0xd4, 0x55, 0xd5, 0xd5, 0x55, 0x54, 0x54,
  0x57, 0x54, 0x54, 0xd5, 0xd4, 0xd5, 0x55, 0x55, 0xd5, 0xd5, 0xd5, 0xd4,
  0xd5, 0xd4, 0xd5, 0x55, 0xd4, 0x54, 0xd5, 0x54, 0x56, 0x57, 0x57, 0x57,
  0x54, 0x54, 0x57, 0x54, 0x54, 0xd5, 0x55, 0xd4, 0x55, 0x57, 0x55, 0x54,
  0xd4, 0xd5, 0x55, 0xd4, 0xd5, 0xd5, 0xd4, 0x55, 0xd4, 0xd4, 0xd5, 0xd5,
  0x55, 0xd5, 0x55, 0x54, 0x55, 0x54, 0xd5, 0xd6, 0xd4, 0xd4, 0x57, 0x56,
  0x55, 0x54, 0xd4, 0x55, 0x57, 0x57, 0x56, 0x54, 0xd5, 0xd5, 0xd5, 0x55,
  0xd5, 0x54, 0x57, 0xd5, 0x55, 0x54, 0xd5, 0xd5, 0xd7, 0xd4, 0xd7, 0xd7,
  0xd5, 0xd6, 0x55, 0x54, 0xd4, 0x55, 0x54, 0x57, 0x57, 0x54, 0x54, 0x55,
  0xd5, 0x54, 0x55, 0x57, 0x54, 0x54, 0x56, 0x57, 0x54, 0x54, 0x54, 0x57,
  0x54, 0x57, 0x50, 0x57, 0x56, 0x57, 0x54, 0x56, 0xd5, 0x57, 0x51, 0x54,
  0x57, 0x55, 0x57, 0x54, 0xd5, 0xd5, 0xd7, 0xd7, 0xd4, 0xd6, 0xd7, 0xd4,
  0xd5, 0x54, 0xd7, 0xd4, 0xd4, 0xd4, 0xd4, 0xd7, 0xd4, 0xd5, 0x55, 0x57,
  0x57, 0x55, 0x54, 0xd5, 0x55, 0x54, 0x55, 0x54, 0xd5, 0xd5, 0xd5, 0xd5,
  0x54, 0xd4, 0xd4, 0xd5, 0xd4, 0x55, 0x54, 0x57, 0x54, 0x54, 0xd5, 0xd5,
  0x54, 0x54, 0xd5, 0x55, 0x57, 0x54, 0x54, 0x55, 0x55, 0x55, 0x55, 0xd5,
  0xd5, 0xd5, 0xd4, 0xd4, 0xd5, 0x55, 0xd7, 0xd4, 0x55, 0x55, 0x54, 0xd5,
  0xd5, 0x55, 0x57, 0x57, 0x57, 0x54, 0x54, 0x56, 0x56, 0x56, 0x56, 0x55,
  0xd4, 0xd7, 0xd6, 0xd5, 0x55, 0xd5, 0x54, 0x55, 0xd5, 0x55, 0xd5, 0xd5,
  0xd5, 0xd5, 0xd4, 0xd5, 0x55, 0xd4, 0x55, 0x54, 0xd4, 0x55, 0x54, 0x55,
  0xd5, 0xd7, 0xd5, 0xd4, 0xd7, 0xd7, 0xd7, 0xd5, 0x54, 0x57, 0xd5, 0x55,
  0x54, 0x55, 0xd5, 0xd5, 0x55, 0x54, 0x57, 0x55, 0xd5, 0xd5, 0xd5, 0xd5,
  0xd5, 0xd5, 0xd5, 0xd4, 0xd7, 0xd4, 0xd6, 0xd7, 0xd7, 0xd5, 0x54, 0x57,
  0x57, 0x57, 0xd4, 0xd4, 0xd5, 0x55, 0xd5, 0xd5, 0xd5, 0xd4, 0x55, 0x55,
  0x54, 0x56, 0x57, 0x54, 0x54, 0xd5, 0xd5, 0xd7, 0xd4, 0xd5, 0x55, 0x51,
  0x51, 0x56, 0x56, 0x54, 0x54, 0x54, 0x57, 0x57, 0xd5, 0xd5, 0xd5, 0xd5,
  0xd7, 0xd4, 0x57, 0x55, 0xd5, 0xd5, 0x54, 0x57, 0x55, 0xd4, 0xd1, 0xd1,
  0xd7, 0xd5, 0x54, 0xd5, 0xd4, 0x55, 0x55, 0x55, 0xd7, 0xd5, 0x54, 0xd7,
  0xd7, 0xd7, 0xd4, 0xd4, 0xd5, 0x54, 0x54, 0xd5, 0x55, 0x54, 0x57, 0x56,
  0x57, 0x54, 0xd4, 0xd7, 0x55, 0xd5, 0xd5, 0xd5, 0x55, 0x54, 0xd4, 0xd7,
  0x55, 0x54, 0x57, 0x57, 0x54, 0xd5, 0xd5, 0xd5, 0xd5, 0xd7, 0xd7, 0xd5,
  0x54, 0x55, 0xd5, 0xd5, 0x55, 0xd4, 0xd4, 0x55, 0x55, 0xd4, 0xd6, 0xd5,
  0xd5, 0x57, 0x56, 0x54, 0x54, 0x57, 0x56, 0x56, 0x54, 0x51, 0x51, 0x54,
  0x56, 0x55, 0x54, 0x55, 0x54, 0x57, 0x54, 0xd4, 0xd7, 0xd4, 0xd5, 0xd5,
  0xd7, 0xd5, 0xd4, 0xd4, 0xd4, 0xd7, 0xd5, 0xd4, 0xd4, 0x55, 0x55, 0xd4,
  0xd4, 0xd5, 0xd5, 0x55, 0x54, 0xd5, 0xd5, 0xd5, 0x55, 0x57, 0x56, 0xd5,
  0xd7, 0xd7, 0xd7, 0xd7, 0xd7, 0xd1, 0xd4, 0xd7, 0xd6, 0x55, 0x55, 0x54,
  0xd5, 0xd6, 0xd7, 0xd4, 0xd4, 0x55, 0xd4, 0xd5, 0x57, 0xd5, 0xd4, 0x55,
  0x50, 0x56, 0x55, 0x56, 0x54, 0x55, 0xd5, 0x57, 0x56, 0xd5, 0x56, 0x57,
  0x55, 0xd5, 0x57, 0x56, 0xd5, 0x54, 0xd5, 0xd5, 0x56, 0xd2, 0x50, 0x50,
  0x5c, 0x5c, 0xd6, 0xd5, 0xd4, 0x54, 0xd5, 0xd5, 0x51, 0x51, 0xd5, 0x55,
  0xd5, 0x57, 0x54, 0x55, 0x54, 0xd7, 0xd5, 0x55, 0xd4, 0xd5, 0x54, 0x56,
  0x52, 0x56, 0x55, 0x54, 0xd4, 0xd5, 0xd7, 0xd7, 0xd7, 0xd6, 0xd4, 0xd5,
  0xd5, 0x55, 0xd4, 0xd6, 0xd6, 0xd0, 0xd6, 0xd6, 0xd1, 0xd4, 0xd5, 0x55,
  0xd5, 0xd7, 0xd4, 0xd5, 0x55, 0x54, 0xd5, 0x55, 0x55, 0xd5, 0x54, 0x54,
  0x57, 0x54, 0xd5, 0x54, 0xd5, 0xd4, 0xd4, 0xd7, 0xd7, 0xd7, 0xd5, 0x57,
  0x56, 0x51, 0x51, 0x51, 0x51, 0x56, 0x54, 0x54, 0xd5, 0xd5, 0x55, 0x55,
  0x54, 0x57, 0x56, 0x57, 0x55, 0xd5, 0xd5, 0xd4, 0xd6, 0xd1, 0xd7, 0xd5,
  0xd5, 0xd5, 0x57, 0x52, 0x5d, 0x51, 0x55, 0x57, 0x53, 0x51, 0xd7, 0xdd,
  0xd1, 0x57, 0x51, 0xd4, 0xd6, 0x54, 0x53, 0x50, 0xd5, 0xd4, 0x54, 0x57,
  0xd7, 0xd0, 0xd5, 0x53, 0x53, 0xd5, 0xd6, 0x56, 0x5f, 0x52, 0xd6, 0xdc,
  0xd1, 0x57, 0x57, 0xdc, 0xde, 0x57, 0x5c, 0xd2, 0xdd, 0x5e, 0x56, 0xd2,
  0xd6, 0x54, 0x50, 0xd3, 0xdc, 0x5c, 0x47, 0xcd, 0xd3, 0x71, 0xdd, 0xf5,
  0x51, 0x43, 0xd4, 0xc6, 0xdf, 0x5c, 0x5a, 0xcd, 0xdd, 0x74, 0xd4, 0xcd,
  0xd5, 0x5a, 0xd1, 0xdf, 0x54, 0x57, 0x50, 0xde, 0xdc, 0x47, 0x5f, 0xd0,
  0xd5, 0x58, 0x51, 0xd3, 0x50, 0x50, 0x53, 0x54, 0xd1, 0x51, 0x53, 0x56,
  0x54, 0x50, 0x52, 0xd6, 0xd4, 0xd5, 0x56, 0x51, 0x57, 0x52, 0x56, 0x55,
  0x51, 0x53, 0x56, 0x54, 0x56, 0xd6, 0xd3, 0xd5, 0x54, 0x51, 0x54, 0xd1,
  0xd4, 0x57, 0xd1, 0xd0, 0x50, 0x54, 0xdd, 0x54, 0x50, 0xd7, 0x56, 0x52,
  0xd0, 0xd2, 0xd5, 0x55, 0x52, 0x51, 0xd4, 0x55, 0xd1, 0xdc, 0xd5, 0x56,
  0xd2, 0xd1, 0x51, 0xd7, 0x56, 0x51, 0xd2, 0xd4, 0x55, 0xd6, 0x50, 0x58,
  0xd5, 0xd7, 0x5a, 0xd0, 0xcd, 0xdc, 0xd8, 0xcd, 0xdd, 0x42, 0x46, 0xde,
  0xd4, 0x45, 0xd7, 0xcb, 0xda, 0x51, 0x51, 0x77, 0x5a, 0xfd, 0xd3, 0x77,
  0x5b, 0xde, 0x5e, 0x46, 0xc4, 0x4e, 0x44, 0xf4, 0xc3, 0x77, 0x56, 0xf9,
  0xd8, 0x42, 0x57, 0xf4, 0x59, 0x75, 0xce, 0xdd, 0x76, 0x76, 0xd7, 0xf8,
  0xf9, 0x77, 0x6c, 0xc0, 0xda, 0x78, 0x1f, 0x30, 0x0c, 0x85, 0xd2, 0x03,
  0x90, 0xb0, 0x85, 0x1b, 0xd2, 0x81, 0xe1, 0x14, 0x96, 0x8d, 0x91, 0x73,
  0xf9, 0xe8, 0x72, 0x66, 0xf2, 0xf3, 0x69, 0x61, 0xef, 0xe5, 0x6d, 0x7b,
  0xe8, 0xde, 0x10, 0x6d, 0xf1, 0x4e, 0x17, 0xcd, 0x91, 0xe3, 0x7c, 0x5d,
  0xfe, 0x6d, 0x1d, 0x17, 0x4b, 0x64, 0x60, 0xc6, 0xfd, 0x76, 0x11, 0x62,
  0x7e, 0x69, 0x10, 0x7a, 0xfd, 0x4f, 0x75, 0xcc, 0xf8, 0x52, 0xf3, 0x96,
  0x97, 0x90, 0x91, 0x93, 0xee, 0xf3, 0xe4, 0xe2, 0x60, 0x05, 0x73, 0xe8,
  0x65, 0x13, 0xe5, 0x96, 0x6a, 0x10, 0xff, 0x72, 0x04, 0xec, 0x8f, 0xf1,
  0x16, 0x9c, 0x9b, 0x69, 0x60, 0x9c, 0x94, 0x11, 0x68, 0x9d, 0xef, 0x10,
  0xda, 0x9a, 0xcb, 0x69, 0xfa, 0xf2, 0x16, 0x65, 0x9c, 0x97, 0x6d, 0x7d,
  0xe8, 0x5b, 0x17, 0x5c, 0xd0, 0x6b, 0x65, 0x51, 0x66, 0x6c, 0x4b, 0x4a,
  0x64, 0x62, 0x7b, 0x5c, 0x7f, 0x73, 0xd7, 0x41, 0x71, 0xc6, 0xdd, 0x79,
  0x59, 0xcc, 0xdd, 0x58, 0x5a, 0xde, 0x57, 0x50, 0xf4, 0xf7, 0xd1, 0xd0,
  0xdb, 0x5f, 0x51, 0xd6, 0x56, 0xd5, 0x53, 0x51, 0x5b, 0x45, 0xd1, 0xd7,
  0x4d, 0x41, 0xd9, 0x56, 0x5e, 0xc7, 0xf5, 0xce, 0xce, 0xfd, 0xff, 0xf6,
  0xf4, 0xf4, 0xf1, 0xce, 0xc4, 0xc3, 0xc6, 0xd3, 0x50, 0x51, 0x5f, 0x43,
  0x75, 0x49, 0x45, 0x4c, 0x5b, 0x54, 0x52, 0x5f, 0x5f, 0x5b, 0x42, 0x43,
  0x40, 0x58, 0x54, 0x57, 0x53, 0x5e, 0x58, 0x4c, 0x76, 0x76, 0x71, 0x71,
  0x73, 0x76, 0x77, 0x7d, 0x7a, 0x66, 0x6d, 0x69, 0x68, 0x6a, 0x6b, 0x6e,
  0x6f, 0x62, 0x66, 0x67, 0x67, 0x67, 0x61, 0x60, 0x64, 0x73, 0x49, 0x42,
  0x59, 0xc5, 0xca, 0xcf, 0xc6, 0xc2, 0xf5, 0xf5, 0xce, 0xca, 0xf0, 0xfd,
  0xf2, 0xff, 0xe5, 0xe5, 0xfe, 0xfc, 0xf8, 0xfa, 0xe7, 0xe0, 0xe0, 0xe3,
  0xec, 0xee, 0xe8, 0x97, 0x92, 0x9c, 0x9f, 0x9c, 0x9d, 0x97, 0xe6, 0xe7,
  0xe8, 0x94, 0xe8, 0xe1, 0xe6, 0xec, 0xe1, 0xcf, 0xd5, 0x40, 0x79, 0x66,
  0x61, 0x67, 0x16, 0x0f, 0x32, 0x3e, 0x33, 0x34, 0x34, 0x36, 0x0e, 0x6b,
  0x7a, 0x1c, 0x10, 0xde, 0xfe, 0x78, 0x5c, 0x86, 0xb4, 0x8b, 0x8d, 0x8a,
  0xb0, 0xb4, 0x9d, 0xde, 0xef, 0xef, 0x6c, 0x1c, 0x63, 0xf5, 0x64, 0x04,
  0x06, 0x1b, 0x00, 0x35, 0x0a, 0x1a, 0x61, 0x60, 0x71, 0x90, 0x83, 0x80,
  0x99, 0x99, 0x84, 0x98, 0x94, 0x93, 0x81, 0x83, 0x9c, 0xe6, 0xe9, 0xe8,
  0x7c, 0x18, 0x04, 0x1b, 0x1b, 0x05, 0x1e, 0x69, 0x67, 0x6f, 0x61, 0xc1,
  0xec, 0xe2, 0xe0, 0x91, 0x85, 0x84, 0x9b, 0x98, 0x9a, 0x99, 0x96, 0xfa,
  0xcd, 0xce, 0xc6, 0xde, 0xf4, 0xfb, 0xf6, 0x59, 0x77, 0x43, 0x5c, 0x4a,
  0x67, 0x66, 0x46, 0xf8, 0xe3, 0xe1, 0xe0, 0xef, 0xee, 0xec, 0xea, 0x97,
  0x95, 0xef, 0xe2, 0xe1, 0xc8, 0x69, 0x01, 0x0a, 0x31, 0x33, 0x30, 0x37,
  0x34, 0x0a, 0x0d, 0x18, 0x10, 0x1c, 0x16, 0x55, 0xe3, 0xe9, 0x9c, 0x82,
  0xb4, 0xb4, 0x8b, 0x8a, 0xb5, 0x8d, 0x9d, 0xe7, 0xfb, 0xfd, 0x64, 0x10,
  0x17, 0x6b, 0x1e, 0x02, 0x0f, 0x02, 0x03, 0x0d, 0x06, 0x14, 0x55, 0xf4,
  0xe6, 0x90, 0x98, 0x99, 0x9f, 0x98, 0x84, 0x84, 0x87, 0x81, 0x86, 0x9a,
  0x91, 0xf4, 0x67, 0x6a, 0x17, 0x10, 0x10, 0x14, 0x6f, 0x6d, 0x6d, 0x66,
  0x7d, 0x40, 0xd2, 0xf6, 0xe5, 0xe3, 0xea, 0x96, 0x90, 0x91, 0x95, 0xef,
  0xe3, 0xe5, 0xfc, 0xfc, 0xfd, 0xf9, 0xe6, 0xed, 0xe8, 0xe9, 0xfa, 0x51,
  0x75, 0x54, 0xfd, 0xfb, 0xec, 0x93, 0x9d, 0x95, 0xe6, 0xf2, 0xd6, 0x60,
  0x1b, 0x0c, 0x34, 0x31, 0x31, 0x34, 0x08, 0x0c, 0x01, 0x05, 0x1d, 0x12,
  0x12, 0x6b, 0x41, 0xe7, 0x92, 0x86, 0x8c, 0x8b, 0x8b, 0x89, 0x8e, 0x82,
  0x9a, 0xea, 0xfd, 0xd9, 0x70, 0x68, 0x17, 0x17, 0x1c, 0x04, 0x00, 0x03,
  0x03, 0x02, 0x06, 0x16, 0x75, 0xf4, 0xec, 0x9c, 0x87, 0x80, 0x86, 0x87,
  0x87, 0x84, 0x85, 0x9a, 0x9a, 0x9f, 0xe3, 0xd5, 0x5a, 0x78, 0x10, 0x05,
  0x05, 0x1f, 0x1d, 0x13, 0x69, 0x65, 0x7c, 0x74, 0xd5, 0xfd, 0xe6, 0xfa,
  0xfe, 0xe5, 0xe7, 0xe6, 0xe2, 0xe8, 0x95, 0xeb, 0xe0, 0xfc, 0xf4, 0xf7,
  0xf4, 0xd9, 0x5c, 0xdd, 0xfd, 0xfe, 0xf2, 0xff, 0xfb, 0xfb, 0xf9, 0xe7,
  0xeb, 0x90, 0x9c, 0x84, 0x81, 0x87, 0x9e, 0x96, 0xec, 0xf4, 0x7f, 0x17,
  0x1a, 0x02, 0x34, 0x33, 0x3d, 0x30, 0x34, 0x0a, 0x0b, 0x02, 0x1b, 0x1c,
  0x1e, 0x14, 0xfe, 0x9c, 0x98, 0x85, 0x8f, 0xb6, 0xb6, 0x8a, 0x8e, 0x89,
  0x8d, 0x90, 0x51, 0x74, 0x77, 0x14, 0x1a, 0x04, 0x1b, 0x07, 0x0c, 0x0e,
  0x02, 0x06, 0x07, 0x19, 0x7a, 0xe2, 0x91, 0x9d, 0x84, 0x82, 0x82, 0x81,
  0x87, 0x87, 0x84, 0x99, 0x92, 0x91, 0xef, 0x42, 0x17, 0x1d, 0x1f, 0x04,
  0x00, 0x06, 0x10, 0x65, 0x64, 0x61, 0x5b, 0xfc, 0xf1, 0xd4, 0xce, 0xef,
  0x96, 0x91, 0x92, 0x99, 0x9a, 0x99, 0x90, 0xe2, 0xf7, 0x53, 0x78, 0x61,
  0x7d, 0xd4, 0xc5, 0xd8, 0xf6, 0xe6, 0xe4, 0xc2, 0xf5, 0xe0, 0x95, 0x91,
  0x93, 0x92, 0x99, 0x85, 0x85, 0x98, 0x92, 0x94, 0xe9, 0xf8, 0x60, 0x06,
  0x35, 0x30, 0x3d, 0x3d, 0x30, 0x0a, 0x0e, 0x09, 0x0c, 0x04, 0x1c, 0x1f,
  0x10, 0xd4, 0x9c, 0x86, 0x8d, 0xb4, 0xb0, 0xb1, 0x8a, 0x8e, 0x8c, 0x84,
  0xe5, 0x79, 0x42, 0xd7, 0x64, 0x13, 0x18, 0x04, 0x0d, 0x35, 0x34, 0x0e,
  0x01, 0x1b, 0x16, 0xd5, 0x96, 0x9c, 0x9c, 0x9e, 0x85, 0x84, 0x84, 0x87,
  0x83, 0x8d, 0x80, 0x87, 0x98, 0xe9, 0x65, 0x1f, 0x1a, 0x1b, 0x1a, 0x04,
  0x04, 0x1f, 0x11, 0x13, 0x1c, 0x12, 0x68, 0x63, 0x61, 0xf7, 0x9d, 0x85,
  0x85, 0x84, 0x87, 0x87, 0x9c, 0x95, 0x95, 0x96, 0x96, 0xef, 0xe5, 0xe6,
  0xf7, 0x75, 0x79, 0x77, 0x5a, 0x56, 0xc6, 0xe3, 0x90, 0x90, 0x91, 0x94,
  0xeb, 0x90, 0x9f, 0x9d, 0x92, 0x9d, 0x93, 0x96, 0xe0, 0x4f, 0x1a, 0x31,
  0x3f, 0x3d, 0x31, 0x34, 0x0a, 0x0f, 0x01, 0x06, 0x0c, 0x09, 0x03, 0x17,
  0x4f, 0xfb, 0x81, 0xb6, 0xb0, 0xb4, 0x8a, 0xb4, 0x89, 0x9e, 0xe3, 0x94,
  0x9d, 0x97, 0xf6, 0x53, 0x42, 0x11, 0x0d, 0x34, 0x34, 0x0a, 0x0f, 0x06,
  0x15, 0x55, 0xdb, 0x57, 0xf6, 0xee, 0x94, 0xea, 0x91, 0x9a, 0x80, 0x8d,
  0x8f, 0x8c, 0x86, 0x93, 0xfc, 0x74, 0x68, 0x10, 0x11, 0x6d, 0x7d, 0x78,
  0x6d, 0x17, 0x1c, 0x07, 0x01, 0x07, 0x1d, 0x61, 0xf4, 0x95, 0x9c, 0x9e,
  0x92, 0xef, 0xca, 0xfa, 0x96, 0x9c, 0x99, 0x84, 0x87, 0x98, 0xec, 0xd1,
  0x77, 0x7a, 0x7f, 0xd6, 0xe5, 0xea, 0x94, 0xe6, 0xf3, 0xe7, 0xe1, 0xf8,
  0xe2, 0x91, 0x9e, 0x9b, 0x98, 0x9b, 0x9c, 0xef, 0xe1, 0x50, 0x05, 0x31,
  0x3e, 0x32, 0x08, 0x02, 0x08, 0x09, 0x0d, 0x0c, 0x36, 0x33, 0x0f, 0x6f,
  0x67, 0x75, 0x85, 0xb7, 0xb4, 0x87, 0x84, 0x89, 0x8e, 0x85, 0x9d, 0x80,
  0x8b, 0x82, 0x92, 0xe3, 0xf0, 0x68, 0x01, 0x0c, 0x02, 0x01, 0x06, 0x18,
  0x63, 0x5e, 0x63, 0x1c, 0x1b, 0x10, 0x78, 0xe5, 0x9f, 0x81, 0x83, 0x83,
  0x83, 0x81, 0x99, 0xed, 0xe4, 0x95, 0x91, 0xeb, 0xe6, 0xe6, 0xe5, 0x71,
  0x13, 0x04, 0x00, 0x01, 0x1a, 0x6e, 0xd6, 0xd3, 0x7e, 0x63, 0x67, 0x73,
  0x5c, 0xca, 0xe2, 0x93, 0x85, 0x86, 0x85, 0x97, 0xe1, 0xe3, 0xed, 0xe6,
  0xe4, 0xe3, 0x95, 0x94, 0xe9, 0xe3, 0xf2, 0x52, 0x51, 0xca, 0xe5, 0xe5,
  0xe3, 0x96, 0x99, 0x9e, 0x96, 0x94, 0xeb, 0xe6, 0xfe, 0xe6, 0xc8, 0x05,
  0x30, 0x3e, 0x36, 0x02, 0x09, 0x36, 0x0b, 0x1a, 0x03, 0x30, 0x36, 0x04,
  0x16, 0x19, 0x79, 0x80, 0xb4, 0x84, 0xe0, 0x81, 0x8b, 0x81, 0xe1, 0x9c,
  0xb4, 0xb6, 0x81, 0x91, 0x9e, 0xef, 0x1d, 0x00, 0x12, 0x7c, 0x1d, 0x06,
  0x6c, 0xe6, 0x6c, 0x02, 0x02, 0x12, 0x15, 0x12, 0x73, 0x9f, 0x9a, 0xea,
  0xe8, 0x99, 0x9c, 0xf1, 0x54, 0x92, 0x86, 0x9b, 0x96, 0x9f, 0x9f, 0xec,
  0x77, 0x65, 0x5f, 0x43, 0x71, 0xf6, 0xe3, 0xc6, 0x6a, 0x1c, 0x11, 0x62,
  0x61, 0x7a, 0xc6, 0xe3, 0xee, 0xe3, 0xe5, 0xff, 0xf1, 0xc6, 0xe6, 0x90,
  0x9d, 0x96, 0xef, 0xe3, 0xe1, 0xf0, 0xc1, 0xe6, 0xee, 0xee, 0xe6, 0xe1,
  0xe4, 0xf9, 0xe7, 0xec, 0x95, 0xe7, 0xe4, 0xea, 0x94, 0xfa, 0x5f, 0x5c,
  0x68, 0x0f, 0x31, 0x34, 0x05, 0x05, 0x08, 0x0e, 0x1f, 0x1a, 0x35, 0x31,
  0x02, 0x13, 0x07, 0x18, 0xee, 0x80, 0x90, 0x61, 0xf9, 0x86, 0x99, 0x51,
  0xe0, 0x89, 0xb4, 0x81, 0x96, 0x9c, 0x92, 0x75, 0x15, 0xe6, 0x99, 0xfd,
  0x11, 0x7b, 0x97, 0xfd, 0x1e, 0x1b, 0x79, 0x71, 0x13, 0x17, 0xe4, 0xed,
  0x63, 0x6a, 0xf9, 0xe3, 0x6f, 0x11, 0xe5, 0x98, 0x96, 0xf9, 0x95, 0x93,
  0xfa, 0x4c, 0xff, 0x96, 0xea, 0xed, 0x91, 0x9d, 0xeb, 0x55, 0x7f, 0x4c,
  0xd3, 0xf6, 0xe4, 0xe7, 0xfb, 0xca, 0x56, 0x74, 0x64, 0x64, 0x76, 0xc4,
  0xfd, 0xff, 0xf3, 0xf6, 0xf4, 0xc0, 0xd7, 0x5e, 0xdb, 0xca, 0xfe, 0xe5,
  0xe7, 0xe6, 0xca, 0x56, 0x56, 0xd9, 0xc7, 0xce, 0xfd, 0xe4, 0xfb, 0xf7,
  0xf0, 0xc6, 0x79, 0x10, 0x1b, 0x1c, 0x15, 0x17, 0x19, 0x19, 0x14, 0x17,
  0x07, 0x03, 0x1e, 0x68, 0x12, 0x1d, 0x4f, 0xe6, 0x64, 0x1d, 0x7c, 0xe7,
  0x73, 0x16, 0x54, 0x9f, 0x90, 0xce, 0xfc, 0x96, 0xe2, 0x72, 0x53, 0x94,
  0x94, 0xf3, 0xf6, 0x91, 0x90, 0xcf, 0x76, 0xf0, 0xed, 0xf2, 0x52, 0xfd,
  0xec, 0xcf, 0x73, 0x47, 0xc7, 0x4c, 0x6c, 0x67, 0xd8, 0xda, 0x75, 0x70,
  0xd5, 0xd4, 0x7a, 0x67, 0x52, 0xf7, 0xc8, 0xf7, 0xec, 0xea, 0xfa, 0xc9,
  0xf9, 0xe7, 0xfd, 0xfd, 0xe0, 0xe1, 0xcb, 0xcd, 0xf3, 0xc9, 0x54, 0xde,
  0xfc, 0xf6, 0xc6, 0xf1, 0xff, 0xc7, 0x5b, 0xd4, 0xc6, 0xd3, 0x52, 0xc5,
  0xf6, 0xcb, 0xc6, 0xc7, 0xcf, 0xcd, 0xc1, 0xc8, 0xf4, 0xf6, 0xf1, 0xf9,
  0xe7, 0xfb, 0xff, 0xe5, 0xfd, 0x41, 0x6d, 0x66, 0x45, 0x4f, 0x60, 0x61,
  0x4e, 0x7c, 0x17, 0x1d, 0x6b, 0x60, 0x17, 0x11, 0x6f, 0x7a, 0x6a, 0x1d,
  0x14, 0x67, 0x6b, 0x13, 0x69, 0xdc, 0xd0, 0x64, 0x7a, 0xc3, 0xd8, 0x66,
  0x64, 0xc1, 0xf9, 0xc4, 0xcc, 0xef, 0xe9, 0xf7, 0xdd, 0xe4, 0xef, 0xe4,
  0xf2, 0xe6, 0xee, 0xe1, 0xfd, 0xe4, 0xe4, 0xc0, 0x5d, 0xdb, 0xe4, 0xff,
  0xd6, 0xc6, 0xfc, 0xc9, 0x70, 0x65, 0x5f, 0xc9, 0xd2, 0xc1, 0xe4, 0xe6,
  0xda, 0x40, 0xc4, 0xf0, 0xdb, 0x56, 0xf2, 0xe7, 0xf3, 0xc0, 0xf5, 0xc4,
  0x5f, 0xd7, 0xf8, 0xe4, 0xce, 0xcb, 0xf8, 0xc3, 0x4b, 0x75, 0x54, 0xd9,
  0x55, 0xca, 0xe7, 0xcf, 0x47, 0x44, 0x51, 0x59, 0x4e, 0xd2, 0xf0, 0xf4,
  0xce, 0xf9, 0xf8, 0xd8, 0x54, 0xf7, 0xe1, 0xe1, 0xff, 0xdb, 0x78, 0x14,
  0x6f, 0x79, 0x6d, 0x16, 0x6f, 0x45, 0x65, 0x18, 0x19, 0x6d, 0x15, 0x18,
  0x1d, 0x76, 0x74, 0x1e, 0x1f, 0x43, 0x47, 0x1c, 0x1e, 0xd2, 0x95, 0x56,
  0x60, 0xfc, 0x95, 0xd5, 0x60, 0xf7, 0x91, 0xef, 0xdd, 0xef, 0x98, 0x97,
  0xdb, 0xde, 0xef, 0xe8, 0xc5, 0xd2, 0xef, 0xeb, 0xfd, 0xd1, 0xca, 0xf7,
  0x76, 0x67, 0xd1, 0xe3, 0xf6, 0x71, 0x46, 0xf7, 0x54, 0x69, 0x6d, 0xc3,
  0xf0, 0xd7, 0xf0, 0xee, 0xe6, 0x70, 0x74, 0xe3, 0xe6, 0xd1, 0xf9, 0x97,
  0x95, 0xfd, 0xc2, 0xfe, 0xc5, 0x42, 0xff, 0xef, 0xfc, 0xd0, 0xfc, 0xe7,
  0x5b, 0x60, 0x4e, 0xf1, 0xcf, 0xdc, 0xfc, 0xe6, 0x57, 0x7e, 0x42, 0xf6,
  0xcf, 0x56, 0xf8, 0xe2, 0xe4, 0xfc, 0xff, 0xe4, 0xf0, 0xf5, 0xe3, 0xe9,
  0xed, 0xe0, 0xd4, 0x12, 0x04, 0x6a, 0x74, 0x11, 0x06, 0x17, 0xf0, 0x13,
  0x0a, 0x0e, 0x17, 0x16, 0x03, 0x18, 0xe1, 0xdf, 0x07, 0x05, 0xe4, 0xe2,
  0x05, 0x05, 0x92, 0x8d, 0x95, 0x7f, 0x90, 0x86, 0xcf, 0x68, 0xed, 0x86,
  0x92, 0x41, 0x93, 0x83, 0xea, 0x11, 0x15, 0xeb, 0x94, 0x65, 0x6c, 0xef,
  0x91, 0x4d, 0x6e, 0x76, 0x4e, 0x11, 0x1e, 0xd3, 0x91, 0xf5, 0x69, 0x74,
  0xe6, 0x7f, 0x1d, 0x60, 0xe9, 0xe9, 0xf2, 0x95, 0x93, 0xff, 0x6c, 0x71,
  0xe8, 0xe6, 0xdc, 0xea, 0x98, 0x90, 0xf2, 0x4e, 0x77, 0x7e, 0x7f, 0xf1,
  0xed, 0xfc, 0xc5, 0xf2, 0x54, 0x6c, 0x6f, 0x5a, 0xe1, 0xe6, 0xe7, 0xee,
  0xe0, 0x5c, 0x7b, 0xc4, 0xe2, 0xe7, 0xfa, 0xee, 0x91, 0x95, 0xfa, 0xf1,
  0xff, 0xeb, 0x94, 0x97, 0xea, 0xe3, 0xe7, 0x6a, 0x03, 0x0d, 0x17, 0x70,
  0x07, 0x0d, 0x1d, 0x4e, 0x07, 0x33, 0x35, 0x16, 0x1e, 0x0d, 0x19, 0x91,
  0xe7, 0x03, 0x07, 0x97, 0x92, 0x12, 0x13, 0x82, 0xb1, 0x98, 0x7f, 0x9f,
  0x82, 0xec, 0x10, 0xe6, 0x8e, 0x87, 0x74, 0xe4, 0x81, 0xeb, 0x04, 0x04,
  0xfa, 0x96, 0x14, 0x1d, 0xec, 0x91, 0x6b, 0x07, 0x16, 0x63, 0x19, 0x12,
  0x95, 0x84, 0xf7, 0x14, 0x57, 0xe0, 0x7f, 0x17, 0xfe, 0x98, 0x92, 0xe9,
  0x97, 0x91, 0xf5, 0x66, 0x46, 0xe8, 0x96, 0x94, 0x93, 0x94, 0xff, 0x79,
  0x69, 0x6c, 0x44, 0xf0, 0xef, 0x97, 0xea, 0xfa, 0x5d, 0x66, 0x60, 0x76,
  0xf0, 0x96, 0x9f, 0x96, 0xfe, 0xd4, 0x48, 0x72, 0x50, 0xe1, 0x90, 0x91,
  0x94, 0xe9, 0xee, 0xe4, 0xc7, 0xfa, 0x91, 0x9e, 0x90, 0x96, 0xeb, 0x4c,
  0x02, 0x33, 0x35, 0x1d, 0x1d, 0x0e, 0x0a, 0x1d, 0x14, 0x36, 0x3f, 0x37,
  0x1e, 0x05, 0x03, 0xdb, 0x87, 0xe2, 0x1a, 0x15, 0x9a, 0x98, 0x74, 0xea,
  0xb1, 0xbc, 0x8f, 0xef, 0x97, 0x9b, 0xfa, 0x64, 0x97, 0x80, 0x9e, 0x45,
  0x47, 0xc0, 0x19, 0x0a, 0x0f, 0x67, 0xe7, 0x76, 0x69, 0x41, 0x5d, 0x17,
  0x1e, 0x13, 0x15, 0x52, 0x9e, 0x82, 0x81, 0x97, 0xf9, 0xe1, 0xfd, 0xd5,
  0xe0, 0x9c, 0x98, 0x9c, 0x90, 0xe0, 0x66, 0x19, 0x1b, 0x61, 0xf7, 0xe3,
  0xfa, 0xf2, 0xf3, 0x5a, 0x67, 0x15, 0x65, 0xe3, 0x9e, 0x99, 0x91, 0xe4,
  0xc1, 0xc4, 0xc5, 0xdf, 0xe0, 0x94, 0x97, 0x97, 0xe1, 0xe4, 0xf0, 0x5d,
  0x54, 0xe9, 0x92, 0xea, 0xed, 0xef, 0x91, 0xe8, 0xda, 0xd7, 0xeb, 0x91,
  0x97, 0xef, 0x41, 0x04, 0x30, 0x3f, 0x35, 0x05, 0x00, 0x34, 0x35, 0x1d,
  0x01, 0x30, 0x33, 0x0c, 0x7f, 0x60, 0x70, 0x85, 0x8c, 0xea, 0x79, 0x92,
  0x8d, 0x84, 0x94, 0x83, 0xb3, 0xb1, 0x85, 0xc4, 0x71, 0x41, 0x60, 0x6d,
  0xda, 0xc1, 0x4c, 0x60, 0x61, 0x1c, 0x02, 0x0e, 0x06, 0x6e, 0xf6, 0x94,
  0xed, 0x51, 0xd6, 0xfb, 0xfa, 0xfe, 0xe7, 0x99, 0x89, 0x8b, 0x81, 0x96,
  0xe6, 0xfc, 0xf5, 0xc6, 0xe3, 0x95, 0xe4, 0x51, 0x7a, 0x6e, 0x10, 0x04,
  0x06, 0x15, 0xf2, 0xe5, 0xd2, 0xd3, 0xed, 0xe0, 0xd1, 0x58, 0xf2, 0x90,
  0x99, 0x9c, 0x90, 0x90, 0xe9, 0xc5, 0x52, 0xf5, 0xe2, 0xef, 0xe4, 0xe7,
  0xec, 0xe3, 0xca, 0x67, 0x64, 0xc5, 0xe4, 0x95, 0x97, 0x97, 0xee, 0x95,
  0xe3, 0x42, 0x7b, 0x70, 0x61, 0x0d, 0x33, 0x33, 0x09, 0x01, 0x0a, 0x36,
  0x0c, 0x19, 0x0f, 0x33, 0x36, 0x1d, 0x44, 0x77, 0xe4, 0x81, 0x8c, 0x9d,
  0xe0, 0x98, 0x8f, 0x80, 0x98, 0x80, 0xb5, 0x8a, 0x84, 0xfc, 0x61, 0x6c,
  0x15, 0x15, 0x15, 0x16, 0x6a, 0x69, 0x16, 0x10, 0x16, 0x10, 0x13, 0x15,
  0xf4, 0x93, 0x9c, 0x94, 0x9c, 0x81, 0x81, 0x9f, 0xed, 0x91, 0x98, 0x99,
  0x97, 0xf3, 0xda, 0x75, 0x15, 0x1c, 0x1e, 0x12, 0x10, 0x10, 0x6b, 0x57,
  0xf3, 0x41, 0x41, 0xe8, 0x9a, 0x9a, 0x94, 0x97, 0x84, 0x80, 0x85, 0x91,
  0x94, 0x94, 0xe8, 0xfe, 0xf6, 0xfd, 0xd9, 0x42, 0x75, 0xd8, 0xc3, 0x43,
  0x7f, 0x54, 0xe8, 0x90, 0xe3, 0xd8, 0xe4, 0x97, 0xeb, 0xe4, 0xfc, 0xe1,
  0xe3, 0xc0, 0x72, 0x1c, 0x35, 0x3c, 0x3c, 0x36, 0x09, 0x0b, 0x35, 0x0c,
  0x07, 0x03, 0x0b, 0x0a, 0x00, 0x61, 0x96, 0x80, 0x8f, 0x88, 0x8f, 0x83,
  0x80, 0x86, 0x85, 0x9f, 0x9f, 0x84, 0x80, 0x85, 0xfe, 0x14, 0x05, 0x00,
  0x02, 0x03, 0x01, 0x05, 0x1d, 0x67, 0x5f, 0x73, 0x63, 0x7c, 0xfe, 0x94,
  0x98, 0x82, 0x8e, 0x8f, 0x80, 0x87, 0x84, 0x90, 0xf4, 0x44, 0xde, 0xf4,
  0x58, 0x60, 0x10, 0x05, 0x04, 0x1b, 0x1c, 0x1d, 0x11, 0x4b, 0xea, 0x98,
  0x9a, 0x9b, 0x98, 0x9f, 0x9e, 0x98, 0x98, 0x98, 0x98, 0x99, 0x9d, 0xeb,
  0xfe, 0x5f, 0x78, 0x67, 0x51, 0xe3, 0xe0, 0xf6, 0xdc, 0xf5, 0xf2, 0xd4,
  0x72, 0x77, 0xd8, 0xf8, 0xe7, 0xe7, 0xe5, 0xf8, 0xff, 0xd4, 0x79, 0x64,
  0x6a, 0x07, 0x35, 0x33, 0x33, 0x36, 0x34, 0x34, 0x34, 0x0a, 0x0f, 0x07,
  0x13, 0x14, 0x6f, 0xc6, 0x9b, 0x82, 0x83, 0x80, 0x8d, 0x88, 0x89, 0x82,
  0x85, 0x97, 0xe3, 0xe5, 0xf4, 0xd7, 0x66, 0x1c, 0x18, 0x1b, 0x05, 0x06,
  0x00, 0x00, 0x1b, 0x67, 0xe1, 0x96, 0x90, 0x91, 0x9c, 0x86, 0x82, 0x8c,
  0x80, 0x84, 0x84, 0x98, 0x95, 0xc6, 0x74, 0x67, 0x61, 0x6f, 0x1d, 0x1e,
  0x1e, 0x1f, 0x15, 0x77, 0xc1, 0xfd, 0xed, 0x96, 0x9f, 0x87, 0x80, 0x84,
  0x9f, 0x9d, 0x9e, 0x9f, 0x9d, 0x90, 0x97, 0xec, 0xe5, 0xe5, 0xf4, 0x5f,
  0x45, 0x45, 0xf5, 0xe6, 0xf6, 0x51, 0xc7, 0xd8, 0x5d, 0xdc, 0xcc, 0xdd,
  0xc6, 0xf3, 0xf8, 0xf8, 0xe5, 0xff, 0x5d, 0x60, 0x15, 0x1d, 0x01, 0x35,
  0x30, 0x32, 0x33, 0x31, 0x37, 0x0a, 0x03, 0x1a, 0x1d, 0x15, 0x66, 0x76,
  0xfd, 0x91, 0x9e, 0x84, 0x80, 0x82, 0x8d, 0x80, 0x9a, 0x96, 0xe5, 0xd3,
  0x77, 0x61, 0x6a, 0x17, 0x14, 0x17, 0x10, 0x1d, 0x1d, 0x13, 0x16, 0x6b,
  0x7b, 0xc8, 0xea, 0x93, 0x99, 0x9a, 0x84, 0x86, 0x85, 0x98, 0x9f, 0x94,
  0xe1, 0xf4, 0xc5, 0xd1, 0x5e, 0x7f, 0x6e, 0x69, 0x6d, 0x6e, 0x69, 0x7a,
  0xcd, 0xec, 0x90, 0x9b, 0x84, 0x87, 0x85, 0x9b, 0x9e, 0x90, 0x94, 0xe9,
  0xef, 0x95, 0x95, 0xec, 0xe6, 0xfa, 0xfd, 0xde, 0x5f, 0x58, 0xd5, 0xcd,
  0xc3, 0xc0, 0xf5, 0xf5, 0xc7, 0x5d, 0x75, 0x72, 0x7a, 0x7a, 0x70, 0x5c,
  0xc8, 0xff, 0xf8, 0xff, 0xf7, 0x56, 0x65, 0x68, 0x13, 0x06, 0x0b, 0x37,
  0x37, 0x34, 0x34, 0x0a, 0x0f, 0x06, 0x19, 0x10, 0x69, 0x70, 0xc6, 0xfd,
  0xe7, 0xea, 0x90, 0x9c, 0x9e, 0x98, 0x9e, 0x90, 0xee, 0xe5, 0xc9, 0x5b,
  0x64, 0x69, 0x15, 0x14, 0x15, 0x6f, 0x64, 0x7d, 0x77, 0x4a, 0x74, 0x40,
  0xcd, 0xed, 0x92, 0x85, 0x86, 0x86, 0x84, 0x9a, 0x9f, 0x94, 0xf8, 0x58,
  0x65, 0x64, 0x7d, 0x4d, 0x4d, 0x4c, 0x5e, 0xd3, 0xdc, 0xc7, 0xfc, 0xec,
  0x96, 0x92, 0x99, 0x9a, 0x85, 0x98, 0x92, 0x95, 0xe3, 0xfd, 0xcd, 0xc7,
  0xcf, 0xfd, 0xe5, 0xe4, 0xe6, 0xe0, 0xe3, 0xe4, 0xf1, 0xc7, 0x5d, 0x43,
  0x40, 0x47, 0x4c, 0x73, 0x79, 0x61, 0x15, 0x10, 0x1e, 0x19, 0x11, 0x7f,
  0xce, 0xf5, 0xd6, 0x51, 0xdf, 0xdb, 0x4f, 0x6f, 0x10, 0x13, 0x12, 0x13,
  0x13, 0x1d, 0x1c, 0x1c, 0x1f, 0x18, 0x05, 0x1a, 0x1c, 0x11, 0x6b, 0x64,
  0x46, 0xc3, 0xfd, 0xe4, 0xe3, 0xed, 0xe7, 0xf5, 0xd8, 0xf1, 0xe1, 0xe4,
  0xcc, 0x5c, 0xd4, 0xcb, 0xf5, 0x50, 0x4a, 0x75, 0x4f, 0x78, 0x6c, 0x61,
  0x40, 0xc5, 0xc8, 0xfd, 0xe2, 0x96, 0x9d, 0x92, 0x91, 0xea, 0xec, 0xe1,
  0xe6, 0xe3, 0xe6, 0xfc, 0xf6, 0xfe, 0xe6, 0xe7, 0xff, 0xf9, 0xe6, 0xec,
  0xec, 0xe0, 0xe0, 0xec, 0xea, 0xe8, 0xe0, 0xe7, 0xe5, 0xfb, 0xfe, 0xfe,
  0xe5, 0xfe, 0xf3, 0xf1, 0xce, 0xf0, 0xfc, 0xd4, 0x7d, 0x74, 0x53, 0x59,
  0x43, 0x4c, 0x71, 0x65, 0x64, 0x67, 0x62, 0x67, 0x65, 0x61, 0x65, 0x4b,
  0x53, 0x41, 0x41, 0x52, 0x4d, 0x40, 0x5e, 0x75, 0x72, 0x7d, 0x72, 0x66,
  0x6f, 0x6c, 0x17, 0x1c, 0x1a, 0x05, 0x19, 0x1d, 0x12, 0x16, 0x67, 0xd6,
  0xf4, 0xff, 0xfa, 0xfe, 0xf5, 0x54, 0x75, 0x77, 0x42, 0x71, 0x4b, 0xd6,
  0xf6, 0xf2, 0xfe, 0xe4, 0xf8, 0xfd, 0xf2, 0xca, 0x44, 0x70, 0x66, 0x6d,
  0x7a, 0x5f, 0xce, 0xff, 0xe4, 0xef, 0x94, 0x91, 0xe9, 0xe4, 0xe5, 0xe4,
  0xe7, 0xf8, 0xca, 0xf6, 0xfc, 0xff, 0xf1, 0xc8, 0xf6, 0xf0, 0xfb, 0xe4,
  0xff, 0xe7, 0xe1, 0xe1, 0xe7, 0xe1, 0xee, 0xe3, 0xe5, 0xca, 0xf6, 0xf2,
  0xd8, 0x53, 0x4b, 0x5a, 0xd5, 0xde, 0xc1, 0x55, 0x5a, 0x5e, 0x45, 0x41,
  0x7d, 0x63, 0x60, 0x7c, 0x4f, 0x70, 0x7e, 0x7f, 0x4c, 0x44, 0x44, 0x5f,
  0x72, 0x78, 0x49, 0x4a, 0x75, 0x70, 0x4a, 0x51, 0xd0, 0xf6, 0xf1, 0xd5,
  0x74, 0x74, 0x5f, 0x5b, 0x70, 0x64, 0x6d, 0x61, 0x49, 0x5c, 0x48, 0x7f,
  0x73, 0x5e, 0x5d, 0x43, 0x72, 0x66, 0x7a, 0x73, 0x72, 0x78, 0x64, 0x4b,
  0x75, 0x5c, 0xd6, 0x56, 0xd6, 0xd0, 0x54, 0x5a, 0x5c, 0x57, 0x52, 0x5c,
  0xdc, 0xcb, 0xf5, 0xc3, 0xdb, 0xc9, 0xcf, 0x57, 0x5c, 0x54, 0xd8, 0xc2,
  0xd8, 0xda, 0xf3, 0xf8, 0xfb, 0xf2, 0xf6, 0xfd, 0xfd, 0xf2, 0xc8, 0xf4,
  0xca, 0xf1, 0xfc, 0xf0, 0xfc, 0xf6, 0xfd, 0xff, 0xff, 0xf2, 0xd8, 0xdb,
  0xce, 0xf7, 0xcb, 0xc7, 0xce, 0xdd, 0xdb, 0xc6, 0x5c, 0x42, 0x5f, 0xc5,
  0xcb, 0xc1, 0x56, 0x5e, 0xdb, 0xd8, 0x4d, 0x76, 0x4a, 0x5f, 0x5a, 0x5a,
  0x76, 0x7e, 0x41, 0x5d, 0x4c, 0x4f, 0x43, 0x5f, 0xdc, 0xd3, 0x46, 0x57,
  0xd4, 0x4d, 0x44, 0x58, 0x77, 0x40, 0x56, 0x4a, 0x74, 0x41, 0x43, 0x53,
  0xcd, 0x52, 0x47, 0xc1, 0xd9, 0x5a, 0x50, 0x75, 0x66, 0x4f, 0x50, 0x4a,
  0x4f, 0x57, 0x5e, 0xd2, 0xc1, 0x58, 0x56, 0xc0, 0x57, 0x40, 0x59, 0x48,
  0x43, 0x57, 0x77, 0x79, 0x5c, 0xd2, 0xdf, 0xc9, 0x56, 0x46, 0xc7, 0xf6,
  0xdf, 0x56, 0x5b, 0x4e, 0xdf, 0xda, 0x52, 0x5b, 0x5e, 0x5a, 0xcf, 0xf1,
  0x56, 0xd4, 0xf3, 0xfb, 0xc4, 0xd0, 0xf6, 0xe4, 0xf8, 0xdd, 0x5b, 0xd1,
  0xc4, 0xde, 0x4b, 0x77, 0x50, 0xc3, 0xff, 0xe5, 0xfa, 0xe6, 0xe6, 0xe4,
  0xf7, 0x5c, 0x43, 0x77, 0x70, 0x7a, 0x67, 0x7d, 0x43, 0x50, 0xda, 0x57,
  0x5b, 0xe4, 0xed, 0xfc, 0xcd, 0x5c, 0x58, 0xd0, 0x4c, 0x67, 0x7f, 0x45,
  0x5a, 0xd1, 0xc9, 0xd2, 0xcc, 0xf3, 0x57, 0x70, 0x72, 0x75, 0x40, 0x4f,
  0x7e, 0x65, 0x5b, 0xdf, 0xdc, 0xc3, 0x4c, 0x7c, 0xd1, 0xc2, 0x58, 0x74,
  0x79, 0x5d, 0xc5, 0xd1, 0x5f, 0xd3, 0xf5, 0xc0, 0x57, 0x4a, 0x40, 0x45,
  0x4f, 0x75, 0x77, 0xc2, 0xfc, 0xda, 0xd9, 0xca, 0xfd, 0xf0, 0xd6, 0x53,
  0xca, 0xf5, 0x75, 0x61, 0x4a, 0xd9, 0xd0, 0x4c, 0x70, 0x55, 0xf7, 0xc8,
  0xd5, 0xd6, 0xf4, 0xf7, 0xc1, 0x50, 0x5e, 0xd1, 0x50, 0x42, 0x41, 0x57,
  0xdd, 0xc0, 0xd3, 0x54, 0xda, 0xca, 0xc1, 0xd5, 0xde, 0x45, 0x50, 0xc2,
  0x5c, 0x59, 0xd7, 0x4d, 0x77, 0xde, 0x40, 0x78, 0xdd, 0xc0, 0x41, 0x51,
  0xd2, 0xc8, 0xfa, 0xd6, 0x4f, 0xce, 0xf3, 0xde, 0x46, 0x41, 0x52, 0x58,
  0x4d, 0x75, 0xde, 0xca, 0xc7, 0x56, 0x54, 0xfa, 0xfe, 0xda, 0x4a, 0x50,
  0xf6, 0xcc, 0x58, 0x7c, 0x4a, 0x56, 0x56, 0x4f, 0x54, 0xc3, 0xd8, 0xda,
  0xd9, 0x53, 0xc1, 0xf7, 0x70, 0x4c, 0xd4, 0x48, 0xd5, 0x56, 0x4c, 0xdc,
  0xf7, 0x5a, 0x50, 0xf0, 0xc4, 0x50, 0x5c, 0x48, 0x71, 0x44, 0x76, 0x7c,
  0x73, 0x42, 0xdc, 0x51, 0x5b, 0xd1, 0xf3, 0xf1, 0xd6, 0x5a, 0x43, 0xd5,
  0xd3, 0x73, 0x7d, 0x50, 0xce, 0xc4, 0xc4, 0xc7, 0xf5, 0xfe, 0xdf, 0xde,
  0xdb, 0xd6, 0xd4, 0xd3, 0x49, 0x74, 0xde, 0xde, 0x55, 0x54, 0x59, 0x41,
  0xcd, 0xfe, 0xc8, 0xd0, 0x50, 0x55, 0xd6, 0xdc, 0xd3, 0x5e, 0x59, 0x59,
  0x52, 0x54, 0x5c, 0x53, 0xde, 0xd3, 0x4d, 0x4f, 0xd6, 0xc4, 0x56, 0x45,
  0xd8, 0xf3, 0xf1, 0xd8, 0x58, 0xc4, 0xf1, 0xc1, 0x43, 0x75, 0x55, 0xdb,
  0x4c, 0x7e, 0x71, 0x45, 0xd0, 0x5a, 0x42, 0xd4, 0xfb, 0xf3, 0xd9, 0xc5,
  0x56, 0x57, 0x59, 0x4a, 0x7d, 0x48, 0x5a, 0x4b, 0x4a, 0xd9, 0xd8, 0xc5,
  0xfe, 0xca, 0xd0, 0xd1, 0xd0, 0x59, 0xdd, 0x4f, 0x71, 0xc5, 0xde, 0x51,
  0xd2, 0xc8, 0x55, 0xdc, 0xf2, 0x5e, 0x75, 0x4f, 0x76, 0x73, 0x52, 0x46,
  0x77, 0xc4, 0xd9, 0xd1, 0xce, 0xc3, 0xf2, 0xfc, 0x55, 0x43, 0x59, 0x4e,
  0x75, 0x44, 0x7f, 0x4c, 0xcd, 0xc1, 0xfd, 0xcc, 0xf7, 0xe5, 0xf4, 0x58,
  0xdd, 0xe5, 0x53, 0x64, 0x47, 0xd6, 0x45, 0x5f, 0x74, 0x7b, 0x57, 0xf5,
  0x47, 0xd0, 0xc8, 0xdf, 0xcf, 0xc9, 0xd6, 0x53, 0xd0, 0x5b, 0x53, 0xc7,
  0x58, 0x5a, 0x52, 0xdc, 0xf5, 0xc9, 0xd1, 0x4d, 0x53, 0x5e, 0x53, 0x50,
  0x49, 0xdb, 0xdf, 0xd1, 0xc8, 0xcb, 0xd6, 0xc6, 0xc5, 0x48, 0x51, 0xd0,
  0x4c, 0x41, 0x74, 0x7c, 0x59, 0xdd, 0x56, 0xd5, 0xf0, 0xf9, 0xdb, 0xdc,
  0xd0, 0xd6, 0xcb, 0xd4, 0x4e, 0x52, 0xca, 0xdf, 0x4c, 0x40, 0x41, 0x5c,
  0x43, 0x76, 0x71, 0x54, 0xf7, 0xca, 0x56, 0xd5, 0xf7, 0xcb, 0x50, 0x73,
  0x7e, 0x5b, 0x5a, 0x79, 0x7d, 0xda, 0xca, 0x54, 0xd9, 0xd4, 0xc6, 0xfd,
  0xda, 0x74, 0x53, 0xcc, 0x44, 0x5a, 0x45, 0x4f, 0x45, 0x59, 0x59, 0xcd,
  0xff, 0xcb, 0x57, 0xdc, 0xc9, 0xf1, 0x56, 0x65, 0x7b, 0x5d, 0x50, 0x57,
  0xde, 0x55, 0xe5, 0xfe, 0xd6, 0xda, 0xf7, 0xc0, 0x75, 0x74, 0x77, 0x5b,
  0x5c, 0x70, 0xd4, 0xc0, 0xdb, 0xce, 0xc0, 0x51, 0xd0, 0xff, 0xf7, 0xd7,
  0x58, 0x42, 0xda, 0xcf, 0x7d, 0x65, 0xd4, 0xd9, 0x75, 0x4d, 0xd7, 0xff,
  0xe1, 0xc9, 0xc2, 0xe5, 0xe7, 0xcd, 0x52, 0x49, 0x4e, 0x4a, 0x61, 0x62,
  0x64, 0x4a, 0x40, 0x44, 0x4d, 0xd2, 0xe7, 0xf9, 0xdd, 0x4c, 0x5f, 0xf4,
  0xf0, 0x7c, 0x60, 0xd6, 0xfe, 0x40, 0x66, 0x7d, 0xd6, 0xf4, 0x49, 0x64,
  0x5f, 0xf1, 0x56, 0x43, 0xc5, 0xc8, 0xf5, 0xd9, 0x5c, 0xce, 0xfe, 0x5f,
  0x4d, 0x75, 0x72, 0xd7, 0xc2, 0x49, 0x78, 0x4f, 0xce, 0xf8, 0xf5, 0x5a,
  0xd0, 0xfc, 0xcc, 0x4e, 0x4c, 0xd1, 0x74, 0x7a, 0x7e, 0x42, 0xf1, 0xcb,
  0x57, 0xcf, 0xe6, 0xe7, 0xf0, 0xda, 0x5f, 0xf4, 0xc5, 0x73, 0x43, 0x51,
  0xd5, 0xd7, 0x59, 0x4e, 0xf5, 0xe0, 0xd5, 0x7e, 0xc5, 0xc9, 0x46, 0x4d,
  0x43, 0x5b, 0xf8, 0xf1, 0x73, 0xc2, 0xe7, 0xdf, 0x58, 0xd5, 0xc0, 0xca,
  0x75, 0x78, 0xf4, 0xc7, 0x71, 0x7a, 0x77, 0x46, 0xca, 0xcd, 0x5a, 0xff,
  0xfc, 0xe4, 0xe7, 0xd5, 0x42, 0x45, 0x7c, 0x73, 0x7c, 0x7c, 0xd2, 0xd1,
  0x45, 0xc2, 0xfd, 0xf6, 0xf5, 0xdb, 0xd4, 0xdc, 0x77, 0x64, 0x49, 0xd3,
  0x5b, 0x47, 0x5d, 0x52, 0xf0, 0xc8, 0x5e, 0xf0, 0xc2, 0x45, 0x53, 0x71,
  0x44, 0x53, 0x73, 0x4d, 0x5a, 0x73, 0x74, 0x59, 0x70, 0x42, 0xc2, 0x4f,
  0x72, 0xdc, 0xdf, 0x5e, 0x45, 0x5d, 0xd9, 0xde, 0x71, 0x73, 0xd6, 0xd2,
  0x74, 0x7c, 0x44, 0xca, 0xf4, 0x5e, 0x77, 0xd6, 0xf7, 0x50, 0x7f, 0x76,
  0x54, 0x57, 0x76, 0x7d, 0x56, 0xf7, 0xcb, 0xd2, 0xc0, 0xff, 0xf9, 0xf7,
  0xc6, 0xc6, 0xc5, 0xd1, 0x76, 0x7f, 0x58, 0xd6, 0x4d, 0x4f, 0xdb, 0xfe,
  0xfc, 0xc6, 0xcb, 0xe4, 0xe5, 0xf7, 0xf4, 0xf7, 0xf7, 0xdb, 0x58, 0xd7,
  0xf7, 0xca, 0x58, 0x56, 0xff, 0xfa, 0xf5, 0xf6, 0xe6, 0xe4, 0xf0, 0xc6,
  0x50, 0xc2, 0xcc, 0x7d, 0x64, 0xd0, 0xd8, 0xd6, 0xd1, 0xda, 0xf0, 0xfe,
  0xc5, 0x4b, 0x50, 0xd6, 0x76, 0x61, 0x73, 0x51, 0x47, 0x77, 0x4f, 0x56,
  0xc6, 0xcd, 0x51, 0x5a, 0x4f, 0x7c, 0x64, 0x64, 0x65, 0x65, 0x7e, 0x7e,
  0x7d, 0x46, 0xde, 0xc9, 0xd8, 0xd7, 0xd0, 0xde, 0xd9, 0x55, 0x4b, 0x74,
  0x72, 0x63, 0x69, 0x6a, 0x15, 0x14, 0x16, 0x11, 0x15, 0x6c, 0x62, 0x79,
  0x77, 0x4a, 0xdd, 0xc9, 0xf1, 0xe4, 0xe0, 0xf9, 0xfe, 0xfe, 0xfc, 0xf2,
  0xc0, 0xc4, 0xd8, 0xd6, 0xd6, 0xce, 0xf8, 0xe4, 0xe4, 0xfa, 0xe7, 0xef,
  0xeb, 0xec, 0xe1, 0xed, 0xe2, 0xe7, 0xe5, 0xe1, 0xe6, 0xe7, 0xe6, 0xe3,
  0xed, 0xe4, 0xfd, 0xfc, 0xe4, 0xe0, 0xf9, 0xfd, 0xfe, 0xe5, 0xe4, 0xf1,
  0xff, 0xe4, 0xf9, 0xcb, 0xc6, 0xcc, 0xc8, 0xc2, 0xde, 0xc6, 0xcf, 0xcd,
  0x53, 0x46, 0x5d, 0x5f, 0x41, 0x78, 0x60, 0x65, 0x79, 0x65, 0x65, 0x75,
  0x45, 0x4e, 0x5b, 0x50, 0x59, 0x40, 0x79, 0x62, 0x6a, 0x16, 0x1c, 0x06,
  0x02, 0x0e, 0x08, 0x0b, 0x08, 0x0f, 0x03, 0x05, 0x15, 0x4c, 0xe2, 0x9c,
  0x9a, 0x85, 0x84, 0x87, 0x9b, 0x9d, 0x91, 0xe8, 0xe4, 0xde, 0x74, 0x7e,
  0x77, 0x49, 0x7e, 0x63, 0x7c, 0x5c, 0x45, 0x7a, 0x60, 0x72, 0x55, 0xd5,
  0x42, 0xd5, 0xe3, 0x90, 0x92, 0x99, 0x87, 0x81, 0x87, 0x9a, 0x9d, 0x95,
  0xf9, 0x7b, 0x15, 0x17, 0x17, 0x13, 0x12, 0x16, 0x7f, 0xe7, 0x94, 0x93,
  0x9c, 0x9b, 0x84, 0x9a, 0x9c, 0x90, 0xea, 0xe4, 0xfd, 0xf2, 0xf3, 0xf4,
  0xdd, 0xd5, 0xcd, 0xfb, 0xe3, 0xee, 0xe8, 0xe9, 0xec, 0xef, 0xef, 0xf9,
  0xdd, 0xd6, 0xd9, 0x5e, 0x58, 0xc1, 0xf1, 0xf5, 0xd9, 0xd9, 0xf0, 0xfb,
  0xf6, 0x59, 0x4b, 0x74, 0x64, 0x69, 0x1d, 0x03, 0x37, 0x33, 0x32, 0x32,
  0x3c, 0x3f, 0x30, 0x08, 0x05, 0x64, 0x97, 0x8d, 0xb4, 0xb7, 0xb4, 0xb7,
  0xb6, 0x8b, 0x87, 0x94, 0xe5, 0x5e, 0x15, 0x12, 0x12, 0x12, 0x12, 0x1f,
  0x18, 0x13, 0x14, 0x10, 0x19, 0x1e, 0x10, 0x6a, 0x65, 0x5d, 0xed, 0x9a,
  0x83, 0x8f, 0x8b, 0xb5, 0xb5, 0x8f, 0x86, 0x99, 0xef, 0x78, 0x1c, 0x07,
  0x00, 0x01, 0x04, 0x1f, 0x15, 0x76, 0xfc, 0xea, 0x92, 0x99, 0x99, 0x91,
  0xe9, 0xe7, 0xff, 0xce, 0x50, 0x7c, 0x74, 0xdd, 0xc3, 0xc5, 0xdf, 0xf4,
  0xf9, 0xe4, 0xfd, 0x57, 0x41, 0x5a, 0x41, 0x45, 0x41, 0xc7, 0xf9, 0xf0,
  0xfb, 0xec, 0xe8, 0x95, 0xed, 0xfe, 0xfb, 0xf8, 0xd8, 0x5b, 0xdd, 0xd7,
  0x42, 0x54, 0xf2, 0xf9, 0xf1, 0xfb, 0xec, 0xed, 0xfb, 0xe3, 0xe8, 0xe9,
  0xca, 0x7b, 0x6d, 0x1d, 0x0f, 0x32, 0x3e, 0x33, 0x32, 0x3c, 0x30, 0x37,
  0x00, 0x14, 0xd1, 0x87, 0xb6, 0xbc, 0xb0, 0xb5, 0xb1, 0xb2, 0x8b, 0xef,
  0x7b, 0xd8, 0xd0, 0x19, 0x0f, 0x06, 0x16, 0x1f, 0x06, 0x04, 0x62, 0x7c,
  0x1e, 0x04, 0x17, 0x79, 0x4d, 0x55, 0xe7, 0x98, 0x80, 0x8f, 0xb5, 0xb7,
  0xb4, 0x8a, 0x8f, 0x87, 0x91, 0xd6, 0x10, 0x01, 0x09, 0x34, 0x35, 0x0b,
  0x0a, 0x0e, 0x1a, 0x48, 0xeb, 0x91, 0x99, 0x83, 0x8f, 0x82, 0x86, 0x87,
  0x87, 0x9e, 0xe1, 0x4a, 0xd2, 0xf0, 0x76, 0x6b, 0x17, 0x6c, 0x61, 0x15,
  0x12, 0x13, 0x10, 0x14, 0x68, 0x69, 0x77, 0xf6, 0xf2, 0xe2, 0x96, 0x9d,
  0x9e, 0x9f, 0x90, 0xe8, 0xe6, 0xfd, 0xdc, 0xdc, 0xdc, 0x5e, 0x4e, 0x4a,
  0xc1, 0xfb, 0xfe, 0xfb, 0xe7, 0xe1, 0xe0, 0xe3, 0xe6, 0xfa, 0xfb, 0xf4,
  0xc5, 0xf1, 0xe7, 0xeb, 0xec, 0xc3, 0x53, 0x64, 0x05, 0x34, 0x3d, 0x32,
  0x33, 0x3f, 0x3d, 0x33, 0x34, 0x07, 0x10, 0xe0, 0x88, 0xb3, 0xb2, 0xb6,
  0xb1, 0xbc, 0xb0, 0x86, 0xfc, 0xf5, 0xc2, 0x64, 0x03, 0x0f, 0x68, 0x6c,
  0x04, 0x07, 0x17, 0x75, 0x15, 0x06, 0x05, 0x15, 0x14, 0x13, 0x69, 0xca,
  0x96, 0x85, 0x8c, 0xb5, 0xb7, 0xb7, 0xb4, 0x8b, 0x80, 0x93, 0xcf, 0x17,
  0x01, 0x08, 0x34, 0x37, 0x35, 0x0b, 0x0e, 0x18, 0x5b, 0xf4, 0xe4, 0x99,
  0x80, 0x86, 0x9c, 0x95, 0x9c, 0x9b, 0x97, 0xfa, 0xe5, 0xe8, 0xe9, 0xfe,
  0xce, 0xf6, 0xff, 0x56, 0x6d, 0x15, 0x17, 0x10, 0x19, 0x07, 0x04, 0x12,
  0x60, 0x5b, 0xfe, 0x94, 0x99, 0x84, 0x87, 0x87, 0x85, 0x9c, 0x97, 0xfe,
  0x5e, 0x7a, 0x68, 0x16, 0x11, 0x6b, 0x70, 0xc6, 0xe5, 0xe3, 0xe6, 0xee,
  0x96, 0x95, 0xeb, 0xe9, 0xe4, 0xf8, 0xfc, 0xf8, 0xed, 0xec, 0xeb, 0xeb,
  0x95, 0x96, 0xeb, 0xe3, 0x5d, 0x10, 0x02, 0x33, 0x3e, 0x3d, 0x32, 0x3d,
  0x33, 0x33, 0x35, 0x13, 0x43, 0x86, 0xb1, 0xbc, 0xb2, 0xb1, 0xb2, 0xbc,
  0x8a, 0xe3, 0x53, 0xf4, 0x62, 0x05, 0x0f, 0x0d, 0x1f, 0x18, 0x06, 0x18,
  0x62, 0x64, 0x16, 0x01, 0x06, 0x17, 0x17, 0x15, 0x79, 0xe5, 0x9d, 0x81,
  0x8b, 0xb6, 0xb7, 0xb7, 0xb4, 0x8a, 0x80, 0xe1, 0x79, 0x13, 0x0e, 0x36,
  0x37, 0x37, 0x35, 0x0f, 0x00, 0x15, 0xe7, 0xe9, 0x92, 0x80, 0x82, 0x86,
  0x9b, 0x98, 0x84, 0x9c, 0xf1, 0xd6, 0xec, 0x97, 0xe1, 0xcd, 0xd8, 0x50,
  0x7d, 0x68, 0x12, 0x1f, 0x1a, 0x01, 0x03, 0x06, 0x1a, 0x17, 0x70, 0xdc,
  0xed, 0x99, 0x86, 0x80, 0x86, 0x84, 0x9e, 0x91, 0xe2, 0xdc, 0x7c, 0x6f,
  0x15, 0x6e, 0x6b, 0x6e, 0x74, 0xf6, 0xf6, 0xc0, 0xf2, 0xe2, 0xef, 0xe2,
  0xe1, 0xec, 0xe9, 0xe5, 0xf9, 0xee, 0x95, 0xe8, 0xeb, 0xeb, 0x94, 0x94,
  0x94, 0x91, 0x94, 0xfa, 0xc9, 0xd6, 0x7a, 0x10, 0x00, 0x35, 0x33, 0x3d,
  0x33, 0x30, 0x30, 0x31, 0x37, 0x04, 0x7f, 0xe6, 0x82, 0xb6, 0xb0, 0xb1,
  0xb7, 0xb1, 0xb0, 0x8a, 0x96, 0xf1, 0xe7, 0x59, 0x1d, 0x03, 0x06, 0x19,
  0x05, 0x03, 0x05, 0x11, 0x1f, 0x1f, 0x1d, 0x1b, 0x11, 0x79, 0x58, 0xf1,
  0x95, 0x9b, 0x83, 0x8b, 0xb4, 0xb4, 0xb4, 0x8a, 0x82, 0x99, 0xfa, 0x7a,
  0x13, 0x02, 0x35, 0x0a, 0x09, 0x09, 0x0f, 0x07, 0x16, 0x56, 0xe0, 0xe9,
  0x9d, 0x85, 0x9a, 0x9e, 0x9e, 0x99, 0x92, 0xe9, 0xe6, 0xee, 0x97, 0xef,
  0xca, 0xd9, 0xf0, 0x51, 0x68, 0x1f, 0x05, 0x04, 0x07, 0x03, 0x02, 0x06,
  0x1d, 0x7d, 0xf6, 0xe3, 0x9c, 0x80, 0x8d, 0x82, 0x80, 0x86, 0x9e, 0xe3,
  0x54, 0x74, 0x67, 0x6a, 0x1d, 0x1f, 0x13, 0x6c, 0x70, 0xd2, 0xfa, 0xe9,
  0x93, 0x92, 0x90, 0x90, 0x93, 0x96, 0xef, 0xe6, 0xe0, 0xe2, 0xf1, 0xc9,
  0xff, 0xe5, 0xe2, 0xe6, 0xf1, 0xf3, 0xe6, 0xe7, 0xf1, 0xd1, 0xd7, 0x5b,
  0x64, 0x6a, 0x12, 0x01, 0x34, 0x33, 0x31, 0x36, 0x33, 0x3c, 0x30, 0x02,
  0x16, 0x63, 0xe4, 0x8d, 0xb6, 0xb6, 0xb5, 0xb4, 0xb0, 0xb6, 0x81, 0xe1,
  0xfa, 0xe0, 0x7c, 0x1b, 0x04, 0x12, 0x10, 0x05, 0x07, 0x1e, 0x16, 0x1c,
  0x04, 0x05, 0x1d, 0x6a, 0x77, 0x44, 0xf3, 0x92, 0x80, 0x8e, 0x8b, 0x8a,
  0xb5, 0xb4, 0x88, 0x81, 0x92, 0xe5, 0x73, 0x1c, 0x0f, 0x35, 0x08, 0x0e,
  0x09, 0x0c, 0x05, 0x15, 0x5f, 0xe4, 0x94, 0x98, 0x86, 0x84, 0x98, 0x99,
  0x85, 0x9a, 0x90, 0xea, 0x94, 0x94, 0xef, 0xfe, 0xde, 0x70, 0x6b, 0x13,
  0x18, 0x01, 0x0c, 0x02, 0x00, 0x02, 0x01, 0x1c, 0x60, 0x47, 0xe7, 0x93,
  0x9a, 0x87, 0x86, 0x87, 0x84, 0x98, 0x96, 0xfa, 0xd1, 0x72, 0x6e, 0x14,
  0x16, 0x6a, 0x7a, 0x71, 0x48, 0xda, 0xe2, 0x96, 0x90, 0x96, 0x93, 0x9c,
  0x91, 0x95, 0x94, 0x95, 0xef, 0xe6, 0xf2, 0xf3, 0xfe, 0xc2, 0x57, 0xc7,
  0xcd, 0xd8, 0xf4, 0xf8, 0xf5, 0xcf, 0xf0, 0xce, 0xd7, 0x4e, 0x79, 0x63,
  0x1d, 0x02, 0x37, 0x33, 0x30, 0x36, 0x30, 0x3d, 0x31, 0x01, 0x68, 0x7d,
  0x90, 0x8a, 0xb1, 0xb6, 0xb7, 0xb7, 0xb0, 0xb7, 0x87, 0xe6, 0xf8, 0xce,
  0x6d, 0x1a, 0x07, 0x1e, 0x13, 0x04, 0x06, 0x13, 0x62, 0x10, 0x1b, 0x19,
  0x13, 0x68, 0x73, 0xca, 0xef, 0x9f, 0x80, 0x88, 0xb5, 0xb5, 0xb4, 0xb4,
  0x89, 0x85, 0xec, 0xd8, 0x61, 0x1b, 0x0e, 0x35, 0x09, 0x02, 0x0c, 0x0c,
  0x19, 0x7f, 0xd5, 0xc7, 0xe9, 0x98, 0x85, 0x9f, 0x92, 0x9e, 0x9e, 0x92,
  0x94, 0x94, 0x97, 0xea, 0xe6, 0xf8, 0xf9, 0x5b, 0x6a, 0x12, 0x1f, 0x04,
  0x02, 0x0d, 0x03, 0x00, 0x06, 0x1c, 0x66, 0xc9, 0xe9, 0x90, 0x98, 0x86,
  0x87, 0x9b, 0x9e, 0x96, 0xe0, 0xce, 0x49, 0x67, 0x66, 0x7b, 0x7f, 0x7b,
  0x42, 0xf7, 0xf9, 0xf8, 0xe4, 0xe1, 0xe3, 0xe3, 0xe6, 0xe6, 0xe3, 0xed,
  0xee, 0xe8, 0xe8, 0xeb, 0xeb, 0xef, 0xe6, 0xe5, 0xff, 0xc7, 0xdf, 0xd0,
  0x5c, 0xc6, 0xfe, 0xf6, 0xcc, 0xf9, 0xe6, 0xfe, 0xc1, 0x54, 0x70, 0x17,
  0x07, 0x09, 0x36, 0x33, 0x33, 0x36, 0x31, 0x33, 0x34, 0x1c, 0xd1, 0xe2,
  0x86, 0xb7, 0xb1, 0xb6, 0xb7, 0xb4, 0xb4, 0x8e, 0x9f, 0xf4, 0xc5, 0xdd,
  0x62, 0x1d, 0x13, 0x15, 0x10, 0x18, 0x18, 0x13, 0x13, 0x1a, 0x06, 0x04,
  0x1e, 0x11, 0x70, 0xe3, 0x90, 0x85, 0x8d, 0x8a, 0xb4, 0xb4, 0xb4, 0x8a,
  0x83, 0x9d, 0xf0, 0x78, 0x17, 0x07, 0x0e, 0x0b, 0x0f, 0x00, 0x06, 0x04,
  0x16, 0x70, 0x40, 0x43, 0xfd, 0x95, 0x94, 0xe0, 0xe1, 0xeb, 0x91, 0x92,
  0x9d, 0x9e, 0x9b, 0x99, 0x92, 0x97, 0xed, 0xd2, 0x68, 0x19, 0x06, 0x0c,
  0x0e, 0x0d, 0x02, 0x00, 0x1a, 0x6a, 0x54, 0xed, 0x96, 0x9f, 0x85, 0x9a,
  0x99, 0x9f, 0x93, 0x95, 0xe7, 0xcb, 0x55, 0x49, 0x4f, 0xd2, 0xd2, 0x77,
  0x73, 0x52, 0xd6, 0x5b, 0x40, 0x44, 0x45, 0x55, 0xf5, 0xe4, 0xe9, 0x97,
  0x96, 0x91, 0x90, 0x90, 0x91, 0xeb, 0xe4, 0xf0, 0xc4, 0xd9, 0xc5, 0xd7,
  0xd1, 0xf4, 0xf6, 0xcf, 0xc2, 0xf5, 0xf5, 0x5d, 0x7e, 0x64, 0x6b, 0x1c,
  0x07, 0x09, 0x36, 0x30, 0x30, 0x34, 0x34, 0x36, 0x0e, 0x6f, 0xe6, 0x93,
  0x81, 0x8a, 0xb6, 0xb4, 0x8e, 0x8e, 0x89, 0x80, 0x91, 0xf4, 0xd6, 0xcf,
  0x4d, 0x63, 0x66, 0x67, 0x14, 0x1c, 0x18, 0x1a, 0x04, 0x00, 0x02, 0x00,
  0x04, 0x13, 0x75, 0xe8, 0x9e, 0x86, 0x8f, 0xb5, 0xb7, 0xb7, 0x88, 0x82,
  0x86, 0x96, 0x5b, 0x63, 0x14, 0x1f, 0x07, 0x03, 0x01, 0x1e, 0x12, 0x1d,
  0x17, 0x63, 0x64, 0x63, 0x66, 0x44, 0xc0, 0xf0, 0xe0, 0x94, 0x9d, 0x85,
  0x86, 0x80, 0x81, 0x85, 0x9f, 0x91, 0xe5, 0x79, 0x13, 0x05, 0x01, 0x02,
  0x0c, 0x0d, 0x06, 0x18, 0x11, 0x6f, 0x58, 0xe1, 0x95, 0x97, 0x97, 0x96,
  0x91, 0x96, 0x97, 0x94, 0x95, 0x94, 0xe8, 0xe6, 0xe5, 0xfb, 0xf5, 0x49,
  0x6d, 0x6b, 0x6c, 0x6e, 0x15, 0x69, 0x7f, 0xd7, 0xfe, 0xeb, 0x90, 0x9d,
  0x9c, 0x9c, 0x92, 0x91, 0xea, 0xe6, 0xf0, 0xd8, 0xd4, 0xc5, 0xca, 0xf2,
  0xf3, 0xca, 0xfc, 0xe5, 0xf0, 0xc0, 0xd4, 0x4a, 0x7b, 0x60, 0x69, 0x16,
  0x1f, 0x07, 0x0e, 0x37, 0x31, 0x36, 0x0a, 0x0a, 0x34, 0x0f, 0x15, 0xe4,
  0x90, 0x84, 0x8e, 0xb4, 0x8a, 0x8f, 0x89, 0x8e, 0x80, 0x98, 0xee, 0xf9,
  0xe4, 0xc1, 0x41, 0x4f, 0x62, 0x11, 0x1e, 0x05, 0x04, 0x06, 0x0d, 0x03,
  0x07, 0x04, 0x12, 0x5d, 0x96, 0x9a, 0x86, 0x8d, 0x8b, 0xb5, 0x8b, 0x8f,
  0x83, 0x85, 0xeb, 0xc4, 0x7d, 0x63, 0x68, 0x1d, 0x1a, 0x19, 0x1f, 0x1e,
  0x1e, 0x1e, 0x1e, 0x19, 0x18, 0x16, 0x65, 0x47, 0xe5, 0x96, 0x9c, 0x85,
  0x83, 0x8c, 0x8c, 0x83, 0x84, 0x9f, 0x95, 0xdb, 0x60, 0x11, 0x18, 0x07,
  0x00, 0x03, 0x06, 0x1b, 0x1c, 0x13, 0x17, 0x6f, 0x73, 0xd6, 0xc3, 0xf2,
  0xe0, 0xeb, 0x90, 0x9d, 0x9f, 0x98, 0x98, 0x9c, 0x97, 0xe2, 0xf7, 0x44,
  0x66, 0x14, 0x11, 0x17, 0x14, 0x63, 0x74, 0x59, 0xf6, 0xef, 0xea, 0x94,
  0x96, 0x97, 0x94, 0xeb, 0xee, 0xea, 0xee, 0xe0, 0xec, 0xe2, 0xe2, 0xea,
  0xe9, 0xe6, 0xfd, 0xcb, 0xc8, 0xd9, 0x4a, 0x78, 0x7a, 0x78, 0x7b, 0x60,
  0x6a, 0x1d, 0x07, 0x0f, 0x37, 0x32, 0x3d, 0x31, 0x35, 0x35, 0x08, 0x1f,
  0xfd, 0x9e, 0x81, 0x8c, 0x8a, 0x8a, 0x8d, 0x82, 0x8c, 0x81, 0x84, 0x9b,
  0x9d, 0x92, 0x96, 0xe9, 0xeb, 0xf9, 0x69, 0x18, 0x06, 0x02, 0x0f, 0x08,
  0x09, 0x03, 0x07, 0x1f, 0x44, 0x93, 0x84, 0x83, 0x8f, 0x8c, 0x8d, 0x83,
  0x81, 0x86, 0x99, 0xef, 0xe4, 0xe7, 0xe5, 0xfb, 0x51, 0x60, 0x68, 0x13,
  0x04, 0x06, 0x00, 0x03, 0x00, 0x01, 0x04, 0x16, 0x73, 0xe0, 0x9f, 0x85,
  0x9a, 0x85, 0x87, 0x87, 0x99, 0x94, 0xe2, 0xe0, 0xf7, 0x5e, 0x58, 0x4f,
  0x7e, 0x60, 0x6a, 0x16, 0x12, 0x1f, 0x1d, 0x1e, 0x1a, 0x1c, 0x14, 0x62,
  0x46, 0xf3, 0xe2, 0x97, 0x93, 0x9e, 0x98, 0x9c, 0x90, 0xea, 0xed, 0xe0,
  0xf8, 0xf6, 0xf0, 0xf7, 0xc0, 0xd0, 0x5d, 0x59, 0x43, 0x77, 0x72, 0x49,
  0xde, 0xf5, 0xe5, 0xef, 0xea, 0x94, 0x94, 0x97, 0x97, 0xea, 0xef, 0xed,
  0xe1, 0xe6, 0xe3, 0xe4, 0xe4, 0xe0, 0xf2, 0xcc, 0xd8, 0x5b, 0x76, 0x66,
  0x15, 0x10, 0x1a, 0x00, 0x0e, 0x34, 0x30, 0x32, 0x31, 0x0b, 0x0e, 0x02,
  0x1f, 0x64, 0xe7, 0x9e, 0x85, 0x84, 0x87, 0x9a, 0x84, 0x87, 0x84, 0x81,
  0x82, 0x80, 0x80, 0x86, 0x9d, 0x94, 0xed, 0x7d, 0x19, 0x00, 0x0f, 0x0c,
  0x03, 0x01, 0x04, 0x12, 0x68, 0x5d, 0xed, 0xe8, 0x96, 0x9c, 0x9d, 0x9c,
  0x98, 0x9b, 0x87, 0x83, 0x80, 0x80, 0x87, 0x9e, 0x90, 0xee, 0xd3, 0x6d,
  0x1c, 0x07, 0x06, 0x06, 0x06, 0x1b, 0x13, 0x10, 0x17, 0x6f, 0x67, 0x70,
  0x46, 0x59, 0xc4, 0xf2, 0xe4, 0x95, 0x9d, 0x99, 0x99, 0x9d, 0x91, 0x95,
  0xfb, 0xd2, 0x46, 0x64, 0x68, 0x6a, 0x68, 0x6a, 0x15, 0x6e, 0x62, 0x15,
  0x11, 0x16, 0x15, 0x6b, 0x60, 0x52, 0xfa, 0xe2, 0x97, 0x92, 0x92, 0x92,
  0x92, 0x96, 0xe8, 0xe7, 0xfc, 0xf9, 0xe5, 0xfe, 0xf8, 0xf9, 0xf7, 0xc5,
  0xdf, 0xc1, 0xdc, 0x5d, 0x47, 0x5d, 0xcc, 0xf5, 0xf3, 0xe6, 0xe0, 0xe2,
  0xec, 0xe9, 0x95, 0xe8, 0xe1, 0xe3, 0xec, 0xe5, 0xfd, 0xfa, 0xf7, 0x75,
  0x61, 0x6c, 0x17, 0x1b, 0x00, 0x09, 0x36, 0x32, 0x32, 0x36, 0x0b, 0x0e,
  0x07, 0x17, 0x17, 0x66, 0xe2, 0x90, 0x94, 0x95, 0x90, 0x9a, 0x86, 0x82,
  0x8a, 0xb4, 0x8b, 0x8f, 0x80, 0x9a, 0x94, 0xcc, 0x7f, 0x6d, 0x12, 0x04,
  0x05, 0x12, 0x17, 0x14, 0x6e, 0x6c, 0x12, 0x1a, 0x12, 0x66, 0x73, 0x5e,
  0xe1, 0x90, 0x99, 0x87, 0x82, 0x8c, 0x80, 0x84, 0x99, 0x90, 0xea, 0xed,
  0xe7, 0xfb, 0xf0, 0x53, 0x64, 0x6c, 0x68, 0x11, 0x1d, 0x1c, 0x1b, 0x04,
  0x1a, 0x1d, 0x14, 0x62, 0x4a, 0xd6, 0x5c, 0x53, 0xc1, 0xc8, 0xf9, 0xee,
  0xe9, 0xe2, 0x95, 0x93, 0x90, 0x91, 0x96, 0xef, 0xd8, 0x7f, 0x66, 0x6e,
  0x14, 0x15, 0x6c, 0x62, 0x63, 0x64, 0x79, 0x7a, 0x67, 0x65, 0x7b, 0x78,
  0x77, 0x56, 0xf2, 0xe8, 0x90, 0x93, 0x91, 0x90, 0x96, 0xed, 0xe4, 0xe7,
  0xe7, 0xe4, 0xed, 0x95, 0x95, 0xee, 0xef, 0xe0, 0xf2, 0xcf, 0xc2, 0xcf,
  0xf0, 0xfb, 0xf8, 0xfe, 0xfd, 0xc8, 0xd8, 0xdd, 0x47, 0x76, 0x7d, 0x7a,
  0x67, 0x6d, 0x17, 0x1e, 0x06, 0x0c, 0x35, 0x34, 0x0b, 0x0f, 0x02, 0x07,
  0x1d, 0x12, 0x13, 0x6a, 0x63, 0x6d, 0x66, 0xd1, 0xe0, 0x97, 0x9f, 0x84,
  0x80, 0x80, 0x81, 0x81, 0x86, 0x84, 0x9f, 0x97, 0xef, 0xe1, 0xf8, 0xe6,
  0xec, 0xe6, 0xd9, 0x76, 0x63, 0x17, 0x11, 0x17, 0x15, 0x68, 0x62, 0x7e,
  0x48, 0x5a, 0x50, 0x5b, 0x45, 0x58, 0x50, 0xda, 0xf9, 0xe2, 0xee, 0xeb,
  0x97, 0x91, 0x96, 0xea, 0xe9, 0xe0, 0xe5, 0xe7, 0xe1, 0xe7, 0xfa, 0xfc,
  0xf6, 0xc6, 0x5e, 0x77, 0x64, 0x63, 0x63, 0x60, 0x61, 0x78, 0x7f, 0x79,
  0x73, 0x76, 0x7d, 0x71, 0x74, 0x76, 0x49, 0x43, 0x44, 0x59, 0x51, 0xd5,
  0x51, 0x5a, 0x54, 0x53, 0x58, 0x50, 0x56, 0x53, 0xd4, 0xdf, 0xd7, 0xd5,
  0xd7, 0x56, 0x54, 0xd3, 0xc7, 0xc9, 0xc8, 0xc8, 0xc3, 0xc3, 0xc1, 0xc4,
  0xcc, 0xcf, 0xf5, 0xf6, 0xf1, 0xf1, 0xf6, 0xf7, 0xca, 0xc8, 0xcc, 0xc6,
  0xc6, 0xc4, 0xd9, 0xde, 0xdc, 0xd2, 0xd7, 0x54, 0x51, 0x57, 0xd1, 0xd2,
  0xdf, 0xd9, 0xdb, 0xde, 0xdd, 0xd6, 0x57, 0x5e, 0x46, 0x4f, 0x4a, 0x76,
  0x70, 0x72, 0x7f, 0x65, 0x61, 0x62, 0x6c, 0x6f, 0x69, 0x69, 0x6e, 0x6c,
  0x63, 0x61, 0x66, 0x64, 0x64, 0x64, 0x65, 0x7a, 0x7e, 0x73, 0x4b, 0x41,
  0x53, 0xd2, 0xc6, 0xc3, 0xc3, 0xcf, 0xcb, 0xca, 0xf6, 0xf2, 0xf9, 0xe4,
  0xe1, 0xe0, 0xe3, 0xe3, 0xe3, 0xe1, 0xe6, 0xe4, 0xe5, 0xfa, 0xf9, 0xff,
  0xfd, 0xf2, 0xf3, 0xf6, 0xf7, 0xca, 0xc2, 0xc2, 0xcc, 0xcb, 0xf4, 0xf5,
  0xcb, 0xcb, 0xcd, 0xc5, 0xd9, 0xd2, 0xd5, 0x5d, 0x45, 0x46, 0x46, 0x4d,
  0x49, 0x4a, 0x76, 0x71, 0x74, 0x76, 0x77, 0x75, 0x4b, 0x4d, 0x40, 0x44,
  0x5f, 0x5d, 0x52, 0x51, 0x54, 0xd4, 0xd0, 0xd3, 0xd6, 0xd6, 0x54, 0x5f,
  0x45, 0x42, 0x4b, 0x4a, 0x49, 0x4f, 0x41, 0x5a, 0x58, 0x5e, 0x5e, 0x5d,
  0x53, 0x56, 0xd7, 0xd0, 0xd9, 0xcc, 0xf7, 0xf2, 0xff, 0xff, 0xfc, 0xfd,
  0xf2, 0xf3, 0xf3, 0xf3, 0xf0, 0xf0, 0xf0, 0xf1, 0xf6, 0xf5, 0xcb, 0xcc,
  0xc3, 0xda, 0xdd, 0x57, 0x45, 0x4e, 0x77, 0x76, 0x71, 0x72, 0x7f, 0x7a,
  0x67, 0x60, 0x62, 0x6c, 0x6f, 0x6f, 0x6f, 0x6c, 0x63, 0x61, 0x66, 0x67,
  0x67, 0x64, 0x7a, 0x78, 0x7c, 0x70, 0x77, 0x75, 0x4c, 0x47, 0x58, 0x53,
  0xd4, 0xde, 0xcd, 0xf7, 0xf2, 0xfe, 0xfb, 0xfa, 0xe5, 0xe7, 0xe1, 0xe1,
  0xe0, 0xe2, 0xed, 0xed, 0xed, 0xe2, 0xe1, 0xe5, 0xfe, 0xf3, 0xf6, 0xca,
  0xce, 0xcd, 0xcd, 0xcf, 0xce, 0xc9, 0xcc, 0xc0, 0xc5, 0xd8, 0xdb, 0xd8,
  0xde, 0xdf, 0xdd, 0xd0, 0x54, 0x53, 0x5a, 0x4f, 0x77, 0x70, 0x76, 0x74,
  0x75, 0x4a, 0x4a, 0x4a, 0x4b, 0x4b, 0x4a, 0x4a, 0x4a, 0x49, 0x46, 0x5c,
  0x57, 0xd7, 0xd1, 0xd6, 0xd7, 0x54, 0x50, 0x5c, 0x5b, 0x5a, 0x59, 0x5f,
  0x5f, 0x5f, 0x5f, 0x5e, 0x59, 0x5c, 0x51, 0x55, 0xd6, 0xd2, 0xd9, 0xc7,
  0xc0, 0xc1, 0xc7, 0xc4, 0xc7, 0xc6, 0xc3, 0xcc, 0xc9, 0xcb, 0xca, 0xcb,
  0xc8, 0xcf, 0xcc, 0xcd, 0xcd, 0xcd, 0xcd, 0xcd, 0xcc, 0xcd, 0xc0, 0xc6,
  0xd8, 0xdd, 0x55, 0x5f, 0x47, 0x4e, 0x74, 0x76, 0x71, 0x70, 0x72, 0x7e,
  0x7a, 0x64, 0x67, 0x61, 0x60, 0x61, 0x61, 0x66, 0x64, 0x65, 0x65, 0x65,
  0x65, 0x65, 0x7b, 0x7e, 0x72, 0x76, 0x4b, 0x4d, 0x46, 0x58, 0x5c, 0x53,
  0x57, 0xd0, 0xdb, 0xcc, 0xf4, 0xf0, 0xfd, 0xf9, 0xe5, 0xe4, 0xe7, 0xe6,
  0xe1, 0xe0, 0xe3, 0xe3, 0xe0, 0xe1, 0xe6, 0xe4, 0xf8, 0xfd, 0xf1, 0xf4,
  0xcb, 0xcc, 0xc3, 0xc3, 0xc3, 0xc6, 0xda, 0xde, 0xd2, 0xd6, 0xd5, 0x57,
  0x51, 0x50, 0x50, 0x53, 0x5c, 0x59, 0x45, 0x41, 0x43, 0x42, 0x42, 0x43,
  0x40, 0x40, 0x41, 0x41, 0x40, 0x4c, 0x4e, 0x48, 0x4f, 0x42, 0x46, 0x44,
  0x5b, 0x5e, 0x5d, 0x52, 0x5d, 0x5c, 0x5c, 0x5c, 0x5c, 0x5d, 0x53, 0x56,
  0x57, 0x55, 0xd5, 0xd4, 0x55, 0x55, 0xd4, 0xd1, 0xd2, 0xdc, 0xdf, 0xde,
  0xde, 0xde, 0xd8, 0xda, 0xc5, 0xc5, 0xc6, 0xc1, 0xcd, 0xce, 0xc9, 0xc9,
  0xce, 0xce, 0xcc, 0xcc, 0xc2, 0xc3, 0xc3, 0xc1, 0xc7, 0xda, 0xd8, 0xde,
  0xd2, 0xd6, 0x54, 0x52, 0x58, 0x41, 0x4f, 0x4a, 0x77, 0x76, 0x70, 0x70,
  0x72, 0x7f, 0x79, 0x7b, 0x7a, 0x65, 0x64, 0x64, 0x65, 0x78, 0x7e, 0x7f,
  0x7f, 0x7f, 0x7c, 0x72, 0x71, 0x74, 0x48, 0x4c, 0x41, 0x58, 0x5d, 0x51,
  0x51, 0xd4, 0xdd, 0xda, 0xc0, 0xcb, 0xf1, 0xf3, 0xfd, 0xff, 0xf8, 0xfb,
  0xf9, 0xf8, 0xfb, 0xfb, 0xf8, 0xfe, 0xf9, 0xff, 0xfc, 0xf3, 0xf0, 0xf6,
  0xf5, 0xc8, 0xc8, 0xca, 0xca, 0xca, 0xcb, 0xce, 0xcd, 0xc6, 0xdb, 0xdf,
  0xd2, 0xd1, 0xd7, 0xd4, 0x54, 0x51, 0x52, 0x52, 0x5f, 0x58, 0x44, 0x41,
  0x47, 0x45, 0x47, 0x47, 0x47, 0x44, 0x43, 0x40, 0x41, 0x46, 0x40, 0x43,
  0x43, 0x43, 0x46, 0x46, 0x46, 0x46, 0x46, 0x5a, 0x5f, 0x53, 0x51, 0x56,
  0x56, 0x55, 0xd5, 0xd5, 0xd5, 0x55, 0xd5, 0xd7, 0xd1, 0xd2, 0xdf, 0xd2,
  0xdf, 0xd9, 0xdb, 0xda, 0xc5, 0xc4, 0xc3, 0xc3, 0xc3, 0xcd, 0xcd, 0xcd,
  0xc2, 0xc0, 0xc3, 0xc6, 0xda, 0xc5, 0xd8, 0xdf, 0xdc, 0xdd, 0xdc, 0xdd,
  0xd4, 0xd5, 0x55, 0x57, 0x56, 0x53, 0x5f, 0x5a, 0x43, 0x4c, 0x4d, 0x4c,
  0x4e, 0x48, 0x74, 0x71, 0x7c, 0x7e, 0x7f, 0x78, 0x7b, 0x78, 0x7e, 0x7f,
  0x7d, 0x7c, 0x7d, 0x7d, 0x7c, 0x70, 0x4a, 0x4d, 0x40, 0x46, 0x5d, 0x50,
  0x51, 0x57, 0xd0, 0xdf, 0xdb, 0xc4, 0xc7, 0xcd, 0xcd, 0xc2, 0xc9, 0xf4,
  0xf7, 0xf4, 0xf6, 0xf0, 0xf1, 0xf0, 0xf3, 0xf2, 0xf3, 0xf3, 0xf0, 0xf0,
  0xf3, 0xf6, 0xf6, 0xf7, 0xf1, 0xf4, 0xf5, 0xc9, 0xc4, 0xde, 0xdc, 0xdd,
  0xd6, 0xd6, 0xd6, 0xd4, 0x55, 0x57, 0x56, 0x5c, 0x5e, 0x58, 0x58, 0x5f,
  0x5b, 0x59, 0x5b, 0x5e, 0x58, 0x45, 0x58, 0x45, 0x41, 0x43, 0x40, 0x41,
  0x4d, 0x41, 0x45, 0x47, 0x44, 0x5b, 0x58, 0x59, 0x59, 0x52, 0x52, 0x52,
  0x56, 0x51, 0xd7, 0xd7, 0xd6, 0xd6, 0xd0, 0xd1, 0xd7, 0xd1, 0xd1, 0xd6,
  0xd1, 0xde, 0xdb, 0xde, 0xda, 0xdb, 0xc4, 0xc5, 0xc0, 0xcc, 0xc0, 0xcf,
  0xcd, 0xc9, 0xcc, 0xc0, 0xc2, 0xc3, 0xc2, 0xc0, 0xc4, 0xdb, 0xd1, 0xd4,
  0xd4, 0xd4, 0xd7, 0x52, 0x57, 0x5d, 0x59, 0x45, 0x41, 0x4c, 0x4a, 0x4d,
  0x4c, 0x48, 0x74, 0x77, 0x71, 0x70, 0x7d, 0x7d, 0x72, 0x76, 0x74, 0x74,
  0x74, 0x76, 0x71, 0x77, 0x4a, 0x77, 0x4b, 0x41, 0x58, 0x46, 0x5d, 0x54,
  0xd5, 0xd7, 0xd6, 0x5b, 0x5b, 0xde, 0xda, 0xd6, 0xde, 0xca, 0xcd, 0xdb,
  0x55, 0xde, 0xcc, 0xf3, 0xf4, 0xf0, 0xff, 0xfc, 0xf0, 0xfc, 0xf5, 0xc2,
  0xcb, 0xcc, 0x5d, 0x67, 0x74, 0xfd, 0xdf, 0x52, 0x95, 0x94, 0xe5, 0xc1,
  0xf9, 0xf9, 0xd7, 0xc1, 0xe6, 0xfe, 0xd3, 0x40, 0x5c, 0x40, 0x67, 0x70,
  0xc7, 0xdc, 0x4c, 0x46, 0xd5, 0x74, 0x63, 0x60, 0x7f, 0x73, 0x7f, 0x4e,
  0xdc, 0x54, 0x48, 0x7c, 0x72, 0x44, 0x4f, 0x5a, 0xd0, 0xc7, 0xd7, 0x5d,
  0xd7, 0xda, 0x5a, 0x71, 0x54, 0x51, 0x50, 0xc3, 0xfc, 0xf9, 0xcc, 0x44,
  0x57, 0x78, 0x70, 0xd6, 0xd6, 0xf7, 0xf9, 0xe3, 0xf1, 0x4d, 0x5d, 0xfd,
  0xce, 0xcf, 0xe6, 0xe0, 0xf8, 0xd0, 0xdc, 0xfc, 0xc7, 0xc1, 0xf3, 0xd3,
  0xdf, 0xd6, 0xcb, 0xca, 0x4b, 0x5c, 0x45, 0x47, 0x79, 0x67, 0x7e, 0x79,
  0x65, 0x65, 0x4a, 0x4d, 0x7f, 0x63, 0x6c, 0x69, 0x63, 0x66, 0x74, 0x4f,
  0x72, 0x72, 0x7c, 0x78, 0x73, 0x70, 0x7d, 0x5a, 0x51, 0xdb, 0xdf, 0xdc,
  0xd0, 0xc2, 0xda, 0x4d, 0xde, 0xf0, 0x59, 0x53, 0xf0, 0xf1, 0xd2, 0xf2,
  0xe9, 0xfb, 0xc4, 0xca, 0xe4, 0xe1, 0xe4, 0xe3, 0xe2, 0xf7, 0xe4, 0xe8,
  0xe1, 0xcd, 0xdb, 0xfe, 0xf9, 0xcc, 0xc2, 0xf7, 0x53, 0x70, 0x52, 0xda,
  0x70, 0x7a, 0x64, 0x60, 0x69, 0x60, 0x40, 0x4a, 0x71, 0x43, 0x65, 0x6c,
  0x7f, 0x73, 0x42, 0x5f, 0xf1, 0xf2, 0x70, 0x55, 0xf0, 0xf8, 0xc6, 0xd0,
  0xc5, 0x54, 0xca, 0xdc, 0xff, 0xe7, 0x45, 0x5f, 0xdc, 0xf7, 0xe7, 0xd3,
  0xf5, 0xfc, 0x41, 0x77, 0x56, 0xf4, 0xf5, 0x7f, 0xd4, 0xe3, 0xe7, 0xf0,
  0xf8, 0x97, 0xe4, 0xf6, 0xea, 0x91, 0x95, 0xef, 0x94, 0xea, 0xff, 0xff,
  0xe6, 0xe2, 0xe1, 0xfd, 0xf6, 0x7d, 0x6e, 0x13, 0x1a, 0x1e, 0x1e, 0x1c,
  0x1c, 0x19, 0x1f, 0x05, 0x00, 0x02, 0x01, 0x05, 0x18, 0x10, 0x62, 0x61,
  0x68, 0x6e, 0x67, 0x7c, 0x5b, 0xff, 0x94, 0x93, 0x9e, 0x9c, 0x9f, 0x9f,
  0x9e, 0x9c, 0x90, 0x9e, 0x99, 0x9e, 0x9d, 0x92, 0x9d, 0x94, 0xf4, 0x40,
  0xda, 0xfc, 0xf5, 0xcf, 0xfd, 0xca, 0x78, 0x62, 0x62, 0x69, 0x6e, 0x68,
  0x64, 0x50, 0xd1, 0x4a, 0x69, 0x17, 0x15, 0x16, 0x16, 0x61, 0xd8, 0xf9,
  0xda, 0x5f, 0x48, 0x75, 0x78, 0x79, 0xc6, 0xf8, 0xe5, 0xe6, 0xe9, 0xe3,
  0xf9, 0xd8, 0xd9, 0xc9, 0xe5, 0xe6, 0xe6, 0xea, 0x94, 0xea, 0xfd, 0xdc,
  0xfe, 0xf6, 0xc2, 0xe1, 0x97, 0x96, 0xef, 0xe0, 0xed, 0xed, 0x47, 0x46,
  0xec, 0x95, 0x95, 0xe2, 0xe0, 0xe5, 0x45, 0x43, 0xf2, 0xe7, 0xec, 0xeb,
  0xe4, 0xfb, 0xfc, 0xf7, 0x40, 0x6b, 0x1d, 0x07, 0x0f, 0x0d, 0x05, 0x18,
  0x06, 0x0d, 0x02, 0x09, 0x31, 0x30, 0x0b, 0x03, 0x06, 0x1b, 0x6e, 0x65,
  0x12, 0x05, 0x17, 0x5c, 0xe5, 0x97, 0x81, 0x8a, 0xb5, 0x8c, 0x81, 0x8d,
  0x8d, 0x83, 0x83, 0x88, 0xb4, 0x8e, 0x81, 0x86, 0x85, 0xe9, 0x48, 0x42,
  0xf2, 0xf6, 0x55, 0xc1, 0xd7, 0x60, 0x1e, 0x07, 0x07, 0x04, 0x1b, 0x13,
  0x6c, 0x7b, 0x63, 0x6b, 0x1d, 0x1f, 0x11, 0x15, 0x60, 0x4a, 0xce, 0xef,
  0x95, 0xe1, 0xe5, 0xf3, 0xf7, 0xf9, 0xe4, 0xe9, 0x96, 0x95, 0xe1, 0xfb,
  0xfc, 0xf3, 0xc3, 0x55, 0xc4, 0xf6, 0xf7, 0xf0, 0xfc, 0xf7, 0x56, 0x48,
  0x52, 0xdc, 0xf7, 0xfb, 0xec, 0x94, 0xe9, 0xed, 0xe0, 0xe6, 0xed, 0xe9,
  0x94, 0x90, 0x92, 0x90, 0xeb, 0xe9, 0x95, 0x97, 0x97, 0x97, 0x96, 0x96,
  0x94, 0xe9, 0xe3, 0xfc, 0x5a, 0x11, 0x0d, 0x36, 0x36, 0x09, 0x01, 0x0d,
  0x0b, 0x0f, 0x0e, 0x30, 0x3e, 0x32, 0x09, 0x03, 0x01, 0x15, 0xeb, 0xe7,
  0x10, 0x1c, 0xf6, 0x92, 0x97, 0x99, 0xb4, 0xb3, 0xb4, 0x80, 0x86, 0x8d,
  0x80, 0x9a, 0x80, 0x8b, 0x88, 0x84, 0x90, 0x9e, 0x91, 0x42, 0x14, 0x60,
  0x74, 0x66, 0x69, 0x61, 0x65, 0x14, 0x1a, 0x07, 0x07, 0x07, 0x1a, 0x15,
  0x41, 0xd2, 0x40, 0x7e, 0x61, 0x15, 0x16, 0x65, 0xfb, 0x95, 0x9c, 0x85,
  0x85, 0x96, 0xc8, 0xd2, 0xfc, 0xe7, 0xef, 0x93, 0x9c, 0xea, 0xf4, 0x43,
  0x78, 0x63, 0x63, 0x72, 0xd4, 0xc9, 0xc8, 0x45, 0x63, 0x6c, 0x64, 0x79,
  0x73, 0xd5, 0xe3, 0x94, 0xea, 0xee, 0xee, 0xef, 0xec, 0x95, 0x9d, 0x9e,
  0x9d, 0x9d, 0x9f, 0x9e, 0x9c, 0x96, 0x95, 0xe8, 0x95, 0x94, 0x95, 0x95,
  0xec, 0xe5, 0xd5, 0x17, 0x0c, 0x30, 0x32, 0x34, 0x0d, 0x0c, 0x0a, 0x08,
  0x0f, 0x36, 0x3f, 0x3c, 0x35, 0x00, 0x01, 0x10, 0xee, 0x91, 0x78, 0x12,
  0x50, 0x92, 0x93, 0x9d, 0x89, 0xb2, 0xb3, 0x8b, 0x83, 0x83, 0x86, 0x99,
  0x84, 0x8e, 0x8a, 0x82, 0x99, 0x92, 0x97, 0xd7, 0x17, 0x16, 0x67, 0x78,
  0x6c, 0x69, 0x68, 0x11, 0x1b, 0x04, 0x04, 0x06, 0x04, 0x16, 0x75, 0xc2,
  0xc3, 0xde, 0x48, 0x6e, 0x6c, 0xd5, 0xe1, 0xef, 0x97, 0x9b, 0x84, 0x91,
  0xf9, 0xf7, 0xf0, 0xfd, 0xe6, 0x96, 0x9d, 0x94, 0xfb, 0xc5, 0x46, 0x65,
  0x6c, 0x63, 0x71, 0xc8, 0xfa, 0xd0, 0x62, 0x68, 0x65, 0x72, 0x63, 0x66,
  0xf1, 0x94, 0x94, 0xef, 0xe8, 0xea, 0xe6, 0xe5, 0x94, 0x99, 0x9e, 0x93,
  0x92, 0x9b, 0x9b, 0x93, 0x94, 0x96, 0x92, 0x92, 0x96, 0x97, 0x95, 0xed,
  0xde, 0x10, 0x0e, 0x31, 0x36, 0x0f, 0x00, 0x0e, 0x0a, 0x0c, 0x0f, 0x30,
  0x39, 0x33, 0x0c, 0x01, 0x03, 0x10, 0xeb, 0xe3, 0x13, 0x1f, 0xf3, 0x91,
  0xf0, 0xe7, 0x8e, 0xb3, 0xb6, 0x8d, 0x80, 0x83, 0x9b, 0xea, 0x9a, 0x89,
  0x88, 0x81, 0x98, 0x98, 0x95, 0x7b, 0x14, 0x7b, 0xd3, 0x58, 0x71, 0x73,
  0x6d, 0x1c, 0x18, 0x1f, 0x1e, 0x05, 0x19, 0x6e, 0x41, 0x77, 0x64, 0x66,
  0x6a, 0x11, 0x6f, 0xc0, 0xed, 0xe3, 0xeb, 0x9c, 0x9e, 0xeb, 0xf6, 0xfa,
  0xe9, 0x97, 0x92, 0x9e, 0x9c, 0xef, 0xf2, 0xf1, 0xc5, 0x4b, 0x7e, 0x57,
  0xe4, 0xe0, 0xfa, 0xd5, 0x64, 0x6c, 0x60, 0x77, 0x58, 0xd3, 0xfb, 0xec,
  0xe2, 0xf0, 0xc9, 0xfd, 0xf9, 0xe1, 0xe8, 0x90, 0x91, 0xe9, 0xe9, 0x94,
  0x94, 0xe8, 0xe2, 0xe8, 0xee, 0xe2, 0xe1, 0xe1, 0xe5, 0xf5, 0x76, 0x1d,
  0x0c, 0x0a, 0x02, 0x1c, 0x1e, 0x00, 0x00, 0x1a, 0x02, 0x31, 0x33, 0x0e,
  0x1c, 0x18, 0x05, 0x65, 0xe4, 0x14, 0x02, 0x19, 0xe9, 0x91, 0xd7, 0xe3,
  0x8d, 0x89, 0x93, 0xf7, 0x9f, 0x86, 0x97, 0xf1, 0x98, 0x8c, 0x87, 0xef,
  0x96, 0x84, 0x96, 0x64, 0x67, 0xe2, 0x96, 0xff, 0xf0, 0x95, 0xe2, 0x78,
  0x6b, 0x48, 0xc6, 0x73, 0x64, 0xd5, 0xfa, 0xd1, 0x64, 0x7c, 0x7d, 0x62,
  0x6d, 0x46, 0xe6, 0xe4, 0xda, 0xc3, 0xf1, 0x53, 0x67, 0x7c, 0xcd, 0xfa,
  0xf7, 0xf5, 0xe5, 0xf7, 0x71, 0x67, 0x58, 0xf9, 0xfa, 0xf9, 0xe2, 0x94,
  0xe9, 0xff, 0xcd, 0xdd, 0xde, 0x5a, 0x5f, 0xe5, 0xe6, 0xce, 0x72, 0x6f,
  0x73, 0xf5, 0xcb, 0xce, 0xc4, 0xd9, 0xda, 0x53, 0xc6, 0xe2, 0xe7, 0xca,
  0xf0, 0xe1, 0xe8, 0xf8, 0xc8, 0xe2, 0xef, 0xe5, 0xd6, 0x72, 0x6c, 0x10,
  0x16, 0x7f, 0x73, 0x13, 0x1a, 0x1d, 0x10, 0x04, 0x02, 0x04, 0x12, 0x1a,
  0x01, 0x10, 0xd2, 0x7e, 0x05, 0x05, 0x7a, 0x45, 0x14, 0x14, 0xe2, 0x9f,
  0xfb, 0x73, 0xe6, 0x93, 0xc8, 0x68, 0xd1, 0x99, 0x9e, 0xf9, 0xec, 0x9a,
  0x9f, 0xc8, 0x5f, 0x97, 0x9d, 0xe7, 0xce, 0x93, 0x85, 0xeb, 0x59, 0xda,
  0xe3, 0xc5, 0x66, 0x4b, 0xf9, 0xe5, 0x5c, 0x75, 0x41, 0x64, 0x15, 0x6b,
  0x7e, 0x5a, 0xdd, 0xcb, 0xf6, 0xd6, 0x7e, 0x66, 0x7a, 0x4c, 0xf6, 0xec,
  0xe9, 0xff, 0xc5, 0xcc, 0xd5, 0x7e, 0x7a, 0xcf, 0x95, 0xea, 0xfc, 0xf0,
  0xe5, 0xf7, 0x57, 0xdf, 0xe5, 0xe0, 0xff, 0xe0, 0x97, 0xea, 0xc9, 0x47,
  0xf6, 0xe1, 0xe7, 0xfa, 0xed, 0xe9, 0xe6, 0xe7, 0xe6, 0xe4, 0xf2, 0xfb,
  0xe9, 0xea, 0xec, 0xed, 0xea, 0xe2, 0xf7, 0x67, 0x05, 0x03, 0x1f, 0xfa,
  0x94, 0x14, 0x0c, 0x0c, 0x02, 0x09, 0x0e, 0x04, 0x1b, 0x0a, 0x36, 0x18,
  0xee, 0x62, 0x0b, 0x09, 0x14, 0x62, 0x1f, 0xc0, 0x8c, 0x84, 0x15, 0x15,
  0x84, 0x8e, 0xe7, 0x7f, 0x86, 0xb5, 0x86, 0xea, 0x81, 0x88, 0x9d, 0x67,
  0xef, 0x8f, 0x80, 0xe2, 0xe1, 0x9b, 0x92, 0x64, 0x14, 0x44, 0xc5, 0x6d,
  0x6b, 0xc7, 0xf6, 0x6e, 0x18, 0x1d, 0x69, 0x14, 0x12, 0x15, 0x4e, 0xd7,
  0x49, 0x7f, 0x7b, 0x67, 0x61, 0x79, 0x5d, 0xfc, 0xe1, 0xe1, 0xff, 0xf6,
  0xf3, 0xf7, 0xc5, 0xd2, 0xe5, 0x95, 0xea, 0xed, 0xfa, 0xf2, 0xd8, 0xd2,
  0xf1, 0xe6, 0xe0, 0xfe, 0xe7, 0xe2, 0xfd, 0xd7, 0x4f, 0xf5, 0xec, 0x97,
  0x95, 0xed, 0xe2, 0xef, 0xe9, 0xe2, 0xfa, 0xe0, 0x95, 0x91, 0x93, 0x9d,
  0x93, 0xeb, 0xf8, 0xf6, 0xe0, 0xec, 0x71, 0x05, 0x02, 0x1b, 0x73, 0x6e,
  0x03, 0x0b, 0x02, 0x03, 0x35, 0x37, 0x00, 0x18, 0x0b, 0x36, 0x06, 0xfc,
  0x15, 0x34, 0x0e, 0xc5, 0xee, 0x14, 0x62, 0x87, 0x80, 0x73, 0x14, 0x86,
  0xb4, 0x9c, 0x60, 0x9e, 0xb7, 0x89, 0xe9, 0x91, 0x8f, 0x81, 0xf2, 0xe9,
  0x8c, 0x82, 0xf9, 0x4f, 0x9c, 0x85, 0x5d, 0x1f, 0x63, 0xf1, 0x48, 0x6a,
  0x7b, 0x4c, 0x1d, 0x07, 0x1d, 0x78, 0x68, 0x1a, 0x1c, 0x7f, 0x5d, 0x64,
  0x61, 0x78, 0x66, 0x65, 0xf6, 0xe8, 0xe1, 0xd8, 0xf7, 0xee, 0xe0, 0xf4,
  0xe4, 0xec, 0xe6, 0xfc, 0xee, 0x91, 0xec, 0x57, 0x45, 0xff, 0xf9, 0xf4,
  0xf1, 0xe7, 0xe5, 0xd1, 0x5e, 0xd9, 0xce, 0xce, 0xf3, 0xe6, 0xef, 0xec,
  0xfa, 0xe4, 0xe7, 0xe9, 0x94, 0xeb, 0xeb, 0x94, 0x93, 0x93, 0x91, 0x94,
  0x94, 0x96, 0x95, 0xeb, 0xe8, 0xe6, 0x60, 0x06, 0x03, 0x16, 0xd1, 0x13,
  0x08, 0x08, 0x07, 0x01, 0x37, 0x36, 0x03, 0x04, 0x35, 0x37, 0x1e, 0xdf,
  0x05, 0x37, 0x00, 0xee, 0xe9, 0x10, 0x68, 0x85, 0x86, 0x5b, 0x7a, 0x87,
  0x89, 0x94, 0x45, 0x86, 0xb7, 0x8f, 0xe0, 0x97, 0x82, 0x86, 0xec, 0x96,
  0x82, 0x80, 0xe3, 0xf4, 0x9f, 0x9e, 0x45, 0x17, 0x5e, 0xec, 0xd8, 0x66,
  0x7e, 0x72, 0x11, 0x1b, 0x17, 0x64, 0x6b, 0x13, 0x6b, 0x74, 0x60, 0x17,
  0x6a, 0x67, 0x65, 0x66, 0xd3, 0xe6, 0xf3, 0x46, 0x50, 0xfb, 0xe4, 0xf6,
  0xfb, 0xe2, 0xe3, 0xe7, 0xe1, 0xec, 0xfb, 0xcf, 0xfd, 0xe2, 0xed, 0xe7,
  0xe3, 0xed, 0xfa, 0xc4, 0xd8, 0xfe, 0xfd, 0xf7, 0xf7, 0xe7, 0xe1, 0xfb,
  0xf8, 0xf9, 0xe6, 0xe6, 0xe0, 0xef, 0xec, 0xee, 0xec, 0xed, 0xe9, 0xee,
  0x97, 0x95, 0xe8, 0xe9, 0xee, 0xe2, 0x64, 0x05, 0x01, 0x10, 0xd5, 0x6b,
  0x0d, 0x0b, 0x01, 0x1a, 0x08, 0x36, 0x09, 0x1b, 0x01, 0x0b, 0x03, 0x61,
  0x10, 0x0b, 0x09, 0x77, 0x90, 0x64, 0x1e, 0xfd, 0x87, 0x94, 0x6f, 0xf2,
  0x81, 0x85, 0xf9, 0x97, 0x8e, 0x8e, 0x97, 0xff, 0x85, 0x82, 0x99, 0x97,
  0x87, 0x8d, 0x98, 0xe1, 0x95, 0x9d, 0xe1, 0x73, 0xf1, 0x90, 0xec, 0x7b,
  0x62, 0x74, 0x63, 0x1f, 0x10, 0x76, 0x4b, 0x17, 0x11, 0x7e, 0x76, 0x11,
  0x1e, 0x6c, 0xcc, 0xd9, 0x72, 0x4b, 0xd0, 0x5e, 0x73, 0x5a, 0xce, 0xf5,
  0xc9, 0xf2, 0xe6, 0xe4, 0xe4, 0xf2, 0xcc, 0xdb, 0xfa, 0x94, 0xe8, 0xff,
  0xcd, 0xe4, 0xe1, 0xdb, 0x41, 0xc5, 0xe4, 0xe7, 0xf3, 0xe7, 0xe6, 0xf3,
  0x50, 0xd1, 0xe7, 0xed, 0xfa, 0xf5, 0xfa, 0xea, 0x95, 0xe7, 0xf3, 0xe6,
  0x94, 0x97, 0xe8, 0xee, 0xec, 0xe1, 0xf4, 0x59, 0x6c, 0x1e, 0x1e, 0x67,
  0xca, 0x17, 0x0c, 0x0e, 0x18, 0x1e, 0x08, 0x34, 0x00, 0x14, 0x04, 0x08,
  0x03, 0x14, 0x19, 0x09, 0x03, 0xf4, 0x96, 0x6c, 0x1e, 0xc6, 0x9e, 0xfa,
  0x69, 0xf4, 0x85, 0x9a, 0xea, 0x9f, 0x82, 0x84, 0xe3, 0xe9, 0x81, 0x82,
  0x9b, 0x99, 0x80, 0x83, 0x9f, 0x94, 0x99, 0x9e, 0xe0, 0xfd, 0x93, 0x9e,
  0xf7, 0x6b, 0x67, 0xd9, 0x7e, 0x17, 0x60, 0xdc, 0x76, 0x1f, 0x1e, 0x15,
  0x61, 0x14, 0x1e, 0x16, 0x6c, 0x65, 0x61, 0x69, 0x69, 0x69, 0x66, 0x75,
  0xdf, 0xe5, 0xf8, 0xdc, 0x7b, 0x71, 0xe6, 0x94, 0xe8, 0xf3, 0xfa, 0x97,
  0x93, 0xeb, 0xf1, 0xce, 0xf3, 0xe6, 0xe2, 0xef, 0xe0, 0xcc, 0xd2, 0xf7,
  0xe2, 0xe3, 0xf1, 0xf6, 0xfc, 0xe7, 0xf2, 0xc4, 0xf0, 0xfe, 0xef, 0x94,
  0x94, 0xea, 0xe2, 0x94, 0x90, 0x91, 0x95, 0xe2, 0xe8, 0xe3, 0x55, 0x1c,
  0x0e, 0x08, 0x1b, 0xf7, 0x4b, 0x0f, 0x30, 0x37, 0x00, 0x0d, 0x0b, 0x0e,
  0x04, 0x05, 0x0d, 0x06, 0x17, 0x11, 0x00, 0x01, 0xfd, 0x80, 0x84, 0xc5,
  0x7e, 0xe2, 0x9d, 0x9a, 0x86, 0x80, 0x87, 0x98, 0x84, 0x80, 0x85, 0x97,
  0x92, 0x80, 0x8d, 0x84, 0x93, 0x90, 0xe8, 0x56, 0x4a, 0x95, 0x99, 0xe2,
  0x63, 0x6a, 0x77, 0x66, 0x1d, 0x1f, 0x6d, 0x4e, 0x62, 0x17, 0x6e, 0x6d,
  0x16, 0x1f, 0x14, 0xc5, 0xe3, 0xfa, 0x47, 0x72, 0x72, 0x4e, 0xd8, 0xe4,
  0x95, 0x94, 0xe3, 0xf4, 0x57, 0xd1, 0xce, 0xf1, 0xe7, 0xe2, 0xef, 0xfb,
  0x42, 0x65, 0x7f, 0xdf, 0xf4, 0xc7, 0xc3, 0xd1, 0x73, 0x69, 0x6b, 0x70,
  0xcd, 0xc3, 0xdf, 0xf4, 0xe5, 0xf0, 0xc6, 0xf3, 0xe8, 0x90, 0x90, 0x96,
  0x97, 0xea, 0xea, 0x94, 0x90, 0x9e, 0x99, 0x9b, 0x98, 0x9c, 0x96, 0xef,
  0xe0, 0xe0, 0xeb, 0x96, 0xe6, 0x15, 0x0b, 0x31, 0x0e, 0x60, 0xc4, 0x0c,
  0x3c, 0x3e, 0x37, 0x0e, 0x35, 0x34, 0x09, 0x02, 0x09, 0x08, 0x04, 0x17,
  0x12, 0x05, 0x6f, 0x9c, 0x80, 0x84, 0xe9, 0xe7, 0x93, 0x81, 0xb5, 0xb7,
  0x8a, 0x8d, 0x81, 0x82, 0x83, 0x81, 0x83, 0x8f, 0x8f, 0x85, 0x97, 0x96,
  0x96, 0xf4, 0x6b, 0x67, 0xe6, 0xe6, 0x6d, 0x1a, 0x1b, 0x1f, 0x1a, 0x07,
  0x1c, 0x6d, 0x6f, 0x1c, 0x1b, 0x1f, 0x11, 0x14, 0x62, 0x57, 0xfe, 0xf8,
  0xc2, 0x57, 0xce, 0xe1, 0xee, 0x97, 0x93, 0x99, 0x9d, 0xe2, 0xf7, 0xe6,
  0x93, 0x9c, 0x91, 0xe0, 0xf0, 0xc3, 0xd9, 0xdf, 0x5e, 0x4e, 0x74, 0x47,
  0x74, 0x64, 0x62, 0x6f, 0x6f, 0x69, 0x67, 0x46, 0xdb, 0x42, 0x79, 0x72,
  0xd6, 0xfb, 0xe0, 0xe9, 0x94, 0x91, 0x95, 0xe2, 0xe1, 0x97, 0x9e, 0x9b,
  0x9d, 0x96, 0x96, 0x90, 0x9c, 0x9c, 0x9d, 0x90, 0xea, 0xe0, 0xf0, 0xf1,
  0x5a, 0x11, 0x0c, 0x37, 0x0e, 0x13, 0x61, 0x0d, 0x32, 0x3f, 0x31, 0x08,
  0x08, 0x0f, 0x00, 0x06, 0x09, 0x34, 0x02, 0x6a, 0x54, 0x7f, 0x49, 0xe9,
  0x9a, 0x85, 0x9c, 0x9f, 0x9a, 0x81, 0x8f, 0xb5, 0xb5, 0x89, 0x83, 0x87,
  0x84, 0x87, 0x82, 0x88, 0x8e, 0x9a, 0xfb, 0xf5, 0xef, 0xec, 0xd1, 0x73,
  0xd2, 0xd1, 0x6a, 0x04, 0x07, 0x1e, 0x12, 0x19, 0x19, 0x11, 0x6b, 0x11,
  0x19, 0x18, 0x1d, 0x16, 0x63, 0xf6, 0xeb, 0xed, 0x43, 0x61, 0xd7, 0x95,
  0x99, 0x85, 0x9b, 0x92, 0x94, 0xed, 0xe2, 0xea, 0x9d, 0x98, 0x92, 0xf2,
  0x72, 0x75, 0x42, 0x4b, 0x64, 0x67, 0x65, 0x62, 0x6a, 0x15, 0x17, 0x13,
  0x16, 0x60, 0x4b, 0x48, 0x4b, 0x4b, 0x46, 0x71, 0x70, 0xf9, 0x97, 0x9c,
  0x9d, 0x93, 0x91, 0x97, 0xeb, 0x97, 0x9a, 0x87, 0x84, 0x9d, 0x97, 0x96,
  0x93, 0x90, 0x91, 0x9d, 0x93, 0x94, 0xe1, 0xc1, 0x45, 0x7d, 0x64, 0x17,
  0x01, 0x37, 0x36, 0x0d, 0x12, 0x07, 0x31, 0x3f, 0x3d, 0x36, 0x36, 0x35,
  0x01, 0x12, 0x00, 0x36, 0x34, 0x1e, 0xe4, 0xef, 0xe1, 0xe8, 0x9d, 0x98,
  0x9e, 0x87, 0x8d, 0x89, 0x8e, 0x8e, 0x89, 0x8b, 0x8b, 0x8e, 0x82, 0x84,
  0x9a, 0x80, 0x89, 0x82, 0x9c, 0xe1, 0xf4, 0x58, 0x60, 0x67, 0xc2, 0xf7,
  0x6e, 0x04, 0x07, 0x1a, 0x19, 0x1b, 0x19, 0x11, 0x14, 0x1d, 0x19, 0x13,
  0x6e, 0x66, 0x63, 0x73, 0xe4, 0x97, 0xef, 0xf5, 0xdd, 0xf9, 0x94, 0x93,
  0x9f, 0x98, 0x9d, 0xee, 0xca, 0xcd, 0xe2, 0x97, 0xe9, 0xf6, 0x5b, 0x7d,
  0x67, 0x61, 0x7a, 0x7c, 0x7a, 0x6d, 0x69, 0x6b, 0x68, 0x60, 0x67, 0x60,
  0x61, 0x4c, 0xcf, 0xce, 0xce, 0xfc, 0xe6, 0xe5, 0xe4, 0x95, 0x93, 0x90,
  0x91, 0x90, 0x93, 0x96, 0x96, 0x9d, 0x9e, 0x9e, 0x9c, 0x92, 0x94, 0xee,
  0xeb, 0x96, 0x93, 0x94, 0xe9, 0xe0, 0xf7, 0xd5, 0x46, 0x45, 0x42, 0x4f,
  0x65, 0x1e, 0x35, 0x3c, 0x30, 0x06, 0x63, 0x07, 0x31, 0x3d, 0x31, 0x30,
  0x32, 0x35, 0x62, 0xf8, 0x1b, 0x37, 0x0b, 0x14, 0xcc, 0xf7, 0x94, 0x81,
  0x83, 0x9d, 0xeb, 0x87, 0x8b, 0x8a, 0x8e, 0x8c, 0x89, 0x8a, 0x8b, 0x89,
  0x82, 0x84, 0x85, 0x80, 0x80, 0x85, 0x90, 0x93, 0x97, 0x76, 0x19, 0x13,
  0xd8, 0xc6, 0x14, 0x1b, 0x1f, 0x19, 0x03, 0x0d, 0x1e, 0x76, 0x61, 0x1e,
  0x1a, 0x12, 0x14, 0x14, 0x6f, 0x44, 0xcf, 0xf7, 0xe6, 0xef, 0xed, 0xe4,
  0xfe, 0xed, 0x97, 0x9d, 0x99, 0x9c, 0x94, 0xed, 0xe4, 0xf4, 0xf4, 0xe0,
  0xe8, 0xee, 0xca, 0x76, 0x60, 0x14, 0x6e, 0x77, 0x45, 0x70, 0x65, 0x64,
  0x61, 0x69, 0x60, 0x47, 0x57, 0x76, 0x5e, 0xf2, 0xfd, 0xcb, 0xc9, 0xe6,
  0xeb, 0xe2, 0xec, 0xea, 0x95, 0x96, 0x96, 0xea, 0xe1, 0xe3, 0x95, 0x91,
  0x90, 0x94, 0xef, 0xfa, 0xcb, 0xe5, 0xed, 0xe3, 0xfa, 0xf0, 0xd4, 0x5f,
  0x55, 0x70, 0x4b, 0x76, 0x49, 0x7f, 0x6a, 0x14, 0x12, 0x0f, 0x32, 0x30,
  0x00, 0x6e, 0x1b, 0x35, 0x34, 0x0e, 0x34, 0x33, 0x34, 0x16, 0xe5, 0x61,
  0x06, 0x07, 0x11, 0x67, 0xd9, 0x90, 0x81, 0x83, 0x85, 0x93, 0x9a, 0x83,
  0x88, 0x88, 0x82, 0x81, 0x8c, 0x8b, 0x8e, 0x86, 0x9b, 0x87, 0x86, 0x93,
  0xe1, 0x97, 0x85, 0x93, 0x77, 0x10, 0x16, 0x6c, 0x17, 0x11, 0x6e, 0x7b,
  0x15, 0x04, 0x00, 0x05, 0x16, 0x6b, 0x17, 0x69, 0x65, 0x7f, 0x60, 0x7b,
  0x56, 0xce, 0xcb, 0xfd, 0xed, 0xec, 0xef, 0xe9, 0xef, 0xe2, 0xef, 0xe9,
  0xea, 0xeb, 0xe0, 0xe6, 0xe5, 0xca, 0xd1, 0xd4, 0xc5, 0xf0, 0xcd, 0x73,
  0x70, 0x4c, 0x45, 0x75, 0x4a, 0xd1, 0x54, 0x41, 0x4a, 0x54, 0xf7, 0xf2,
  0xf3, 0xcd, 0xf2, 0xe7, 0xf2, 0xe7, 0xef, 0xe9, 0xed, 0xfd, 0xfa, 0xef,
  0xeb, 0xed, 0xe7, 0xe1, 0xfb, 0xf6, 0xf3, 0xff, 0xe6, 0xf9, 0xf3, 0xd3,
  0x4d, 0xc9, 0xdc, 0x45, 0x73, 0x7e, 0x77, 0x60, 0x6b, 0x63, 0x62, 0x6b,
  0x14, 0x13, 0x1c, 0x1e, 0x1b, 0x07, 0x0f, 0x0e, 0x04, 0x16, 0x1a, 0x02,
  0x0c, 0x01, 0x07, 0x02, 0x04, 0x67, 0x74, 0x6b, 0x11, 0x69, 0x7f, 0x49,
  0xf9, 0x94, 0x90, 0x9e, 0x9e, 0x93, 0x92, 0x9b, 0x86, 0x84, 0x9a, 0x85,
  0x87, 0x87, 0x85, 0x9a, 0x9e, 0x93, 0x97, 0x94, 0x95, 0x97, 0x96, 0xe3,
  0x53, 0x65, 0x77, 0xd1, 0x7e, 0x6e, 0x60, 0x7b, 0x67, 0x6b, 0x6c, 0x70,
  0x7a, 0x7a, 0x75, 0x51, 0xc3, 0xc3, 0xdb, 0xc4, 0xf3, 0xf8, 0xf9, 0xe7,
  0xe0, 0xe6, 0xf3, 0xf3, 0xf6, 0xc0, 0xf7, 0xcd, 0xdf, 0xd8, 0x5b, 0x76,
  0x7d, 0x5b, 0x5d, 0x4a, 0x43, 0x50, 0x4b, 0x70, 0x5f, 0xc4, 0xd0, 0x4a,
  0x40, 0xda, 0xd9, 0xd1, 0xd9, 0xc1, 0xf3, 0xf7, 0xc9, 0xf4, 0xff, 0xfb,
  0xc8, 0xf7, 0xe1, 0xe0, 0xe4, 0xf4, 0xf4, 0xca, 0xf4, 0xf5, 0x53, 0xc4,
  0xcb, 0xc6, 0xc7, 0x4d, 0x77, 0x7f, 0x76, 0x5a, 0x42, 0x58, 0x4a, 0x76,
  0x77, 0x7d, 0x7c, 0x4a, 0x54, 0x4e, 0x61, 0x64, 0x7f, 0x70, 0x71, 0x74,
  0x54, 0x4f, 0x7a, 0x61, 0x79, 0x70, 0x7b, 0x75, 0x59, 0x5e, 0x4d, 0x45,
  0xd8, 0x7d, 0x17, 0x12, 0x15, 0x70, 0x76, 0x79, 0x7d, 0x63, 0x16, 0x12,
  0x10, 0x15, 0x66, 0x46, 0x5d, 0x74, 0x66, 0x6e, 0x68, 0x67, 0xc7, 0xf1,
  0xc3, 0xce, 0xf3, 0xf8, 0xc7, 0xcf, 0xe7, 0xe0, 0xfe, 0xf6, 0xed, 0xeb,
  0xe7, 0xfe, 0xfd, 0xf2, 0xfa, 0xfb, 0xe1, 0xe9, 0xe1, 0xd9, 0x47, 0xca,
  0xe1, 0xe4, 0xf9, 0xe5, 0xc4, 0x76, 0x79, 0xd4, 0xfb, 0xfb, 0xfb, 0xf4,
  0x5d, 0x76, 0x42, 0xc0, 0xf6, 0xff, 0xf9, 0xfd, 0xd5, 0x5d, 0xcf, 0xf6,
  0xe1, 0xed, 0xe5, 0xf5, 0xf6, 0xfc, 0xfa, 0xff, 0xe4, 0xe6, 0xe7, 0xf1,
  0xcf, 0xfe, 0xf8, 0xc4, 0xdd, 0xc1, 0xcc, 0xfb, 0xfa, 0xfd, 0xcf, 0x49,
  0x7f, 0x74, 0xc3, 0xfa, 0xf3, 0xd8, 0x64, 0x6d, 0x7a, 0x47, 0xdd, 0xd6,
  0xd6, 0x59, 0x6f, 0x66, 0x73, 0x79, 0x53, 0x56, 0x4c, 0x70, 0x74, 0xd5,
  0x65, 0x6e, 0x72, 0x59, 0xc3, 0xce, 0x71, 0x7d, 0x61, 0x67, 0xcb, 0xd4,
  0x51, 0xda, 0x44, 0xc7, 0x59, 0x7b, 0x74, 0x7c, 0x5e, 0xd4, 0xdc, 0x53,
  0x7b, 0x67, 0x62, 0x61, 0x74, 0xcd, 0xf9, 0x71, 0x6f, 0x68, 0x14, 0x60,
  0x7f, 0x53, 0xf3, 0x7d, 0x6c, 0x62, 0x6f, 0x6d, 0x6e, 0x42, 0xef, 0xd8,
  0x7b, 0x46, 0x71, 0x49, 0xd5, 0xc9, 0xfa, 0xf3, 0x5a, 0xf4, 0xe0, 0xec,
  0xe4, 0xf0, 0xe4, 0xca, 0xe6, 0xe0, 0xfa, 0xe5, 0xfd, 0xe5, 0xfa, 0xd8,
  0xca, 0xe7, 0xf6, 0xfd, 0xf0, 0xdf, 0x53, 0x4e, 0xf1, 0xf6, 0x52, 0x51,
  0xe1, 0xf7, 0x79, 0x74, 0xd7, 0xd5, 0xd0, 0xf6, 0xf0, 0xda, 0xdc, 0xc7,
  0x45, 0xf4, 0xdd, 0x77, 0xf3, 0xfe, 0xd8, 0xe4, 0xed, 0xfd, 0xd4, 0x7a,
  0x71, 0xcc, 0xce, 0xe5, 0x95, 0xf1, 0x53, 0xf2, 0x78, 0x61, 0xd3, 0xcb,
  0xe8, 0xf2, 0x44, 0xf1, 0x60, 0x40, 0xf9, 0x45, 0x72, 0x6d, 0x42, 0xcd,
  0xe0, 0xf4, 0x71, 0x41, 0x7c, 0x43, 0x4c, 0x4e, 0x58, 0x63, 0xd5, 0xfd,
  0xf0, 0xda, 0x12, 0x12, 0xfd, 0xdc, 0x7b, 0x56, 0x73, 0xc2, 0xe3, 0x51,
  0xf6, 0x62, 0x12, 0x69, 0x61, 0x9c, 0x92, 0xf0, 0x50, 0x11, 0x1d, 0x6a,
  0xe5, 0x96, 0xd0, 0xc1, 0xf7, 0x6e, 0x6e, 0x70, 0x41, 0xe6, 0xf1, 0x7f,
  0x77, 0x60, 0x47, 0xca, 0xd5, 0xed, 0xc3, 0x6f, 0xd5, 0x4c, 0x7a, 0xfc,
  0xfb, 0xfa, 0xc4, 0x73, 0x49, 0x50, 0x71, 0xd9, 0xe7, 0x51, 0x70, 0x48,
  0xe9, 0xe0, 0x78, 0x76, 0xd5, 0x72, 0xd1, 0xcb, 0xdd, 0xf8, 0xe7, 0xc4,
  0x45, 0x6a, 0x6b, 0xd4, 0xd2, 0xfe, 0xed, 0xff, 0x78, 0x7b, 0x65, 0x62,
  0x5a, 0xdb, 0xfe, 0xe2, 0xdc, 0x5a, 0xdc, 0x79, 0x70, 0xc7, 0x75, 0xf2,
  0xe0, 0xe1, 0xe3, 0x67, 0x72, 0x44, 0x50, 0xe3, 0xfa, 0x91, 0xe5, 0x61,
  0xd7, 0x77, 0xe7, 0xe5, 0xfa, 0xea, 0x67, 0x71, 0xeb, 0xf5, 0x40, 0xe9,
  0xe2, 0xd7, 0x13, 0x6b, 0xcd, 0xc5, 0xe8, 0xeb, 0x90, 0x45, 0x1a, 0x14,
  0x72, 0x10, 0xf1, 0x86, 0xea, 0x7d, 0x7f, 0x6e, 0x12, 0x15, 0xfc, 0xec,
  0xe6, 0x95, 0xc2, 0x65, 0x12, 0x1d, 0x7f, 0xe4, 0xe9, 0xe4, 0xed, 0x7d,
  0x14, 0x13, 0x14, 0xe7, 0xc3, 0xf4, 0x9d, 0xeb, 0x63, 0x15, 0x78, 0x11,
  0x7c, 0x94, 0xd3, 0xf6, 0x94, 0x94, 0xf3, 0x04, 0x1e, 0x69, 0x7d, 0x9b,
  0x97, 0xdc, 0xd6, 0x16, 0x17, 0x75, 0xe4, 0xfa, 0x15, 0x49, 0xd9, 0xe6,
  0xe5, 0x62, 0xd2, 0x17, 0x11, 0xec, 0xea, 0x97, 0xe6, 0x14, 0x6f, 0x69,
  0x5b, 0x94, 0x95, 0xec, 0x6e, 0x63, 0x7c, 0x40, 0xf1, 0xc9, 0xe5, 0xc4,
  0x40, 0x50, 0x4e, 0xe5, 0x7b, 0x65, 0xec, 0x57, 0xd8, 0xe4, 0x55, 0x7a,
  0x7b, 0x49, 0xfc, 0xf4, 0xf0, 0x73, 0x59, 0x53, 0x57, 0xff, 0x6e, 0x64,
  0xf2, 0xe2, 0x90, 0xff, 0x73, 0x74, 0x61, 0x6b, 0xd0, 0xed, 0xe5, 0xe9,
  0xff, 0xf9, 0x78, 0x16, 0x7d, 0x71, 0x55, 0xe9, 0xe6, 0xe7, 0xf5, 0x61,
  0x61, 0x59, 0x16, 0x72, 0x91, 0xf7, 0xe3, 0x95, 0x15, 0x77, 0x54, 0x6f,
  0xf4, 0x77, 0xe4, 0xea, 0x5f, 0xe8, 0x7e, 0x15, 0xf3, 0xd4, 0xc5, 0x46,
  0xc6, 0xe3, 0x63, 0xe5, 0xe7, 0x1e, 0xd3, 0xf3, 0x5d, 0xe3, 0x71, 0x53,
  0xf8, 0x6d, 0x74, 0x49, 0x58, 0x4c, 0x75, 0xcb, 0xe0, 0xe8, 0x67, 0x6f,
  0x7d, 0x64, 0xf7, 0x46, 0xec, 0xfa, 0x68, 0xf3, 0xf7, 0x43, 0x77, 0x15,
  0x72, 0xe5, 0x94, 0xff, 0x63, 0x5d, 0x64, 0x71, 0xe9, 0x50, 0x73, 0x65,
  0xef, 0x95, 0x4e, 0x40, 0x62, 0x1d, 0x65, 0x95, 0x92, 0x91, 0xd6, 0x66,
  0x67, 0x11, 0x1f, 0xc8, 0x90, 0x94, 0xeb, 0x52, 0x63, 0x10, 0x16, 0xd2,
  0xf3, 0x97, 0x96, 0xde, 0x6f, 0x15, 0xd8, 0x69, 0xe5, 0x93, 0x76, 0x97,
  0xe2, 0x14, 0x60, 0x6d, 0xf6, 0xf9, 0x56, 0xe8, 0xf0, 0x70, 0xe5, 0x7b,
  0x1d, 0xe1, 0x4a, 0x7b, 0x9d, 0xe7, 0xf2, 0xdf, 0x14, 0x6e, 0x14, 0x5e,
  0x91, 0x5a, 0x93, 0x95, 0x11, 0x60, 0x13, 0x74, 0xd4, 0x47, 0x87, 0xf8,
  0x15, 0xd3, 0xf1, 0x53, 0x13, 0x64, 0xe6, 0x4e, 0xed, 0xe2, 0x45, 0x41,
  0x60, 0x64, 0xed, 0x75, 0x5b, 0x95, 0x64, 0xf8, 0xcf, 0x62, 0xe7, 0x67,
  0x75, 0xca, 0xe3, 0xea, 0x78, 0x6e, 0xca, 0xfc, 0x66, 0xd7, 0x41, 0xc1,
  0x64, 0x55, 0x87, 0x58, 0x14, 0x6a, 0x17, 0xdb, 0x7b, 0xe3, 0x84, 0xc6,
  0x68, 0x6b, 0x69, 0xe3, 0x68, 0x62, 0x86, 0xf2, 0x44, 0x95, 0x62, 0x1d,
  0x15, 0xc9, 0xeb, 0x5a, 0xe0, 0x9e, 0xd7, 0x62, 0x12, 0x69, 0xe8, 0x45,
  0xe3, 0x93, 0xd9, 0x42, 0x11, 0x4e, 0x47, 0x63, 0xf9, 0xfc, 0x97, 0xeb,
  0x72, 0xcf, 0x7a, 0x19, 0x11, 0x61, 0x99, 0x84, 0x90, 0xf3, 0x11, 0x05,
  0x03, 0x60, 0x86, 0xec, 0x94, 0x86, 0x51, 0x18, 0x1b, 0x12, 0x71, 0xe8,
  0xe6, 0x9f, 0x9e, 0x6f, 0x17, 0x77, 0x15, 0x13, 0xcd, 0x95, 0x97, 0x90,
  0x57, 0x50, 0x6a, 0x02, 0x43, 0xeb, 0xee, 0x90, 0xe1, 0x9f, 0xda, 0x0c,
  0x12, 0x74, 0x66, 0x9d, 0x94, 0x98, 0x84, 0x19, 0x69, 0x6f, 0x0a, 0x69,
  0x87, 0x86, 0x81, 0xff, 0x14, 0x12, 0x0d, 0x05, 0xea, 0x9a, 0x9d, 0xea,
  0x90, 0x6e, 0x01, 0x11, 0x73, 0xe3, 0xe0, 0x94, 0xfe, 0xc6, 0x77, 0x52,
  0xd2, 0x10, 0x7b, 0xcf, 0xed, 0x94, 0x4c, 0xc2, 0xf1, 0x1e, 0x14, 0xce,
  0xe1, 0x93, 0xf2, 0xd4, 0x17, 0x12, 0xf6, 0x5e, 0x93, 0xea, 0x6a, 0x70,
  0x72, 0x79, 0x71, 0x7e, 0x91, 0x91, 0x7b, 0xfd, 0x60, 0x19, 0x5a, 0x64,
  0xee, 0xe6, 0x61, 0x85, 0xe3, 0x67, 0x7f, 0x1f, 0x6e, 0x64, 0xe0, 0x99,
  0x94, 0xe9, 0x69, 0x18, 0x68, 0x6a, 0x46, 0x87, 0x9e, 0xc3, 0x79, 0x6c,
  0x7e, 0x14, 0xf9, 0xfa, 0x60, 0xfa, 0xf5, 0xe7, 0x9c, 0xf2, 0x12, 0x1d,
  0x13, 0x53, 0x85, 0x83, 0xe0, 0x17, 0x14, 0x68, 0x10, 0x1a, 0x9f, 0x85,
  0x97, 0x9b, 0x70, 0x19, 0x1a, 0x19, 0x42, 0x96, 0x90, 0x84, 0x98, 0x7e,
  0x18, 0x18, 0x69, 0x10, 0xf7, 0x84, 0x91, 0x84, 0xe6, 0x16, 0x13, 0x0e,
  0x6b, 0xcf, 0xe1, 0x82, 0xe3, 0xe9, 0xe2, 0x04, 0x07, 0x16, 0xed, 0xe3,
  0x96, 0xea, 0x71, 0xfa, 0x5c, 0xc9, 0x56, 0x18, 0x6d, 0xe5, 0xe8, 0x99,
  0xe2, 0x62, 0x6d, 0x1d, 0x6a, 0x96, 0x99, 0x94, 0xe5, 0x6b, 0x1d, 0x17,
  0x74, 0xfd, 0xe0, 0x85, 0x95, 0x5b, 0x13, 0x05, 0x6a, 0x7b, 0x90, 0x87,
  0xed, 0x67, 0x73, 0x6a, 0x6d, 0xf3, 0xc3, 0x58, 0x72, 0xcd, 0x54, 0x67,
  0xff, 0x9d, 0xe6, 0x7e, 0x12, 0x11, 0x6f, 0xf6, 0x9c, 0xea, 0x96, 0xc5,
  0x12, 0x11, 0x15, 0x71, 0xcc, 0x92, 0x87, 0xe6, 0x15, 0x12, 0x14, 0xf7,
  0xe4, 0x59, 0xd9, 0xe7, 0x94, 0xf9, 0x68, 0x62, 0x65, 0xfc, 0x91, 0xc6,
  0x7c, 0x43, 0x17, 0x52, 0x91, 0xe7, 0xe7, 0x5d, 0x6e, 0x1c, 0x17, 0xf5,
  0x9b, 0x9e, 0xe7, 0x49, 0x04, 0x10, 0x61, 0x15, 0xe8, 0x9e, 0x87, 0x81,
  0x63, 0x01, 0x00, 0x04, 0x41, 0xe8, 0x82, 0x80, 0x97, 0xd5, 0x07, 0x0e,
  0x07, 0xe1, 0x86, 0x81, 0x92, 0x60, 0x1c, 0x11, 0x62, 0x42, 0xff, 0x94,
  0xe3, 0x63, 0x60, 0x72, 0x50, 0xee, 0xf4, 0x7b, 0x42, 0x6c, 0x68, 0xda,
  0xe8, 0x96, 0xe2, 0x7a, 0x68, 0x6a, 0x12, 0x67, 0x95, 0x96, 0xea, 0xe1,
  0x4e, 0x71, 0x1e, 0x1b, 0x59, 0xe8, 0x97, 0x9e, 0xf8, 0x14, 0x73, 0x68,
  0x6e, 0x67, 0x4d, 0x96, 0x95, 0xe4, 0xd6, 0x53, 0x47, 0x6c, 0x7f, 0xd1,
  0x7d, 0xc1, 0x56, 0x97, 0x93, 0x65, 0x63, 0x16, 0x15, 0xe7, 0xcf, 0xdc,
  0x95, 0xdb, 0xf4, 0xf9, 0x41, 0x59, 0x11, 0x66, 0xd5, 0xf1, 0x90, 0xf7,
  0xc7, 0xf5, 0x6f, 0x63, 0x69, 0x7b, 0xfb, 0x94, 0x9d, 0xe8, 0x49, 0x1d,
  0x19, 0x69, 0xfa, 0x9d, 0x9b, 0x90, 0xf7, 0x66, 0x15, 0x65, 0x66, 0x67,
  0x97, 0x97, 0x93, 0x9f, 0xd6, 0xd2, 0x66, 0x6c, 0x41, 0x42, 0x56, 0xed,
  0x9b, 0x96, 0x97, 0xdd, 0x19, 0x1d, 0x15, 0xc0, 0x9e, 0x90, 0xec, 0x6c,
  0x17, 0x6a, 0x1f, 0x67, 0xf5, 0xef, 0xfa, 0x44, 0x67, 0x15, 0x6c, 0x6a,
  0x67, 0x51, 0xdc, 0xd8, 0xcf, 0x50, 0x61, 0x13, 0x17, 0x61, 0x40, 0xf2,
  0x73, 0x69, 0x6c, 0x16, 0x68, 0x64, 0x62, 0x7e, 0x6d, 0x6b, 0x15, 0x6b,
  0x43, 0x4f, 0x65, 0x7d, 0x6b, 0x17, 0x67, 0x4b, 0xd5, 0xe4, 0xec, 0xf2,
  0xd8, 0x43, 0x65, 0x60, 0xd4, 0x97, 0x93, 0x99, 0x93, 0xe8, 0x94, 0x95,
  0xcf, 0xfe, 0x97, 0x9c, 0x87, 0x9a, 0x9c, 0x93, 0x95, 0xe5, 0xe7, 0xec,
  0xe4, 0x92, 0x84, 0x98, 0x99, 0x91, 0xcd, 0x74, 0xc7, 0xc4, 0xfa, 0x9f,
  0x9c, 0x90, 0x90, 0xe2, 0xf2, 0xe7, 0xf7, 0xf2, 0xc2, 0xe5, 0x9c, 0x96,
  0xeb, 0xeb, 0xd7, 0x4f, 0x73, 0x17, 0xdb, 0xe3, 0xe8, 0xee, 0x65, 0x64,
  0x1d, 0x05, 0x10, 0x6f, 0x64, 0x73, 0x75, 0x11, 0x02, 0x37, 0x32, 0x32,
  0x37, 0x0c, 0x19, 0x1e, 0x03, 0x36, 0x3f, 0x3c, 0x32, 0x36, 0x00, 0x17,
  0x7d, 0x75, 0x15, 0x1b, 0x06, 0x00, 0x6f, 0x91, 0x83, 0xb5, 0x88, 0x89,
  0x8d, 0x99, 0x9d, 0x87, 0x8d, 0x88, 0xb5, 0xb4, 0xb4, 0x8f, 0x80, 0x85,
  0x9f, 0x9e, 0x9e, 0x9e, 0xeb, 0xf6, 0x5c, 0x64, 0x75, 0x48, 0x63, 0x61,
  0x11, 0x1e, 0x14, 0x67, 0x57, 0xfc, 0xe1, 0xf9, 0x44, 0x64, 0x7d, 0xc8,
  0xe0, 0x94, 0x9b, 0x85, 0x9e, 0x91, 0xf6, 0xc9, 0xe5, 0x97, 0x9c, 0x99,
  0x9a, 0x9d, 0xe1, 0xf9, 0xc4, 0xc1, 0xe3, 0xe9, 0x93, 0x9f, 0x92, 0xe6,
  0x47, 0x7e, 0x6a, 0x5e, 0xea, 0x97, 0x97, 0xe6, 0xc0, 0xe1, 0xc7, 0x4d,
  0x42, 0x60, 0x67, 0x42, 0xc3, 0xf3, 0xd9, 0x7c, 0x6a, 0x15, 0x1e, 0x09,
  0x36, 0x33, 0x33, 0x37, 0x0e, 0x04, 0x1a, 0x09, 0x32, 0x39, 0x3f, 0x3d,
  0x30, 0x03, 0x71, 0xe7, 0x4e, 0x13, 0x05, 0x06, 0x06, 0x63, 0x84, 0x8a,
  0xb5, 0x8a, 0x8b, 0x82, 0x85, 0x9b, 0x80, 0x8e, 0x8b, 0x8a, 0xb4, 0xb7,
  0x8e, 0x87, 0x9c, 0xec, 0xe8, 0x95, 0x95, 0x92, 0xe9, 0x5b, 0x62, 0x16,
  0x12, 0x1e, 0x1e, 0x14, 0x67, 0x6d, 0x6e, 0x67, 0x4c, 0x72, 0x72, 0xcf,
  0xe2, 0xfa, 0xdf, 0xec, 0x91, 0x9d, 0x90, 0x91, 0x9d, 0x96, 0xe2, 0xeb,
  0x91, 0x97, 0x9c, 0x98, 0x9b, 0x91, 0xe7, 0xfb, 0xfa, 0xe4, 0xe2, 0x91,
  0x91, 0x95, 0xe1, 0xe4, 0xf1, 0x40, 0xd5, 0xe6, 0x95, 0x95, 0xea, 0xef,
  0xed, 0xe0, 0xe5, 0xee, 0xeb, 0xe2, 0xe5, 0xf6, 0xcf, 0xf2, 0xc6, 0x45,
  0x59, 0x61, 0x68, 0x05, 0x0a, 0x31, 0x33, 0x30, 0x34, 0x0e, 0x01, 0x00,
  0x37, 0x3c, 0x3e, 0x3c, 0x33, 0x35, 0x05, 0x74, 0xf2, 0x6c, 0x11, 0x17,
  0x19, 0x1e, 0xc6, 0x80, 0xb4, 0xb5, 0x89, 0x8b, 0x8c, 0x86, 0x84, 0x80,
  0x88, 0x89, 0x8e, 0x88, 0x89, 0x80, 0x93, 0xef, 0x94, 0xef, 0xf5, 0x79,
  0x61, 0x7c, 0x69, 0x11, 0x10, 0x1d, 0x05, 0x02, 0x00, 0x12, 0x14, 0x17,
  0x60, 0xdb, 0xf5, 0x52, 0xc1, 0xeb, 0x91, 0x96, 0x9c, 0x86, 0x83, 0x87,
  0x85, 0x85, 0x99, 0x92, 0x92, 0x85, 0x84, 0x9c, 0x90, 0x90, 0xee, 0xe4,
  0xf6, 0xf5, 0xc2, 0xda, 0xc6, 0xcb, 0xd3, 0x5e, 0x44, 0x58, 0xd2, 0xc2,
  0xd2, 0xd5, 0xc5, 0xfc, 0xe6, 0xe2, 0xed, 0xe2, 0xe2, 0xe2, 0xe3, 0xee,
  0xe9, 0x95, 0x96, 0xea, 0xe1, 0xf3, 0xd7, 0x77, 0x62, 0x6c, 0x13, 0x0e,
  0x31, 0x33, 0x31, 0x37, 0x0a, 0x02, 0x01, 0x34, 0x3c, 0x3f, 0x32, 0x31,
  0x37, 0x01, 0x5c, 0xe4, 0x70, 0x69, 0x66, 0x64, 0x68, 0xe4, 0x8f, 0xb6,
  0xb7, 0x89, 0x8b, 0x8a, 0x8f, 0x81, 0x83, 0x8e, 0x8d, 0x84, 0x87, 0x82,
  0x81, 0x97, 0xfd, 0xe0, 0xe2, 0x65, 0x1d, 0x10, 0x6e, 0x69, 0x10, 0x10,
  0x12, 0x06, 0x09, 0x0c, 0x18, 0x6a, 0x6a, 0x6d, 0xd4, 0xf9, 0xd3, 0x51,
  0xe2, 0x91, 0x9d, 0x98, 0x82, 0x8e, 0x80, 0x99, 0x9f, 0x85, 0x9b, 0x92,
  0x9f, 0x98, 0x90, 0xe0, 0xe5, 0xe3, 0xfa, 0x5c, 0x4c, 0x5c, 0x74, 0x60,
  0x69, 0x6f, 0x67, 0x7c, 0x44, 0x5b, 0x4a, 0x43, 0x5e, 0xde, 0xc1, 0xf8,
  0xed, 0xe3, 0xe3, 0xea, 0x90, 0x90, 0x96, 0x90, 0x9d, 0x93, 0x91, 0x96,
  0x96, 0xef, 0xe2, 0xe3, 0xfa, 0xd1, 0x67, 0x13, 0x0d, 0x36, 0x30, 0x36,
  0x34, 0x08, 0x02, 0x06, 0x0a, 0x32, 0x3c, 0x33, 0x37, 0x34, 0x03, 0x65,
  0xf4, 0x61, 0x16, 0x7b, 0xcc, 0x5d, 0xe4, 0x80, 0xb7, 0xb5, 0x82, 0x8f,
  0xb4, 0xb4, 0x8c, 0x80, 0x8e, 0x8f, 0x85, 0x9d, 0x86, 0x8c, 0x85, 0xe1,
  0xfa, 0xef, 0x43, 0x05, 0x04, 0x15, 0x67, 0x16, 0x1c, 0x16, 0x1c, 0x0d,
  0x09, 0x04, 0x68, 0x6e, 0x6b, 0x4e, 0xe6, 0xe5, 0x44, 0xf5, 0xea, 0x90,
  0x92, 0x9b, 0x80, 0x81, 0x9a, 0x9f, 0x9a, 0x84, 0x98, 0x96, 0x95, 0xe9,
  0xef, 0xe6, 0xe7, 0xe4, 0xd2, 0x7a, 0x6c, 0x6d, 0x6f, 0x68, 0x6f, 0x60,
  0x67, 0x61, 0x60, 0x66, 0x60, 0x67, 0xd6, 0xfa, 0xfb, 0xc1, 0xce, 0xe1,
  0xef, 0xec, 0xea, 0x90, 0x90, 0x94, 0x96, 0x92, 0x9d, 0x92, 0x90, 0x9f,
  0x9d, 0x94, 0xe8, 0xe7, 0xc5, 0x4e, 0x60, 0x19, 0x0b, 0x33, 0x33, 0x37,
  0x0a, 0x09, 0x02, 0x0d, 0x37, 0x3c, 0x3f, 0x31, 0x34, 0x35, 0x03, 0x7e,
  0xe2, 0x41, 0x14, 0x70, 0xe0, 0xe2, 0xeb, 0x80, 0xb7, 0xb5, 0x8d, 0x8f,
  0xb7, 0xb1, 0x8f, 0x84, 0x80, 0x82, 0x85, 0x90, 0x84, 0x8c, 0x87, 0xfa,
  0x4a, 0xdb, 0x6d, 0x01, 0x02, 0x16, 0xd1, 0x69, 0x04, 0x1a, 0x1f, 0x00,
  0x08, 0x01, 0x61, 0x43, 0x6d, 0x65, 0xee, 0x94, 0xcd, 0xc4, 0x96, 0x84,
  0x98, 0x9f, 0x87, 0x83, 0x80, 0x84, 0x86, 0x86, 0x9e, 0xef, 0xf1, 0xe4,
  0xe2, 0xed, 0xe2, 0xfe, 0xda, 0x64, 0x17, 0x1d, 0x1d, 0x11, 0x14, 0x69,
  0x60, 0x67, 0x6d, 0x68, 0x62, 0x70, 0xdc, 0xf2, 0xe4, 0xec, 0xe2, 0xe9,
  0x91, 0x92, 0x93, 0x96, 0x91, 0x90, 0x96, 0xea, 0x97, 0x9c, 0x9f, 0x9d,
  0x96, 0x95, 0xe3, 0xd9, 0x5f, 0xc3, 0xf4, 0x5e, 0x66, 0x6a, 0x1a, 0x0a,
  0x32, 0x3d, 0x36, 0x35, 0x0b, 0x0c, 0x02, 0x35, 0x3d, 0x3f, 0x37, 0x0d,
  0x02, 0x07, 0x44, 0x92, 0xe2, 0x78, 0xf0, 0x85, 0x87, 0x9f, 0x81, 0xb7,
  0xb1, 0x88, 0x8f, 0xb4, 0xb1, 0x88, 0x85, 0x9b, 0x81, 0x84, 0x97, 0x91,
  0x86, 0x84, 0xc0, 0x1f, 0x13, 0x6b, 0x18, 0x03, 0x1a, 0x77, 0x73, 0x1a,
  0x00, 0x05, 0x05, 0x0d, 0x02, 0x16, 0xf5, 0x5e, 0x7a, 0xe7, 0x9f, 0x91,
  0xe4, 0xe2, 0x9e, 0x85, 0x98, 0x84, 0x83, 0x8d, 0x80, 0x85, 0x9d, 0x96,
  0xee, 0xe6, 0xff, 0xe5, 0xee, 0xe3, 0x45, 0x69, 0x6a, 0x6a, 0x10, 0x1f,
  0x11, 0x6f, 0x6f, 0x15, 0x69, 0x64, 0x64, 0x62, 0x60, 0x74, 0xdd, 0xf6,
  0xfe, 0xe1, 0xeb, 0x94, 0x94, 0xec, 0xec, 0xeb, 0x97, 0x94, 0x96, 0x9e,
  0x9f, 0x91, 0xe9, 0x95, 0x91, 0x96, 0xeb, 0x97, 0x90, 0x95, 0xf9, 0xc3,
  0xd0, 0x4d, 0x66, 0x6c, 0x17, 0x03, 0x31, 0x3d, 0x36, 0x0a, 0x08, 0x0b,
  0x0c, 0x02, 0x31, 0x3f, 0x3d, 0x0e, 0x05, 0x07, 0x13, 0xe8, 0x9f, 0xdc,
  0x68, 0xe8, 0x80, 0x81, 0x99, 0x82, 0xb6, 0xb7, 0x8c, 0x82, 0xb4, 0xb7,
  0x81, 0x95, 0x9d, 0x81, 0x84, 0x91, 0x92, 0x84, 0x93, 0x68, 0x04, 0x10,
  0x60, 0x12, 0x04, 0x11, 0x4c, 0x14, 0x02, 0x0c, 0x05, 0x1e, 0x07, 0x05,
  0x67, 0xf4, 0x53, 0x73, 0xf1, 0xea, 0xeb, 0xe1, 0xe8, 0x9e, 0x87, 0x81,
  0x81, 0x81, 0x86, 0x85, 0x97, 0xe6, 0xed, 0x91, 0x96, 0xed, 0xe6, 0xfb,
  0x7d, 0x12, 0x19, 0x10, 0x6a, 0x17, 0x17, 0x6f, 0x6d, 0x11, 0x1c, 0x13,
  0x14, 0x60, 0x61, 0x70, 0x5d, 0xfd, 0xe4, 0xf3, 0xf6, 0xe4, 0xe8, 0xee,
  0xe9, 0x91, 0x99, 0x99, 0x9d, 0x90, 0x90, 0x97, 0xec, 0xed, 0x95, 0x97,
  0x97, 0x94, 0xeb, 0xef, 0xf2, 0xc4, 0xdc, 0x51, 0x4b, 0x74, 0x40, 0x70,
  0x60, 0x6a, 0x62, 0x11, 0x0e, 0x33, 0x33, 0x0b, 0x03, 0x0e, 0x09, 0x04,
  0x04, 0x37, 0x3c, 0x30, 0x06, 0x1c, 0x18, 0x7a, 0x9f, 0x9f, 0x7a, 0x10,
  0xfb, 0x87, 0x86, 0x84, 0x8f, 0xb7, 0xb4, 0x8c, 0x83, 0x8f, 0x8d, 0x84,
  0x99, 0x85, 0x81, 0x87, 0x99, 0x92, 0x97, 0xc9, 0x6a, 0x19, 0x1d, 0x17,
  0x6c, 0x7a, 0x72, 0x6e, 0x05, 0x03, 0x03, 0x06, 0x18, 0x11, 0x70, 0xf6,
  0xfd, 0xcb, 0xd8, 0xc2, 0xf2, 0xec, 0x93, 0x85, 0x87, 0x84, 0x85, 0x9a,
  0x9a, 0x98, 0x91, 0xe8, 0xe9, 0xea, 0xeb, 0xe6, 0xfa, 0xf0, 0x71, 0x17,
  0x1d, 0x13, 0x15, 0x6b, 0x6b, 0x63, 0x66, 0x6e, 0x13, 0x1f, 0x13, 0x66,
  0x41, 0xcb, 0xf8, 0xe7, 0xe6, 0xf4, 0xc7, 0xfe, 0xe2, 0xe9, 0xeb, 0x94,
  0x93, 0x92, 0x97, 0xe8, 0xec, 0xef, 0xe9, 0xef, 0xee, 0xec, 0xe1, 0xf9,
  0xff, 0xf0, 0xf6, 0xc0, 0x5f, 0xd9, 0xf3, 0xca, 0x56, 0x4b, 0x4b, 0x7c,
  0x6a, 0x16, 0x69, 0x64, 0x65, 0x65, 0x6b, 0x04, 0x0a, 0x31, 0x37, 0x0e,
  0x06, 0x05, 0x1a, 0x07, 0x0c, 0x34, 0x36, 0x0b, 0x06, 0x60, 0xe6, 0xeb,
  0xee, 0xdb, 0x72, 0x54, 0xee, 0x85, 0x80, 0x8d, 0x8c, 0x8c, 0x8c, 0x80,
  0x86, 0x84, 0x9a, 0x85, 0x84, 0x87, 0x9a, 0x99, 0x9d, 0x95, 0xc8, 0x7f,
  0x63, 0x6e, 0x6d, 0x74, 0xf9, 0xf4, 0x61, 0x13, 0x1f, 0x1d, 0x12, 0x6c,
  0xd2, 0xe1, 0xec, 0xe6, 0xf2, 0xdf, 0x4b, 0xdd, 0xe0, 0x90, 0x9c, 0x9d,
  0x91, 0xe2, 0xe6, 0xf0, 0xf0, 0xf1, 0xf9, 0xe1, 0xe4, 0xca, 0x5a, 0x76,
  0x67, 0x69, 0x6f, 0x79, 0x7e, 0x7d, 0x7e, 0x7d, 0x66, 0x6d, 0x62, 0x65,
  0x7c, 0x71, 0xc1, 0xff, 0xfc, 0xc8, 0xcb, 0xc7, 0xcf, 0xfd, 0xe2, 0xea,
  0x95, 0xe9, 0xe6, 0xfc, 0xca, 0xc9, 0xc0, 0xc8, 0xfb, 0xe3, 0xfa, 0x56,
  0x76, 0x76, 0x42, 0x4f, 0x40, 0xdc, 0xf6, 0xcd, 0x55, 0x47, 0x42, 0x45,
  0x4f, 0x49, 0x4b, 0x48, 0x73, 0x78, 0x6c, 0x6f, 0x64, 0x61, 0x6b, 0x1d,
  0x19, 0x1d, 0x16, 0x13, 0x1c, 0x19, 0x1e, 0x1e, 0x18, 0x05, 0x1e, 0x14,
  0x69, 0x6d, 0x68, 0x6d, 0x6e, 0x6e, 0x79, 0xf2, 0xed, 0xe1, 0xf0, 0xf9,
  0xe7, 0xe7, 0xee, 0x97, 0x90, 0x91, 0x92, 0x90, 0x94, 0xe3, 0xe2, 0xea,
  0x95, 0x94, 0x97, 0x95, 0xe3, 0xe6, 0xe1, 0xe1, 0xfb, 0xf2, 0xf2, 0xfd,
  0xff, 0xe7, 0xe4, 0xf2, 0xdc, 0x44, 0xd1, 0xcf, 0xf0, 0xf4, 0xcd, 0xc3,
  0xc2, 0xc0, 0x53, 0x4b, 0x43, 0x51, 0xf6, 0xf7, 0x51, 0x76, 0x70, 0x73,
  0x46, 0xd6, 0xd3, 0x51, 0x5b, 0x52, 0x56, 0x55, 0x53, 0x5d, 0xd0, 0xc1,
  0xfc, 0xf6, 0x5f, 0x49, 0x59, 0xc2, 0xcb, 0xce, 0xc9, 0xd6, 0xdb, 0xc1,
  0xc1, 0xdc, 0xd2, 0xf1, 0xf6, 0xf3, 0xcb, 0xcc, 0xdd, 0x4a, 0x4d, 0xcb,
  0xf2, 0x5b, 0x4b, 0xdc, 0xf3, 0x54, 0x67, 0x7a, 0xda, 0xff, 0xdd, 0x75,
  0x5e, 0x4a, 0x44, 0x76, 0x64, 0xdd, 0xdf, 0x5e, 0x71, 0x76, 0x4c, 0x77,
  0x7e, 0x7a, 0x5c, 0x56, 0x64, 0x7f, 0x7c, 0x7d, 0x44, 0x7f, 0x6d, 0x6d,
  0x72, 0x40, 0x4e, 0x79, 0x6d, 0x68, 0x68, 0x6c, 0x6d, 0x6f, 0x65, 0x5e,
  0x76, 0x6e, 0x14, 0x6e, 0x6b, 0x6f, 0x7f, 0xdc, 0xc5, 0x5f, 0x48, 0x70,
  0x7d, 0x48, 0xd2, 0xf6, 0xfa, 0xef, 0x95, 0xf1, 0xc1, 0xf0, 0xfe, 0xe3,
  0xeb, 0x97, 0x97, 0xe3, 0xec, 0xec, 0xfa, 0xfc, 0xe0, 0x94, 0xea, 0xef,
  0xe1, 0xfd, 0xfd, 0xcd, 0xc0, 0xcd, 0xc8, 0xe5, 0xe3, 0xcf, 0x53, 0x4b,
  0x41, 0xd1, 0x4b, 0x4d, 0xc0, 0xcc, 0xc0, 0x72, 0x7a, 0x44, 0x45, 0x5e,
  0x76, 0x4a, 0xf4, 0xcc, 0x74, 0x7b, 0xc1, 0xc8, 0x4d, 0x5c, 0xc9, 0xfd,
  0xc2, 0x58, 0xc9, 0xc5, 0x4a, 0xf2, 0xfd, 0xe6, 0xd3, 0x44, 0xf5, 0xfa,
  0xde, 0x75, 0xdf, 0xfa, 0xe4, 0xc9, 0x45, 0xd8, 0xca, 0x47, 0x55, 0xdf,
  0xc0, 0x5e, 0x46, 0x43, 0x7f, 0x76, 0x49, 0xd9, 0x78, 0x7e, 0x5e, 0x43,
  0x7f, 0x65, 0x7e, 0x5b, 0x53, 0x42, 0x67, 0x78, 0xd1, 0x5a, 0x71, 0x79,
  0x4a, 0xf7, 0x42, 0x7d, 0x74, 0x47, 0xdf, 0xc2, 0x67, 0x7a, 0xc7, 0xc8,
  0x4b, 0x6e, 0x75, 0xeb, 0xc3, 0x68, 0x61, 0xdb, 0xf3, 0x71, 0x70, 0xc4,
  0xdf, 0x7b, 0x63, 0x59, 0xde, 0x56, 0x7c, 0x71, 0xf4, 0xd9, 0x65, 0x64,
  0x70, 0xc2, 0xcf, 0x52, 0x5e, 0x57, 0x45, 0x59, 0xd9, 0xc3, 0xda, 0xdd,
  0xd0, 0xf5, 0xf3, 0xc6, 0x5b, 0xd4, 0xe5, 0xe1, 0xc0, 0x58, 0xcc, 0xe3,
  0xf0, 0xc2, 0xfc, 0xf8, 0xc8, 0xd0, 0xf6, 0xf9, 0xe5, 0xf3, 0xc6, 0xd2,
  0xd3, 0xf9, 0xda, 0x75, 0x55, 0xed, 0xe3, 0x5a, 0x73, 0xc5, 0x5a, 0xd2,
  0xca, 0xf2, 0xc6, 0x50, 0xd7, 0x54, 0xdf, 0x75, 0x74, 0xd3, 0xf5, 0xe6,
  0xcd, 0x63, 0x77, 0xc2, 0x56, 0xd2, 0x56, 0xf6, 0xc0, 0x71, 0x77, 0xf1,
  0xda, 0x62, 0x51, 0xe0, 0xff, 0x79, 0x70, 0xde, 0xce, 0xd6, 0x46, 0x46,
  0xfa, 0xcd, 0x7f, 0x4e, 0xd3, 0xcf, 0x4b, 0x61, 0xd2, 0xf2, 0xc0, 0x7e,
  0x60, 0x41, 0xd9, 0x59, 0x41, 0x6d, 0xd0, 0xf5, 0x48, 0x4b, 0x4e, 0x40,
  0x7c, 0x76, 0xdf, 0x5c, 0xd7, 0x53, 0x7e, 0x4d, 0x57, 0xd8, 0x5a, 0xd2,
  0xc1, 0x50, 0xc8, 0xde, 0x71, 0xc8, 0x55, 0xcc, 0xdd, 0xfd, 0xca, 0x79,
  0x49, 0xce, 0xd6, 0xdf, 0x73, 0x51, 0xcf, 0xc3, 0x4d, 0x76, 0x45, 0x4d,
  0x5e, 0xfc, 0x4f, 0x48, 0x45, 0xd8, 0x5c, 0x5d, 0x42, 0x59, 0x40, 0xdb,
  0x4d, 0x53, 0xc2, 0x56, 0x7d, 0x4a, 0xf6, 0xff, 0x4b, 0x4b, 0x59, 0xc1,
  0xf6, 0xc9, 0x53, 0x4c, 0xde, 0xc1, 0x5d, 0xdb, 0xdb, 0x41, 0xf1, 0xf6,
  0xcc, 0xd3, 0x58, 0x43, 0x4e, 0xf0, 0xe1, 0xf4, 0x76, 0x4a, 0xf4, 0xf5,
  0x5d, 0x59, 0x58, 0xf9, 0xf8, 0xc0, 0x45, 0x7f, 0x58, 0xf5, 0xdc, 0x5c,
  0x53, 0xe7, 0xd2, 0x47, 0x7c, 0xc6, 0xc0, 0xd2, 0x72, 0xce, 0xe7, 0xfd,
  0x66, 0x60, 0xf2, 0xfe, 0xf8, 0x6c, 0x73, 0xe0, 0xe9, 0x72, 0x14, 0x71,
  0xe3, 0xe7, 0xf7, 0x77, 0x70, 0xf5, 0xf0, 0xd4, 0x7b, 0x58, 0xfa, 0xf3,
  0xd3, 0x4a, 0x5c, 0x75, 0xcd, 0x42, 0xe0, 0xd1, 0x71, 0x47, 0x53, 0x74,
  0x4e, 0xe0, 0xc5, 0x62, 0x45, 0xe6, 0xc0, 0x62, 0x69, 0xdd, 0xfc, 0xdb,
  0xc2, 0x56, 0x66, 0x17, 0xff, 0xe8, 0xdd, 0x12, 0x60, 0xeb, 0x94, 0x65,
  0x14, 0x70, 0xfb, 0xd2, 0x42, 0xf1, 0xdc, 0x44, 0x46, 0x47, 0xe6, 0x4e,
  0x64, 0x7a, 0xfa, 0x94, 0xc0, 0x6d, 0x7c, 0x67, 0xe6, 0xe2, 0x46, 0x70,
  0xd5, 0xf2, 0xdc, 0x49, 0x48, 0x5d, 0x75, 0xff, 0xfa, 0xf4, 0x61, 0x63,
  0x75, 0xe2, 0xc2, 0xd4, 0x5c, 0x70, 0x57, 0xfb, 0xdd, 0x7d, 0x7b, 0xc1,
  0xe1, 0xdb, 0x73, 0x7b, 0x49, 0xd0, 0xc6, 0xff, 0xcc, 0x69, 0x7c, 0x5d,
  0xe4, 0xfa, 0x42, 0x62, 0x42, 0xff, 0xec, 0x5f, 0x41, 0x60, 0xdb, 0xec,
  0xe0, 0x64, 0x62, 0xf7, 0xfa, 0xd5, 0xe5, 0xc3, 0x6d, 0x79, 0xc3, 0xe6,
  0xdb, 0x77, 0x47, 0xf4, 0x5c, 0xdd, 0xd8, 0x53, 0x66, 0x59, 0xe7, 0xe1,
  0x70, 0x6d, 0xd0, 0xf0, 0xf5, 0x70, 0xc3, 0xd5, 0x51, 0xcb, 0xdd, 0x74,
  0xf7, 0xdf, 0xf9, 0x58, 0x64, 0xc2, 0xfe, 0xf3, 0xcc, 0x60, 0x5e, 0xf0,
  0xc3, 0x57, 0x7e, 0x65, 0xf8, 0xfc, 0x58, 0x17, 0xf5, 0xe1, 0x63, 0x15,
  0xf6, 0x94, 0x5d, 0x6f, 0x6d, 0xc6, 0xe8, 0x45, 0x6f, 0x70, 0x40, 0xe2,
  0xc5, 0x61, 0x7b, 0x71, 0xef, 0xc2, 0x4f, 0x56, 0x4b, 0xf5, 0xdd, 0x50,
  0xf3, 0x50, 0xde, 0x54, 0xf7, 0xf2, 0x78, 0xc4, 0xf4, 0x65, 0xf8, 0xfa,
  0xe6, 0x75, 0x62, 0xf3, 0xee, 0x4f, 0x69, 0x64, 0x95, 0xe5, 0x67, 0x73,
  0x7d, 0x50, 0xcd, 0xfd, 0x7c, 0x57, 0xc3, 0xd6, 0xca, 0xc6, 0x5a, 0x65,
  0x61, 0xe3, 0x95, 0xf2, 0x17, 0x6b, 0xef, 0xe4, 0x4d, 0x4f, 0x47, 0xcd,
  0xe5, 0xcb, 0x75, 0x63, 0x52, 0x5e, 0xc0, 0x97, 0xd3, 0x68, 0x79, 0x41,
  0xe7, 0x51, 0x78, 0xf1, 0xf5, 0xc2, 0xc7, 0xde, 0x7c, 0x6c, 0x50, 0xe1,
  0xee, 0xf1, 0x67, 0x72, 0xd0, 0xcd, 0xe0, 0x74, 0x74, 0xff, 0xcd, 0xc2,
  0x40, 0x72, 0x4e, 0x45, 0xe4, 0xe7, 0xd4, 0x64, 0x4a, 0xf7, 0xca, 0xc6,
  0x4b, 0xc3, 0xc1, 0xd1, 0x71, 0x43, 0xc4, 0x47, 0x7e, 0x41, 0xe7, 0xc5,
  0x7b, 0x6b, 0x77, 0xef, 0xf5, 0x61, 0x76, 0xda, 0xed, 0x71, 0x60, 0xde,
  0xe0, 0x5f, 0x6d, 0xfc, 0xf8, 0xcd, 0x4a, 0x5d, 0xc6, 0x5c, 0x55, 0xfe,
  0x76, 0x7f, 0xfb, 0xea, 0x52, 0x60, 0x4b, 0xef, 0xf6, 0x4c, 0x63, 0x54,
  0xea, 0xc4, 0x63, 0x7a, 0xcf, 0xf1, 0x5f, 0x76, 0x60, 0x5c, 0xf8, 0x5b,
  0x71, 0x58, 0xce, 0x75, 0x70, 0x57, 0x45, 0xd0, 0x51, 0x71, 0xc5, 0xcc,
  0xdb, 0x7a, 0x70, 0x46, 0xfa, 0xe6, 0x52, 0x61, 0x48, 0xf9, 0xd3, 0x76,
  0xd5, 0xd9, 0x58, 0xc7, 0xdf, 0xc3, 0x76, 0xd3, 0xe6, 0xfa, 0xd8, 0x54,
  0x48, 0xdd, 0x53, 0xf2, 0xee, 0x5f, 0x75, 0xd9, 0xc6, 0xcd, 0xda, 0xd2,
  0xd0, 0xd0, 0xf9, 0xc8, 0x59, 0x6c, 0x74, 0xd5, 0xe6, 0xec, 0xdc, 0x68,
  0x71, 0xe1, 0xf3, 0x5f, 0x4b, 0x56, 0xcc, 0xd9, 0xf6, 0xf3, 0x7d, 0x15,
  0xcb, 0x91, 0xe9, 0x77, 0x17, 0x77, 0xef, 0xe3, 0xe4, 0x6d, 0x6c, 0x71,
  0xec, 0xed, 0x7b, 0x14, 0x6a, 0x5a, 0x91, 0xf9, 0x62, 0x11, 0x62, 0xf1,
  0xe2, 0xdc, 0x72, 0x15, 0x66, 0xe0, 0x94, 0x5d, 0x16, 0x6e, 0xff, 0xeb,
  0xf4, 0x65, 0x6f, 0x60, 0xf7, 0xed, 0xfd, 0x72, 0x67, 0xd9, 0xea, 0xda,
  0x64, 0x4d, 0x51, 0x54, 0xe0, 0xea, 0x5a, 0x17, 0x65, 0x95, 0xfa, 0x7c,
  0x7e, 0x56, 0xf9, 0xff, 0x4a, 0x74, 0x70, 0x71, 0xd7, 0xfd, 0xf1, 0x7f,
  0x42, 0x53, 0xc9, 0xdc, 0x40, 0x47, 0x5f, 0xcf, 0x51, 0xd5, 0x4c, 0x75,
  0x59, 0x42, 0xd8, 0xc9, 0xd6, 0x59, 0x4e, 0xd1, 0xd9, 0xd4, 0x7f, 0x52,
  0xf2, 0xfe, 0x4e, 0x7a, 0x76, 0x57, 0xd6, 0xf7, 0xf6, 0xd4, 0xd2, 0xdc,
  0x42, 0x59, 0xdf, 0xd6, 0xc8, 0xcd, 0xed, 0xf8, 0x7c, 0x66, 0xcc, 0xec,
  0xc9, 0x5f, 0x5c, 0xf4, 0xc4, 0x7b, 0x40, 0x56, 0x58, 0xca, 0xfa, 0xf7,
  0xd9, 0x73, 0x78, 0x48, 0xf3, 0xff, 0xc7, 0xde, 0x54, 0xff, 0xec, 0x58,
  0x69, 0xd0, 0xfe, 0xfc, 0x5f, 0x4d, 0xd6, 0xf7, 0xd5, 0x64, 0x72, 0xd3,
  0x48, 0xdf, 0xf3, 0xd5, 0x74, 0x75, 0xc5, 0xd5, 0xc5, 0xde, 0x54, 0xda,
  0xca, 0x50, 0xdf, 0x5e, 0x6e, 0x76, 0xfc, 0xfa, 0x59, 0x62, 0x61, 0x70,
  0xd9, 0xd1, 0x4f, 0x77, 0x4e, 0xd8, 0x5e, 0x78, 0x7d, 0x70, 0x50, 0xdb,
  0xd6, 0xdd, 0x75, 0x65, 0x7f, 0x59, 0xcd, 0xf0, 0xdd, 0x5e, 0x77, 0x5b,
  0xf1, 0x55, 0x4c, 0x74, 0xd2, 0xc2, 0xf5, 0xd0, 0x73, 0x71, 0x7e, 0xc1,
  0xfc, 0x65, 0x6e, 0x69, 0x65, 0x5e, 0x5d, 0x6c, 0x6a, 0x6e, 0x78, 0x75,
  0x40, 0x7c, 0x78, 0xcc, 0x52, 0x59, 0xfd, 0xe3, 0xd6, 0xd8, 0xec, 0x92,
  0xeb, 0xf9, 0xfd, 0x97, 0x99, 0x96, 0x97, 0x92, 0x90, 0x90, 0x9d, 0x91,
  0x9b, 0x87, 0x98, 0x93, 0x90, 0x9c, 0x9c, 0x93, 0xea, 0xed, 0x97, 0x94,
  0xee, 0xe2, 0xf1, 0xfe, 0xed, 0xe9, 0xef, 0xe4, 0xf3, 0x52, 0x58, 0xf5,
  0xf2, 0xce, 0x77, 0x66, 0xd7, 0xf7, 0xdc, 0x79, 0x66, 0x71, 0x45, 0xdc,
  0x65, 0x6f, 0x61, 0x61, 0x60, 0x72, 0x7a, 0x62, 0x65, 0x67, 0x67, 0x7a,
  0x64, 0x62, 0x16, 0x07, 0x06, 0x1a, 0x13, 0x1c, 0x00, 0x0d, 0x0d, 0x00,
  0x03, 0x02, 0x02, 0x01, 0x05, 0x12, 0x16, 0x1e, 0x1e, 0x13, 0x7d, 0xf2,
  0xe3, 0x97, 0x9d, 0x9d, 0x92, 0x9d, 0x85, 0x80, 0x83, 0x80, 0x80, 0x80,
  0x82, 0x81, 0x9a, 0x9a, 0x9a, 0x84, 0x9c, 0xea, 0xe1, 0xfa, 0xe3, 0x48,
  0x17, 0x6b, 0x71, 0x55, 0x64, 0x14, 0x13, 0x6a, 0x65, 0x60, 0x6b, 0x15,
  0x73, 0xfd, 0xfd, 0xca, 0xcf, 0xf7, 0xfb, 0xe8, 0x90, 0x9f, 0x9e, 0x9e,
  0x98, 0x9f, 0x9f, 0x93, 0x93, 0x9f, 0x90, 0x95, 0xe9, 0xeb, 0x95, 0xe9,
  0xe1, 0xe0, 0xe1, 0xe5, 0xfd, 0xcd, 0xd4, 0xf6, 0xff, 0xcf, 0xdf, 0x47,
  0x59, 0x73, 0x4a, 0x50, 0xd4, 0xdf, 0xc0, 0xce, 0xca, 0xd0, 0x7d, 0x76,
  0x64, 0x79, 0x5e, 0x49, 0x64, 0x66, 0x68, 0x06, 0x34, 0x36, 0x08, 0x07,
  0x07, 0x0b, 0x37, 0x35, 0x0a, 0x37, 0x36, 0x35, 0x00, 0x11, 0x66, 0x71,
  0x61, 0x6d, 0x61, 0x5b, 0x95, 0x86, 0x8c, 0x88, 0x8e, 0x80, 0x86, 0x86,
  0x82, 0x8d, 0x83, 0x80, 0x81, 0x81, 0x9a, 0x97, 0xcb, 0x55, 0xc3, 0xcc,
  0xd0, 0x76, 0x65, 0x60, 0x17, 0x12, 0x10, 0x15, 0x17, 0x11, 0x6b, 0x64,
  0x77, 0x67, 0x65, 0x73, 0xc9, 0xee, 0x96, 0x9f, 0x9d, 0x99, 0x85, 0x99,
  0x91, 0x90, 0x9e, 0x99, 0x9c, 0x90, 0x97, 0xe4, 0x51, 0x4f, 0x70, 0x44,
  0x79, 0xdb, 0xe6, 0x12, 0x12, 0x6a, 0x19, 0x15, 0xef, 0x97, 0xd3, 0xef,
  0xce, 0x67, 0x5f, 0xe6, 0x93, 0x90, 0x95, 0x9f, 0x85, 0x97, 0xf2, 0xee,
  0xfb, 0xe2, 0x99, 0x9c, 0xff, 0xed, 0x95, 0xff, 0xcb, 0xdd, 0x41, 0x65,
  0x67, 0x16, 0x11, 0x15, 0x16, 0x05, 0x36, 0x3f, 0x33, 0x0c, 0x1e, 0x02,
  0x34, 0x0a, 0x0f, 0x0e, 0x35, 0x0b, 0x00, 0x61, 0x94, 0x9d, 0x92, 0x94,
  0xee, 0x94, 0x9e, 0x87, 0x88, 0x8a, 0x8b, 0x8c, 0x87, 0x84, 0x80, 0x81,
  0x9c, 0xf8, 0xfc, 0xea, 0xec, 0xf2, 0x7c, 0x11, 0x1c, 0x12, 0x1b, 0x18,
  0x13, 0x68, 0x66, 0x69, 0x6a, 0x6b, 0x6d, 0x6a, 0x60, 0x43, 0xe1, 0x94,
  0xef, 0xe3, 0x95, 0x96, 0x92, 0x9f, 0x9d, 0x9c, 0x99, 0x85, 0x9a, 0x90,
  0xea, 0x91, 0xea, 0xf5, 0x4d, 0x7f, 0x7a, 0x65, 0x7a, 0x63, 0x11, 0x1f,
  0x14, 0x14, 0x10, 0x6a, 0x73, 0x58, 0x40, 0x5d, 0xf4, 0xfb, 0xe3, 0xea,
  0x96, 0x93, 0x92, 0x9f, 0x9e, 0x9c, 0x9d, 0x92, 0x96, 0xeb, 0xeb, 0xe8,
  0xe1, 0xed, 0x94, 0xed, 0xf4, 0x5e, 0xd2, 0xd4, 0x4c, 0x71, 0x65, 0x14,
  0x12, 0x12, 0x16, 0x17, 0x13, 0x0d, 0x33, 0x3d, 0x0b, 0x18, 0x07, 0x0a,
  0x08, 0x1a, 0x1e, 0x02, 0x0a, 0x03, 0x62, 0xe4, 0x97, 0x9e, 0x9a, 0x98,
  0x98, 0x99, 0x85, 0x80, 0x8d, 0x8f, 0x8c, 0x86, 0x9a, 0x87, 0x80, 0x94,
  0x6d, 0x11, 0x65, 0xf0, 0xce, 0x7d, 0x60, 0x68, 0x1d, 0x19, 0x1f, 0x1c,
  0x12, 0x6a, 0x7a, 0x7f, 0x72, 0xc5, 0xff, 0xf4, 0xd9, 0xfd, 0x95, 0x92,
  0x97, 0xe1, 0xe6, 0x94, 0x9c, 0x9c, 0x90, 0x95, 0xe1, 0xe5, 0xe9, 0xea,
  0x94, 0xeb, 0xf7, 0x79, 0x65, 0x7a, 0x63, 0x6d, 0x69, 0x68, 0x60, 0x74,
  0x45, 0x77, 0x64, 0x73, 0x59, 0x52, 0x4b, 0x59, 0xf0, 0xe6, 0xea, 0x96,
  0x92, 0x93, 0x90, 0x94, 0xef, 0x95, 0x92, 0x9c, 0x94, 0xef, 0xe9, 0xe9,
  0xe9, 0xef, 0xe3, 0xfa, 0xc9, 0xcb, 0xce, 0xf4, 0xf8, 0xe3, 0xfb, 0xd7,
  0x71, 0x6d, 0x6a, 0x17, 0x04, 0x34, 0x3f, 0x3f, 0x37, 0x0d, 0x0e, 0x34,
  0x35, 0x02, 0x00, 0x09, 0x35, 0x0d, 0x11, 0xc2, 0x94, 0x98, 0x86, 0x81,
  0x82, 0x8c, 0x8c, 0x8d, 0x88, 0x8a, 0x8c, 0x84, 0x87, 0x82, 0x82, 0x92,
  0x71, 0x12, 0x1c, 0x11, 0x16, 0x1c, 0x18, 0x19, 0x1c, 0x10, 0x12, 0x18,
  0x19, 0x10, 0x62, 0x65, 0x7f, 0xff, 0x9c, 0x85, 0x98, 0x9c, 0x99, 0x99,
  0x93, 0xe9, 0xe1, 0xe3, 0x96, 0x9e, 0x93, 0xe5, 0x55, 0x51, 0x5d, 0x4e,
  0x58, 0xda, 0xc4, 0x58, 0x76, 0x47, 0xc2, 0xf6, 0x53, 0x64, 0x78, 0x5b,
  0xd2, 0xc4, 0xc0, 0xcc, 0xf1, 0xe4, 0xe2, 0xfd, 0x54, 0x5c, 0xdd, 0xcb,
  0xfd, 0xe6, 0xec, 0xeb, 0xea, 0xe2, 0xfd, 0xe7, 0xea, 0xea, 0xe4, 0xdb,
  0xf1, 0xe9, 0x96, 0x97, 0xec, 0xfa, 0xfb, 0xe5, 0xe7, 0xe6, 0xe5, 0xfb,
  0xe6, 0xe1, 0xc7, 0x7d, 0x6c, 0x68, 0x04, 0x37, 0x3f, 0x3f, 0x36, 0x0e,
  0x09, 0x34, 0x35, 0x02, 0x07, 0x0d, 0x0e, 0x01, 0x15, 0xd8, 0xed, 0x98,
  0x80, 0x8c, 0x89, 0xb5, 0x8a, 0x8e, 0x8c, 0x8f, 0x83, 0x9b, 0x9f, 0x84,
  0x87, 0x9c, 0xff, 0x6e, 0x1f, 0x05, 0x07, 0x06, 0x06, 0x07, 0x1a, 0x1d,
  0x6a, 0x62, 0x6c, 0x67, 0xd0, 0xcb, 0xd3, 0xca, 0x91, 0x84, 0x86, 0x86,
  0x81, 0x81, 0x98, 0xe8, 0xfe, 0xf5, 0x52, 0x4c, 0x59, 0x45, 0x78, 0x6d,
  0x72, 0x4a, 0x61, 0x6a, 0x6f, 0x65, 0x7d, 0x4d, 0xf1, 0xe5, 0xfa, 0xf9,
  0xe1, 0xe0, 0xf0, 0xfe, 0xfc, 0xf0, 0xf2, 0xed, 0x96, 0xee, 0xfa, 0xfc,
  0xf6, 0xd2, 0xd7, 0xdd, 0x42, 0x7a, 0x45, 0xcd, 0xf2, 0xfb, 0xee, 0xef,
  0xcf, 0x47, 0x46, 0x5f, 0xc1, 0xe6, 0xe9, 0xec, 0xef, 0x94, 0x97, 0xe8,
  0xec, 0xee, 0xe2, 0xe0, 0xe3, 0xff, 0x7d, 0x15, 0x13, 0x07, 0x34, 0x3d,
  0x3d, 0x36, 0x0a, 0x35, 0x34, 0x0e, 0x05, 0x1c, 0x18, 0x05, 0x1f, 0x6f,
  0xc0, 0x96, 0x84, 0x8d, 0x8b, 0xb4, 0xb7, 0xb4, 0x88, 0x8f, 0x82, 0x84,
  0xe9, 0xd7, 0xc3, 0xe7, 0xf5, 0x67, 0x16, 0x13, 0x1e, 0x04, 0x06, 0x00,
  0x00, 0x06, 0x1f, 0x67, 0xdb, 0xec, 0x92, 0x9e, 0x9d, 0x93, 0x9f, 0x84,
  0x87, 0x85, 0x85, 0x84, 0x86, 0x84, 0x92, 0xe6, 0x49, 0x15, 0x1d, 0x1e,
  0x18, 0x05, 0x1a, 0x1a, 0x05, 0x18, 0x15, 0x4b, 0x74, 0x7a, 0x40, 0xf1,
  0xec, 0x97, 0x90, 0x90, 0x96, 0x92, 0x99, 0x9f, 0x91, 0xe9, 0xe3, 0xfd,
  0xd0, 0x45, 0x77, 0x73, 0x7c, 0x78, 0x61, 0x62, 0x67, 0x76, 0x75, 0x71,
  0x74, 0xd7, 0xfe, 0xe9, 0xeb, 0xe2, 0xe0, 0xea, 0x97, 0xe8, 0xef, 0x96,
  0x92, 0x94, 0xec, 0xee, 0x94, 0x94, 0xea, 0xe8, 0xe4, 0xd5, 0x7a, 0x15,
  0x1e, 0x02, 0x37, 0x3c, 0x3f, 0x30, 0x35, 0x35, 0x37, 0x35, 0x0d, 0x1f,
  0x63, 0x76, 0x64, 0x69, 0x48, 0x90, 0x82, 0x8b, 0x8b, 0x8b, 0x8a, 0xb4,
  0xb4, 0x8b, 0x83, 0x9c, 0xe4, 0x4f, 0x7d, 0x76, 0x79, 0x6e, 0x10, 0x1e,
  0x04, 0x04, 0x1a, 0x1a, 0x07, 0x01, 0x1a, 0x63, 0xff, 0x94, 0x93, 0x9f,
  0x9a, 0x87, 0x81, 0x83, 0x81, 0x85, 0x9f, 0x9d, 0x9e, 0x99, 0x9d, 0xeb,
  0xc5, 0x62, 0x13, 0x1f, 0x18, 0x04, 0x00, 0x02, 0x00, 0x05, 0x17, 0x76,
  0xc3, 0xc0, 0xc6, 0xe4, 0x94, 0x92, 0x9f, 0x9f, 0x92, 0x91, 0x93, 0x9f,
  0x92, 0x96, 0xe9, 0xff, 0x52, 0x76, 0x7f, 0x66, 0x69, 0x69, 0x69, 0x6e,
  0x60, 0x7d, 0x4f, 0x76, 0x77, 0x5e, 0xc0, 0xfa, 0xee, 0xea, 0x95, 0x97,
  0x93, 0x9d, 0x93, 0x93, 0x96, 0x95, 0xe8, 0x95, 0x97, 0x95, 0xef, 0xe3,
  0xe0, 0xe6, 0xf0, 0x56, 0x7e, 0x6e, 0x1c, 0x0d, 0x36, 0x3c, 0x3c, 0x30,
  0x34, 0x35, 0x37, 0x35, 0x02, 0x16, 0xd2, 0xfb, 0x43, 0x6c, 0x7d, 0x90,
  0x8c, 0x8b, 0x88, 0x8f, 0x89, 0xb4, 0xb7, 0xb5, 0x80, 0x97, 0xdf, 0x65,
  0x65, 0x61, 0x15, 0x1f, 0x18, 0x1e, 0x1c, 0x1e, 0x1a, 0x04, 0x05, 0x18,
  0x1d, 0x15, 0x4d, 0xec, 0x9f, 0x85, 0x87, 0x86, 0x81, 0x83, 0x83, 0x87,
  0x9c, 0x91, 0x91, 0x96, 0x95, 0xe1, 0xdc, 0x60, 0x17, 0x16, 0x12, 0x05,
  0x01, 0x00, 0x06, 0x05, 0x12, 0x62, 0x5a, 0xf5, 0xe6, 0xee, 0x95, 0x94,
  0x96, 0x96, 0x95, 0x95, 0x97, 0x91, 0x91, 0x97, 0xeb, 0xfb, 0xd5, 0x45,
  0x42, 0x7f, 0x61, 0x63, 0x6c, 0x6c, 0x78, 0xd4, 0x56, 0x76, 0x74, 0xd6,
  0xc0, 0xf1, 0xe4, 0xe1, 0xe5, 0xe5, 0xee, 0x95, 0x95, 0x95, 0x95, 0xee,
  0xec, 0xe9, 0xe9, 0xe1, 0xe4, 0xe1, 0xe0, 0xe1, 0xe1, 0xe7, 0xc1, 0x72,
  0x6d, 0x15, 0x1b, 0x0f, 0x31, 0x32, 0x30, 0x37, 0x08, 0x0f, 0x02, 0x03,
  0x06, 0x1f, 0x74, 0xf8, 0x57, 0x6f, 0x71, 0x96, 0x81, 0x8d, 0x8e, 0x8b,
  0x88, 0x8c, 0x82, 0x8c, 0x81, 0x93, 0xc8, 0x52, 0xc0, 0xd2, 0x79, 0x6c,
  0x61, 0x79, 0x63, 0x16, 0x1d, 0x19, 0x05, 0x05, 0x13, 0x6f, 0x63, 0x61,
  0xd2, 0xea, 0x9f, 0x99, 0x9c, 0x97, 0xee, 0xea, 0x97, 0x91, 0x95, 0xe9,
  0xeb, 0xea, 0xe9, 0xe6, 0xca, 0x5b, 0x66, 0x6e, 0x6f, 0x60, 0x6d, 0x6b,
  0x62, 0x4b, 0xda, 0xc4, 0xd4, 0x58, 0x58, 0xd4, 0xdd, 0x55, 0x57, 0xc1,
  0xcb, 0xfd, 0xe2, 0x94, 0xee, 0xfd, 0xcc, 0xf0, 0xf5, 0xde, 0x59, 0x46,
  0x47, 0x54, 0xc0, 0xce, 0xf4, 0xf2, 0xf2, 0xc8, 0xf4, 0xfc, 0xf0, 0xd2,
  0xd8, 0xf1, 0xf9, 0xf1, 0xf6, 0xfb, 0xe4, 0xe7, 0xe7, 0xe0, 0xe6, 0xe5,
  0xe5, 0xe6, 0xed, 0xef, 0xec, 0xe7, 0xf8, 0xff, 0xca, 0x43, 0x63, 0x13,
  0x00, 0x35, 0x37, 0x37, 0x34, 0x35, 0x0e, 0x00, 0x00, 0x0c, 0x00, 0x1d,
  0x14, 0x1c, 0x1c, 0x6d, 0xc4, 0xe1, 0x90, 0x86, 0x8f, 0x8f, 0x82, 0x8d,
  0x8e, 0x82, 0x9e, 0x95, 0x93, 0x9f, 0xea, 0xf0, 0xe4, 0xed, 0xca, 0x70,
  0x76, 0x73, 0x16, 0x04, 0x04, 0x1c, 0x17, 0x11, 0x11, 0x63, 0xd2, 0xfb,
  0xe4, 0xe6, 0xed, 0xe6, 0xf1, 0xf0, 0xe2, 0xea, 0xe8, 0xe8, 0x90, 0x99,
  0x99, 0x93, 0x95, 0xef, 0xe6, 0xf6, 0xc5, 0xcf, 0xca, 0xdc, 0x5b, 0x52,
  0xdd, 0x5b, 0x79, 0x63, 0x62, 0x6f, 0x15, 0x14, 0x6f, 0x79, 0x41, 0x53,
  0xd9, 0xc8, 0xc9, 0xdc, 0xd0, 0xcf, 0xf4, 0xce, 0xce, 0xf8, 0xe1, 0xe1,
  0xe6, 0xe3, 0xe2, 0xe5, 0xf1, 0xc5, 0xd5, 0x5a, 0x45, 0xd3, 0xca, 0xf0,
  0xc8, 0xde, 0xc1, 0xf9, 0xe7, 0xfb, 0xff, 0xe5, 0xe6, 0xe6, 0xe3, 0xef,
  0xed, 0xfa, 0xf2, 0xff, 0xf7, 0x5b, 0x66, 0x6f, 0x6c, 0x6d, 0x16, 0x04,
  0x0c, 0x08, 0x0a, 0x0b, 0x0c, 0x06, 0x06, 0x02, 0x01, 0x1c, 0x6b, 0x6a,
  0x6a, 0x60, 0x7c, 0x5f, 0xe4, 0x93, 0x85, 0x84, 0x87, 0x86, 0x80, 0x81,
  0x9a, 0x90, 0x90, 0x92, 0x91, 0xef, 0xe7, 0xe4, 0xfd, 0xc0, 0xdb, 0x5c,
  0x7a, 0x15, 0x11, 0x14, 0x6c, 0x61, 0x63, 0x62, 0x7b, 0x44, 0xd0, 0xd2,
  0xd2, 0xc2, 0xf6, 0xfd, 0xe5, 0xec, 0x97, 0x90, 0x93, 0x9d, 0x9c, 0x93,
  0xeb, 0xe1, 0xe5, 0xe5, 0xfc, 0xcd, 0xd1, 0x53, 0x52, 0x45, 0x76, 0x78,
  0x64, 0x63, 0x69, 0x69, 0x66, 0x79, 0x79, 0x70, 0x52, 0xda, 0xc6, 0xc6,
  0xf4, 0xf1, 0xf1, 0xf2, 0xf3, 0xff, 0xf8, 0xe4, 0xe5, 0xe5, 0xe1, 0xe0,
  0xfa, 0xf0, 0xca, 0xce, 0xda, 0x55, 0xd4, 0x51, 0x51, 0xd4, 0xd0, 0xdd,
  0xdf, 0xc6, 0xc3, 0xd2, 0xd7, 0xdf, 0xd8, 0xd4, 0xd5, 0xc4, 0xf5, 0xcb,
  0xc0, 0xc5, 0x55, 0x4d, 0x7c, 0x65, 0x67, 0x67, 0x61, 0x6e, 0x16, 0x1d,
  0x1b, 0x07, 0x01, 0x01, 0x06, 0x07, 0x07, 0x1a, 0x1c, 0x10, 0x16, 0x15,
  0x6c, 0x62, 0x64, 0x43, 0xd8, 0xfc, 0xed, 0x94, 0x96, 0x96, 0x92, 0x9d,
  0x90, 0x97, 0x97, 0x97, 0xeb, 0xed, 0xef, 0xec, 0xed, 0xe2, 0xe1, 0xf8,
  0xc0, 0xd0, 0x5f, 0x5b, 0x5e, 0x51, 0xd5, 0x51, 0xd8, 0xf6, 0xf5, 0xc7,
  0xdf, 0xcd, 0xc9, 0xf6, 0xe7, 0xed, 0xef, 0xec, 0xec, 0xec, 0xe1, 0xe4,
  0xfe, 0xf7, 0xf5, 0xf4, 0xf0, 0xc9, 0xdb, 0xc0, 0xc7, 0xd9, 0x5f, 0x5b,
  0x46, 0x42, 0x4c, 0x4e, 0x5a, 0x47, 0x5e, 0x5c, 0x59, 0x5f, 0x54, 0xd1,
  0xd0, 0xd7, 0xde, 0xda, 0xdf, 0xdd, 0xde, 0xce, 0xcc, 0xcc, 0xc4, 0xdf,
  0xdd, 0xdf, 0xd8, 0xd0, 0xd5, 0x5d, 0x5f, 0x41, 0x44, 0x56, 0xd1, 0xd3,
  0x53, 0x57, 0x51, 0x5f, 0x5d, 0x54, 0xd6, 0xdd, 0xdb, 0xc0, 0xce, 0xcd,
  0xcc, 0x50, 0x71, 0x65, 0x66, 0x67, 0x64, 0x75, 0xd7, 0xdd, 0x5d, 0x48,
  0x77, 0x7b, 0x60, 0x6e, 0x6a, 0x16, 0x10, 0x16, 0x15, 0x6f, 0x62, 0x61,
  0x60, 0x6f, 0x6f, 0x6c, 0x6c, 0x6c, 0x61, 0x7d, 0x4d, 0x5f, 0xc5, 0xcb,
  0xf7, 0xf0, 0xff, 0xfc, 0xca, 0xc9, 0xfd, 0xfb, 0xe6, 0xe3, 0xe3, 0xe1,
  0xe4, 0xe7, 0xfa, 0xfc, 0xfd, 0xfc, 0xf9, 0xfe, 0xe5, 0xe7, 0xfe, 0xf1,
  0xc9, 0xce, 0xc1, 0xc8, 0xf7, 0xf6, 0xf0, 0xf1, 0xf0, 0xf4, 0xca, 0xcd,
  0xc0, 0xd9, 0xd3, 0xdd, 0xdf, 0xc1, 0xce, 0xf4, 0xc2, 0xc5, 0xd9, 0xdb,
  0xcc, 0xda, 0xdf, 0xdb, 0xde, 0xd8, 0xdd, 0xd6, 0xd1, 0xd5, 0x57, 0x5f,
  0x5e, 0x5d, 0x53, 0x5c, 0x5b, 0x5d, 0xd4, 0xd0, 0xd0, 0xdc, 0xc1, 0xc4,
  0xdb, 0xd2, 0xd1, 0x51, 0x59, 0x5c, 0x5e, 0x55, 0x5f, 0x47, 0x43, 0x47,
  0x55, 0x56, 0x5e, 0x53, 0x55, 0xd4, 0x50, 0x56, 0x55, 0xd0, 0xdb, 0xda,
  0xc5, 0xc1, 0xdb, 0xdc, 0x55, 0xd6, 0xda, 0xc6, 0xc0, 0xd2, 0x59, 0x4c,
  0x42, 0x45, 0x51, 0x57, 0x55, 0x46, 0x74, 0x78, 0x63, 0x62, 0x6c, 0x6c,
  0x6a, 0x15, 0x69, 0x6f, 0x6d, 0x63, 0x61, 0x61, 0x66, 0x64, 0x64, 0x65,
  0x72, 0x74, 0x40, 0x45, 0x57, 0xc6, 0xc0, 0xcc, 0xcb, 0xf1, 0xf0, 0xf6,
  0xf5, 0xf4, 0xf4, 0xf0, 0xf9, 0xf9, 0xfa, 0xfa, 0xe4, 0xfa, 0xf8, 0xfe,
  0xf7, 0xce, 0xc5, 0xcb, 0xf4, 0xf4, 0xf6, 0xc8, 0xc9, 0xc8, 0xc0, 0xc7,
  0xdf, 0xdd, 0xd4, 0xd1, 0xdc, 0xcd, 0xc8, 0xc9, 0xcf, 0xdd, 0xd0, 0xd7,
  0xd8, 0xc7, 0xc6, 0xd8, 0x52, 0x44, 0x52, 0xd6, 0xc4, 0xc4, 0xd4, 0x46,
  0x5d, 0x56, 0x57, 0xdf, 0xd8, 0xc1, 0xd8, 0xc4, 0xdc, 0xd8, 0xdb, 0xc3,
  0xf7, 0xd0, 0x46, 0x45, 0x5f, 0xd5, 0xd3, 0x42, 0x46, 0x41, 0x70, 0x74,
  0x41, 0x4d, 0x58, 0x52, 0x5e, 0xd0, 0x5a, 0x5e, 0xd1, 0xda, 0xd8, 0xd5,
  0x5b, 0x41, 0x50, 0x54, 0xd0, 0xd3, 0x56, 0x5a, 0x43, 0x44, 0x47, 0x5b,
  0x41, 0x44, 0x5e, 0x44, 0x41, 0x4e, 0x59, 0xd7, 0xd6, 0x51, 0x40, 0x45,
  0x50, 0x51, 0xd0, 0x53, 0x58, 0x50, 0x75, 0x75, 0x4c, 0x42, 0x75, 0x7e,
  0x65, 0x7f, 0x71, 0x75, 0x75, 0x74, 0x40, 0x4d, 0x4c, 0x4d, 0x5b, 0x54,
  0xd5, 0xd5, 0xd1, 0xd9, 0xce, 0xca, 0xf7, 0xca, 0xce, 0xc2, 0xc2, 0xf7,
  0xcf, 0xf5, 0xcc, 0xc2, 0xcb, 0xf4, 0xfc, 0xf1, 0xcd, 0xce, 0xc0, 0xc2,
  0xc8, 0xc5, 0xcd, 0xcb, 0xc5, 0xc9, 0xc0, 0xc6, 0xf5, 0xd9, 0xc4, 0xd7,
  0xdf, 0xdf, 0xd9, 0xc1, 0xd8, 0xdc, 0xdc, 0xd7, 0xda, 0xda, 0xc4, 0xdf,
  0x53, 0xd0, 0xd4, 0xda, 0xd7, 0xdc, 0x5c, 0xd7, 0xd1, 0xd4, 0xd2, 0xd3,
  0xc5, 0xd2, 0xd8, 0x51, 0x57, 0x55, 0x5d, 0x52, 0x55, 0x50, 0xd2, 0xd4,
  0x54, 0x5d, 0x5b, 0x4e, 0x42, 0x48, 0x47, 0x5c, 0x44, 0x5f, 0x44, 0x5e,
  0x5a, 0x42, 0x5b, 0x4e, 0x45, 0x42, 0x4b, 0x59, 0x43, 0x57, 0x59, 0x5f,
  0x59, 0x5b, 0x50, 0x44, 0x47, 0x43, 0x43, 0x58, 0x56, 0x52, 0x5d, 0x5f,
  0xdd, 0xdf, 0xdd, 0x55, 0x41, 0x45, 0x45, 0x5a, 0x57, 0x46, 0x5c, 0x52,
  0xd3, 0xdf, 0x53, 0x50, 0x44, 0x5d, 0xd7, 0x50, 0xd1, 0x51, 0xd0, 0xde,
  0xdf, 0xdb, 0xd0, 0xd2, 0xd6, 0xdc, 0xdf, 0xd7, 0xd3, 0x5c, 0x57, 0x55,
  0xd9, 0xdf, 0xde, 0xd6, 0x5f, 0xdc, 0x59, 0xd0, 0x50, 0x5d, 0xd4, 0x52,
  0xda, 0xd0, 0xc5, 0xd9, 0xd2, 0xdc, 0x51, 0xd7, 0xd2, 0xd0, 0xdb, 0xd1,
  0xd5, 0xde, 0x5c, 0xd4, 0xd6, 0xdd, 0xd8, 0x56, 0xd5, 0x54, 0xdf, 0xdf,
  0xd3, 0xd7, 0xd5, 0xd6, 0xd0, 0xdc, 0xd4, 0xd0, 0xd9, 0xd3, 0xdc, 0x53,
  0xd0, 0x54, 0xd3, 0xdc, 0x57, 0xc6, 0xd5, 0xc1, 0x50, 0xd3, 0xdd, 0xd3,
  0xc4, 0xd6, 0xd0, 0xd1, 0x56, 0x54, 0x51, 0x51, 0x50, 0x50, 0x5f, 0x58,
  0x50, 0x56, 0x5c, 0x52, 0x44, 0x54, 0xdd, 0x55, 0xc4, 0x56, 0xdd, 0xd5,
  0xd1, 0xdd, 0x56, 0xdd, 0x50, 0xdd, 0x55, 0x53, 0xd5, 0x5a, 0xd6, 0x52,
  0xd6, 0x54, 0x53, 0x51, 0x5f, 0x52, 0x53, 0x51, 0x5d, 0x51, 0x51, 0x54,
  0x56, 0x50, 0x50, 0x59, 0x56, 0x5e, 0x51, 0x57, 0x5f, 0x57, 0x5d, 0xd3,
  0x53, 0xd1, 0x56, 0x53, 0xd7, 0x51, 0xd6, 0xd0, 0xdd, 0xd7, 0x5d, 0xd4,
  0x50, 0xd2, 0xd1, 0x55, 0xd7, 0x57, 0xd8, 0x57, 0x55, 0x53, 0xd0, 0xd2,
  0xd6, 0xde, 0x55, 0xd7, 0xd3, 0xd6, 0xd8, 0x55, 0xd0, 0xd3, 0x56, 0xd1,
  0xd6, 0xd7, 0xd2, 0x5c, 0xd5, 0x54, 0xd7, 0xd7, 0x5c, 0x50, 0x52, 0xd2,
  0x56, 0xd7, 0x5d, 0x53, 0xd3, 0xd5, 0xd0, 0xd4, 0xd4, 0xd7, 0xd5, 0xd2,
  0x51, 0x51, 0xdd, 0x50, 0xda, 0xd4, 0xd7, 0x57, 0x51, 0x57, 0x54, 0xd5,
  0x59, 0x57, 0x51, 0x55, 0xd7, 0xd7, 0xd1, 0x5e, 0x58, 0x51, 0x51, 0xd5,
  0x50, 0xd5, 0x5d, 0x56, 0x55, 0x54, 0xd6, 0x57, 0x54, 0x56, 0xd3, 0x55,
  0xd1, 0xdc, 0x50, 0xd4, 0xd0, 0x55, 0xd3, 0xd7, 0x57, 0x57, 0xd7, 0x56,
  0x52, 0xd1, 0x55, 0xdf, 0x50, 0x54, 0x51, 0x55, 0xd4, 0x51, 0x5c, 0x54,
  0x52, 0x55, 0xd4, 0x57, 0xd0, 0x52, 0xd0, 0x5f, 0x5e, 0xd5, 0xd7, 0xdb,
  0x53, 0x51, 0xd9, 0x52, 0xd7, 0xd6, 0xdd, 0x51, 0x53, 0xd6, 0x56, 0x54,
  0xdc, 0xd6, 0x55, 0x57, 0x5d, 0x52, 0xd6, 0x50, 0xd7, 0xd5, 0xdd, 0xd7,
  0x51, 0xd1, 0x5e, 0x50, 0xd6, 0xd6, 0xd6, 0xdf, 0x56, 0x55, 0x56, 0xd4,
  0xdc, 0xd5, 0x56, 0x57, 0x50, 0x51, 0xdd, 0x55, 0x50, 0x5c, 0x54, 0xd0,
  0xd6, 0x56, 0xd5, 0x51, 0xd6, 0x56, 0x55, 0xd6, 0x5c, 0xd7, 0xd3, 0x56,
  0xd7, 0xdc, 0x51, 0xde, 0x53, 0xd7, 0xdb, 0x5f, 0xd9, 0x56, 0xd6, 0xd6,
  0xd6, 0xd5, 0x58, 0xd4, 0x54, 0xd7, 0xd7, 0xd5, 0x5c, 0x54, 0x59, 0x54,
  0x59, 0x52, 0xd1, 0x56, 0xd3, 0x56, 0x5d, 0x52, 0x54, 0xde, 0xd1, 0xd4,
  0x57, 0x5c, 0xd0, 0x57, 0xd2, 0xd3, 0xd7, 0x50, 0xd2, 0xdf, 0xdd, 0xd0,
  0xd5, 0x5f, 0xd1, 0x5d, 0xd2, 0xd0, 0xd1, 0x5f, 0x5f, 0x54, 0x58, 0x56,
  0xd4, 0xd5, 0x58, 0x56, 0x54, 0xd6, 0xd5, 0x58, 0xd1, 0x54, 0xd5, 0xdc,
  0x59, 0xd9, 0x54, 0xd1, 0x57, 0x56, 0xdc, 0xd6, 0x54, 0xd7, 0x53, 0x5a,
  0xd0, 0x56, 0x56, 0x57, 0x57, 0xd0, 0xd7, 0x54, 0x53, 0xd7, 0xd3, 0x57,
  0xd1, 0xd0, 0x55, 0x56, 0xd0, 0x55, 0xc5, 0x5f, 0x57, 0x55, 0x51, 0xd8,
  0x5d, 0x5f, 0xd0, 0x40, 0xd6, 0x55, 0xd1, 0xd2, 0x5a, 0x50, 0x52, 0xd5,
  0x54, 0xde, 0x57, 0x5e, 0x50, 0xd5, 0xdf, 0x58, 0xd4, 0x50, 0xdc, 0xc5,
  0xd4, 0xdb, 0xd9, 0xd3, 0x5c, 0xd8, 0xc6, 0x59, 0xc1, 0x53, 0x54, 0xd8,
  0xd7, 0xdd, 0x5f, 0x53, 0x56, 0x56, 0x53, 0x5d, 0xd4, 0x5d, 0x5e, 0xd5,
  0x46, 0xd6, 0x57, 0x56, 0xde, 0x42, 0xdd, 0x56, 0x5b, 0xdb, 0x52, 0xd8,
  0xd4, 0x53, 0xde, 0xd0, 0xdf, 0x51, 0xdf, 0xd2, 0xc6, 0x53, 0x51, 0xd7,
  0x5e, 0xdc, 0x5b, 0xd6, 0xd5, 0x56, 0x55, 0x5e, 0x50, 0xd3, 0xdc, 0xd7,
  0x45, 0x5e, 0xd1, 0xd2, 0xd6, 0x50, 0x45, 0xde, 0x57, 0xd7, 0x55, 0x50,
  0xd3, 0xdd, 0x5e, 0xd6, 0xd5, 0xd0, 0xc0, 0x58, 0xd6, 0xd6, 0x5d, 0xdf,
  0x5f, 0xd3, 0xd6, 0x45, 0xc6, 0xd0, 0x5c, 0x58, 0x54, 0x50, 0x55, 0xd5,
  0x59, 0xdd, 0x43, 0x5a, 0xdf, 0x50, 0x56, 0x5a, 0x54, 0x55, 0x5a, 0xd8,
  0xd5, 0xd6, 0x52, 0x46, 0xd4, 0x53, 0xd6, 0x57, 0x44, 0x51, 0xcb, 0xd4,
  0x5d, 0xdb, 0xc5, 0x55, 0x49, 0x55, 0xd9, 0x51, 0x47, 0xf7, 0xd4, 0x55,
  0xc6, 0xd3, 0xd9, 0xd7, 0x51, 0xdb, 0xd0, 0x6d, 0x17, 0xca, 0xec, 0xfd,
  0xfc, 0x5b, 0x54, 0xf5, 0x55, 0xf5, 0xd9, 0x50, 0x41, 0x5f, 0xfa, 0xc0,
  0xdd, 0xdf, 0x56, 0xdc, 0x70, 0x43, 0xd5, 0x4f, 0xfc, 0xd4, 0x7e, 0x50,
  0xdf, 0xc8, 0xd3, 0xd3, 0xda, 0x54, 0xf7, 0x74, 0x4a, 0xc4, 0x74, 0xda,
  0x55, 0x4d, 0xcb, 0xd0, 0xd5, 0x40, 0x53, 0xf0, 0x5f, 0x74, 0xdc, 0xdd,
  0xd2, 0x52, 0xd9, 0xd7, 0x43, 0xc5, 0x76, 0x43, 0xd4, 0xd8, 0xfd, 0x48,
  0x54, 0x47, 0x79, 0x42, 0x50, 0xf7, 0xc3, 0xf6, 0x71, 0x75, 0x04, 0x03,
  0xf3, 0xeb, 0x81, 0x9b, 0xee, 0x70, 0x66, 0x64, 0x6c, 0x75, 0xf4, 0xe6,
  0x96, 0x93, 0x97, 0xe6, 0xc9, 0x47, 0x61, 0x6b, 0x6d, 0x76, 0x4e, 0x47,
  0x45, 0x53, 0xd7, 0xc3, 0x50, 0x77, 0x48, 0x76, 0x67, 0x78, 0x40, 0xdd,
  0xd0, 0xd8, 0xd7, 0x58, 0xc2, 0xc6, 0xf5, 0xd8, 0x5b, 0x5e, 0x74, 0x42,
  0xc2, 0xc2, 0xc1, 0xd9, 0x54, 0x45, 0x4f, 0xdd, 0xc6, 0xda, 0xd6, 0xdd,
  0x47, 0x75, 0x42, 0x48, 0x73, 0x5f, 0x5c, 0xdc, 0xdc, 0xdd, 0xce, 0x45,
  0x4e, 0x5e, 0x73, 0x73, 0x45, 0x56, 0xc3, 0xc7, 0xf6, 0xf4, 0xcf, 0xdf,
  0xd8, 0xd6, 0x55, 0xc8, 0xd7, 0x53, 0xce, 0xd6, 0xdf, 0xd8, 0xc5, 0xdb,
  0xde, 0xdb, 0xd6, 0x54, 0xd7, 0xce, 0xd7, 0x43, 0x43, 0x56, 0x77, 0x7f,
  0x58, 0xd0, 0xc7, 0x57, 0x5c, 0xd7, 0x57, 0x4e, 0x4e, 0xc7, 0xc6, 0xc3,
  0xda, 0xd5, 0xd1, 0x5f, 0x59, 0x51, 0xc4, 0xd2, 0xce, 0xdc, 0x75, 0x5a,
  0x43, 0x59, 0x44, 0x44, 0xda, 0xf6, 0xcc, 0xd0, 0xf4, 0xcb, 0xc9, 0xcf,
  0xd2, 0xc6, 0xdd, 0x58, 0xd3, 0xdc, 0x54, 0x57, 0xdc, 0xc1, 0xc2, 0x55,
  0x55, 0x53, 0xd8, 0x47, 0x71, 0xe5, 0xce, 0xf6, 0xf4, 0xd7, 0xd2, 0x5c,
  0xd3, 0xc4, 0xc7, 0xf4, 0xcf, 0xf3, 0xf2, 0xf1, 0xc6, 0xd9, 0xca, 0xc4,
  0xce, 0xcb, 0xfb, 0xc1, 0x5e, 0x51, 0x41, 0x4d, 0xdb, 0x56, 0x75, 0x42,
  0x48, 0x73, 0x64, 0x65, 0x60, 0x63, 0x63, 0x63, 0x6d, 0x62, 0x61, 0x63,
  0x62, 0x62, 0x6e, 0x6b, 0x6e, 0x66, 0x65, 0x7b, 0x78, 0x64, 0x60, 0x66,
  0x7a, 0x7a, 0x65, 0x7b, 0x65, 0x67, 0x65, 0x7b, 0x66, 0x63, 0x60, 0x61,
  0x64, 0x71, 0x5f, 0xd1, 0xdb, 0xcf, 0xc9, 0xce, 0xf1, 0xe5, 0xe3, 0xe9,
  0x94, 0x97, 0x97, 0x97, 0x97, 0x97, 0x97, 0x96, 0x97, 0x97, 0x96, 0x91,
  0x91, 0x91, 0x97, 0x95, 0xea, 0xea, 0x94, 0x94, 0x94, 0x95, 0x95, 0xe9,
  0xe6, 0xe5, 0xe6, 0xe2, 0xe2, 0xe3, 0xe3, 0xed, 0xed, 0xe5, 0xff, 0xf2,
  0xfc, 0xe5, 0xe7, 0xe6, 0xe6, 0xe5, 0xf7, 0xdb, 0x4c, 0x43, 0xf0, 0xe3,
  0xec, 0xfa, 0xc9, 0xdd, 0x4f, 0x6d, 0x6e, 0x77, 0xc7, 0xcf, 0x72, 0x6c,
  0x68, 0x16, 0x1d, 0x12, 0x14, 0x68, 0x62, 0x61, 0x60, 0x1f, 0x35, 0x32,
  0x32, 0x35, 0x01, 0x04, 0x00, 0x0c, 0x08, 0x37, 0x37, 0x09, 0x19, 0x7f,
  0xc5, 0x53, 0xd0, 0xdd, 0xfc, 0x91, 0x87, 0x83, 0x83, 0x80, 0x8d, 0x8a,
  0xb5, 0x89, 0x83, 0x86, 0x84, 0x87, 0x81, 0x83, 0x80, 0x99, 0xe5, 0x7b,
  0x6f, 0x60, 0x52, 0xc3, 0x4f, 0x6e, 0x1f, 0x05, 0x1b, 0x1c, 0x1d, 0x13,
  0x1f, 0x1c, 0x10, 0x15, 0x63, 0x76, 0x5a, 0x53, 0xc2, 0xfe, 0x94, 0x99,
  0x84, 0x85, 0x9c, 0x94, 0x94, 0x93, 0x9d, 0x93, 0xe9, 0xf8, 0xc9, 0xc9,
  0xde, 0xd7, 0x5c, 0x5b, 0x4f, 0x7c, 0x66, 0x67, 0x74, 0xdd, 0xcf, 0xcf,
  0xca, 0xf7, 0xf5, 0xc6, 0xc8, 0xfe, 0xe7, 0xe0, 0xec, 0x95, 0xeb, 0xef,
  0xef, 0xea, 0x95, 0xe8, 0xe8, 0xe8, 0xea, 0xef, 0xfe, 0xc1, 0xc0, 0xf3,
  0xfc, 0xf2, 0xcf, 0x47, 0x7f, 0x6c, 0x14, 0x14, 0x15, 0x15, 0x10, 0x1b,
  0x0a, 0x3d, 0x3f, 0x37, 0x04, 0x1a, 0x09, 0x30, 0x30, 0x30, 0x31, 0x08,
  0x69, 0xe6, 0x79, 0x1b, 0x19, 0x7a, 0xe4, 0x91, 0x81, 0x88, 0x8e, 0x87,
  0x86, 0x8a, 0xb7, 0x88, 0x82, 0x8c, 0x89, 0x8d, 0x83, 0x82, 0x83, 0x9c,
  0xcb, 0xce, 0x95, 0x93, 0xe1, 0x51, 0x62, 0x10, 0x1a, 0x1f, 0x6e, 0x4b,
  0x64, 0x13, 0x05, 0x05, 0x1c, 0x6e, 0x7d, 0x4f, 0x7c, 0x66, 0x67, 0xd5,
  0xea, 0x9f, 0x9d, 0xeb, 0xe2, 0x94, 0x9c, 0x98, 0x9b, 0x99, 0x92, 0xe9,
  0xf8, 0xfc, 0xe7, 0xf6, 0x79, 0x17, 0x17, 0x6f, 0x61, 0x62, 0x62, 0x6f,
  0x17, 0x1f, 0x1d, 0x6c, 0x5d, 0xd8, 0x45, 0x4e, 0x5a, 0xc4, 0xff, 0xe8,
  0x90, 0x9c, 0x93, 0x96, 0xeb, 0x96, 0x9c, 0x98, 0x9e, 0x9c, 0x93, 0x90,
  0x94, 0x95, 0xee, 0xe9, 0xe8, 0x95, 0x94, 0x94, 0xe9, 0xe6, 0x5d, 0x76,
  0x43, 0x4e, 0x72, 0x67, 0x63, 0x05, 0x36, 0x3e, 0x30, 0x04, 0x14, 0x0d,
  0x32, 0x3f, 0x32, 0x33, 0x37, 0x1b, 0xc9, 0x64, 0x0f, 0x35, 0x07, 0x53,
  0xea, 0x84, 0x8b, 0x88, 0x9b, 0xe7, 0x85, 0xb7, 0xb6, 0x8a, 0x8a, 0xb7,
  0xb4, 0x80, 0x9b, 0x87, 0x8d, 0x87, 0x9f, 0x9c, 0x9d, 0xe6, 0x6e, 0x1c,
  0x11, 0x17, 0x16, 0x11, 0x6a, 0x11, 0x04, 0x0d, 0x02, 0x1c, 0x15, 0x6f,
  0x6d, 0x64, 0x7a, 0x14, 0x11, 0x74, 0x96, 0x9c, 0x90, 0x97, 0x90, 0x9d,
  0x97, 0x93, 0x87, 0x81, 0x85, 0x93, 0xea, 0x94, 0xeb, 0xe5, 0xf5, 0xf9,
  0xcf, 0x71, 0x6b, 0x16, 0x6b, 0x17, 0x13, 0x10, 0x6a, 0x62, 0x69, 0x11,
  0x17, 0x66, 0x71, 0x44, 0xf7, 0xe1, 0xef, 0xe3, 0xfd, 0xe3, 0x97, 0x93,
  0x91, 0x91, 0x92, 0x92, 0x91, 0x94, 0x93, 0x9d, 0x93, 0x95, 0xec, 0x97,
  0x90, 0xea, 0xe3, 0xe9, 0x95, 0xe0, 0xde, 0x42, 0x40, 0x71, 0x63, 0x60,
  0x65, 0x04, 0x30, 0x3f, 0x35, 0x6b, 0x68, 0x0a, 0x3c, 0x32, 0x31, 0x31,
  0x35, 0x16, 0xfd, 0x13, 0x35, 0x0b, 0x15, 0xe6, 0xee, 0x98, 0x8f, 0x82,
  0xec, 0x57, 0x87, 0xb7, 0xb5, 0x80, 0x82, 0x8a, 0x89, 0x99, 0x90, 0x87,
  0x82, 0x85, 0x9c, 0x9f, 0x9c, 0xf4, 0x6e, 0x6c, 0x5b, 0x57, 0x79, 0x61,
  0x68, 0x1c, 0x07, 0x07, 0x1e, 0x14, 0x6c, 0x6e, 0x15, 0x16, 0x13, 0x10,
  0x61, 0xc9, 0xee, 0x94, 0xe8, 0xe4, 0xf1, 0xe0, 0x91, 0x99, 0x98, 0x9e,
  0x93, 0x95, 0x94, 0x96, 0x95, 0xed, 0xe6, 0xfc, 0xc2, 0x5c, 0x65, 0x72,
  0x4d, 0x67, 0x17, 0x17, 0x6f, 0x60, 0x6a, 0x14, 0x68, 0x66, 0x6d, 0x60,
  0x71, 0xf4, 0xfa, 0xdd, 0xc4, 0xee, 0x97, 0x97, 0x94, 0x95, 0x97, 0x90,
  0x93, 0x91, 0x9d, 0x91, 0x97, 0x97, 0x91, 0x92, 0x91, 0x95, 0xe9, 0x95,
  0x97, 0xe8, 0xfc, 0xc0, 0xcb, 0x52, 0x64, 0x63, 0x17, 0x03, 0x36, 0x36,
  0x06, 0x6e, 0x07, 0x30, 0x3e, 0x30, 0x37, 0x35, 0x0d, 0x15, 0x6a, 0x0f,
  0x37, 0x00, 0xf6, 0xee, 0xfb, 0x90, 0x83, 0x87, 0xe6, 0xe3, 0x8e, 0xb6,
  0x8b, 0x81, 0x82, 0x8a, 0x8f, 0x85, 0x85, 0x8d, 0x83, 0x98, 0x9c, 0x98,
  0x9d, 0xcc, 0x6d, 0x78, 0xdb, 0x5e, 0x7a, 0x6f, 0x1d, 0x07, 0x00, 0x04,
  0x11, 0x6b, 0x17, 0x11, 0x12, 0x19, 0x1b, 0x11, 0x43, 0xe6, 0xfa, 0xf0,
  0xfe, 0xe6, 0xe3, 0xe9, 0x9c, 0x87, 0x87, 0x9f, 0x94, 0x96, 0x90, 0x96,
  0xeb, 0xe9, 0xeb, 0xf8, 0x7c, 0x68, 0x6d, 0x76, 0x7d, 0x6c, 0x14, 0x14,
  0x15, 0x11, 0x13, 0x16, 0x67, 0x64, 0x6d, 0x61, 0x77, 0x56, 0x45, 0x50,
  0xe4, 0x91, 0x90, 0x94, 0x94, 0x91, 0x91, 0xea, 0x96, 0x98, 0x84, 0x9f,
  0x90, 0x91, 0x9d, 0x93, 0x97, 0x97, 0x9c, 0x9d, 0x95, 0xe4, 0xfb, 0xfa,
  0xf4, 0x43, 0x7b, 0x63, 0x1f, 0x0b, 0x30, 0x36, 0x07, 0x16, 0x02, 0x30,
  0x3c, 0x33, 0x31, 0x37, 0x0c, 0x16, 0x10, 0x0f, 0x0a, 0x1a, 0xde, 0xcb,
  0x57, 0x9f, 0x89, 0x8f, 0x91, 0xea, 0x8c, 0xb7, 0x8a, 0x8d, 0x8b, 0xb7,
  0x8e, 0x98, 0x9e, 0x80, 0x80, 0x9e, 0x9f, 0x85, 0x9e, 0x49, 0x1f, 0x10,
  0x7c, 0x71, 0x6e, 0x16, 0x12, 0x05, 0x00, 0x00, 0x18, 0x11, 0x17, 0x17,
  0x6b, 0x62, 0x6f, 0x6a, 0x61, 0xcd, 0xea, 0x9d, 0x99, 0x9d, 0xea, 0xe7,
  0xec, 0x9b, 0x83, 0x83, 0x85, 0x90, 0x94, 0xeb, 0xe6, 0xfe, 0xe6, 0xe1,
  0xd2, 0x67, 0x6b, 0x69, 0x14, 0x1d, 0x1c, 0x15, 0x67, 0x6a, 0x1d, 0x1d,
  0x17, 0x6b, 0x15, 0x6f, 0x7c, 0xd1, 0xce, 0xce, 0xf9, 0xe7, 0xe0, 0xee,
  0x92, 0x9b, 0x9e, 0x90, 0x97, 0x90, 0x9f, 0x9f, 0x9e, 0x9f, 0x9f, 0x90,
  0x95, 0x94, 0x97, 0x97, 0xec, 0xe7, 0xe4, 0xfb, 0xc0, 0x67, 0x6b, 0x6f,
  0x15, 0x07, 0x34, 0x31, 0x35, 0x00, 0x00, 0x35, 0x30, 0x33, 0x30, 0x36,
  0x35, 0x06, 0x1f, 0x07, 0x0d, 0x1a, 0x40, 0xfd, 0x43, 0xf7, 0x81, 0xb5,
  0x8f, 0x85, 0x81, 0x8a, 0x8a, 0x8c, 0x8e, 0xb4, 0xb5, 0x86, 0x98, 0x80,
  0x82, 0x9d, 0xcb, 0xed, 0x9e, 0x97, 0x7b, 0x16, 0x6a, 0x11, 0x1a, 0x1b,
  0x6a, 0x68, 0x04, 0x0d, 0x01, 0x1d, 0x11, 0x12, 0x14, 0x77, 0xd3, 0x58,
  0x44, 0xf7, 0xe5, 0xe7, 0x95, 0x9a, 0x81, 0x85, 0x91, 0xeb, 0x93, 0x98,
  0x98, 0x9f, 0x9d, 0x91, 0xef, 0xf9, 0xf2, 0xf5, 0x45, 0x65, 0x78, 0x4e,
  0x75, 0x6c, 0x12, 0x1d, 0x10, 0x17, 0x15, 0x68, 0x6c, 0x69, 0x6f, 0x64,
  0x42, 0x47, 0x48, 0x54, 0xe5, 0xea, 0x95, 0xef, 0xef, 0xe8, 0x95, 0x97,
  0x91, 0x91, 0x94, 0xea, 0xeb, 0xea, 0xee, 0xe1, 0xe7, 0xe3, 0xe8, 0xe9,
  0xe3, 0xe4, 0xf9, 0xf6, 0xc4, 0xd6, 0x56, 0x4e, 0x67, 0x6e, 0x11, 0x07,
  0x08, 0x34, 0x0b, 0x00, 0x07, 0x0f, 0x35, 0x35, 0x0a, 0x35, 0x0b, 0x00,
  0x18, 0x19, 0x1f, 0x60, 0xf8, 0xf7, 0x66, 0x7c, 0x97, 0x87, 0x86, 0x81,
  0x8f, 0x88, 0x83, 0x9a, 0x86, 0x8c, 0x83, 0x9b, 0x85, 0x8d, 0x82, 0x9d,
  0xe4, 0xe2, 0xea, 0xfd, 0x49, 0xdc, 0xfa, 0x56, 0x15, 0x16, 0x69, 0x17,
  0x1a, 0x04, 0x10, 0x66, 0x60, 0x68, 0x62, 0x79, 0x61, 0x6b, 0x65, 0xcb,
  0xe4, 0xf4, 0xf3, 0xee, 0x94, 0xe8, 0xe4, 0xe0, 0xec, 0xed, 0xec, 0x96,
  0x9f, 0x92, 0xe9, 0xe3, 0xef, 0xe2, 0xf0, 0xc3, 0xf1, 0xf9, 0xf3, 0xdc,
  0xd2, 0x56, 0x71, 0x67, 0x7b, 0x43, 0x48, 0x7c, 0x73, 0x59, 0x5f, 0x77,
  0x79, 0x7f, 0x49, 0x40, 0x5a, 0xdc, 0xc9, 0xd3, 0x47, 0x47, 0x56, 0xd4,
  0x58, 0x44, 0xd4, 0xce, 0xf6, 0xc3, 0xd3, 0xd6, 0x55, 0xd9, 0xf4, 0xff,
  0xf3, 0xce, 0xc6, 0xca, 0xfd, 0xca, 0xd4, 0x5a, 0x5b, 0x45, 0x4a, 0x73,
  0x7e, 0x60, 0x14, 0x13, 0x12, 0x11, 0x16, 0x11, 0x11, 0x14, 0x6b, 0x15,
  0x14, 0x15, 0x6c, 0x63, 0x63, 0x66, 0x72, 0x43, 0x48, 0x72, 0x42, 0xd2,
  0xd9, 0x52, 0x53, 0xcf, 0xf6, 0xc8, 0xc4, 0xf3, 0xe5, 0xfc, 0xcd, 0xc0,
  0xfc, 0xff, 0xf4, 0xf6, 0xf8, 0xe5, 0xfd, 0xf1, 0xff, 0xe4, 0xe5, 0xfb,
  0xe7, 0xe1, 0xe7, 0xe5, 0xe6, 0xe3, 0xe7, 0xf8, 0xfb, 0xe4, 0xe7, 0xf8,
  0xf2, 0xff, 0xe5, 0xfa, 0xff, 0xf0, 0xcb, 0xdb, 0xdb, 0xc6, 0xc7, 0xc5,
  0xd2, 0xd3, 0x56, 0x52, 0x41, 0x76, 0x77, 0x49, 0x75, 0x77, 0x71, 0x77,
  0x77, 0x74, 0x77, 0x77, 0x4d, 0x40, 0x41, 0x4d, 0x45, 0x52, 0x5f, 0x50,
  0x55, 0xd6, 0xd6, 0x56, 0x56, 0x57, 0x55, 0x54, 0x54, 0x55, 0xd4, 0xd4,
  0x51, 0x51, 0xd1, 0xdf, 0xdf, 0xd6, 0xd1, 0xde, 0xd9, 0xd9, 0xde, 0xda,
  0xd8, 0xd6, 0x55, 0xd2, 0xdd, 0xd3, 0xd4, 0xd3, 0xdb, 0xc5, 0xde, 0xd4,
  0xd6, 0xd2, 0xdd, 0xd3, 0xd3, 0xd0, 0xd5, 0x53, 0x5d, 0x5f, 0x40, 0x77,
  0x7e, 0x7c, 0x72, 0x7e, 0x7a, 0x66, 0x66, 0x66, 0x66, 0x60, 0x63, 0x62,
  0x6d, 0x6d, 0x63, 0x61, 0x61, 0x61, 0x61, 0x67, 0x65, 0x7c, 0x79, 0x7b,
  0x7c, 0x74, 0x46, 0x5f, 0x54, 0xd0, 0xdd, 0xc4, 0xc8, 0xf0, 0xfc, 0xfb,
  0xe5, 0xe7, 0xe0, 0xe2, 0xe2, 0xe2, 0xed, 0xef, 0xec, 0xec, 0xed, 0xe2,
  0xe0, 0xe0, 0xe0, 0xe1, 0xe7, 0xe5, 0xfa, 0xf8, 0xff, 0xf2, 0xf0, 0xf6,
  0xf5, 0xcb, 0xc8, 0xcf, 0xc7, 0xdc, 0xd0, 0xd1, 0xd4, 0x50, 0x47, 0x44,
  0x44, 0x40, 0x4b, 0x71, 0x71, 0x73, 0x73, 0x72, 0x7f, 0x7d, 0x79, 0x79,
  0x7c, 0x71, 0x77, 0x73, 0x72, 0x73, 0x70, 0x76, 0x77, 0x48, 0x4c, 0x40,
  0x40, 0x41, 0x5b, 0x5b, 0x5f, 0x52, 0xd4, 0xd0, 0xd0, 0xdd, 0xd8, 0xc4,
  0xc0, 0xc3, 0xcd, 0xcf, 0xc9, 0xc9, 0xc9, 0xcb, 0xc9, 0xcd, 0xc2, 0xcb,
  0xf5, 0xf5, 0xcc, 0xc6, 0xc4, 0xc0, 0xc2, 0xc7, 0xc1, 0xc1, 0xc6, 0xc5,
  0xdb, 0xda, 0xdc, 0xd0, 0xd2, 0xdc, 0xdf, 0xd0, 0x54, 0x5c, 0x45, 0x40,
  0x4a, 0x74, 0x76, 0x76, 0x76, 0x72, 0x7f, 0x7e, 0x7f, 0x78, 0x65, 0x64,
  0x65, 0x65, 0x65, 0x79, 0x7f, 0x79, 0x78, 0x7f, 0x72, 0x71, 0x76, 0x74,
  0x75, 0x4c, 0x47, 0x58, 0x5c, 0x57, 0xdd, 0xdc, 0xda, 0xc2, 0xc8, 0xf6,
  0xf0, 0xfc, 0xfe, 0xfe, 0xf9, 0xf2, 0xf4, 0xfb, 0xe4, 0xe4, 0xfa, 0xfa,
  0xe5, 0xff, 0xf8, 0xfe, 0xfc, 0xf8, 0xf2, 0xf6, 0xf3, 0xfc, 0xf5, 0xde,
  0xc7, 0xce, 0xc0, 0xd0, 0xd2, 0xdd, 0x50, 0x5c, 0x50, 0x5f, 0x41, 0x4c,
  0x48, 0x4c, 0x45, 0x59, 0x40, 0x4c, 0x58, 0x5b, 0x75, 0x77, 0x48, 0x75,
  0x76, 0x75, 0x59, 0x5f, 0x47, 0x46, 0x5e, 0x5f, 0x40, 0x41, 0x5f, 0x51,
  0x56, 0x52, 0x5d, 0xd5, 0xd7, 0xd6, 0xdd, 0xdb, 0xdb, 0xd0, 0xd1, 0xd0,
  0xdd, 0xd9, 0xd8, 0xdb, 0xc3, 0xcd, 0xd9, 0xdb, 0xc8, 0xc5, 0xdc, 0xcd,
  0xc2, 0xc4, 0xc5, 0xcb, 0xf5, 0xc2, 0xf5, 0xf0, 0xf4, 0xcc, 0xc4, 0xc2,
  0xc0, 0xda, 0xc6, 0xcc, 0xc3, 0xda, 0xc7, 0xcf, 0xc9, 0xd2, 0x40, 0x71,
  0x7c, 0x7b, 0x64, 0x61, 0x6d, 0x62, 0x60, 0x63, 0x69, 0x69, 0x68, 0x17,
  0x11, 0x17, 0x6a, 0x15, 0x14, 0x60, 0x4e, 0xd0, 0xd2, 0xc5, 0xf5, 0xc0,
  0xd0, 0xd5, 0xf6, 0xfa, 0xf8, 0xe7, 0xee, 0x94, 0xee, 0xe2, 0xe9, 0xee,
  0xe4, 0xfd, 0xf2, 0xf0, 0xd8, 0xde, 0xfc, 0xe6, 0xe0, 0xe6, 0xfa, 0xc8,
  0xd1, 0x5c, 0x72, 0x67, 0x72, 0x45, 0x56, 0xc0, 0xf6, 0xf6, 0xd8, 0xc6,
  0xf5, 0xdc, 0x48, 0x72, 0x76, 0x48, 0x45, 0x53, 0x76, 0x67, 0x7d, 0x4b,
  0x66, 0x6f, 0x60, 0x64, 0x6d, 0x60, 0x42, 0x40, 0x4b, 0x53, 0xf3, 0xfe,
  0xca, 0xcb, 0xf6, 0x58, 0xde, 0xe4, 0xf8, 0xd2, 0xd9, 0xfa, 0x64, 0xc3,
  0x9f, 0x9c, 0xea, 0xe5, 0xe6, 0xf0, 0xe5, 0x96, 0x96, 0xee, 0xf1, 0xce,
  0xfa, 0xf3, 0xf8, 0xfc, 0xdd, 0xd1, 0xc5, 0xf8, 0xe0, 0xe2, 0xe5, 0xd6,
  0x54, 0xf4, 0xe5, 0xee, 0xec, 0xfa, 0xf7, 0xf0, 0xfa, 0xf8, 0xfc, 0xf7,
  0xd1, 0x58, 0x6c, 0x04, 0x0b, 0x34, 0x37, 0x34, 0x34, 0x34, 0x08, 0x02,
  0x06, 0x1b, 0x11, 0x11, 0x19, 0x1d, 0x7b, 0xe3, 0x93, 0x98, 0x81, 0x88,
  0xb5, 0xb4, 0xb4, 0x8a, 0x82, 0x9e, 0x95, 0x94, 0x95, 0xff, 0x72, 0x78,
  0x76, 0x67, 0x15, 0x1d, 0x1a, 0x01, 0x02, 0x00, 0x05, 0x16, 0x63, 0x59,
  0x95, 0x85, 0x87, 0x85, 0x9a, 0x84, 0x87, 0x85, 0x9b, 0x9a, 0x85, 0x85,
  0x9a, 0x98, 0x90, 0xf4, 0x69, 0x19, 0x06, 0x0f, 0x0a, 0x35, 0x09, 0x02,
  0x01, 0x05, 0x16, 0x66, 0x4b, 0xf1, 0xee, 0x96, 0x90, 0x9f, 0x84, 0x80,
  0x80, 0x80, 0x81, 0x98, 0xee, 0xf4, 0x43, 0x62, 0x17, 0x1d, 0x1d, 0x14,
  0x7f, 0x4a, 0x66, 0x6f, 0x6d, 0x60, 0x67, 0x74, 0xdc, 0xfa, 0x97, 0x9b,
  0x85, 0x9f, 0x90, 0x92, 0x9b, 0x98, 0x92, 0x97, 0xed, 0xfb, 0xfd, 0xf3,
  0xf0, 0xfd, 0xf1, 0xc8, 0xfe, 0xf9, 0xc8, 0x59, 0x73, 0x6d, 0x16, 0x1a,
  0x00, 0x09, 0x36, 0x3c, 0x3c, 0x30, 0x36, 0x34, 0x0e, 0x1f, 0xd0, 0xe2,
  0x94, 0x9e, 0x85, 0x9b, 0x85, 0x8d, 0x88, 0x8c, 0x80, 0x8d, 0x8b, 0x88,
  0x81, 0x96, 0xf1, 0x62, 0x05, 0x02, 0x0d, 0x0d, 0x08, 0x0a, 0x02, 0x10,
  0x76, 0x75, 0x41, 0xe7, 0x96, 0x9d, 0x9b, 0x86, 0x83, 0x83, 0x83, 0x8f,
  0x8b, 0x89, 0x81, 0x9f, 0xea, 0xf6, 0x60, 0x19, 0x01, 0x02, 0x0f, 0x0f,
  0x03, 0x05, 0x1c, 0x1d, 0x13, 0x6e, 0x47, 0xd5, 0x4e, 0x5c, 0xe4, 0x91,
  0x9e, 0x85, 0x80, 0x83, 0x84, 0x90, 0x96, 0x97, 0xf8, 0x7e, 0x62, 0x6f,
  0x14, 0x10, 0x11, 0x17, 0x16, 0x17, 0x6a, 0x68, 0x61, 0x41, 0xd2, 0xcf,
  0xe3, 0x96, 0x90, 0x93, 0x92, 0x90, 0x97, 0xea, 0xee, 0xe7, 0xf4, 0xd8,
  0x47, 0x70, 0x46, 0xcf, 0xf5, 0xcd, 0xca, 0xf7, 0xcb, 0xc9, 0xfe, 0xe3,
  0xe4, 0xf6, 0xe6, 0xe8, 0xed, 0xe3, 0x95, 0xea, 0xfa, 0xc8, 0xc3, 0x77,
  0x12, 0x01, 0x09, 0x36, 0x3c, 0x3f, 0x33, 0x37, 0x0a, 0x0c, 0x10, 0xe2,
  0x99, 0x86, 0x8f, 0x8b, 0x8e, 0x81, 0x87, 0x80, 0x81, 0x98, 0x93, 0x9f,
  0x99, 0x91, 0xfb, 0x5e, 0x63, 0x1a, 0x0f, 0x08, 0x09, 0x08, 0x0f, 0x06,
  0x16, 0xdb, 0x94, 0x84, 0x8f, 0x8b, 0x8e, 0x8d, 0x82, 0x83, 0x87, 0x9d,
  0x94, 0xe8, 0xe4, 0xcf, 0x57, 0x49, 0x62, 0x13, 0x05, 0x00, 0x02, 0x0d,
  0x0f, 0x02, 0x05, 0x14, 0x53, 0x95, 0x85, 0x80, 0x83, 0x81, 0x84, 0x98,
  0x99, 0x9d, 0xef, 0xd9, 0x73, 0x61, 0x6c, 0x10, 0x1d, 0x6a, 0x6b, 0x13,
  0x17, 0x61, 0x64, 0x65, 0x7d, 0x44, 0xc4, 0xf7, 0xf8, 0xe4, 0xe5, 0xee,
  0x94, 0xe1, 0xfe, 0xe1, 0xe7, 0xca, 0x55, 0x53, 0xd7, 0xd0, 0xd5, 0xdf,
  0xf4, 0xf9, 0xe4, 0xfb, 0xe4, 0xe2, 0xe0, 0xe4, 0xe4, 0xed, 0xee, 0xe6,
  0xfb, 0xee, 0x97, 0xef, 0xe1, 0xef, 0xed, 0xfe, 0xc4, 0xdc, 0xd8, 0x5b,
  0x61, 0x12, 0x01, 0x09, 0x37, 0x32, 0x3e, 0x3d, 0x36, 0x34, 0x08, 0x1d,
  0xe8, 0x81, 0x8e, 0x8a, 0xb7, 0xb6, 0xb5, 0x82, 0x86, 0x84, 0x9c, 0xfd,
  0x65, 0x4a, 0xc5, 0x78, 0x17, 0x12, 0x19, 0x04, 0x03, 0x0e, 0x0c, 0x00,
  0x07, 0x1e, 0x72, 0x93, 0x83, 0x89, 0xb5, 0xb6, 0xb6, 0xb5, 0x89, 0x80,
  0x92, 0xcb, 0x63, 0x10, 0x19, 0x05, 0x06, 0x04, 0x1b, 0x19, 0x1f, 0x13,
  0x16, 0x11, 0x16, 0x60, 0xd2, 0xe0, 0x90, 0x9a, 0x81, 0x8d, 0x83, 0x86,
  0x84, 0x98, 0x94, 0x5d, 0x14, 0x1f, 0x07, 0x02, 0x0c, 0x02, 0x07, 0x1c,
  0x15, 0x70, 0xe4, 0xeb, 0x91, 0x9c, 0x93, 0x97, 0x94, 0xe9, 0xe3, 0xe4,
  0xf6, 0xcb, 0xce, 0x56, 0x46, 0x51, 0x51, 0x4e, 0x73, 0x7c, 0x71, 0x41,
  0xd2, 0xf6, 0xfa, 0xe1, 0xeb, 0x96, 0x94, 0xeb, 0xe8, 0xec, 0xed, 0xe3,
  0xfc, 0xf3, 0xe5, 0xf2, 0xf5, 0xfb, 0xe4, 0xe4, 0xe5, 0xfc, 0xcf, 0x41,
  0x61, 0x16, 0x07, 0x0b, 0x37, 0x30, 0x3d, 0x3d, 0x31, 0x34, 0x0e, 0x1c,
  0xfa, 0x86, 0x8b, 0xb4, 0xb6, 0xb1, 0xb7, 0x88, 0x86, 0x9e, 0x97, 0x43,
  0x11, 0x15, 0x66, 0x6b, 0x10, 0x12, 0x12, 0x13, 0x1e, 0x07, 0x06, 0x07,
  0x05, 0x1f, 0x62, 0xe5, 0x99, 0x83, 0x88, 0xb4, 0xb7, 0xb4, 0x8b, 0x82,
  0x99, 0xf8, 0x66, 0x12, 0x07, 0x03, 0x02, 0x03, 0x01, 0x05, 0x1c, 0x6b,
  0x76, 0xd0, 0xf4, 0xe1, 0x95, 0x97, 0x97, 0x92, 0x99, 0x9b, 0x9a, 0x9b,
  0x9f, 0x91, 0xea, 0xe6, 0x77, 0x11, 0x1c, 0x1b, 0x03, 0x0c, 0x01, 0x05,
  0x19, 0x15, 0x5d, 0xe3, 0x90, 0x99, 0x85, 0x9a, 0x99, 0x9c, 0x95, 0xf3,
  0x58, 0x76, 0x67, 0x6c, 0x6d, 0x65, 0x77, 0x5a, 0xc5, 0xff, 0xe7, 0xe7,
  0xe7, 0xe7, 0xe1, 0xe7, 0xe5, 0xe7, 0xe1, 0xe6, 0xe6, 0xe1, 0xe6, 0xe7,
  0xf8, 0xe5, 0xe6, 0xfa, 0xf9, 0xe1, 0xe1, 0xfb, 0xf8, 0xfe, 0xc9, 0x41,
  0x6a, 0x07, 0x08, 0x36, 0x33, 0x3c, 0x3c, 0x32, 0x31, 0x09, 0x1c, 0xfb,
  0x87, 0x88, 0xb7, 0xb1, 0xb0, 0xb1, 0xb5, 0x8d, 0x9a, 0xe0, 0x64, 0x16,
  0x10, 0x1f, 0x1a, 0x1a, 0x1a, 0x1e, 0x1d, 0x1f, 0x19, 0x19, 0x1e, 0x12,
  0x68, 0x4b, 0xe3, 0x99, 0x80, 0x89, 0xb5, 0xb7, 0xb7, 0xb5, 0x8c, 0x84,
  0xee, 0x7e, 0x1d, 0x01, 0x09, 0x0a, 0x0a, 0x0e, 0x00, 0x1e, 0x6b, 0x4c,
  0xf8, 0xea, 0x9d, 0x9e, 0x9e, 0x9f, 0x9d, 0x92, 0x93, 0x91, 0x96, 0xea,
  0xe1, 0xf4, 0x52, 0x74, 0x7b, 0x68, 0x1c, 0x1a, 0x1a, 0x1e, 0x1f, 0x1c,
  0x15, 0x74, 0xcd, 0xe2, 0x90, 0x9e, 0x9b, 0x98, 0x9f, 0x92, 0x97, 0xe0,
  0xcc, 0x76, 0x61, 0x63, 0x61, 0x65, 0x7c, 0x4a, 0x55, 0xc2, 0xf7, 0xf2,
  0xf9, 0xfa, 0xe5, 0xe4, 0xe1, 0xec, 0xea, 0x95, 0xe9, 0xe8, 0x97, 0x96,
  0x94, 0xee, 0xe2, 0xe0, 0xf3, 0x50, 0x75, 0x67, 0x17, 0x07, 0x08, 0x37,
  0x31, 0x30, 0x33, 0x33, 0x31, 0x0e, 0x19, 0x75, 0x9f, 0x8f, 0xb4, 0xb1,
  0xb1, 0xb7, 0xb7, 0x8a, 0x86, 0x94, 0xd0, 0x63, 0x11, 0x1a, 0x06, 0x06,
  0x07, 0x04, 0x1b, 0x1e, 0x1d, 0x10, 0x16, 0x14, 0x60, 0x41, 0xe5, 0x91,
  0x9a, 0x81, 0x8f, 0x8a, 0xb5, 0xb5, 0x8e, 0x83, 0x98, 0xe4, 0x66, 0x1c,
  0x00, 0x0e, 0x0a, 0x35, 0x08, 0x03, 0x1a, 0x16, 0x71, 0xe0, 0x92, 0x98,
  0x9a, 0x85, 0x9a, 0x9f, 0x93, 0x97, 0xe8, 0xe7, 0xd9, 0x4e, 0x77, 0x73,
  0x67, 0x68, 0x17, 0x11, 0x11, 0x10, 0x12, 0x13, 0x14, 0x6d, 0x65, 0x57,
  0xe7, 0x94, 0x92, 0x9e, 0x9e, 0x9f, 0x9f, 0x90, 0xec, 0xf0, 0xd3, 0x49,
  0x7b, 0x60, 0x60, 0x7a, 0x71, 0x5b, 0xc6, 0xfe, 0xed, 0x95, 0xe8, 0xed,
  0xee, 0x95, 0xea, 0xe2, 0xe6, 0xee, 0xea, 0xef, 0xed, 0xee, 0xee, 0xe4,
  0xc5, 0x7c, 0x11, 0x06, 0x09, 0x37, 0x30, 0x30, 0x30, 0x31, 0x35, 0x06,
  0x6b, 0xe2, 0x87, 0x89, 0xb4, 0xb6, 0xb7, 0xb4, 0x88, 0x80, 0x93, 0xda,
  0x61, 0x16, 0x18, 0x05, 0x1b, 0x18, 0x19, 0x12, 0x10, 0x16, 0x15, 0x17,
  0x11, 0x15, 0x62, 0x79, 0xcd, 0xeb, 0x9f, 0x87, 0x82, 0x89, 0x8a, 0x89,
  0x8d, 0x87, 0x96, 0xd9, 0x6a, 0x05, 0x03, 0x0f, 0x09, 0x0e, 0x02, 0x04,
  0x16, 0x70, 0xfb, 0x90, 0x9b, 0x85, 0x84, 0x84, 0x98, 0x9c, 0x90, 0x95,
  0xe3, 0xfe, 0xdc, 0x4a, 0x7b, 0x66, 0x60, 0x6b, 0x11, 0x1c, 0x1e, 0x12,
  0x11, 0x13, 0x15, 0x7c, 0x57, 0xf7, 0xe2, 0x97, 0x9d, 0x9f, 0x9d, 0x91,
  0x94, 0xe8, 0xe0, 0xf7, 0x5a, 0x7c, 0x65, 0x64, 0x67, 0x65, 0x48, 0xdd,
  0xf7, 0xe4, 0xef, 0x95, 0x97, 0x96, 0x94, 0xea, 0xea, 0x94, 0xe8, 0xe1,
  0xe6, 0xe0, 0xe4, 0xca, 0x4f, 0x61, 0x10, 0x01, 0x09, 0x35, 0x37, 0x37,
  0x36, 0x37, 0x0e, 0x05, 0x6e, 0xe4, 0x98, 0x8c, 0xb5, 0xb5, 0x8a, 0xb5,
  0x89, 0x81, 0x91, 0xce, 0x79, 0x69, 0x1c, 0x05, 0x1b, 0x1e, 0x12, 0x11,
  0x16, 0x15, 0x6c, 0x6e, 0x6d, 0x64, 0x7b, 0x47, 0xf0, 0xe3, 0x96, 0x99,
  0x87, 0x83, 0x82, 0x80, 0x80, 0x87, 0x90, 0xfb, 0x72, 0x11, 0x05, 0x00,
  0x0c, 0x0d, 0x00, 0x07, 0x19, 0x68, 0x45, 0xf8, 0xea, 0x93, 0x9e, 0x98,
  0x99, 0x9f, 0x9d, 0x93, 0x96, 0xe8, 0xe3, 0xe3, 0xe1, 0xf2, 0x50, 0x7f,
  0x6c, 0x16, 0x19, 0x06, 0x00, 0x06, 0x04, 0x1a, 0x1c, 0x62, 0xfd, 0x96,
  0x99, 0x84, 0x81, 0x83, 0x86, 0x98, 0x91, 0xe1, 0xd6, 0x61, 0x11, 0x1d,
  0x11, 0x15, 0x6c, 0x79, 0xd3, 0xe1, 0x94, 0x97, 0x94, 0x96, 0x97, 0xeb,
  0xe3, 0xe4, 0xf9, 0xe5, 0xe0, 0xe3, 0xed, 0x96, 0x92, 0xe1, 0x69, 0x1b,
  0x05, 0x00, 0x34, 0x32, 0x30, 0x34, 0x0b, 0x0f, 0x1a, 0xf5, 0x84, 0x83,
  0x82, 0x8b, 0xb6, 0xb7, 0x8d, 0x9f, 0x96, 0xe8, 0x74, 0x1c, 0x05, 0x1f,
  0x10, 0x12, 0x1c, 0x14, 0x79, 0x77, 0x7a, 0x63, 0x6c, 0x60, 0x7a, 0x64,
  0x67, 0x4a, 0xe6, 0x9d, 0x9a, 0x84, 0x80, 0x8c, 0x8d, 0x87, 0x9d, 0xea,
  0xf3, 0x6d, 0x05, 0x00, 0x03, 0x02, 0x0d, 0x03, 0x1a, 0x6b, 0x4f, 0xfc,
  0x95, 0x9f, 0x9a, 0x98, 0x9c, 0x9d, 0x90, 0x95, 0xe0, 0xfa, 0xf9, 0xe5,
  0xe6, 0xe5, 0xf0, 0xf4, 0xca, 0x5c, 0x61, 0x17, 0x13, 0x1e, 0x04, 0x06,
  0x07, 0x19, 0x11, 0x69, 0x71, 0xe5, 0x96, 0x9c, 0x98, 0x9a, 0x9b, 0x99,
  0x93, 0xe9, 0xf3, 0xd4, 0x49, 0x67, 0x69, 0x6e, 0x67, 0x75, 0x51, 0xd1,
  0xc2, 0xe5, 0xe0, 0xe7, 0xfb, 0xfc, 0xcb, 0xdc, 0xdc, 0xda, 0xdc, 0xdb,
  0xf5, 0xf0, 0xf3, 0xf0, 0xf0, 0xc8, 0xd6, 0x75, 0x62, 0x11, 0x19, 0x04,
  0x06, 0x07, 0x05, 0x05, 0x1c, 0x6d, 0x5c, 0xfe, 0xea, 0x93, 0x9e, 0x98,
  0x9d, 0x90, 0x91, 0xeb, 0xfe, 0x51, 0x70, 0x72, 0x7d, 0x65, 0x67, 0x7a,
  0x79, 0x7f, 0x79, 0x64, 0x64, 0x7b, 0x78, 0x7f, 0x70, 0x4f, 0xda, 0xff,
  0xe5, 0xe3, 0x95, 0x91, 0x90, 0x96, 0xea, 0xe8, 0xe0, 0xc1, 0x4b, 0x7b,
  0x62, 0x69, 0x6a, 0x6a, 0x6f, 0x60, 0x7b, 0x49, 0x57, 0xc1, 0xf0, 0xfa,
  0xe7, 0xe7, 0xe5, 0xe5, 0xe4, 0xe5, 0xfe, 0xf6, 0xf5, 0xf5, 0xce, 0xdb,
  0xdd, 0xdf, 0x56, 0x74, 0x7a, 0x66, 0x63, 0x6e, 0x6a, 0x68, 0x6c, 0x61,
  0x7e, 0x44, 0xda, 0xf0, 0xe4, 0xef, 0x95, 0x95, 0xea, 0xea, 0xe9, 0xed,
  0xe6, 0xf9, 0xf1, 0xf4, 0xcc, 0xc4, 0xcc, 0xf7, 0xf1, 0xf4, 0xf4, 0xf0,
  0xf3, 0xf4, 0xc2, 0xdf, 0x76, 0x14, 0x18, 0x1b, 0x19, 0x04, 0x01, 0x04,
  0x12, 0x68, 0x78, 0xc7, 0xeb, 0x9f, 0x99, 0x9c, 0x9f, 0x98, 0x92, 0xed,
  0xc1, 0x47, 0x72, 0x63, 0x6b, 0x15, 0x68, 0x61, 0x7f, 0x78, 0x7e, 0x43,
  0x5c, 0x4c, 0x7f, 0x67, 0x7d, 0x5c, 0x5d, 0x5e, 0xf7, 0xef, 0x97, 0x96,
  0x91, 0x92, 0x9d, 0x96, 0xed, 0xf0, 0xd4, 0x7d, 0x69, 0x10, 0x1d, 0x1d,
  0x13, 0x11, 0x15, 0x60, 0x4b, 0xc6, 0xff, 0xe7, 0xe2, 0xef, 0xed, 0xe0,
  0xe6, 0xe6, 0xe6, 0xe7, 0xe4, 0xe6, 0xe0, 0xe1, 0xe5, 0xf3, 0xcc, 0x57,
  0x70, 0x61, 0x6f, 0x6b, 0x14, 0x17, 0x15, 0x62, 0x7b, 0x4e, 0xd0, 0xf0,
  0xe6, 0xe2, 0xed, 0xe2, 0xe0, 0xe4, 0xf3, 0xc7, 0x50, 0x41, 0x4c, 0x75,
  0x71, 0x74, 0x47, 0x5f, 0x5b, 0x41, 0x41, 0x44, 0x4d, 0x70, 0x7e, 0x7c,
  0x77, 0x49, 0x43, 0x57, 0xc9, 0xfd, 0xff, 0xfe, 0xe5, 0xe1, 0xe7, 0xfc,
  0xf4, 0xcc, 0xd3, 0x45, 0x75, 0x72, 0x7b, 0x7a, 0x65, 0x64, 0x7a, 0x7e,
  0x73, 0x76, 0x77, 0x4c, 0x50, 0xd3, 0xdf, 0xc4, 0xf5, 0xfd, 0xf9, 0xfa,
  0xe4, 0xe5, 0xff, 0xf0, 0xf6, 0xc2, 0xd5, 0x58, 0x4d, 0x71, 0x72, 0x7d,
  0x7e, 0x79, 0x7e, 0x7e, 0x72, 0x77, 0x4a, 0x43, 0x5e, 0x55, 0xd9, 0xcd,
  0xf7, 0xf3, 0xfd, 0xff, 0xfe, 0xfd, 0xf1, 0xf5, 0xc3, 0xdc, 0x56, 0x45,
  0x4c, 0x48, 0x77, 0x73, 0x72, 0x77, 0x48, 0x4d, 0x58, 0x54, 0xd2, 0xc7,
  0xce, 0xca, 0xf7, 0xf0, 0xf6, 0xf5, 0xf5, 0xcb, 0xcd, 0xc7, 0xd9, 0xd2,
  0xd3, 0xd1, 0x54, 0x53, 0x50, 0x51, 0x5c, 0x5a, 0x45, 0x5a, 0x5a, 0x5b,
  0x58, 0x5f, 0x56, 0xd6, 0xd1, 0xd2, 0xd8, 0xdb, 0xd2, 0x54, 0x53, 0x5e,
  0x40, 0x48, 0x4b, 0x4a, 0x4e, 0x44, 0x53, 0xd3, 0xc4, 0xc5, 0xd9, 0xd8,
  0xd8, 0xd4, 0x5e, 0x47, 0x40, 0x4c, 0x42, 0x44, 0x5c, 0xd4, 0xdc, 0xda,
  0xc2, 0xcd, 0xc7, 0xd9, 0xd5, 0x58, 0x43, 0x4f, 0x4e, 0x4b, 0x4e, 0x59,
  0xd4, 0xdf, 0xc2, 0xf4, 0xf0, 0xf3, 0xf6, 0xca, 0xcf, 0xc4, 0xd1, 0x52,
  0x5a, 0x47, 0x45, 0x58, 0x5f, 0x53, 0xd5, 0xd1, 0xd6, 0xd7, 0xd7, 0x57,
  0x5e, 0x44, 0x40, 0x42, 0x43, 0x47, 0x5b, 0x5d, 0xd4, 0xd8, 0xcd, 0xc8,
  0xc8, 0xf5, 0xca, 0xc2, 0xd8, 0xd2, 0x54, 0x5e, 0x45, 0x44, 0x44, 0x5b,
  0x5c, 0x53, 0x54, 0xd0, 0xd2, 0xdc, 0xdc, 0xd0, 0xd6, 0x55, 0x56, 0x56,
  0x51, 0x51, 0xd7, 0xd1, 0xd0, 0xde, 0xd8, 0xde, 0xdc, 0xd6, 0x56, 0x5c,
  0x44, 0x4f, 0x4b, 0x4b, 0x4e, 0x4d, 0x46, 0x5c, 0xd4, 0xdc, 0xc4, 0xc0,
  0xc0, 0xc0, 0xc1, 0xd8, 0xd3, 0xd6, 0x55, 0x51, 0x53, 0x51, 0x54, 0xd4,
  0xd4, 0xd7, 0xd7, 0xd4, 0x51, 0x5f, 0x45, 0x40, 0x4d, 0x4f, 0x4e, 0x42,
  0x5b, 0x52, 0xd7, 0xd9, 0xc3, 0xc8, 0xf5, 0xf5, 0xca, 0xce, 0xc1, 0xdb,
  0xdd, 0xd4, 0x57, 0x51, 0x51, 0x51, 0x56, 0x54, 0xd4, 0xd4, 0xd5, 0x54,
  0x50, 0x5c, 0x58, 0x5a, 0x5a, 0x5b, 0x59, 0x53, 0xd5, 0xd3, 0xd9, 0xc4,
  0xc1, 0xc3, 0xc3, 0xc5, 0xdc, 0xd6, 0x57, 0x5f, 0x47, 0x42, 0x4d, 0x42,
  0x43, 0x41, 0x45, 0x5f, 0x51, 0x54, 0xd4, 0xd1, 0xd3, 0xd3, 0xd0, 0xd1,
  0xd6, 0xd1, 0xd6, 0xd7, 0xd7, 0xd6, 0xd1, 0xd6, 0xd7, 0xd4, 0x55, 0x57,
  0x51, 0x52, 0x5c, 0x5e, 0x5e, 0x5e, 0x5e, 0x5c, 0x50, 0x54, 0xd6, 0xdd,
  0xd9, 0xda, 0xc4, 0xc4, 0xda, 0xde, 0xdd, 0xd1, 0x55, 0x50, 0x52, 0x52,
  0x5d, 0x5c, 0x52, 0x51, 0x55, 0xd4, 0xd7, 0xd6, 0xd1, 0xd6, 0xd4, 0xd5,
  0xd5, 0xd5, 0x55, 0x55, 0xd4, 0xd1, 0xd3, 0xd2, 0xd2, 0xdd, 0xdd, 0xd0,
  0xd4, 0x55, 0x56, 0x53, 0x5f, 0x5e, 0x5f, 0x5e, 0x5e, 0x5f, 0x5d, 0x52,
  0x53, 0x57, 0xd5, 0xd7, 0xd6, 0xd3, 0xd2, 0xdd, 0xdc, 0xdf, 0xde, 0xd8,
  0xd8, 0xd9, 0xde, 0xdc, 0xd2, 0xd1, 0xd5, 0x56, 0x53, 0x5f, 0x59, 0x5b,
  0x5a, 0x5a, 0x5a, 0x58, 0x5f, 0x52, 0x50, 0x54, 0xd4, 0xd6, 0xd0, 0xd0,
  0xd3, 0xd2, 0xd3, 0xd0, 0xd1, 0xd1, 0xd1, 0xd7, 0xd4, 0xd4, 0xd4, 0xd5,
  0x54, 0x57, 0x51, 0x50, 0x53, 0x52, 0x52, 0x52, 0x52, 0x53, 0x56, 0x54,
  0xd5, 0xd6, 0xd0, 0xd3, 0xd3, 0xd2, 0xdd, 0xdd, 0xd2, 0xd1, 0xd6, 0xd6,
  0xd7, 0xd5, 0x55, 0x54, 0x57, 0x51, 0x53, 0x50, 0x50, 0x53, 0x52, 0x53,
  0x50, 0x56, 0x57, 0x54, 0xd5, 0xd4, 0xd6, 0xd0, 0xd2, 0xdd, 0xdd, 0xdd,
  0xdd, 0xd2, 0xd0, 0xd0, 0xd6, 0xd4, 0x55, 0x54, 0x57, 0x56, 0x50, 0x52,
  0x5d, 0x5d, 0x5d, 0x5c, 0x5c, 0x52, 0x53, 0x53, 0x51, 0x56, 0x54, 0xd4,
  0xd6, 0xd6, 0xd1, 0xd0, 0xd3, 0xd0, 0xd1, 0xd6, 0xd6, 0xd6, 0xd7, 0xd4,
  0xd4, 0xd7, 0xd4, 0xd5, 0x54, 0x55, 0x54, 0x57, 0x51, 0x50, 0x51, 0x56,
  0x56, 0x57, 0x54, 0xd5, 0xd4, 0xd6, 0xd1, 0xd0, 0xd0, 0xd1, 0xd6, 0xd7,
  0xd4, 0x55, 0x57, 0x51, 0x50, 0x50, 0x50, 0x53, 0x53, 0x50, 0x50, 0x56,
  0x57, 0x54, 0x55, 0xd5, 0xd5, 0xd5, 0xd4, 0xd6, 0xd1, 0xd1, 0xd0, 0xd0,
  0xd2, 0xd2, 0xd3, 0xd1, 0xd6, 0xd4, 0x57, 0x51, 0x53, 0x52, 0x52, 0x5d,
  0x52, 0x50, 0x57, 0x55, 0xd4, 0xd6, 0xd0, 0xd3, 0xd3, 0xd0, 0xd1, 0xd7,
  0xd4, 0xd5, 0x54, 0x54, 0x57, 0x57, 0x57, 0x54, 0x54, 0x55, 0x55, 0x54,
  0x54, 0x54, 0x54, 0x54, 0x54, 0x54, 0x55, 0xd5, 0xd4, 0xd7, 0xd7, 0xd7,
  0xd7, 0xd7, 0xd7, 0xd4, 0xd5, 0x54, 0x57, 0x57, 0x56, 0x51, 0x51, 0x51,
  0x51, 0x56, 0x56, 0x54, 0x55, 0xd5, 0xd4, 0xd7, 0xd7, 0xd6, 0xd6, 0xd7,
  0xd4, 0xd4, 0xd5, 0xd4, 0xd4, 0xd4, 0xd4, 0xd4, 0xd4, 0xd7, 0xd7, 0xd6,
  0xd7, 0xd4, 0xd5, 0xd5, 0xd5, 0x55, 0x54, 0x54, 0x57, 0x57, 0x57, 0x57,
  0x57, 0x56, 0x56, 0x56, 0x57, 0x57, 0x57, 0x57, 0x57, 0x56, 0x56, 0x57,
  0x54, 0x55, 0xd5, 0xd4, 0xd7, 0xd7, 0xd7, 0xd6, 0xd6, 0xd7, 0xd5, 0x55,
  0x55, 0x54, 0x54, 0x57, 0x57, 0x54, 0x55, 0x55, 0xd5, 0xd7, 0xd7, 0xd7,
  0xd7, 0xd7, 0xd4, 0xd5, 0x55, 0x54, 0x54, 0x54, 0x55, 0x55, 0xd5, 0xd5,
  0xd4, 0xd4, 0xd4, 0xd4, 0xd5, 0x55, 0x54, 0x57, 0x56, 0x56, 0x57, 0x57,
  0x54, 0x55, 0xd4, 0xd7, 0xd6, 0xd1, 0xd1, 0xd6, 0xd7, 0xd4, 0xd5, 0x54,
  0x57, 0x56, 0x56, 0x56, 0x56, 0x57, 0x57, 0x54, 0x55, 0xd5, 0xd5, 0xd5,
  0xd5, 0xd5, 0xd5, 0xd5, 0xd5, 0xd5, 0xd4, 0xd4, 0xd4, 0xd4, 0xd4, 0xd4,
  0xd5, 0x54, 0x57, 0x57, 0x56, 0x56, 0x56, 0x57, 0x54, 0x55, 0xd5, 0xd4,
  0xd6, 0xd1, 0xd1, 0xd1, 0xd1, 0xd1, 0xd6, 0xd7, 0xd5, 0xd5, 0x55, 0x54,
  0x57, 0x57, 0x57, 0x56, 0x51, 0x51, 0x51, 0x51, 0x51, 0x50, 0x50, 0x51,
  0x57, 0x57, 0x54, 0x55, 0xd4, 0xd7, 0xd1, 0xd0, 0xd0, 0xd0, 0xd1, 0xd6,
  0xd4, 0xd5, 0xd5, 0x55, 0x57, 0x56, 0x56, 0x56, 0x56, 0x56, 0x56, 0x54,
  0x55, 0xd5, 0xd5, 0xd4, 0xd7, 0xd7, 0xd7, 0xd7, 0xd7, 0xd7, 0xd7, 0xd7,
  0xd4, 0xd7, 0xd7, 0xd7, 0xd5, 0x55, 0x54, 0x57, 0x56, 0x51, 0x50, 0x50,
  0x50, 0x50, 0x51, 0x57, 0x54, 0xd5, 0xd4, 0xd7, 0xd1, 0xd1, 0xd1, 0xd6,
  0xd6, 0xd7, 0xd7, 0xd4, 0xd5, 0x55, 0x55, 0x55, 0x55, 0x54, 0x54, 0x54,
  0x54, 0x57, 0x56, 0x56, 0x56, 0x56, 0x56, 0x57, 0x54, 0xd5, 0xd7, 0xd6,
  0xd0, 0xd3, 0xd3, 0xd3, 0xd0, 0xd1, 0xd6, 0xd4, 0x55, 0x57, 0x56, 0x50,
  0x50, 0x50, 0x50, 0x50, 0x51, 0x57, 0x54, 0x55, 0xd5, 0xd4, 0xd4, 0xd7,
  0xd7, 0xd7, 0xd7, 0xd7, 0xd7, 0xd7, 0xd7, 0xd4, 0xd4, 0xd5, 0x55, 0x54,
  0x57, 0x56, 0x51, 0x51, 0x50, 0x50, 0x51, 0x56, 0x54, 0x54, 0xd5, 0xd4,
  0xd7, 0xd6, 0xd1, 0xd1, 0xd0, 0xd1, 0xd6, 0xd6, 0xd7, 0xd4, 0xd5, 0x54,
  0x56, 0x56, 0x56, 0x51, 0x51, 0x51, 0x56, 0x57, 0x55, 0xd5, 0xd4, 0xd7,
  0xd7, 0xd6, 0xd1, 0xd6, 0xd6, 0xd6, 0xd7, 0xd7, 0xd4, 0xd5, 0x55, 0x54,
  0x57, 0x51, 0x50, 0x50, 0x50, 0x53, 0x53, 0x50, 0x51, 0x57, 0x55, 0xd5,
  0xd7, 0xd6, 0xd1, 0xd1, 0xd0, 0xd1, 0xd6, 0xd7, 0xd7, 0xd5, 0x55, 0x55,
  0x55, 0x54, 0x57, 0x54, 0x54, 0x55, 0x55, 0x54, 0x54, 0x55, 0x55, 0x55,
  0x54, 0x55, 0xd5, 0xd5, 0xd5, 0xd5, 0xd4, 0xd4, 0xd4, 0xd4, 0xd4, 0xd4,
  0xd4, 0xd5, 0xd5, 0x55, 0x54, 0x54, 0x57, 0x57, 0x57, 0x57, 0x54, 0x54,
  0x54, 0x55, 0xd5, 0xd5, 0xd5, 0xd5, 0xd5, 0xd5, 0xd5, 0xd5, 0xd5, 0x55,
  0x55, 0x55, 0x54, 0x54, 0x54, 0x54, 0x54, 0x55, 0x55, 0x55, 0x54, 0x55,
  0x55, 0x55, 0xd5, 0xd5, 0xd5, 0xd5, 0xd5, 0xd4, 0xd4, 0xd4, 0xd4, 0xd4,
  0xd4, 0xd5, 0xd5, 0xd5, 0x55, 0x54, 0x57, 0x57, 0x57, 0x57, 0x57, 0x57,
  0x57, 0x57, 0x54, 0x55, 0xd5, 0xd4, 0xd7, 0xd6, 0xd6, 0xd1, 0xd1, 0xd1,
  0xd6, 0xd7, 0xd4, 0x55, 0x54, 0x57, 0x51, 0x50, 0x50, 0x50, 0x50, 0x50,
  0x51, 0x56, 0x57, 0x54, 0x55, 0xd5, 0xd4, 0xd7, 0xd7, 0xd6, 0xd6, 0xd7,
  0xd7, 0xd4, 0xd4, 0xd5, 0xd5, 0x55, 0x54, 0x54, 0x54, 0x54, 0x54, 0x54,
  0x54, 0x54, 0x55, 0xd5, 0xd5, 0xd4, 0xd7, 0xd7, 0xd6, 0xd6, 0xd6, 0xd6,
  0xd6, 0xd7, 0xd4, 0xd5, 0x55, 0x54, 0x57, 0x57, 0x56, 0x56, 0x56, 0x56,
  0x56, 0x57, 0x57, 0x54, 0x55, 0x55, 0xd5, 0xd5, 0xd4, 0xd4, 0xd4, 0xd4,
  0xd5, 0xd5, 0x55, 0x54, 0x54, 0x57, 0x56, 0x56, 0x51, 0x51, 0x51, 0x56,
  0x57, 0x54, 0x55, 0xd5, 0xd7, 0xd6, 0xd1, 0xd3, 0xd3, 0xd2, 0xd3, 0xd3,
  0xd3, 0xd1, 0xd7, 0xd5, 0x54, 0x57, 0x51, 0x50, 0x53, 0x50, 0x50, 0x50,
  0x51, 0x57, 0x54, 0xd5, 0xd4, 0xd6, 0xd1, 0xd1, 0xd0, 0xd2, 0xd2, 0xd3,
  0xd0, 0xd0, 0xd0, 0xd6, 0xd7, 0xd5, 0x54, 0x56, 0x51, 0x50, 0x50, 0x50,
  0x50, 0x52, 0x5d, 0x52, 0x53, 0x50, 0x50, 0x50, 0x57, 0x55, 0xd5, 0xd4,
  0xd6, 0xd0, 0xd3, 0xd0, 0xd1, 0xd6, 0xd4, 0x55, 0x56, 0x50, 0x53, 0x52,
  0x52, 0x50, 0x51, 0x56, 0x54, 0xd5, 0xd7, 0xd6, 0xd1, 0xd0, 0xd0, 0xd0,
  0xd0, 0xd2, 0xdc, 0xdf, 0xdf, 0xdc, 0xdc, 0xdc, 0xd2, 0xd6, 0x55, 0x51,
  0x52, 0x5f, 0x58, 0x5b, 0x5b, 0x5b, 0x58, 0x5f, 0x53, 0x57, 0xd5, 0xd4,
  0xd6, 0xd1, 0xd1, 0xd6, 0xd6, 0xd7, 0xd7, 0xd5, 0x54, 0xd5, 0xd5, 0xd5,
  0xd5, 0xd4, 0xd4, 0xd5, 0x54, 0x57, 0x56, 0x51, 0x53, 0x53, 0x50, 0x56,
  0x54, 0xd4, 0xd6, 0xd0, 0xdd, 0xdf, 0xde, 0xdf, 0xdc, 0xd2, 0xd0, 0xd4,
  0x54, 0x51, 0x53, 0x5d, 0x5c, 0x5f, 0x5c, 0x52, 0x53, 0x53, 0x53, 0x56,
  0x54, 0xd5, 0xd7, 0xd6, 0xd1, 0xd0, 0xd0, 0xd3, 0xd3, 0xd0, 0xd0, 0xd1,
  0xd1, 0xd6, 0xd6, 0xd7, 0xd5, 0x54, 0x56, 0x56, 0x51, 0x53, 0x52, 0x53,
  0x50, 0x51, 0x56, 0x57, 0x55, 0xd5, 0xd4, 0xd6, 0xd1, 0xd1, 0xd6, 0xd7,
  0xd4, 0xd4, 0xd5, 0x55, 0x57, 0x57, 0x57, 0x57, 0x57, 0x57, 0x54, 0x57,
  0x54, 0x54, 0xd5, 0xd5, 0xd5, 0xd5, 0xd4, 0xd7, 0xd1, 0xd0, 0xd2, 0xd2,
  0xdd, 0xdd, 0xd2, 0xd2, 0xd1, 0xd7, 0xd5, 0x54, 0x56, 0x53, 0x5c, 0x5e,
  0x5f, 0x5f, 0x5f, 0x5f, 0x5c, 0x53, 0x56, 0x54, 0xd4, 0xd4, 0xd4, 0xd7,
  0xd6, 0xd1, 0xd6, 0xd6, 0xd6, 0xd6, 0xd6, 0xd1, 0xd1, 0xd0, 0xd6, 0xd4,
  0xd5, 0xd5, 0x54, 0x56, 0x50, 0x52, 0x52, 0x52, 0x50, 0x51, 0x57, 0xd5,
  0xd7, 0xd1, 0xd3, 0xdd, 0xdc, 0xd2, 0xd1, 0xd5, 0x54, 0x51, 0x53, 0x5c,
  0x5f, 0x5f, 0x5f, 0x5c, 0x53, 0x51, 0x57, 0x54, 0x55, 0xd5, 0xd4, 0xd4,
  0xd4, 0xd7, 0xd7, 0xd6, 0xd6, 0xd3, 0xdc, 0xdc, 0xd2, 0xd3, 0xd0, 0xd1,
  0xd4, 0x54, 0x56, 0x51, 0x52, 0x5c, 0x5d, 0x53, 0x50, 0x51, 0x57, 0xd5,
  0xd7, 0xd6, 0xd6, 0xd6, 0xd6, 0xd7, 0xd4, 0xd5, 0x55, 0x54, 0x57, 0x56,
  0x56, 0x56, 0x56, 0x51, 0x51, 0x51, 0x56, 0x57, 0x57, 0x57, 0x54, 0xd5,
  0xd7, 0xd6, 0xd0, 0xd3, 0xdd, 0xdd, 0xdd, 0xdd, 0xd2, 0xd3, 0xd0, 0xd6,
  0xd7, 0xd5, 0x56, 0x50, 0x53, 0x52, 0x5c, 0x5c, 0x5c, 0x5c, 0x5c, 0x5c,
  0x52, 0x53, 0x51, 0x57, 0x54, 0xd4, 0xd1, 0xd3, 0xdc, 0xdf, 0xdf, 0xde,
  0xde, 0xdf, 0xdc, 0xd3, 0xd6, 0x55, 0x56, 0x50, 0x5d, 0x5c, 0x5f, 0x5f,
  0x5c, 0x5d, 0x50, 0x56, 0x54, 0xd4, 0xd7, 0xd7, 0xd6, 0xd1, 0xd7, 0xd4,
  0xd5, 0x55, 0x54, 0x54, 0x57, 0x56, 0x56, 0x56, 0x56, 0x51, 0x51, 0x50,
  0x50, 0x53, 0x50, 0x50, 0x56, 0x57, 0x55, 0xd5, 0xd7, 0xd1, 0xd0, 0xd3,
  0xd2, 0xd2, 0xd2, 0xd3, 0xd0, 0xd1, 0xd6, 0xd7, 0xd5, 0x55, 0x55, 0x54,
  0x56, 0x51, 0x51, 0x56, 0x57, 0x57, 0x55, 0xd5, 0xd4, 0xd7, 0xd6, 0xd6,
  0xd1, 0xd6, 0xd6, 0xd4, 0xd5, 0x55, 0x54, 0x57, 0x56, 0x51, 0x50, 0x53,
  0x53, 0x53, 0x51, 0x51, 0x56, 0x54, 0xd5, 0xd7, 0xd6, 0xd1, 0xd3, 0xd3,
  0xd3, 0xd0, 0xd1, 0xd6, 0xd4, 0x54, 0x56, 0x50, 0x50, 0x53, 0x5d, 0x5c,
  0x5f, 0x5c, 0x5d, 0x52, 0x50, 0x56, 0x57, 0x55, 0xd5, 0xd4, 0xd1, 0xd2,
  0xdd, 0xdd, 0xdd, 0xdf, 0xde, 0xd9, 0xdf, 0xdd, 0xd3, 0xd0, 0xd7, 0x55,
  0x56, 0x50, 0x53, 0x5d, 0x5d, 0x53, 0x50, 0x56, 0x56, 0x54, 0xd5, 0xd6,
  0xd1, 0xd1, 0xd1, 0xd6, 0xd7, 0xd5, 0x57, 0x50, 0x52, 0x5c, 0x5f, 0x5e,
  0x5f, 0x5f, 0x5d, 0x53, 0x51, 0x57, 0xd5, 0xd7, 0xd1, 0xd0, 0xd0, 0xd0,
  0xd0, 0xd0, 0xd3, 0xd3, 0xd3, 0xd3, 0xd2, 0xd0, 0xd7, 0xd5, 0x57, 0x51,
  0x52, 0x5d, 0x52, 0x5d, 0x52, 0x50, 0x56, 0xd5, 0xd7, 0xd6, 0xd0, 0xdd,
  0xdd, 0xdd, 0xdd, 0xdd, 0xd3, 0xd1, 0xd6, 0xd6, 0xd7, 0xd5, 0x54, 0x56,
  0x50, 0x53, 0x52, 0x5d, 0x52, 0x53, 0x53, 0x50, 0x56, 0x54, 0xd4, 0xd7,
  0xd1, 0xd3, 0xd2, 0xd2, 0xd3, 0xd1, 0xd7, 0xd4, 0xd5, 0x57, 0x50, 0x53,
  0x5c, 0x5e, 0x5e, 0x59, 0x59, 0x59, 0x5e, 0x5c, 0x53, 0x56, 0x54, 0xd5,
  0xd6, 0xd0, 0xdd, 0xdf, 0xd9, 0xde, 0xde, 0xdf, 0xdf, 0xdd, 0xd3, 0xd1,
  0xd6, 0xd4, 0x54, 0x51, 0x51, 0x56, 0x51, 0x50, 0x50, 0x56, 0x57, 0x54,
  0xd5, 0xd7, 0xd1, 0xd3, 0xd2, 0xdd, 0xd2, 0xd0, 0xd6, 0xd5, 0x57, 0x50,
  0x52, 0x5e, 0x59, 0x58, 0x58, 0x5e, 0x5f, 0x5d, 0x53, 0x53, 0x56, 0x54,
  0xd5, 0xd7, 0xd6, 0xd0, 0xd0, 0xd3, 0xdc, 0xdc, 0xdd, 0xd3, 0xd0, 0xd6,
  0xd4, 0x55, 0x56, 0x53, 0x52, 0x52, 0x5c, 0x5d, 0x52, 0x53, 0x50, 0x51,
  0x54, 0xd5, 0xd6, 0xd0, 0xd0, 0xd2, 0xdd, 0xdc, 0xdc, 0xdc, 0xdc, 0xdd,
  0xd3, 0xd1, 0xd7, 0xd5, 0x57, 0x51, 0x53, 0x52, 0x53, 0x53, 0x51, 0x51,
  0x57, 0x54, 0xd5, 0xd4, 0xd4, 0xd4, 0xd4, 0xd4, 0xd4, 0xd7, 0xd7, 0xd5,
  0x55, 0x55, 0x54, 0x57, 0x56, 0x53, 0x5d, 0x5f, 0x5e, 0x5e, 0x5e, 0x5e,
  0x5c, 0x52, 0x50, 0x57, 0xd4, 0xd1, 0xd2, 0xdd, 0xdc, 0xdc, 0xdf, 0xdf,
  0xdf, 0xdc, 0xd2, 0xd1, 0xd6, 0xd4, 0x55, 0x54, 0x57, 0x51, 0x50, 0x53,
  0x50, 0x51, 0x56, 0x56, 0x54, 0xd4, 0xd7, 0xd0, 0xd3, 0xd3, 0xd3, 0xd0,
  0xd6, 0xd4, 0xd5, 0x54, 0x56, 0x53, 0x53, 0x5d, 0x5c, 0x5c, 0x5d, 0x52,
  0x52, 0x50, 0x56, 0x57, 0x54, 0xd5, 0xd7, 0xd6, 0xd0, 0xd0, 0xd0, 0xd1,
  0xd1, 0xd6, 0xd7, 0xd5, 0x55, 0x54, 0x56, 0x56, 0x56, 0x56, 0x56, 0x51,
  0x51, 0x57, 0x57, 0x54, 0x55, 0x55, 0xd5, 0xd4, 0xd7, 0xd1, 0xd0, 0xd0,
  0xd3, 0xd0, 0xd0, 0xd6, 0xd7, 0xd5, 0x55, 0x57, 0x51, 0x50, 0x50, 0x56,
  0x57, 0x54, 0x55, 0xd4, 0xd6, 0xd6, 0xd6, 0xd1, 0xd1, 0xd6, 0xd7, 0xd4,
  0x55, 0x54, 0x55, 0x54, 0x54, 0x54, 0x56, 0x56, 0x51, 0x51, 0x51, 0x50,
  0x50, 0x50, 0x50, 0x50, 0x51, 0x56, 0x57, 0x55, 0xd4, 0xd4, 0xd4, 0xd7,
  0xd6, 0xd1, 0xd6, 0xd6, 0xd1, 0xd6, 0xd7, 0xd7, 0xd4, 0xd5, 0xd5, 0x55,
  0x54, 0x57, 0x57, 0x56, 0x54, 0x54, 0x55, 0xd4, 0xd7, 0xd6, 0xd1, 0xd1,
  0xd6, 0xd6, 0xd7, 0xd4, 0xd4, 0xd4, 0xd5, 0x54, 0x57, 0x56, 0x51, 0x56,
  0x51, 0x51, 0x51, 0x51, 0x51, 0x51, 0x56, 0x57, 0x55, 0xd5, 0xd5, 0xd4,
  0xd4, 0xd6, 0xd6, 0xd7, 0xd7, 0xd7, 0xd7, 0xd4, 0xd5, 0x54, 0x57, 0x51,
  0x51, 0x50, 0x51, 0x51, 0x56, 0x56, 0x57, 0x54, 0xd5, 0xd5, 0xd4, 0xd7,
  0xd7, 0xd7, 0xd7, 0xd7, 0xd6, 0xd1, 0xd1, 0xd6, 0xd7, 0xd4, 0x55, 0x54,
  0x54, 0x54, 0x56, 0x56, 0x56, 0x57, 0x57, 0x57, 0x54, 0x55, 0xd4, 0xd6,
  0xd1, 0xd0, 0xd3, 0xd3, 0xd0, 0xd0, 0xd0, 0xd1, 0xd7, 0xd4, 0x55, 0x54,
  0x57, 0x57, 0x56, 0x56, 0x57, 0x57, 0x54, 0x54, 0x55, 0xd5, 0x55, 0xd5,
  0xd5, 0xd4, 0xd4, 0xd4, 0xd5, 0xd5, 0xd4, 0xd7, 0xd7, 0xd4, 0xd4, 0xd5,
  0x54, 0x57, 0x56, 0x51, 0x50, 0x50, 0x53, 0x51, 0x57, 0x54, 0xd5, 0xd7,
  0xd6, 0xd6, 0xd6, 0xd6, 0xd1, 0xd6, 0xd7, 0xd5, 0xd5, 0x54, 0x54, 0x54,
  0x57, 0x56, 0x51, 0x51, 0x56, 0x57, 0x57, 0x57, 0x54, 0x55, 0xd5, 0xd4,
  0xd7, 0xd6, 0xd6, 0xd6, 0xd6, 0xd6, 0xd6, 0xd6, 0xd7, 0xd4, 0xd4, 0x55,
  0x54, 0x54, 0x56, 0x51, 0x51, 0x56, 0x51, 0x51, 0x57, 0x56, 0x57, 0x54,
  0x55, 0xd5, 0xd5, 0xd5, 0xd4, 0xd5, 0xd5, 0xd4, 0xd5, 0x55, 0x55, 0x54,
  0x55, 0xd5, 0x55, 0xd5, 0xd4, 0xd7, 0xd4, 0xd4, 0xd5, 0x55, 0x54, 0x54,
  0x56, 0x51, 0x56, 0x57, 0x57, 0x57, 0x54, 0x55, 0xd5, 0xd4, 0xd4, 0xd5,
  0xd5, 0x55, 0x54, 0x54, 0x55, 0x55, 0xd5, 0xd5, 0xd4, 0xd7, 0xd7, 0xd7,
  0xd7, 0xd6, 0xd7, 0xd4, 0xd5, 0x55, 0x54, 0x57, 0x57, 0x56, 0x56, 0x57,
  0x54, 0x55, 0x54, 0x55, 0x54, 0x54, 0xd5, 0x55, 0x55, 0x54, 0x57, 0x54,
  0x54, 0x54, 0x54, 0xd5, 0xd5, 0xd4, 0xd7, 0xd7, 0xd7, 0xd4, 0xd4, 0xd5,
  0x55, 0x55, 0x54, 0x57, 0x56, 0x56, 0x51, 0x51, 0x56, 0x51, 0x56, 0x57,
  0x54, 0x55, 0x55, 0x55, 0x55, 0x55, 0x55, 0x55, 0xd5, 0xd5, 0xd5, 0xd5,
  0xd4, 0xd7, 0xd7, 0xd6, 0xd4, 0xd5, 0xd4, 0x55, 0x57, 0x54, 0x57, 0x56,
  0x56, 0x56, 0x56, 0x54, 0x57, 0x54, 0x55, 0xd5, 0xd5, 0xd5, 0xd5, 0x55,
  0x55, 0x55, 0x55, 0x55, 0x55, 0xd5, 0xd5, 0x55, 0xd5, 0xd5, 0xd5, 0xd5,
  0xd5, 0xd5, 0xd5, 0xd5, 0x55, 0x54, 0x54, 0x57, 0x57, 0x54, 0x55, 0x54,
  0x57, 0x54, 0x54, 0x57, 0x54, 0x54, 0x54, 0x54, 0x54, 0x54, 0x54, 0x55,
  0x55, 0xd5, 0xd4, 0xd7, 0xd6, 0xd1, 0xd1, 0xd1, 0xd1, 0xd0, 0xd6, 0xd7,
  0xd4, 0xd5, 0x55, 0x57, 0x56, 0x51, 0x50, 0x51, 0x56, 0x56, 0x57, 0x54,
  0x55, 0x55, 0x55, 0x55, 0x55, 0x55, 0x55, 0x54, 0x54, 0x54, 0x55, 0xd5,
  0x55, 0xd5, 0xd5, 0xd5, 0xd5, 0xd5, 0x55, 0x55, 0x57, 0x57, 0x57, 0x57,
  0x57, 0x57, 0x54, 0xd5, 0xd4, 0xd4, 0xd7, 0xd7, 0xd7, 0xd5, 0xd5, 0xd5,
  0xd5, 0x55, 0x55, 0x55, 0x55, 0x55, 0xd5, 0xd5, 0xd5, 0xd4, 0xd7, 0xd4,
  0xd5, 0xd5, 0x54, 0x54, 0x57, 0x56, 0x57, 0x57, 0x57, 0x54, 0x54, 0x55,
  0x55, 0xd5, 0xd5, 0xd5, 0xd5, 0xd5, 0x55, 0x55, 0x54, 0x57, 0x57, 0x54,
  0x54, 0xd5, 0xd5, 0xd4, 0xd7, 0xd7, 0xd7, 0xd4, 0xd4, 0xd4, 0xd5, 0xd5,
  0x54, 0x57, 0x57, 0x54, 0x57, 0x57, 0x54, 0x55, 0x55, 0xd5, 0xd5, 0xd5,
  0xd5, 0xd5, 0xd5, 0x54, 0x54, 0x54, 0x54, 0x54, 0x55, 0xd5, 0xd5, 0xd4,
  0xd7, 0xd6, 0xd6, 0xd6, 0xd6, 0xd4, 0xd4, 0xd4, 0xd5, 0xd5, 0x55, 0x54,
  0x54, 0x55, 0x55, 0xd5, 0xd5, 0xd5, 0xd5, 0xd5, 0x55, 0x55, 0x54, 0x57,
  0x57, 0x57, 0x57, 0x57, 0x54, 0x55, 0xd5, 0xd5, 0xd5, 0xd4, 0xd7, 0xd4,
  0xd4, 0xd5, 0xd5, 0x54, 0x57, 0x57, 0x57, 0x54, 0x54, 0x55, 0xd5, 0xd5,
  0xd4, 0xd4, 0xd4, 0xd5, 0xd5, 0xd5, 0x54, 0x57, 0x57, 0x57, 0x57, 0x57,
  0x54, 0x54, 0x55, 0xd4, 0xd4, 0xd4, 0xd7, 0xd7, 0xd7, 0xd4, 0xd5, 0xd5,
  0x54, 0x54, 0x57, 0x56, 0x51, 0x56, 0x57, 0x57, 0x55, 0xd5, 0x55, 0x55,
  0x55, 0x54, 0x55, 0xd5, 0x54, 0xd5, 0x55, 0x55, 0xd5, 0xd5, 0xd4, 0xd5,
  0xd7, 0xd5, 0x55, 0xd4, 0x57, 0x54, 0x57, 0x51, 0x56, 0x51, 0x57, 0x56,
  0x54, 0xd5, 0xd5, 0xd7, 0xd6, 0xd6, 0xd6, 0xd7, 0xd6, 0xd7, 0xd4, 0xd5,
  0x54, 0x57, 0x54, 0x54, 0x57, 0x54, 0x54, 0x55, 0xd5, 0xd5, 0xd5, 0xd5,
  0xd4, 0xd5, 0xd5, 0xd4, 0xd5, 0xd5, 0xd5, 0xd4, 0xd4, 0xd4, 0xd4, 0x55,
  0x55, 0xd5, 0x54, 0x54, 0x57, 0x51, 0x51, 0x51, 0x51, 0x51, 0x56, 0x57,
  0x54, 0xd5, 0xd4, 0xd7, 0xd6, 0xd6, 0xd6, 0xd1, 0xd1, 0xd7, 0xd4, 0xd5,
  0x55, 0xd5, 0x55, 0x54, 0x54, 0x57, 0x57, 0x57, 0x54, 0x57, 0x57, 0x56,
  0x56, 0x57, 0x57, 0x57, 0x57, 0x57, 0x57, 0x57, 0x54, 0x54, 0x55, 0x55,
  0x55, 0x55, 0x55, 0x54, 0x54, 0x57, 0x57, 0x54, 0x57, 0x57, 0x56, 0x57,
  0x54, 0x54, 0x54, 0xd5, 0xd5, 0xd5, 0xd4, 0xd7, 0xd7, 0xd4, 0xd1, 0xd5,
  0xd5, 0xd6, 0x54, 0x55, 0xd5, 0xd5, 0x57, 0x54, 0xd5, 0x51, 0x57, 0xd5,
  0x51, 0x57, 0xd5, 0x57, 0x54, 0x57, 0xd7, 0x55, 0xd5, 0xd7, 0xd4, 0xd6,
  0xd4, 0xd1, 0xd5, 0xd4, 0xd1, 0x54, 0x55, 0xd4, 0x57, 0x54, 0x55, 0x56,
  0x57, 0x56, 0x57, 0x55, 0x54, 0x55, 0xd5, 0x55, 0xd4, 0xd7, 0xd5, 0xd0,
  0xd1, 0xd4, 0xd0, 0xd1, 0xd7, 0xd6, 0xd7, 0x55, 0xd5, 0x55, 0x51, 0x57,
  0x54, 0x50, 0x51, 0x54, 0x50, 0x56, 0xd4, 0x57, 0xd4, 0xd6, 0x54, 0xd1,
  0xd0, 0xd4, 0xd3, 0xd7, 0xd1, 0xd1, 0xd7, 0xd7, 0xd6, 0xd7, 0x54, 0xd5,
  0x54, 0x54, 0x52, 0x5c, 0x5c, 0x5c, 0x51, 0x52, 0x5f, 0xd5, 0xd1, 0x55,
  0xd1, 0xd2, 0xd2, 0xd3, 0xd2, 0xd7, 0xd7, 0xd0, 0xd5, 0xd5, 0x55, 0xd4,
  0x54, 0x55, 0x54, 0x50, 0x57, 0x56, 0x5c, 0x5f, 0x56, 0x53, 0x51, 0x56,
  0x57, 0xd5, 0xd7, 0xd4, 0xd6, 0xd6, 0xd7, 0xd6, 0xd5, 0xd7, 0xd5, 0xd5,
  0xd5, 0xd5, 0x55, 0xd5, 0xd7, 0x57, 0x56, 0x56, 0x51, 0x50, 0x51, 0x51,
  0x51, 0x54, 0x54, 0x54, 0xd4, 0xd5, 0xd4, 0xd4, 0xd4, 0xd5, 0x55, 0x55,
  0x55, 0xd5, 0xd4, 0xd4, 0xd7, 0xd4, 0xd5, 0xd7, 0xd7, 0xd5, 0x55, 0x55,
  0xd5, 0x55, 0x55, 0xd5, 0xd5, 0xd7, 0xd7, 0xd6, 0xd6, 0xd7, 0xd6, 0xd5,
  0x55, 0x55, 0x54, 0x54, 0x57, 0x57, 0x55, 0x55, 0xd5, 0xd4, 0xd5, 0xd6,
  0xd6, 0xd7, 0xd1, 0xd1, 0xd1, 0xd1, 0xd6, 0xd1, 0xd1, 0xd7, 0xd4, 0x55,
  0x55, 0x57, 0x51, 0x50, 0x53, 0x53, 0x53, 0x53, 0x53, 0x50, 0x56, 0x56,
  0x57, 0x54, 0xd5, 0xd5, 0xd5, 0xd5, 0xd4, 0xd6, 0xd7, 0xd7, 0xd7, 0xd4,
  0xd4, 0xd5, 0xd5, 0x54, 0x56, 0x51, 0x50, 0x50, 0x50, 0x51, 0x50, 0x51,
  0x57, 0x54, 0x55, 0x55, 0xd5, 0xd4, 0xd4, 0xd7, 0xd7, 0xd7, 0xd6, 0xd6,
  0xd6, 0xd6, 0xd6, 0xd7, 0xd4, 0xd5, 0x55, 0x54, 0x57, 0x57, 0x56, 0x56,
  0x57, 0x57, 0x54, 0x54, 0x55, 0xd5, 0xd5, 0xd5, 0xd4, 0xd4, 0xd4, 0xd4,
  0xd4, 0xd7, 0xd6, 0xd6, 0xd6, 0xd7, 0xd7, 0xd4, 0x55, 0x54, 0x57, 0x57,
  0x57, 0x57, 0x57, 0x57, 0x56, 0x56, 0x56, 0x57, 0x56, 0x57, 0x57, 0x54,
  0x54, 0x54, 0x54, 0x54, 0xd5, 0xd5, 0xd5, 0x55, 0xd5, 0xd5, 0x55, 0x55,
  0x55, 0x54, 0x55, 0x55, 0xd5, 0xd5, 0xd5, 0xd5, 0xd5, 0xd4, 0xd4, 0xd4,
  0xd4, 0xd4, 0xd4, 0xd4, 0xd5, 0xd5, 0x55, 0x54, 0x57, 0x56, 0x51, 0x50,
  0x51, 0x50, 0x51, 0x56, 0x57, 0x54, 0x55, 0xd5, 0xd5, 0xd5, 0xd5, 0xd5,
  0xd5, 0xd5, 0xd4, 0xd4, 0xd4, 0xd5, 0xd5, 0xd5, 0x55, 0x54, 0x54, 0x57,
  0x56, 0x51, 0x51, 0x56, 0x56, 0x56, 0x57, 0x55, 0xd5, 0xd4, 0xd7, 0xd7,
  0xd7, 0xd7, 0xd7, 0xd6, 0xd7, 0xd4, 0xd5, 0x55, 0x55, 0x54, 0x54, 0x55,
  0x54, 0x57, 0x57, 0x57, 0x57, 0x54, 0x57, 0x57, 0x57, 0x54, 0xd5, 0xd5,
  0xd4, 0xd4, 0xd4, 0xd5, 0xd4, 0xd5, 0xd4, 0xd5, 0xd5, 0xd5, 0x55, 0xd5,
  0xd5, 0x54, 0x55, 0x54, 0x54, 0x54, 0x57, 0x57, 0x57, 0x54, 0x54, 0x54,
  0x54, 0x55, 0xd5, 0xd4, 0xd4, 0xd5, 0xd5, 0xd5, 0x55, 0x54, 0x54, 0x57,
  0x54, 0x54, 0x55, 0x55, 0xd5, 0xd4, 0xd4, 0xd4, 0xd7, 0xd7, 0xd4, 0xd4,
  0xd4, 0xd4, 0xd4, 0xd5, 0xd4, 0xd4, 0xd7, 0xd7, 0xd4, 0xd5, 0xd4, 0xd5,
  0x54, 0x54, 0x57, 0x56, 0x51, 0x56, 0x56, 0x56, 0x56, 0x57, 0x57, 0x54,
  0x54, 0x55, 0xd5, 0xd5, 0xd5, 0xd5, 0xd4, 0xd5, 0xd5, 0xd5, 0xd5, 0xd5,
  0xd5, 0xd5, 0xd5, 0xd5, 0xd5, 0x55, 0x54, 0x57, 0x54, 0x54, 0x57, 0x54,
  0x54, 0x55, 0x55, 0xd5, 0xd5, 0xd4, 0xd4, 0xd7, 0xd7, 0xd4, 0xd4, 0xd4,
  0xd5, 0xd5, 0x55, 0x55, 0x54, 0x54, 0x57, 0x57, 0x54, 0x54, 0x54, 0x54,
  0x55, 0xd5, 0xd5, 0xd5, 0xd4, 0xd7, 0xd4, 0xd4, 0xd4, 0xd4, 0xd4, 0xd5,
  0xd5, 0xd5, 0xd4, 0xd4, 0xd7, 0xd5, 0x55, 0x55, 0x55, 0x54, 0x57, 0x54,
  0x55, 0x55, 0xd5, 0xd5, 0x55, 0xd5, 0xd5, 0xd5, 0xd5, 0xd5, 0x55, 0x55,
  0x54, 0x54, 0x54, 0x55, 0x54, 0x54, 0x55, 0xd5, 0xd5, 0x55, 0xd5, 0xd4,
  0xd5, 0xd5, 0xd5, 0xd4, 0xd6, 0xd6, 0xd6, 0xd1, 0xd1, 0xd1, 0xd6, 0xd6,
  0xd6, 0xd7, 0xd5, 0xd5, 0xd5, 0x55, 0x55, 0x54, 0x57, 0x54, 0x54, 0x54,
  0x54, 0x54, 0x54, 0x54, 0x54, 0x55, 0x55, 0x55, 0x55, 0xd5, 0xd5, 0xd5,
  0xd5, 0x55, 0xd5, 0xd5, 0xd5, 0xd5, 0xd5, 0x55, 0x55, 0x55, 0x54, 0x54,
  0x54, 0x54, 0x54, 0x54, 0x55, 0x55, 0x55, 0x55, 0x55, 0x55, 0x55, 0x57,
  0x54, 0x55, 0x55, 0x54, 0x54, 0x54, 0x54, 0x54, 0x54, 0x54, 0x54, 0x57,
  0x54, 0x54, 0x55, 0x55, 0x54, 0x55, 0xd5, 0xd5, 0x55, 0x55, 0x55, 0xd4,
  0xd4, 0xd7, 0xd4, 0xd4, 0xd4, 0xd4, 0xd4, 0xd5, 0xd5, 0x55, 0x55, 0x55,
  0x55, 0xd5, 0xd5, 0x55, 0xd5, 0x55, 0xd5, 0xd5, 0xd5, 0xd5, 0xd5, 0xd5,
  0xd5, 0xd5, 0x55, 0xd5, 0xd4, 0xd5, 0x55, 0xd5, 0xd5, 0xd5, 0xd5, 0xd5,
  0xd5, 0xd5, 0x55, 0x55, 0xd5, 0xd5, 0x55, 0xd5, 0xd5, 0xd4, 0xd4, 0xd5,
  0xd4, 0xd4, 0xd5, 0xd5, 0xd5, 0xd5, 0xd5, 0x55, 0x55, 0x55, 0x55, 0x55,
  0x55, 0x54, 0x54, 0x54, 0x54, 0x55, 0x54, 0x54, 0x54, 0x55, 0x54, 0x55,
  0x55, 0x55, 0xd5, 0x55, 0x54, 0x54, 0x54, 0x55, 0x55, 0x55, 0x55, 0x55,
  0x54, 0x54, 0x55, 0x54, 0x54, 0x54, 0x54, 0x55, 0x55, 0xd5, 0x55, 0x55,
  0x55, 0x55, 0x55, 0x55, 0x55, 0x55, 0x55, 0x55, 0x54, 0x57, 0x57, 0x54,
  0x54, 0x57, 0x54, 0x54, 0x54, 0x55, 0x55, 0x54, 0x55, 0x55, 0x55, 0x55,
  0xd5, 0x55, 0xd5, 0xd5, 0xd5, 0xd5, 0xd5, 0xd5, 0x55, 0x55, 0x55, 0x54,
  0x54, 0x54, 0x55, 0x55, 0x54, 0x54, 0xd5, 0xd5, 0x55, 0x55, 0xd5, 0xd4,
  0xd5, 0xd5, 0xd5, 0xd5, 0xd4, 0xd4, 0x55, 0xd5, 0xd5, 0xd5, 0xd4, 0xd4,
  0xd5, 0xd5, 0xd5, 0xd5, 0xd5, 0xd4, 0xd7, 0xd4, 0xd4, 0xd4, 0xd7, 0xd4,
  0xd4, 0xd5, 0xd4, 0xd5, 0xd5, 0xd5, 0xd5, 0x55, 0x54, 0x54, 0x54, 0x55,
  0x54, 0x57, 0x57, 0x57, 0x54, 0x55, 0x55, 0x54, 0x55, 0xd5, 0xd5, 0xd4,
  0xd4, 0xd4, 0xd4, 0xd7, 0xd5, 0x55, 0xd5, 0x55, 0x55, 0x54, 0x54, 0x54,
  0x54, 0x54, 0x55, 0x54, 0x54, 0x55, 0x55, 0x55, 0x54, 0xd5, 0xd5, 0xd5,
  0xd5, 0xd5, 0xd5, 0xd4, 0xd4, 0xd5, 0xd4, 0xd5, 0xd5, 0x55, 0x55, 0x54,
  0x57, 0x57, 0x54, 0x54, 0x54, 0x54, 0x54, 0x55, 0x55, 0x55, 0x55, 0x55,
  0x55, 0x54, 0x54, 0x55, 0x55, 0x54, 0x55, 0x55, 0x55, 0x55, 0x55, 0xd5,
  0xd5, 0x55, 0x55, 0xd5, 0xd5, 0x55, 0x55, 0xd5, 0x55, 0x55, 0xd5, 0xd4,
  0xd4, 0xd5, 0xd4, 0xd4, 0xd4, 0xd4, 0xd4, 0xd4, 0xd5, 0xd5, 0xd5, 0xd5,
  0x55, 0x55, 0x55, 0x55, 0xd5, 0xd5, 0xd5, 0xd5, 0x55, 0x55, 0xd5, 0x55,
  0x55, 0x55, 0x55, 0x55, 0x55, 0x55, 0x55, 0xd5, 0xd5, 0xd5, 0xd5, 0xd5,
  0xd5, 0xd5, 0xd5, 0x55, 0x54, 0x54, 0x57, 0x57, 0x54, 0x57, 0x57, 0x54,
  0x54, 0x55, 0xd5, 0x55, 0x55, 0x55, 0xd5, 0xd5, 0xd5, 0xd5, 0xd5, 0xd5,
  0x55, 0xd5, 0xd5, 0x55, 0x55, 0x55, 0x55, 0x55, 0x55, 0x55, 0x55, 0x54,
  0x54, 0x54, 0x54, 0x55, 0x55, 0x55, 0xd5, 0xd4, 0xd4, 0xd4, 0xd7, 0xd4,
  0xd4, 0xd7, 0xd7, 0xd4, 0x55, 0x55, 0x55, 0x55, 0x54, 0x57, 0x57, 0x54,
  0x55, 0x55, 0x55, 0x55, 0x55, 0xd5, 0xd5, 0x55, 0x55, 0x55, 0x55, 0x55,
  0x55, 0x55, 0x55, 0x55, 0x55, 0x55, 0x55, 0x55, 0x54, 0x54, 0x55, 0x55,
  0xd5, 0x55, 0x54, 0x55, 0x55, 0x55, 0x55, 0xd5, 0xd5, 0xd5, 0xd4, 0xd4,
  0xd4, 0xd7, 0xd5, 0xd5, 0xd4, 0xd5, 0xd5, 0x55, 0x55, 0x55, 0x55, 0xd5,
  0xd5, 0xd5, 0xd5, 0xd4, 0xd4, 0xd4, 0xd4, 0xd4, 0xd5, 0xd5, 0x55, 0x55,
  0x54, 0xd5, 0xd5, 0x55, 0x54, 0xd5, 0xd5, 0x55, 0x55, 0xd5, 0x55, 0x54,
  0x54, 0x55, 0x55, 0x54, 0x54, 0x54, 0x54, 0x54, 0x54, 0x54, 0x55, 0x55,
  0x54, 0x54, 0x55, 0x55, 0x55, 0x54, 0x54, 0x54, 0x57, 0x54, 0x54, 0x54,
  0x54, 0x54, 0x54, 0x55, 0x55, 0x55, 0x54, 0x55, 0x54, 0x54, 0x54, 0x54,
  0x54, 0x57, 0x54, 0x54, 0x55, 0x55, 0x55, 0x55, 0x54, 0x55, 0xd5, 0xd5,
  0x55, 0x54, 0x54, 0x54, 0x54, 0x54, 0x55, 0x54, 0x57, 0x54, 0x55, 0x54,
  0x54, 0x54, 0x55, 0x54, 0x54, 0x57, 0x57, 0x54, 0x54, 0x54, 0x54, 0x55,
  0x54, 0x55, 0x55, 0x55, 0xd5, 0xd5, 0x55, 0xd5, 0xd5, 0xd5, 0xd4, 0xd5,
  0xd5, 0xd5, 0xd5, 0xd5, 0xd5, 0xd4, 0xd4, 0xd4, 0xd4, 0xd5, 0xd5, 0xd4,
  0xd5, 0xd5, 0xd5, 0xd4, 0xd5, 0xd4, 0xd5, 0xd5, 0xd4, 0xd5, 0xd5, 0x55,
  0xd5, 0xd4, 0xd5, 0xd5, 0x55, 0x55, 0x55, 0x54, 0x55, 0x54, 0x54, 0x54,
  0x54, 0x54, 0x54, 0x54, 0x55, 0x54, 0x54, 0xd5, 0xd5, 0x54, 0x54, 0x54,
  0x54, 0x55, 0xd5, 0xd5, 0x55, 0x54, 0x54, 0x54, 0x54, 0x54, 0x54, 0x55,
  0x54, 0x57, 0x54, 0x54, 0x55, 0x55, 0x55, 0x55, 0xd5, 0xd5, 0x55, 0x54,
  0x54, 0x55, 0x54, 0x54, 0x55, 0x55, 0x55, 0x54, 0x55, 0x55, 0x54, 0x57,
  0x54, 0x54, 0x54, 0x55, 0x55, 0x54, 0x55, 0x55, 0xd5, 0xd5, 0xd5, 0xd5,
  0xd5, 0xd5, 0xd4, 0xd4, 0xd4, 0xd4, 0xd4, 0xd5, 0xd5, 0x54, 0x57, 0x54,
  0x54, 0x55, 0x54, 0x55, 0x55, 0x54, 0x55, 0x54, 0x54, 0xd5, 0xd4, 0xd7,
  0xd4, 0xd7, 0xd4, 0xd4, 0xd4, 0xd4, 0xd4, 0xd5, 0xd5, 0xd7, 0xd7, 0xd4,
  0xd5, 0xd5, 0xd5, 0xd5, 0xd4, 0xd4, 0xd5, 0xd5, 0xd4, 0x55, 0xd5, 0xd5,
  0xd5, 0xd4, 0xd4, 0xd4, 0xd5, 0xd5, 0x55, 0x54, 0x55, 0xd5, 0x55, 0x54,
  0x55, 0xd5, 0x55, 0x54, 0xd5, 0xd5, 0x55, 0x54, 0x55, 0xd5, 0xd5, 0x55,
  0xd5, 0xd5, 0xd5, 0x55, 0xd5, 0xd5, 0xd5, 0xd5, 0xd5, 0xd4, 0xd4, 0xd4,
  0xd5, 0xd4, 0xd5, 0x55, 0xd5, 0xd5, 0xd5, 0x55, 0xd5, 0xd5, 0x55, 0x55,
  0x55, 0x55, 0xd5, 0xd5, 0xd5, 0xd5, 0xd5, 0xd5, 0xd5, 0xd5, 0xd5, 0x55,
  0x55, 0xd5, 0x55, 0x55, 0x55, 0x54, 0x54, 0x54, 0x54, 0x55, 0x55, 0x55,
  0x55, 0x54, 0x55, 0x54, 0x55, 0x54, 0x54, 0x55, 0x55, 0xd5, 0x55, 0x55,
  0x55, 0x55, 0xd5, 0xd5, 0x55, 0x55, 0x55, 0x55, 0x54, 0x54, 0x54, 0x54,
  0x55, 0x55, 0x55, 0x55, 0x55, 0x54, 0x55, 0xd5, 0xd5, 0xd4, 0xd5, 0xd5,
  0xd4, 0xd4, 0xd4, 0xd4, 0xd4, 0xd5, 0xd5, 0xd7, 0xd4, 0xd4, 0xd7, 0xd4,
  0xd5, 0xd5, 0xd5, 0xd5, 0xd5, 0xd5, 0xd5, 0xd4, 0xd5, 0xd5, 0xd5, 0xd5,
  0x55, 0x55, 0x55, 0x54, 0x54, 0x55, 0x54, 0x54, 0x54, 0x54, 0x57, 0x57,
  0x54, 0x55, 0x55, 0x55, 0x55, 0xd5, 0xd5, 0xd5, 0xd4, 0xd4, 0xd5, 0xd5,
  0xd4, 0xd5, 0xd4, 0xd4, 0xd5, 0xd5, 0xd5, 0xd5, 0xd5, 0xd5, 0xd5, 0xd5,
  0x55, 0x55, 0x54, 0x54, 0x57, 0x54, 0x54, 0x54, 0x54, 0x57, 0x57, 0x54,
  0x57, 0x57, 0x54, 0x54, 0x54, 0x57, 0x57, 0x54, 0x57, 0x57, 0x54, 0x54,
  0x55, 0xd5, 0x54, 0x55, 0xd5, 0x55, 0x54, 0x55, 0x55, 0x54, 0x55, 0xd5,
  0x55, 0x55, 0x54, 0x55, 0x55, 0x54, 0x55, 0xd5, 0xd5, 0x55, 0x55, 0x55,
  0xd5, 0x55, 0x55, 0xd5, 0xd5, 0xd5, 0xd4, 0xd5, 0xd5, 0xd4, 0xd5, 0x55,
  0xd5, 0xd5, 0xd5, 0xd5, 0x55, 0xd5, 0x55, 0x54, 0x55, 0x54, 0xd5, 0xd5,
  0xd5, 0xd5, 0xd5, 0xd5, 0xd5, 0xd4, 0xd5, 0xd5, 0xd5, 0xd5, 0xd5, 0xd5,
  0xd5, 0xd5, 0xd5, 0xd5, 0xd5, 0x54, 0x55, 0x55, 0x54, 0x55, 0x55, 0x54,
  0x54, 0x57, 0x54, 0x54, 0x54, 0xd4, 0xd4, 0xd5, 0x55, 0xd4, 0xd6, 0x55,
  0x57, 0xd7, 0xd7, 0xd5, 0xd5, 0xd7, 0xd7, 0x55, 0x57, 0x55, 0xd5, 0x57,
  0x57, 0x55, 0xd5, 0x54, 0x57, 0x57, 0x54, 0x54, 0x57, 0x54, 0x55, 0x54,
  0x57, 0x54, 0x55, 0x54, 0x57, 0x54, 0x54, 0x54, 0x57, 0x54, 0x55, 0x54,
  0x57, 0x57, 0x54, 0x57, 0x57, 0x55, 0x55, 0xd4, 0x55, 0xd5, 0xd5, 0xd5,
  0xd5, 0xd4, 0xd5, 0xd5, 0xd5, 0xd4, 0xd7, 0xd5, 0xd4, 0xd5, 0xd4, 0xd4,
  0xd5, 0x55, 0xd5, 0x55, 0x55, 0x57, 0xd5, 0x55, 0x57, 0x55, 0xd5, 0xd4,
  0xd5, 0xd4, 0xd4, 0xd7, 0xd4, 0xd4, 0xd7, 0xd4, 0xd7, 0xd4, 0xd4, 0xd7,
  0xd5, 0x55, 0xd5, 0xd5, 0xd5, 0xd4, 0xd5, 0xd7, 0xd4, 0xd4, 0xd4, 0xd4,
  0xd4, 0xd5, 0xd4, 0xd7, 0xd7, 0xd4, 0xd5, 0xd4, 0xd4, 0xd5, 0xd5, 0xd4,
  0xd4, 0xd5, 0xd5, 0xd5, 0xd5, 0x54, 0x54, 0x55, 0x54, 0x57, 0x57, 0x54,
  0x54, 0x54, 0x54, 0x54, 0x54, 0x55, 0x57, 0xd5, 0x55, 0x55, 0xd5, 0x55,
  0xd4, 0x55, 0xd4, 0xd4, 0xd5, 0xd5, 0xd5, 0xd5, 0xd4, 0xd5, 0x54, 0x55,
  0x55, 0x55, 0x57, 0x55, 0x55, 0x55, 0xd5, 0x55, 0x55, 0x54, 0x54, 0x54,
  0x54, 0x57, 0x57, 0x54, 0x54, 0x54, 0x57, 0x54, 0x55, 0x54, 0x54, 0x54,
  0x55, 0x55, 0x57, 0x55, 0x54, 0x54, 0x54, 0x54, 0x55, 0x54, 0x55, 0xd5,
  0xd5, 0xd4, 0xd5, 0xd5, 0xd5, 0x55, 0x55, 0x54, 0xd5, 0xd5, 0x55, 0x55,
  0x55, 0xd5, 0xd5, 0xd4, 0xd4, 0xd5, 0x55, 0xd5, 0xd4, 0xd4, 0xd4, 0xd4,
  0xd5, 0xd5, 0xd4, 0xd4, 0xd4, 0xd5, 0xd5, 0xd7, 0xd4, 0xd5, 0xd5, 0xd4,
  0xd4, 0x55, 0x54, 0xd5, 0xd5, 0xd5, 0xd5, 0xd5, 0xd5, 0x55, 0xd5, 0xd5,
  0xd4, 0xd4, 0xd4, 0xd7, 0xd5, 0xd5, 0xd5, 0x55, 0x55, 0xd4, 0xd5, 0x55,
  0xd5, 0x54, 0x54, 0x54, 0x57, 0x54, 0x55, 0x54, 0x57, 0x54, 0x55, 0x55,
  0x55, 0x57, 0x55, 0x55, 0x55, 0xd5, 0x55, 0xd4, 0x55, 0x55, 0xd5, 0x55,
  0x54, 0x54, 0x54, 0xd5, 0xd5, 0x55, 0xd5, 0xd4, 0x55, 0x54, 0x54, 0x55,
  0x54, 0x55, 0xd5, 0x55, 0xd5, 0x54, 0x57, 0x54, 0x54, 0x57, 0x57, 0x55,
  0x55, 0x57, 0x55, 0xd5, 0x57, 0x54, 0x54, 0x54, 0xd5, 0x57, 0x54, 0x55,
  0x54, 0x55, 0x54, 0xd5, 0xd4, 0xd5, 0xd5, 0xd5, 0xd4, 0xd4, 0xd5, 0x55,
  0x55, 0x54, 0xd5, 0x54, 0x54, 0xd5, 0x50, 0x54, 0x57, 0xd5, 0x54, 0x57,
  0x55, 0xd4, 0xd5, 0x54, 0x55, 0x57, 0x56, 0x5f, 0x44, 0x43, 0x49, 0x49,
  0x46, 0x43, 0x5f, 0x46, 0x58, 0x5d, 0x5b, 0x52, 0x45, 0x52, 0xd1, 0xd0,
  0xc6, 0xda, 0xd8, 0xc7, 0xdf, 0xcb, 0xcd, 0xce, 0xce, 0xcc, 0xf4, 0xcb,
  0xcf, 0xc2, 0xc6, 0xcc, 0xc8, 0xf5, 0xf7, 0xc9, 0xcf, 0xc1, 0xc6, 0xd9,
  0xd2, 0xd0, 0xd3, 0xd2, 0xd0, 0xd4, 0x51, 0x52, 0x59, 0x59, 0x58, 0x5c,
  0x5d, 0x53, 0x50, 0x5f, 0x5b, 0x47, 0x47, 0x5a, 0x58, 0x5e, 0x5f, 0x5f,
  0x5c, 0x59, 0x5a, 0x46, 0x46, 0x5a, 0x5f, 0x52, 0x53, 0x5d, 0x5c, 0x5f,
  0x59, 0x5e, 0x58, 0x5e, 0x5c, 0x5d, 0x5d, 0x5a, 0x47, 0x46, 0x47, 0x5a,
  0x44, 0x5a, 0x58, 0x5a, 0x59, 0x5a, 0x5a, 0x5a, 0x45, 0x5c, 0x50, 0x50,
  0x50, 0x5d, 0x57, 0x56, 0x53, 0x50, 0x53, 0xd5, 0xd7, 0xd1, 0xdf, 0xd3,
  0xd2, 0xdd, 0xdd, 0xdb, 0xdd, 0xde, 0xc5, 0xda, 0xc0, 0xd8, 0xd8, 0xdb,
  0xdf, 0xdb, 0xdb, 0xde, 0xdb, 0xdf, 0xd9, 0xda, 0xd0, 0xdd, 0xd0, 0xd2,
  0xde, 0xd1, 0xd3, 0xd2, 0xd7, 0xdf, 0xd7, 0xd0, 0xd6, 0xd5, 0xd1, 0xd7,
  0x51, 0x5f, 0x59, 0x5b, 0xd5, 0x59, 0x56, 0x52, 0x5d, 0xd1, 0x5d, 0x55,
  0x51, 0x5c, 0xd2, 0xd5, 0xdf, 0xdd, 0x51, 0xdd, 0x57, 0xde, 0xd2, 0xd6,
  0xdf, 0xdc, 0xd9, 0xdd, 0xd1, 0xd7, 0xd1, 0xd6, 0xdc, 0xdf, 0xde, 0xd3,
  0xdf, 0xd3, 0xd1, 0xd5, 0xd4, 0xd4, 0xd0, 0xd5, 0xd6, 0x54, 0x5d, 0x55,
  0x59, 0x50, 0x5b, 0x50, 0x54, 0x54, 0x51, 0x56, 0x51, 0x56, 0xd4, 0xd4,
  0xd4, 0x54, 0xd6, 0xdd, 0xd6, 0x55, 0x59, 0x54, 0x52, 0x55, 0xd8, 0x5a,
  0xc5, 0x5b, 0xdb, 0xc7, 0x5b, 0xcd, 0x59, 0xc7, 0xcf, 0x57, 0xf5, 0x5d,
  0xdc, 0xc0, 0x51, 0xce, 0x50, 0xd9, 0xd9, 0xd1, 0xc5, 0x54, 0x54, 0x56,
  0xd1, 0xd3, 0xd7, 0x55, 0x55, 0xd0, 0x57, 0x54, 0x53, 0x5e, 0x54, 0x58,
  0xd3, 0x45, 0x58, 0x5b, 0x49, 0x50, 0x4a, 0x44, 0x42, 0x49, 0x53, 0x4f,
  0x41, 0x48, 0x74, 0x44, 0x75, 0x44, 0x48, 0x4f, 0x4c, 0x4b, 0x47, 0x75,
  0x49, 0x4b, 0x4c, 0x45, 0x4c, 0x42, 0x4c, 0x4d, 0x46, 0x4d, 0x44, 0x43,
  0x5b, 0x5a, 0x5c, 0x5f, 0x58, 0x52, 0x59, 0xd6, 0x52, 0x57, 0x56, 0x56,
  0xd8, 0xd6, 0xd0, 0xd3, 0xd7, 0xc2, 0xda, 0xc3, 0xc3, 0xd9, 0xcb, 0xcd,
  0xf5, 0xcb, 0xc0, 0xcb, 0xf4, 0xf7, 0xf1, 0xc9, 0xca, 0xf7, 0xf4, 0xf6,
  0xca, 0xca, 0xf4, 0xf4, 0xf4, 0xf4, 0xce, 0xf4, 0xc8, 0xcb, 0xc9, 0xc6,
  0xc0, 0xc7, 0xc7, 0xc4, 0xdc, 0xdc, 0xdd, 0xd2, 0xdd, 0xd5, 0x54, 0x56,
  0xd5, 0xd5, 0x55, 0x53, 0x5e, 0x5f, 0x5c, 0x5c, 0x5f, 0x47, 0x45, 0x5a,
  0x58, 0x58, 0x41, 0x40, 0x42, 0x43, 0x46, 0x42, 0x4c, 0x42, 0x42, 0x40,
  0x43, 0x41, 0x41, 0x47, 0x46, 0x47, 0x46, 0x41, 0x41, 0x42, 0x46, 0x43,
  0x41, 0x47, 0x41, 0x45, 0x47, 0x45, 0x45, 0x58, 0x59, 0x5e, 0x58, 0x5c,
  0x5d, 0x5d, 0x50, 0x53, 0x51, 0x56, 0x50, 0x54, 0xd4, 0xd7, 0xd6, 0xd4,
  0xd0, 0xd4, 0xd5, 0x54, 0xd5, 0xd3, 0xdf, 0xd9, 0xde, 0xdf, 0xd2, 0xd2,
  0xd9, 0xda, 0xd8, 0xd8, 0xd9, 0xdb, 0xdc, 0xdf, 0xdf, 0xd9, 0xda, 0xd8,
  0xc7, 0xda, 0xd8, 0xdf, 0xdf, 0xd9, 0xdf, 0xde, 0xde, 0xde, 0xde, 0xd3,
  0xd0, 0xd0, 0xd3, 0xd2, 0xd7, 0xd3, 0xd7, 0xd2, 0xd1, 0xd1, 0xd7, 0x55,
  0xd7, 0xd4, 0xd3, 0xd6, 0xd5, 0x56, 0x50, 0x56, 0x56, 0x50, 0x53, 0x5c,
  0x51, 0x5d, 0x50, 0x52, 0x5d, 0x56, 0x53, 0x57, 0x5d, 0x50, 0x51, 0x5e,
  0x52, 0x52, 0x51, 0x56, 0x5d, 0x50, 0x5d, 0x53, 0x5f, 0x58, 0x5c, 0x59,
  0x52, 0x5d, 0x51, 0x50, 0x5d, 0x52, 0x5d, 0x51, 0xd7, 0xd5, 0x50, 0x52,
  0x5c, 0x50, 0x56, 0x56, 0x57, 0x54, 0x56, 0x55, 0x51, 0x50, 0x55, 0x57,
  0xd7, 0x55, 0xd4, 0xdd, 0xd1, 0xd2, 0xd0, 0xd2, 0xd2, 0xd1, 0xd9, 0xde,
  0xd9, 0xdf, 0xd6, 0xd3, 0xd6, 0xd3, 0xd3, 0xd2, 0xdc, 0xdd, 0xdf, 0xd0,
  0x55, 0xd7, 0xd0, 0xd2, 0xd1, 0xd1, 0xd4, 0x57, 0x57, 0x57, 0xd5, 0xd5,
  0xd4, 0xd5, 0x57, 0x51, 0x5b, 0x47, 0x40, 0x42, 0x45, 0x40, 0x5c, 0x44,
  0x5b, 0x52, 0x44, 0x50, 0x5d, 0x55, 0xd0, 0x56, 0xd0, 0xd7, 0xd5, 0xd1,
  0xd7, 0xdc, 0xdc, 0xda, 0xd8, 0xda, 0xd9, 0xd3, 0xdc, 0xdd, 0xc4, 0xc0,
  0xc6, 0xc6, 0xda, 0xda, 0xc4, 0xc4, 0xc6, 0xc0, 0xc3, 0xda, 0xdb, 0xdd,
  0xd1, 0xd1, 0xd7, 0xd0, 0xd5, 0x57, 0x57, 0x57, 0xd5, 0x54, 0x51, 0x5c,
  0x5c, 0x56, 0x50, 0x5d, 0x5a, 0x5a, 0x59, 0x58, 0x59, 0x58, 0x5f, 0x5d,
  0x59, 0x5a, 0x47, 0x45, 0x58, 0x5f, 0x52, 0x5d, 0x53, 0x5f, 0x5c, 0x5d,
  0x52, 0x50, 0x5c, 0x50, 0x51, 0x50, 0x53, 0x5e, 0x58, 0x52, 0x53, 0x54,
  0x56, 0x56, 0x53, 0x52, 0x51, 0x53, 0x54, 0x56, 0xd4, 0xd4, 0x55, 0x55,
  0x56, 0x54, 0x55, 0x54, 0xd6, 0xd0, 0xd2, 0xd1, 0xd1, 0xd6, 0xd5, 0xd7,
  0xd1, 0xdc, 0xd8, 0xd8, 0xdf, 0xdd, 0xdc, 0xdf, 0xde, 0xdd, 0xd2, 0xd3,
  0xd0, 0xd7, 0x55, 0xd7, 0xd2, 0xdc, 0xd3, 0xd3, 0xd6, 0xd7, 0xd4, 0xd5,
  0xd6, 0xd7, 0x57, 0xd5, 0xd6, 0xd3, 0xd3, 0xd1, 0xd5, 0x57, 0x56, 0xd4,
  0xd7, 0xd5, 0xd5, 0x54, 0x55, 0x55, 0xd4, 0xd7, 0xd0, 0xd6, 0x55, 0x55,
  0x55, 0x57, 0x57, 0x57, 0x54, 0x56, 0xd5, 0xd6, 0xd5, 0x54, 0x56, 0x50,
  0x53, 0x57, 0x56, 0x56, 0x53, 0x5c, 0x5c, 0x5d, 0x51, 0x51, 0x53, 0x53,
  0x54, 0x56, 0xd7, 0x54, 0x50, 0x53, 0x51, 0x56, 0x54, 0x54, 0x54, 0x57,
  0x51, 0x51, 0x57, 0x55, 0x57, 0x54, 0x50, 0x54, 0x55, 0x51, 0x51, 0x50,
  0x56, 0xd4, 0x54, 0x54, 0x54, 0x54, 0x54, 0x50, 0x54, 0xd5, 0xd6, 0xd4,
  0x56, 0x57, 0xd5, 0xd4, 0xd6, 0xd4, 0x55, 0xd4, 0xd7, 0xd6, 0xd1, 0xd2,
  0xd7, 0x54, 0x57, 0xd7, 0xd3, 0xd0, 0xd6, 0xd4, 0xd5, 0xd5, 0xd6, 0xd6,
  0xd0, 0xd0, 0xd6, 0xd7, 0x55, 0xd5, 0x55, 0xd5, 0xd5, 0x57, 0xd4, 0x55,
  0xd6, 0xd5, 0x55, 0xd5, 0x51, 0xd5, 0x54, 0x53, 0x57, 0x53, 0x51, 0xd5,
  0x57, 0x51, 0x52, 0x56, 0x50, 0x52, 0x52, 0x5d, 0x51, 0x50, 0x51, 0x57,
  0x57, 0x55, 0xd5, 0xd7, 0x55, 0x54, 0xd5, 0x54, 0x55, 0x54, 0x54, 0xd7,
  0x56, 0x54, 0xd5, 0x55, 0x54, 0x54, 0xd5, 0xd4, 0xd6, 0xd4, 0xd1, 0xd4,
  0xd4, 0xd1, 0xd7, 0xd7, 0xd4, 0x56, 0xd7, 0xd4, 0xd4, 0xd7, 0xd5, 0xd5,
  0x54, 0x55, 0xd4, 0x54, 0xd5, 0xd4, 0xd7, 0xd4, 0xd4, 0xd4, 0xd6, 0xd1,
  0xd7, 0xd1, 0xd5, 0xd5, 0xd5, 0xd6, 0xd0, 0xd6, 0xd7, 0x55, 0x55, 0x57,
  0x55, 0xd5, 0x57, 0x54, 0xd5, 0xd6, 0xd7, 0x55, 0x57, 0x54, 0x55, 0xd4,
  0x54, 0x57, 0x57, 0x57, 0xd5, 0x57, 0x55, 0x54, 0x55, 0x54, 0x57, 0x54,
  0xd5, 0x57, 0x57, 0x54, 0xd5, 0xd6, 0x54, 0x54, 0x56, 0x57, 0xd5, 0x57,
  0x57, 0x57, 0x55, 0xd5, 0x56, 0x50, 0x57, 0x57, 0x55, 0x56, 0x56, 0x57,
  0x54, 0xd4, 0xd6, 0xd4, 0x54, 0x56, 0x57, 0xd4, 0xd4, 0xd4, 0x54, 0x57,
  0x51, 0x55, 0xd4, 0xd5, 0xd7, 0xd1, 0xd7, 0xd5, 0xd5, 0x55, 0xd4, 0xd7,
  0xd4, 0xd4, 0xd4, 0x57, 0xd5, 0xd4, 0xd4, 0xd6, 0xd5, 0x55, 0x54, 0x57,
  0x57, 0xd4, 0xd5, 0x54, 0x57, 0x56, 0x55, 0x55, 0xd5, 0x54, 0x54, 0xd5,
  0x55, 0xd5, 0xd5, 0x54, 0xd5, 0xd4, 0xd7, 0x54, 0xd5, 0xd6, 0xd5, 0xd4,
  0x55, 0xd4, 0x55, 0x55, 0xd5, 0x55, 0xd4, 0x54, 0xd7, 0xd4, 0xd5, 0xd4,
  0xd7, 0xd0, 0xd7, 0xd6, 0xd5, 0xd5, 0xd5, 0xd5, 0xd7, 0xd5, 0x54, 0xd5,
  0x57, 0x57, 0x54, 0xd5, 0xd5, 0x57, 0x54, 0x55, 0xd4, 0xd7, 0xd4, 0x56,
  0x57, 0x57, 0x57, 0xd5, 0x55, 0x54, 0x56, 0x57, 0x54, 0x57, 0x54, 0x54,
  0x57, 0xd5, 0x55, 0xd4, 0xd6, 0xd7, 0xd4, 0xd4, 0x54, 0x55, 0xd4, 0x55,
  0x57, 0x50, 0x54, 0xd4, 0xd1, 0xd7, 0xd5, 0x54, 0x56, 0x57, 0xd5, 0x55,
  0x55, 0xd5, 0x57, 0x55, 0x57, 0xd5, 0x55, 0x54, 0x55, 0x55, 0xd5, 0xd7,
  0x55, 0xd4, 0x55, 0x57, 0xd4, 0xd6, 0xd7, 0xd5, 0x54, 0xd5, 0xd7, 0xd4,
  0xd7, 0xd4, 0xd4, 0xd4, 0xd4, 0xd4, 0x55, 0x55, 0x55, 0x54, 0xd5, 0xd5,
  0xd5, 0xd5, 0xd5, 0xd7, 0xd1, 0xd6, 0xd7, 0xd5, 0xd5, 0xd4, 0xd7, 0xd7,
  0xd5, 0x54, 0x54, 0x55, 0xd5, 0x55, 0x57, 0x57, 0x57, 0x57, 0x57, 0x54,
  0xd5, 0xd5, 0x55, 0x54, 0x54, 0x57, 0x55, 0x55, 0xd4, 0xd4, 0xd4, 0x55,
  0x57, 0x51, 0x50, 0x57, 0x54, 0xd5, 0x57, 0x56, 0x53, 0x56, 0x56, 0x57,
  0x56, 0x50, 0x50, 0x57, 0x55, 0x51, 0x51, 0x51, 0xd5, 0xd6, 0x54, 0x51,
  0xd5, 0xd7, 0x55, 0x54, 0x56, 0xd7, 0xd6, 0x55, 0x54, 0xd0, 0xd3, 0xd5,
  0xd4, 0xd1, 0xd2, 0x57, 0xd4, 0x55, 0xd1, 0x56, 0xdf, 0xd0, 0x45, 0xdd,
  0xd2, 0xd7, 0x59, 0x51, 0xde, 0xd5, 0x5e, 0x54, 0xd9, 0x55, 0x5f, 0xd4,
  0xd6, 0x51, 0x50, 0xd7, 0xd4, 0x56, 0x51, 0xd6, 0xd0, 0x57, 0x55, 0xd7,
  0xd7, 0x54, 0x57, 0xd1, 0xd4, 0x56, 0x56, 0xd5, 0xd5, 0x56, 0x57, 0xd5,
  0x57, 0x53, 0x56, 0xd5, 0x56, 0x57, 0x55, 0x55, 0x57, 0xd5, 0xd0, 0xd5,
  0xd4, 0xd4, 0x54, 0x57, 0x55, 0xd4, 0xd5, 0x55, 0xd5, 0xd4, 0xd7, 0xd4,
  0xd7, 0xd4, 0xd5, 0x54, 0xd6, 0xd1, 0xd7, 0xd4, 0xd7, 0x55, 0xd5, 0xd4,
  0xd6, 0xd7, 0xd7, 0x57, 0xd5, 0xd6, 0x55, 0x51, 0x54, 0x54, 0xd1, 0x57,
  0x56, 0x54, 0xd4, 0x57, 0x50, 0x55, 0x55, 0xd4, 0x55, 0x50, 0x57, 0x57,
  0x56, 0xd1, 0x51, 0x52, 0xd5, 0xdc, 0x57, 0x5c, 0x55, 0x55, 0xdd, 0xd7,
  0x5f, 0xd0, 0xdb, 0x5f, 0x46, 0x51, 0xc5, 0xd6, 0xd1, 0x5c, 0x52, 0xd0,
  0x57, 0xda, 0xd2, 0x41, 0xdf, 0x53, 0x57, 0xd3, 0xd1, 0x4c, 0xc6, 0x6f,
  0x07, 0x9c, 0x9b, 0x1d, 0x7e, 0x81, 0x95, 0x16, 0xcb, 0x97, 0x53, 0x60,
  0x51, 0xff, 0xca, 0x50, 0xf4, 0xc1, 0x5d, 0x76, 0x54, 0x50, 0x47, 0xc2,
  0x55, 0x5d, 0x4b, 0xc3, 0xc4, 0x66, 0x70, 0xc5, 0xc1, 0x72, 0x54, 0xf3,
  0x44, 0x72, 0x5d, 0xc5, 0x77, 0x79, 0xd8, 0xf6, 0x59, 0x7c, 0xde, 0xcd,
  0x71, 0x71, 0xce, 0xcd, 0x77, 0x46, 0xf1, 0xce, 0x43, 0x5d, 0xc6, 0x57,
  0x4d, 0xd6, 0xc8, 0x45, 0x59, 0xf5, 0xc2, 0x4a, 0x70, 0xcb, 0xda, 0x42,
  0xd5, 0xcc, 0xc4, 0x75, 0xdd, 0xf4, 0x42, 0x75, 0x54, 0xf1, 0x56, 0x75,
  0xd8, 0xd3, 0xd7, 0x45, 0xd6, 0xdc, 0x59, 0xda, 0xd9, 0xd4, 0x4c, 0x40,
  0xc1, 0x56, 0x5b, 0x58, 0xd3, 0xdb, 0x4d, 0xd2, 0xd5, 0x47, 0x57, 0xdf,
  0xcf, 0x76, 0x45, 0xf5, 0xdb, 0x45, 0x42, 0xdb, 0xc4, 0x47, 0xd4, 0xdc,
  0xd2, 0xd1, 0x77, 0x54, 0xd8, 0xcb, 0x5d, 0x76, 0x58, 0xcb, 0xd3, 0x51,
  0x71, 0xd6, 0xcb, 0x58, 0x50, 0x40, 0xfb, 0xc0, 0x46, 0x59, 0xd6, 0xcd,
  0xd9, 0xd0, 0x57, 0x7b, 0xc2, 0xff, 0xc6, 0x7d, 0x77, 0xe5, 0x59, 0x44,
  0x4d, 0xf7, 0x57, 0x74, 0xce, 0xc7, 0x52, 0x5e, 0xd2, 0xf6, 0x72, 0x56,
  0xc4, 0xd3, 0x54, 0x70, 0xff, 0x45, 0x5c, 0x47, 0xd9, 0xd3, 0x4e, 0xd8,
  0xd3, 0x4a, 0xd1, 0x4d, 0xcd, 0x75, 0x4f, 0xdb, 0x50, 0x44, 0x4b, 0xf1,
  0xce, 0x44, 0x41, 0x51, 0xf1, 0x57, 0x70, 0xc2, 0x5a, 0xc6, 0x4a, 0xd5,
  0xc5, 0xf7, 0x43, 0x71, 0xcd, 0x45, 0xc6, 0xd7, 0x51, 0x4a, 0xf2, 0x42,
  0x52, 0xd7, 0xdf, 0x5c, 0x76, 0xcc, 0xd0, 0x41, 0x5d, 0xef, 0x62, 0x7f,
  0xe7, 0xf7, 0x6e, 0xf4, 0xe7, 0x63, 0xd4, 0x50, 0xe7, 0x58, 0x5b, 0x6f,
  0xe0, 0xf9, 0x69, 0xd6, 0xfe, 0x53, 0xd1, 0xcb, 0x67, 0xd9, 0xf2, 0x44,
  0x4f, 0xc1, 0x74, 0xfb, 0xd2, 0x5b, 0x43, 0x4b, 0xf7, 0xd9, 0xf8, 0x68,
  0xd0, 0xe9, 0x44, 0x6e, 0xfc, 0xe4, 0x6d, 0xfd, 0xd2, 0x44, 0x53, 0xc7,
  0x7e, 0xff, 0x59, 0xc4, 0x4a, 0x70, 0xfe, 0xe2, 0x13, 0x78, 0x9a, 0x49,
  0x11, 0x79, 0x9c, 0xe7, 0x11, 0x6e, 0x94, 0xec, 0x16, 0xf2, 0x71, 0xe3,
  0x44, 0x66, 0xe2, 0xf5, 0x17, 0xe0, 0x5d, 0xc7, 0x70, 0x64, 0xff, 0xe2,
  0xd6, 0x07, 0xe2, 0x87, 0x17, 0x1a, 0xec, 0x9f, 0x7d, 0x13, 0xc5, 0x92,
  0x73, 0x1e, 0x9e, 0x78, 0x7c, 0xc2, 0xe1, 0x50, 0x69, 0xc3, 0x92, 0x7d,
  0x69, 0x63, 0x92, 0xfa, 0x6a, 0x75, 0xd2, 0xe8, 0x68, 0xe0, 0xe4, 0x18,
  0x96, 0x64, 0x91, 0x61, 0x68, 0xe4, 0xf9, 0xe1, 0x11, 0x7f, 0xfe, 0xeb,
  0x10, 0xfe, 0xe2, 0x44, 0x11, 0x85, 0x6c, 0x61, 0xfd, 0xf2, 0x4b, 0x6c,
  0x9f, 0x6f, 0x4b, 0xf9, 0x62, 0x94, 0x40, 0x60, 0xf6, 0xe6, 0x5f, 0x60,
  0xf6, 0xe3, 0x17, 0x6d, 0x85, 0xf2, 0x04, 0x73, 0x91, 0x93, 0x04, 0x77,
  0xec, 0xf3, 0x7f, 0x4f, 0xe4, 0xed, 0x15, 0x06, 0x87, 0x81, 0x1b, 0x35,
  0x8d, 0x8f, 0x1d, 0x35, 0x99, 0x8c, 0x6f, 0x0d, 0x66, 0xb6, 0xcf, 0x30,
  0x71, 0xb4, 0x9b, 0x36, 0x03, 0xb0, 0x82, 0x35, 0x34, 0x88, 0xb0, 0x09,
  0x30, 0x8d, 0xb1, 0x00, 0x36, 0x80, 0xb4, 0x18, 0x31, 0x83, 0x8a, 0x13,
  0x34, 0xe4, 0xb4, 0x7e, 0x0d, 0x70, 0x82, 0x58, 0x07, 0xc6, 0x98, 0xf7,
  0x18, 0x15, 0x85, 0xee, 0x04, 0xd6, 0xc5, 0xeb, 0x66, 0xcb, 0x52, 0x63,
  0xfc, 0xe4, 0x40, 0x75, 0x42, 0x77, 0xe5, 0xce, 0x50, 0x60, 0x70, 0xfb,
  0x94, 0x66, 0x59, 0x41, 0x7d, 0xfb, 0xda, 0xe6, 0xce, 0x1e, 0x7b, 0x85,
  0x97, 0x18, 0x1f, 0xe1, 0x9f, 0xe6, 0x11, 0x14, 0xe7, 0xfe, 0x4d, 0x7c,
  0xec, 0xfe, 0x04, 0xf9, 0x98, 0xe4, 0x01, 0x68, 0x81, 0xf2, 0x1d, 0x78,
  0xea, 0xe8, 0x13, 0x6e, 0x98, 0xcf, 0x14, 0x66, 0x9a, 0x43, 0x16, 0x72,
  0xed, 0x94, 0x05, 0xf5, 0x9a, 0x6a, 0x1b, 0x59, 0x8f, 0xd3, 0x0b, 0x50,
  0x81, 0x91, 0x12, 0x05, 0x94, 0x91, 0x67, 0x17, 0x93, 0x9e, 0x06, 0x1f,
  0x98, 0x9c, 0x67, 0x07, 0x68, 0x86, 0x90, 0x17, 0x79, 0x6f, 0x15, 0xee,
  0x8c, 0x1f, 0x0f, 0xea, 0x89, 0x6c, 0x03, 0xe5, 0x9f, 0x6f, 0x13, 0x91,
  0xef, 0x6a, 0x1f, 0xff, 0x98, 0x53, 0x6e, 0x6c, 0xe9, 0xf7, 0xc4, 0xf5,
  0x18, 0x4d, 0x80, 0xdc, 0x0d, 0xe3, 0x80, 0x4c, 0x0d, 0x7b, 0xb4, 0x96,
  0x31, 0x00, 0xb4, 0xb4, 0x01, 0x33, 0xe5, 0xbb, 0x72, 0x3e, 0xed, 0xb1,
  0x1d, 0x08, 0x81, 0x80, 0x09, 0x1d, 0x86, 0x9b, 0x04, 0x1d, 0x80, 0x14,
  0x6b, 0x84, 0x6c, 0x06, 0x9a, 0x87, 0x09, 0x1d, 0xb5, 0xe3, 0x37, 0xe9,
  0xb1, 0x0d, 0x0b, 0x82, 0x8d, 0x02, 0x18, 0x89, 0x7f, 0x02, 0x94, 0x8f,
  0x06, 0x0a, 0x99, 0xb5, 0x1d, 0x34, 0x9a, 0x81, 0x13, 0x7a, 0xec, 0x91,
  0x11, 0x04, 0x81, 0x8c, 0x18, 0x34, 0x81, 0xb5, 0x05, 0x05, 0x90, 0x96,
  0x14, 0xf1, 0x9a, 0x1f, 0x1c, 0x9c, 0xe2, 0x16, 0x51, 0x84, 0x04, 0x0d,
  0x8b, 0x83, 0x09, 0x03, 0x86, 0x87, 0x12, 0x6a, 0x74, 0xf6, 0xf5, 0x59,
  0x62, 0xf6, 0xe6, 0x12, 0xde, 0x93, 0x6c, 0x40, 0xca, 0x61, 0x65, 0x90,
  0xf9, 0x02, 0xe1, 0x83, 0x13, 0x07, 0xe9, 0x84, 0x67, 0x10, 0xc8, 0xcb,
  0x76, 0xf9, 0xe2, 0xc8, 0x4a, 0x69, 0xdd, 0x9d, 0xe4, 0x69, 0x17, 0xed,
  0x9a, 0xdc, 0x7a, 0xd2, 0x6b, 0xfe, 0x85, 0xc3, 0x16, 0xfe, 0xec, 0x66,
  0x45, 0x97, 0xfc, 0x69, 0x6f, 0xfb, 0x97, 0xda, 0x69, 0x14, 0xc3, 0x92,
  0xd4, 0x16, 0x17, 0xe6, 0x95, 0x68, 0x79, 0xf5, 0x59, 0xd3, 0x68, 0x46,
  0xf2, 0xf5, 0x62, 0xc6, 0x54, 0x43, 0xff, 0xd6, 0x1c, 0x41, 0x85, 0x71,
  0x17, 0x4a, 0xd5, 0xfa, 0xc5, 0x7b, 0x77, 0x41, 0xe0, 0x50, 0x52, 0xcb,
  0x7d, 0x64, 0xc3, 0x95, 0xf7, 0x7a, 0x7e, 0xd0, 0xed, 0xc3, 0x76, 0x77,
  0x63, 0x94, 0x95, 0x7e, 0x62, 0x11, 0xe1, 0x9f, 0x7c, 0x6b, 0x63, 0xfc,
  0x97, 0x73, 0x15, 0x76, 0xef, 0x74, 0x66, 0x93, 0xde, 0x05, 0x60, 0x92,
  0x91, 0x6d, 0x14, 0x74, 0xdf, 0xe8, 0xfd, 0x7d, 0x7a, 0x78, 0xef, 0xea,
  0x44, 0x61, 0x15, 0x45, 0x99, 0xeb, 0x6a, 0x11, 0xf8, 0xe1, 0xe4, 0xfc,
  0x60, 0x73, 0xf1, 0xf1, 0xf6, 0x5d, 0x4e, 0x74, 0xe3, 0xeb, 0xf0, 0x6a,
  0x62, 0xed, 0xe3, 0xee, 0xf6, 0x72, 0x75, 0xe1, 0x93, 0x76, 0x14, 0xc3,
  0xf3, 0xfa, 0xef, 0x49, 0x14, 0x7b, 0x97, 0xeb, 0x4a, 0x61, 0x78, 0xcd,
  0xe8, 0x47, 0x65, 0x7d, 0xf6, 0x7d, 0xd3, 0xea, 0x6e, 0x17, 0xda, 0xe3,
  0x5a, 0x61, 0xd5, 0x66, 0x74, 0xff, 0x64, 0x68, 0x5d, 0xf8, 0x7f, 0x68,
  0x41, 0x79, 0x73, 0x4b, 0x41, 0xe1, 0x78, 0x6f, 0x5a, 0xff, 0xd1, 0x62,
  0x7d, 0xe3, 0x55, 0x4e, 0x7b, 0x67, 0x49, 0x65, 0xcf, 0xd0, 0x41, 0x4b,
  0x62, 0x44, 0x5e, 0x70, 0x73, 0x70, 0x71, 0x7d, 0x41, 0x4e, 0x64, 0xd2,
  0x51, 0x65, 0xd6, 0xe4, 0xf0, 0x40, 0x4f, 0xdb, 0xed, 0xf8, 0xde, 0xfc,
  0xe0, 0xf4, 0xd8, 0xe6, 0x94, 0xf9, 0xdc, 0xfe, 0xeb, 0xe4, 0xf6, 0xe9,
  0xed, 0xe2, 0xf2, 0xe7, 0xe4, 0xe5, 0xee, 0xeb, 0xee, 0xca, 0xda, 0xed,
  0xeb, 0xdd, 0xd7, 0xe8, 0x97, 0xfd, 0x4b, 0xc0, 0x96, 0xec, 0x64, 0x40,
  0xeb, 0xe6, 0xdb, 0xc7, 0x4a, 0x61, 0x64, 0xc2, 0xe0, 0x58, 0x62, 0x64,
  0xdd, 0x4d, 0x7a, 0xdd, 0x6d, 0x6e, 0xd1, 0xf8, 0x5c, 0x1e, 0x07, 0x10,
  0x5a, 0x44, 0x1f, 0x02, 0x01, 0x17, 0x7e, 0x1f, 0x0c, 0x00, 0x1d, 0x68,
  0x12, 0x00, 0x01, 0x1e, 0x61, 0x64, 0x1d, 0x10, 0x11, 0x69, 0x43, 0xf6,
  0xf0, 0x67, 0x64, 0xe0, 0x9c, 0x91, 0xcb, 0xe4, 0x92, 0x84, 0x86, 0x9f,
  0x96, 0x99, 0x81, 0x87, 0x85, 0x9b, 0x9e, 0x84, 0x9a, 0x9c, 0x96, 0x91,
  0x93, 0x9c, 0x92, 0xe0, 0xf6, 0xc8, 0x97, 0x97, 0xf1, 0x52, 0xe3, 0x90,
  0xe0, 0x47, 0xd2, 0xe2, 0x95, 0xf3, 0xf6, 0xf8, 0xcd, 0xe9, 0xe2, 0x45,
  0x7d, 0xf4, 0x97, 0x96, 0xff, 0x77, 0xd2, 0xf9, 0xf3, 0xf9, 0xfe, 0x7f,
  0x67, 0xd0, 0xf0, 0xf1, 0x6d, 0x1c, 0x7a, 0xcf, 0xde, 0x1b, 0x35, 0x0b,
  0x05, 0x49, 0x10, 0x0b, 0x33, 0x34, 0x10, 0x18, 0x37, 0x32, 0x0b, 0x15,
  0x10, 0x35, 0x36, 0x0d, 0x10, 0x14, 0x17, 0x16, 0x6c, 0x65, 0x69, 0xc5,
  0x92, 0x98, 0x94, 0x90, 0x87, 0x8c, 0x87, 0x94, 0x9c, 0x8e, 0xb4, 0x88,
  0x81, 0x98, 0x86, 0x8d, 0x83, 0x81, 0x86, 0x86, 0x84, 0x9c, 0x93, 0x97,
  0x94, 0xef, 0xee, 0xe8, 0xf7, 0x43, 0x68, 0x63, 0x4a, 0x77, 0x72, 0x79,
  0x78, 0x64, 0x7d, 0x61, 0x77, 0xd7, 0x53, 0xdb, 0xf7, 0xf3, 0xe3, 0xe6,
  0xf0, 0xf2, 0x94, 0x9f, 0x97, 0xec, 0xc2, 0x97, 0x85, 0x93, 0xe1, 0xe1,
  0x97, 0x95, 0xe5, 0xfb, 0xe0, 0xe0, 0xfd, 0xc6, 0xce, 0xd2, 0x4e, 0x65,
  0x67, 0x7c, 0x7f, 0x6d, 0x6a, 0x69, 0x60, 0x06, 0x37, 0x34, 0x18, 0x64,
  0x04, 0x30, 0x3c, 0x0b, 0x18, 0x0c, 0x33, 0x33, 0x00, 0x6b, 0x06, 0x31,
  0x37, 0x1e, 0x66, 0x16, 0x13, 0x6f, 0xc7, 0x41, 0x79, 0x97, 0x86, 0x86,
  0x92, 0x9f, 0x8f, 0x8a, 0x83, 0x90, 0x80, 0xb6, 0xb6, 0x8c, 0x84, 0x80,
  0x89, 0x8c, 0x86, 0x86, 0x82, 0x81, 0x9f, 0xee, 0xee, 0x97, 0xe9, 0xf1,
  0xf9, 0xff, 0x78, 0x1d, 0x1c, 0x6c, 0x77, 0x67, 0x16, 0x11, 0x11, 0x11,
  0x10, 0x15, 0x4a, 0xdb, 0x4b, 0x73, 0x75, 0xc6, 0xfa, 0xe3, 0xee, 0xea,
  0x91, 0x93, 0x91, 0x97, 0x95, 0x92, 0x98, 0x93, 0x91, 0x96, 0xe9, 0xec,
  0xed, 0xee, 0xeb, 0xe5, 0xf6, 0xf2, 0xcb, 0xca, 0x47, 0x75, 0x40, 0x5b,
  0x72, 0x6c, 0x6a, 0x16, 0x17, 0x68, 0x1d, 0x0a, 0x37, 0x00, 0x15, 0x1d,
  0x37, 0x3e, 0x36, 0x19, 0x19, 0x34, 0x3d, 0x34, 0x17, 0x15, 0x0b, 0x37,
  0x05, 0x51, 0x4c, 0x15, 0x62, 0xf3, 0xe0, 0x5a, 0xe9, 0x8d, 0x8f, 0x9b,
  0x94, 0x87, 0xb5, 0x8b, 0x9b, 0x9b, 0x88, 0xb4, 0x8f, 0x9e, 0x9f, 0x8d,
  0x89, 0x87, 0x92, 0x98, 0x85, 0x9c, 0xe0, 0xc9, 0xed, 0xe2, 0xda, 0x72,
  0x58, 0x44, 0x68, 0x1c, 0x1d, 0x67, 0x7a, 0x17, 0x1d, 0x10, 0x6f, 0x66,
  0x16, 0x6f, 0xcd, 0xfe, 0xc4, 0x52, 0xdc, 0xe0, 0x91, 0x90, 0x93, 0x9d,
  0x92, 0x92, 0x9c, 0x9c, 0x9e, 0x99, 0x9f, 0x99, 0x9d, 0x95, 0x94, 0xeb,
  0xed, 0xec, 0xe1, 0xf1, 0xc3, 0xc1, 0x54, 0xc8, 0xc3, 0x41, 0x7a, 0x6c,
  0x66, 0x65, 0x6a, 0x16, 0x10, 0x6a, 0x04, 0x37, 0x37, 0x00, 0x6b, 0x01,
  0x30, 0x3c, 0x34, 0x12, 0x02, 0x33, 0x32, 0x0d, 0x64, 0x04, 0x34, 0x0b,
  0x10, 0x50, 0x62, 0x66, 0xcb, 0x95, 0xe2, 0x4f, 0x92, 0x88, 0x8e, 0x9e,
  0x90, 0x8c, 0xb7, 0x89, 0x90, 0x99, 0x8a, 0xb7, 0x8d, 0x90, 0x93, 0x8c,
  0x8e, 0x9a, 0xea, 0x91, 0x9e, 0x91, 0xfe, 0xcc, 0xe6, 0xf6, 0x7f, 0x7d,
  0x5f, 0x66, 0x16, 0x1c, 0x6f, 0x5c, 0x73, 0x10, 0x1c, 0x6d, 0x77, 0x4c,
  0x61, 0x64, 0xc3, 0xfb, 0xfc, 0xfd, 0xff, 0xe8, 0x97, 0x91, 0x9c, 0x9f,
  0x92, 0x94, 0x90, 0x9e, 0x99, 0x92, 0x97, 0x97, 0x91, 0x94, 0x95, 0xef,
  0xe2, 0xef, 0xe0, 0xe5, 0xf6, 0xc0, 0xcb, 0xc2, 0xc7, 0xd6, 0x7f, 0x65,
  0x6e, 0x64, 0x6d, 0x10, 0x1d, 0x18, 0x09, 0x36, 0x0b, 0x05, 0x1b, 0x0b,
  0x3c, 0x3d, 0x0f, 0x05, 0x0a, 0x32, 0x36, 0x18, 0x15, 0x0e, 0x37, 0x06,
  0xd1, 0xc9, 0x60, 0x70, 0xeb, 0x93, 0xfe, 0xe5, 0x83, 0x8a, 0x80, 0x93,
  0x98, 0x8b, 0xb5, 0x86, 0x92, 0x83, 0xb5, 0x8f, 0x98, 0x95, 0x9c, 0x87,
  0x84, 0x9d, 0x96, 0xeb, 0xfb, 0xc3, 0xf6, 0xe2, 0xf9, 0x7a, 0x66, 0x43,
  0x54, 0x62, 0x14, 0x68, 0x77, 0xc8, 0x72, 0x68, 0x65, 0x42, 0xca, 0xf8,
  0xe7, 0xe4, 0xfb, 0xe1, 0xef, 0xe8, 0x97, 0x96, 0x92, 0x9d, 0x9c, 0x90,
  0xe9, 0xea, 0x93, 0x9f, 0x91, 0xe2, 0xe0, 0xee, 0xec, 0xe3, 0xee, 0xee,
  0xe3, 0xf1, 0xd8, 0xfd, 0xe1, 0xf6, 0xc2, 0xe4, 0xff, 0xd1, 0x67, 0x6d,
  0x73, 0x76, 0x68, 0x10, 0x1c, 0x06, 0x37, 0x34, 0x01, 0x10, 0x03, 0x3d,
  0x3e, 0x35, 0x19, 0x0f, 0x33, 0x32, 0x02, 0x13, 0x03, 0x34, 0x0f, 0x62,
  0xd9, 0x62, 0x72, 0xe2, 0x91, 0xe4, 0xce, 0x86, 0xb5, 0x8c, 0x91, 0x91,
  0x8c, 0xb4, 0x83, 0x92, 0x85, 0x8e, 0x88, 0x9e, 0xe8, 0x97, 0x9f, 0x9c,
  0x90, 0x92, 0x96, 0xcd, 0x6e, 0x4d, 0x95, 0x96, 0x73, 0x17, 0x7c, 0xf3,
  0xd2, 0x68, 0x16, 0x48, 0xe0, 0xfc, 0x73, 0x65, 0x53, 0xf6, 0xe4, 0xe8,
  0x96, 0xe9, 0xff, 0xfb, 0x94, 0x9d, 0x92, 0x93, 0x90, 0x9c, 0x9f, 0xeb,
  0xee, 0x91, 0x9d, 0x92, 0x97, 0xe9, 0xec, 0xee, 0xe0, 0xe2, 0xeb, 0x95,
  0xe3, 0xcb, 0xc4, 0xf6, 0xe4, 0xfe, 0xfa, 0xf1, 0x55, 0x50, 0x5d, 0x7a,
  0x69, 0x15, 0x17, 0x13, 0x04, 0x37, 0x37, 0x0d, 0x13, 0x03, 0x33, 0x3f,
  0x36, 0x05, 0x02, 0x31, 0x33, 0x0e, 0x12, 0x07, 0x35, 0x0d, 0x69, 0xcf,
  0x79, 0x75, 0xe2, 0x94, 0xee, 0xdd, 0x9b, 0xb5, 0x8f, 0x96, 0xe9, 0x81,
  0xb5, 0x8d, 0x93, 0x90, 0x8d, 0x8f, 0x9e, 0xe5, 0xe7, 0x9c, 0x9d, 0xea,
  0xe2, 0xed, 0xd7, 0x6c, 0x71, 0xf1, 0xe1, 0xd7, 0x14, 0x6d, 0xdb, 0xd6,
  0x78, 0x6c, 0x57, 0xe5, 0xf3, 0xc5, 0x4d, 0xf4, 0xfe, 0xe2, 0xe9, 0x95,
  0xe8, 0xf9, 0xca, 0xe9, 0x93, 0x91, 0x94, 0x94, 0x91, 0x91, 0x91, 0xeb,
  0x96, 0x90, 0x96, 0x97, 0x95, 0x90, 0xef, 0xfb, 0xe6, 0xe8, 0x94, 0xef,
  0xfd, 0xf2, 0xf8, 0xe7, 0xf9, 0xf0, 0xe4, 0xcd, 0xc0, 0x70, 0x61, 0x63,
  0x6f, 0x6f, 0x10, 0x09, 0x34, 0x0b, 0x19, 0x18, 0x35, 0x3d, 0x32, 0x00,
  0x07, 0x34, 0x30, 0x35, 0x1a, 0x18, 0x0f, 0x0e, 0x19, 0x76, 0x78, 0x7c,
  0xe1, 0xe9, 0xe1, 0x50, 0x90, 0x89, 0x8e, 0x90, 0xe6, 0x86, 0x8b, 0x8f,
  0x93, 0x94, 0x83, 0x89, 0x9b, 0xef, 0xe3, 0x90, 0x94, 0xe5, 0xec, 0xe8,
  0xfa, 0x15, 0x68, 0xfc, 0xeb, 0xc7, 0x6c, 0x60, 0xfc, 0xf9, 0x78, 0x61,
  0xd8, 0xef, 0xef, 0xf0, 0xc3, 0xfa, 0xf3, 0xe2, 0xe8, 0x93, 0x94, 0xf0,
  0xf4, 0xe2, 0x91, 0x96, 0xeb, 0x94, 0x91, 0x96, 0xeb, 0xe3, 0xec, 0xe8,
  0xe9, 0xeb, 0x95, 0xe0, 0xf3, 0xf2, 0xe6, 0xea, 0xe4, 0xcf, 0xf2, 0xe5,
  0xe4, 0xc6, 0xc5, 0xf9, 0xf8, 0xf2, 0x51, 0x7f, 0x64, 0x63, 0x6e, 0x67,
  0x05, 0x09, 0x0a, 0x06, 0x15, 0x03, 0x31, 0x32, 0x08, 0x1d, 0x0c, 0x31,
  0x31, 0x03, 0x17, 0x00, 0x0e, 0x01, 0x69, 0x65, 0x15, 0x77, 0xee, 0xe2,
  0x5c, 0xc3, 0x84, 0x8e, 0x9a, 0xe4, 0x90, 0x8c, 0x8f, 0x84, 0x97, 0x99,
  0x83, 0x84, 0x92, 0x94, 0x90, 0x97, 0xe0, 0x94, 0xe8, 0xe1, 0x73, 0x79,
  0xe7, 0xe1, 0xd8, 0x72, 0x76, 0xe1, 0xe1, 0x58, 0x5f, 0xca, 0xe6, 0xe6,
  0xfb, 0xe4, 0xe0, 0xfb, 0xe1, 0x95, 0x93, 0x94, 0xe0, 0xfa, 0xea, 0x96,
  0xe8, 0xe2, 0xe8, 0x96, 0x95, 0xec, 0xe1, 0xe2, 0xe1, 0xe7, 0xe4, 0xec,
  0xe1, 0xd6, 0x77, 0xdd, 0xfb, 0xe5, 0xd9, 0x4c, 0x50, 0xc6, 0xcb, 0xc2,
  0xdb, 0x58, 0x40, 0x50, 0x4a, 0x7c, 0x60, 0x6f, 0x7b, 0x1c, 0x01, 0x03,
  0x1a, 0x13, 0x03, 0x35, 0x34, 0x01, 0x18, 0x0c, 0x0a, 0x0e, 0x07, 0x18,
  0x0d, 0x03, 0x1c, 0x15, 0x12, 0x12, 0x59, 0xfb, 0xd9, 0x64, 0xc7, 0x9a,
  0x87, 0xe9, 0xe7, 0x93, 0x86, 0x85, 0x90, 0x96, 0x85, 0x85, 0xea, 0x94,
  0x91, 0x9f, 0xe8, 0xf9, 0xe7, 0x95, 0xe9, 0xc0, 0xdf, 0xfc, 0xe4, 0xf4,
  0xf5, 0xff, 0xfb, 0xf3, 0xf9, 0xe4, 0xef, 0xfe, 0xfb, 0xee, 0x91, 0x97,
  0xe4, 0xe1, 0x95, 0x90, 0x95, 0xec, 0xef, 0xe8, 0xed, 0xe1, 0xe5, 0xee,
  0xe4, 0xf2, 0xe7, 0xe0, 0xed, 0xf2, 0xc4, 0xf5, 0xfb, 0xf7, 0xc6, 0xc6,
  0xf5, 0xc0, 0xd9, 0x50, 0xdf, 0x56, 0x76, 0x54, 0xc6, 0xda, 0x55, 0x74,
  0x77, 0x58, 0x70, 0x64, 0x67, 0x68, 0x13, 0x1e, 0x1d, 0x13, 0x1a, 0x06,
  0x00, 0x19, 0x12, 0x05, 0x04, 0x04, 0x1e, 0x1e, 0x05, 0x1b, 0x11, 0x14,
  0x10, 0x11, 0x69, 0x64, 0x60, 0x69, 0x7a, 0x5d, 0xf3, 0x58, 0x4a, 0xe5,
  0xe7, 0xe4, 0xfc, 0xe5, 0xe9, 0xe8, 0xe6, 0xe2, 0xed, 0x94, 0xef, 0xe3,
  0xe9, 0xea, 0x95, 0xe2, 0xee, 0xe9, 0xe9, 0xee, 0xea, 0xee, 0xe8, 0xe2,
  0xe0, 0xec, 0xe9, 0xec, 0xed, 0xed, 0xee, 0xe8, 0xe0, 0xed, 0xe2, 0xec,
  0xed, 0xef, 0xe0, 0xe6, 0xe7, 0xe5, 0xe6, 0xef, 0xe2, 0xe7, 0xe5, 0xe7,
  0xe2, 0xe6, 0xe6, 0xf8, 0xe5, 0xe6, 0xe6, 0xfa, 0xfa, 0xf9, 0xf2, 0xfc,
  0xf2, 0xfd, 0xfc, 0xca, 0xf1, 0xf4, 0xda, 0xde, 0x45, 0x4d, 0x4a, 0x7c,
  0x60, 0x14, 0x10, 0x1f, 0x1e, 0x1c, 0x05, 0x18, 0x07, 0x07, 0x04, 0x01,
  0x06, 0x01, 0x00, 0x06, 0x04, 0x18, 0x1b, 0x1b, 0x19, 0x19, 0x10, 0x17,
  0x15, 0x68, 0x66, 0x61, 0x71, 0xd3, 0x53, 0xc1, 0xc1, 0xf9, 0xe9, 0xeb,
  0xe9, 0xe8, 0xee, 0x94, 0x95, 0x96, 0x91, 0x90, 0x90, 0x95, 0x97, 0x90,
  0x91, 0x95, 0x95, 0xea, 0x94, 0x95, 0xef, 0xec, 0xe8, 0xec, 0xec, 0xe0,
  0xee, 0xea, 0xe2, 0xef, 0xe3, 0xec, 0xef, 0xe3, 0xe6, 0xe0, 0xe3, 0xed,
  0xe4, 0xe1, 0xe1, 0xe0, 0xec, 0xe1, 0xe0, 0xe7, 0xe1, 0xe4, 0xe1, 0xe3,
  0xe1, 0xe1, 0xe1, 0xfb, 0xe7, 0xf8, 0xf9, 0xfb, 0xfd, 0xfb, 0xc9, 0xcd,
  0x5f, 0x57, 0x58, 0x75, 0x73, 0x6d, 0x15, 0x10, 0x1e, 0x1f, 0x18, 0x18,
  0x1b, 0x06, 0x04, 0x06, 0x01, 0x06, 0x00, 0x00, 0x06, 0x07, 0x04, 0x05,
  0x1a, 0x18, 0x19, 0x13, 0x17, 0x69, 0x6d, 0x63, 0x62, 0x4d, 0x5e, 0xdf,
  0xc6, 0xf7, 0xe0, 0xef, 0xe9, 0xeb, 0xef, 0xe9, 0x97, 0x94, 0x92, 0x90,
  0x93, 0x96, 0x91, 0x92, 0x93, 0x91, 0x93, 0x91, 0x90, 0x93, 0x94, 0x94,
  0xea, 0xea, 0xea, 0xea, 0xeb, 0xea, 0xef, 0xea, 0xeb, 0xee, 0xe8, 0xec,
  0xe9, 0xe9, 0xef, 0xec, 0xe0, 0xe2, 0xef, 0xe2, 0xe8, 0xed, 0xe3, 0xe1,
  0xe6, 0xe1, 0xe7, 0xfa, 0xf9, 0xfb, 0xfa, 0xfa, 0xf0, 0xce, 0xc8, 0xc8,
  0xcd, 0xc2, 0xde, 0xd1, 0x47, 0x75, 0x72, 0x7a, 0x79, 0x60, 0x14, 0x11,
  0x1e, 0x1e, 0x19, 0x05, 0x18, 0x07, 0x07, 0x07, 0x01, 0x06, 0x01, 0x03,
  0x01, 0x06, 0x04, 0x05, 0x05, 0x05, 0x1a, 0x1f, 0x13, 0x16, 0x14, 0x69,
  0x6b, 0x64, 0x73, 0x41, 0xd3, 0xd9, 0xff, 0xe2, 0xed, 0xeb, 0xe9, 0xe9,
  0x97, 0x96, 0x9d, 0x92, 0x9f, 0x9d, 0x9d, 0x9f, 0x9c, 0x92, 0x92, 0x92,
  0x9d, 0x9d, 0x93, 0x96, 0x94, 0x94, 0x97, 0x94, 0xea, 0x95, 0xef, 0xee,
  0xee, 0xee, 0xef, 0xed, 0xec, 0xec, 0xef, 0xed, 0xe0, 0xe6, 0xe0, 0xe0,
  0xe2, 0xe0, 0xe1, 0xe6, 0xe4, 0xe4, 0xe7, 0xfb, 0xfb, 0xf9, 0xff, 0xff,
  0xf0, 0xf6, 0xc7, 0xc7, 0xc3, 0xda, 0xd8, 0x54, 0x47, 0x76, 0x72, 0x7f,
  0x64, 0x60, 0x6a, 0x11, 0x1f, 0x1e, 0x18, 0x1a, 0x1a, 0x07, 0x04, 0x07,
  0x07, 0x07, 0x01, 0x00, 0x01, 0x06, 0x04, 0x04, 0x05, 0x05, 0x1a, 0x1c,
  0x13, 0x11, 0x14, 0x14, 0x68, 0x66, 0x79, 0x74, 0x4d, 0xd6, 0xcb, 0xe4,
  0xe3, 0xef, 0xee, 0x95, 0x91, 0x90, 0x9c, 0x9c, 0x99, 0x99, 0x98, 0x9b,
  0x99, 0x9e, 0x9e, 0x9f, 0x9e, 0x9f, 0x9d, 0x93, 0x91, 0x90, 0x96, 0x97,
  0x94, 0x95, 0xeb, 0x95, 0x95, 0xeb, 0xe9, 0xef, 0xef, 0xef, 0xef, 0xe3,
  0xe7, 0xe1, 0xe6, 0xe6, 0xe6, 0xe5, 0xe5, 0xfb, 0xe5, 0xfb, 0xff, 0xfe,
  0xf1, 0xf6, 0xf5, 0xc2, 0xc9, 0xd8, 0xdf, 0xd7, 0x52, 0x5d, 0x41, 0x4b,
  0x7c, 0x7e, 0x67, 0x65, 0x64, 0x63, 0x69, 0x17, 0x12, 0x12, 0x1f, 0x1e,
  0x1e, 0x05, 0x1b, 0x05, 0x04, 0x04, 0x07, 0x07, 0x04, 0x04, 0x05, 0x05,
  0x1a, 0x1b, 0x1b, 0x1d, 0x12, 0x16, 0x17, 0x15, 0x68, 0x61, 0x61, 0x73,
  0x70, 0x5d, 0xd8, 0xf7, 0xfa, 0xe7, 0xe3, 0xee, 0x95, 0x96, 0x93, 0x92,
  0x9e, 0x9f, 0x9b, 0x9b, 0x98, 0x98, 0x98, 0x98, 0x98, 0x9e, 0x9c, 0x92,
  0x93, 0x93, 0x91, 0x91, 0x97, 0x95, 0xea, 0x95, 0xea, 0xea, 0xee, 0xee,
  0xee, 0xee, 0xee, 0xe0, 0xe6, 0xe7, 0xe4, 0xe5, 0xfb, 0xfe, 0xfc, 0xf1,
  0xfd, 0xf6, 0xcb, 0xcf, 0xc4, 0xc4, 0xc6, 0xd8, 0xd0, 0x5d, 0x5c, 0x5a,
  0x42, 0x49, 0x76, 0x7f, 0x64, 0x67, 0x62, 0x63, 0x63, 0x6d, 0x6e, 0x15,
  0x16, 0x13, 0x13, 0x1c, 0x1f, 0x1e, 0x1b, 0x19, 0x1b, 0x05, 0x1b, 0x05,
  0x05, 0x1a, 0x05, 0x18, 0x1b, 0x1e, 0x1f, 0x1c, 0x10, 0x11, 0x14, 0x68,
  0x68, 0x63, 0x61, 0x65, 0x70, 0x74, 0x5c, 0xc5, 0xf6, 0xfd, 0xe4, 0xe1,
  0xec, 0xea, 0x94, 0x91, 0x93, 0x9c, 0x9e, 0x98, 0x98, 0x99, 0x9b, 0x9b,
  0x98, 0x98, 0x9e, 0x9f, 0x9d, 0x92, 0x93, 0x90, 0x91, 0x96, 0x94, 0x94,
  0x95, 0xea, 0xe8, 0xe9, 0xe9, 0xee, 0xe9, 0xec, 0xe0, 0xe0, 0xe6, 0xe5,
  0xfa, 0xfc, 0xf2, 0xf2, 0xf6, 0xf4, 0xc1, 0xd3, 0xd5, 0x53, 0x51, 0x5c,
  0x5a, 0x5a, 0x4f, 0x42, 0x74, 0x70, 0x7c, 0x7b, 0x65, 0x67, 0x60, 0x62,
  0x6f, 0x6f, 0x6c, 0x6c, 0x6e, 0x15, 0x14, 0x11, 0x10, 0x11, 0x13, 0x12,
  0x12, 0x1c, 0x1d, 0x1c, 0x1c, 0x1d, 0x1c, 0x1d, 0x12, 0x13, 0x10, 0x11,
  0x16, 0x17, 0x15, 0x6e, 0x6f, 0x60, 0x65, 0x64, 0x7e, 0x7c, 0x74, 0x45,
  0x54, 0xc0, 0xca, 0xf0, 0xfe, 0xe4, 0xe2, 0xed, 0xe9, 0x95, 0x97, 0x91,
  0x90, 0x93, 0x93, 0x93, 0x92, 0x92, 0x93, 0x92, 0x90, 0x91, 0x96, 0x96,
  0x97, 0x94, 0x95, 0xeb, 0xeb, 0xe8, 0xef, 0xef, 0xef, 0xec, 0xef, 0xec,
  0xed, 0xe2, 0xe3, 0xe1, 0xe7, 0xe5, 0xfb, 0xff, 0xf0, 0xf0, 0xca, 0xc6,
  0xd1, 0x57, 0x5d, 0x5d, 0x41, 0x4a, 0x4a, 0x75, 0x76, 0x71, 0x72, 0x79,
  0x79, 0x65, 0x66, 0x67, 0x61, 0x60, 0x62, 0x6f, 0x6f, 0x6d, 0x6e, 0x6b,
  0x6a, 0x68, 0x6b, 0x15, 0x6a, 0x17, 0x15, 0x14, 0x17, 0x17, 0x17, 0x14,
  0x17, 0x17, 0x15, 0x14, 0x6a, 0x68, 0x6b, 0x6d, 0x6f, 0x62, 0x60, 0x61,
  0x7e, 0x7a, 0x73, 0x74, 0x74, 0x58, 0x40, 0x56, 0xd2, 0xd8, 0xf4, 0xcb,
  0xfd, 0xfb, 0xf8, 0xe1, 0xe3, 0xec, 0xe9, 0xe9, 0x95, 0xea, 0x95, 0x95,
  0x95, 0x94, 0x95, 0x95, 0x95, 0xea, 0x95, 0xeb, 0xe8, 0xea, 0xe9, 0xe8,
  0xee, 0xee, 0xee, 0xef, 0xed, 0xe2, 0xed, 0xe2, 0xe1, 0xe6, 0xe4, 0xe5,
  0xe5, 0xf8, 0xff, 0xf7, 0xf5, 0xcd, 0xcd, 0xc2, 0xdb, 0xd2, 0x51, 0x5d,
  0x50, 0x5b, 0x5a, 0x4a, 0x76, 0x71, 0x72, 0x70, 0x7b, 0x7b, 0x65, 0x64,
  0x65, 0x67, 0x67, 0x63, 0x62, 0x63, 0x6d, 0x63, 0x61, 0x6c, 0x62, 0x63,
  0x63, 0x62, 0x6c, 0x6d, 0x6e, 0x62, 0x63, 0x6d, 0x63, 0x63, 0x60, 0x63,
  0x63, 0x66, 0x60, 0x67, 0x64, 0x67, 0x7a, 0x64, 0x7b, 0x7e, 0x7f, 0x75,
  0x76, 0x4c, 0x40, 0x49, 0x5c, 0x45, 0x54, 0xd2, 0xdd, 0xc9, 0xc7, 0xcb,
  0xca, 0xcd, 0xf2, 0xf0, 0xf9, 0xe5, 0xfa, 0xe6, 0xe4, 0xe6, 0xe1, 0xe6,
  0xe2, 0xe3, 0xed, 0xed, 0xe3, 0xe2, 0xe0, 0xe3, 0xe2, 0xe3, 0xe2, 0xe3,
  0xe3, 0xe0, 0xe1, 0xe1, 0xe7, 0xe4, 0xe4, 0xfa, 0xfb, 0xf9, 0xff, 0xfd,
  0xf3, 0xf7, 0xcb, 0xc3, 0xda, 0xde, 0xd1, 0xd7, 0x57, 0x52, 0x5d, 0x5a,
  0x44, 0x43, 0x4e, 0x48, 0x74, 0x77, 0x76, 0x71, 0x70, 0x70, 0x73, 0x72,
  0x7c, 0x7e, 0x79, 0x78, 0x78, 0x78, 0x79, 0x79, 0x79, 0x78, 0x7b, 0x7a,
  0x7b, 0x79, 0x79, 0x7b, 0x7a, 0x7a, 0x7a, 0x7b, 0x79, 0x7e, 0x79, 0x79,
  0x7a, 0x7b, 0x7c, 0x77, 0x75, 0x49, 0x4f, 0x4d, 0x42, 0x46, 0x45, 0x59,
  0x50, 0x50, 0x52, 0x56, 0xdc, 0xdd, 0xd0, 0xdd, 0xc6, 0xc0, 0xcd, 0xc7,
  0xc5, 0xc0, 0xf5, 0xc2, 0xcd, 0xca, 0xca, 0xde, 0xc3, 0xf4, 0xfd, 0xf1,
  0x70, 0x63, 0xf4, 0x97, 0xc2, 0x4f, 0xe9, 0xeb, 0xd3, 0xcf, 0xe5, 0xfd,
  0xc0, 0xf4, 0xf8, 0xf4, 0xc3, 0xf1, 0xfd, 0xc1, 0xd9, 0xcd, 0xc0, 0xd8,
  0xde, 0xca, 0xc3, 0xc5, 0x54, 0xd6, 0x50, 0xd7, 0x54, 0x52, 0x5a, 0x5f,
  0xd5, 0x40, 0x4c, 0x74, 0x42, 0x4f, 0x75, 0x74, 0x42, 0x71, 0x79, 0x7d,
  0x75, 0x74, 0x7a, 0x77, 0x48, 0x74, 0x77, 0x73, 0x76, 0x43, 0x74, 0x72,
  0x70, 0x4a, 0x4d, 0x7c, 0x4a, 0x48, 0x4b, 0x5b, 0x4a, 0x71, 0x44, 0x42,
  0x4a, 0x75, 0x5f, 0x55, 0x4f, 0x5a, 0x56, 0x45, 0x54, 0x58, 0x5a, 0xd1,
  0x5f, 0x52, 0xc7, 0xc4, 0x53, 0x50, 0xf7, 0xcc, 0xd5, 0xf4, 0xc0, 0xd5,
  0xc9, 0xcc, 0xda, 0xcf, 0xf5, 0xf6, 0xce, 0xde, 0xda, 0xf2, 0xc8, 0x46,
  0xf5, 0xed, 0xde, 0x72, 0xc5, 0xe4, 0xf0, 0xdf, 0xd8, 0xf6, 0xcd, 0x5d,
  0xdf, 0xf8, 0xd9, 0x73, 0xde, 0xe5, 0xc0, 0x74, 0x44, 0xd8, 0xc1, 0xd7,
  0x54, 0x5b, 0x74, 0x77, 0xd6, 0xd3, 0x5f, 0x77, 0x71, 0x15, 0x7e, 0xe3,
  0xf1, 0x15, 0x61, 0xe7, 0xe2, 0x5e, 0x4d, 0xfb, 0xc9, 0x58, 0x47, 0xf3,
  0xf3, 0x67, 0x66, 0xe3, 0xe8, 0x7d, 0x15, 0x41, 0xfe, 0xf4, 0x6c, 0x7c,
  0xd3, 0x71, 0x69, 0x44, 0xf8, 0x71, 0x66, 0x74, 0xff, 0x50, 0x6d, 0xd9,
  0xf7, 0xe4, 0x7f, 0x67, 0xe6, 0xcd, 0x42, 0x4f, 0xd8, 0xf0, 0xcd, 0x7a,
  0x49, 0xf1, 0xe4, 0x65, 0x57, 0xe5, 0xcc, 0x71, 0x5f, 0xcb, 0xe5, 0xf8,
  0x75, 0x7e, 0xdd, 0xed, 0xca, 0x4a, 0x6e, 0xfb, 0xe3, 0xc2, 0x68, 0x5c,
  0xe3, 0x70, 0xc6, 0xd6, 0xf0, 0x55, 0x63, 0xd1, 0xee, 0xf2, 0x7e, 0x6b,
  0xe0, 0xc0, 0xc2, 0x5d, 0x63, 0x44, 0x5a, 0xed, 0xf8, 0x65, 0x7c, 0x65,
  0xee, 0xfc, 0x7a, 0x7a, 0x4f, 0xd9, 0x4c, 0xe1, 0x63, 0x1d, 0xc8, 0x96,
  0x5b, 0x68, 0x7a, 0xe4, 0xe4, 0xf5, 0x64, 0x7f, 0x41, 0x48, 0x97, 0x97,
  0x62, 0x13, 0xf6, 0xec, 0xdd, 0x7f, 0x68, 0x10, 0x97, 0x9b, 0x1d, 0x02,
  0x5b, 0x9a, 0xc2, 0x16, 0xff, 0xf5, 0x52, 0xdf, 0x95, 0xe3, 0x67, 0x49,
  0x84, 0x97, 0x14, 0x15, 0x93, 0x84, 0xcd, 0x64, 0x72, 0xef, 0x61, 0x75,
  0x99, 0xee, 0x10, 0x76, 0x95, 0xe2, 0x6b, 0x1c, 0xfa, 0x85, 0xf2, 0x04,
  0x65, 0xee, 0x53, 0x1f, 0x79, 0x9c, 0xd9, 0x1d, 0x67, 0xfd, 0xfd, 0x15,
  0x70, 0xe0, 0xf0, 0x60, 0x6f, 0x6c, 0x63, 0xe0, 0x97, 0x18, 0x13, 0xe3,
  0xef, 0xc9, 0x17, 0x78, 0xf6, 0xe0, 0xe3, 0x58, 0x67, 0x7a, 0x43, 0xff,
  0x43, 0xdb, 0xd9, 0x62, 0x6e, 0xff, 0x90, 0x78, 0x05, 0x6c, 0x9e, 0x84,
  0x63, 0x06, 0xe3, 0x98, 0x56, 0x15, 0x5e, 0x7a, 0xe7, 0x93, 0xe7, 0x6d,
  0x61, 0xe2, 0xe0, 0xf7, 0xf8, 0x5a, 0x66, 0x94, 0xfb, 0x73, 0x16, 0x67,
  0xc6, 0x95, 0xf8, 0x41, 0xc4, 0x77, 0x14, 0xee, 0xd6, 0x17, 0xe7, 0x99,
  0x77, 0x12, 0x5b, 0x81, 0x44, 0x14, 0x68, 0x7a, 0x9c, 0x85, 0x14, 0x01,
  0x73, 0x99, 0xe2, 0x69, 0x19, 0x60, 0x80, 0xfd, 0x05, 0xef, 0xe3, 0x04,
  0x1a, 0x80, 0x81, 0x13, 0x1a, 0xfb, 0xfb, 0x54, 0x1f, 0x7c, 0x92, 0x64,
  0x07, 0xe3, 0x9a, 0x17, 0x03, 0xe1, 0x96, 0x6f, 0xde, 0x53, 0x06, 0x12,
  0x9c, 0x81, 0x1f, 0x0d, 0xed, 0x94, 0x75, 0x66, 0x99, 0xea, 0x08, 0x14,
  0xb4, 0x87, 0x0d, 0x37, 0x83, 0xb1, 0x6e, 0x0c, 0x5b, 0x9b, 0x47, 0xcb,
  0x80, 0x6a, 0x04, 0x74, 0x98, 0x85, 0x7b, 0x1f, 0x16, 0x91, 0x87, 0x40,
  0x16, 0x58, 0xfc, 0xe0, 0x93, 0xee, 0x07, 0x18, 0x84, 0x8d, 0x71, 0x09,
  0x6c, 0x96, 0x9d, 0x48, 0x60, 0xe5, 0x61, 0x4c, 0x90, 0x9d, 0x6c, 0x0a,
  0x46, 0xb5, 0x9a, 0x1d, 0x36, 0x1e, 0x81, 0x8a, 0xf7, 0x33, 0x1d, 0x8c,
  0x82, 0xff, 0x03, 0x6f, 0x47, 0xea, 0x8f, 0xe2, 0x08, 0x0b, 0x82, 0xbd,
  0x6c, 0x0d, 0x15, 0x93, 0x94, 0xfb, 0x95, 0x02, 0x18, 0x88, 0x8c, 0x19,
  0x36, 0x16, 0x85, 0xeb, 0xcc, 0x79, 0x67, 0x13, 0xfe, 0x89, 0x62, 0x0b,
  0x6b, 0x8d, 0x8d, 0x6c, 0x10, 0x1b, 0x11, 0x87, 0x9a, 0x1c, 0x0d, 0x72,
  0x9b, 0x94, 0xea, 0x6a, 0x0d, 0x19, 0x87, 0x89, 0x64, 0x0f, 0x7c, 0x84,
  0x9d, 0x15, 0x66, 0x64, 0x13, 0x94, 0x80, 0xc9, 0x0d, 0x16, 0xe3, 0xea,
  0x93, 0x4d, 0x1d, 0x13, 0xfb, 0x84, 0xe4, 0x18, 0x69, 0xe9, 0x9e, 0x50,
  0xcf, 0x73, 0x11, 0x53, 0x9d, 0x87, 0x14, 0x19, 0xc8, 0xeb, 0x9d, 0xe7,
  0x16, 0x14, 0xd5, 0x90, 0xfb, 0x67, 0x65, 0x7b, 0x72, 0xc1, 0x94, 0x41,
  0x13, 0xda, 0x93, 0xe0, 0xd9, 0x5c, 0x61, 0x7d, 0xe3, 0x99, 0x74, 0x07,
  0x41, 0x84, 0xe7, 0x11, 0x73, 0xea, 0x6f, 0x67, 0x97, 0xfd, 0x16, 0x64,
  0x94, 0xca, 0x78, 0x60, 0x49, 0xd9, 0x62, 0x55, 0x90, 0x62, 0x1c, 0xe1,
  0x98, 0x68, 0x05, 0xe1, 0xe8, 0x6a, 0x4d, 0xe8, 0xcf, 0x6f, 0x4c, 0xe6,
  0xd9, 0x73, 0x60, 0xcb, 0xe9, 0xef, 0xd0, 0x48, 0x62, 0xcc, 0xdc, 0x63,
  0xfc, 0x96, 0xf9, 0x61, 0x60, 0x7f, 0x78, 0x5c, 0xf4, 0x7c, 0x73, 0xdf,
  0xf0, 0x66, 0x64, 0xf2, 0xf7, 0x67, 0x6d, 0xea, 0x94, 0x69, 0x17, 0x7f,
  0x71, 0xca, 0xe5, 0x7a, 0x04, 0x79, 0x9b, 0xe6, 0x19, 0x16, 0x94, 0xe9,
  0x15, 0xcb, 0x9a, 0x7b, 0x1f, 0xea, 0x98, 0x11, 0x1f, 0x93, 0x93, 0xdc,
  0x63, 0x54, 0xef, 0xda, 0xca, 0xf1, 0xc1, 0xf3, 0x96, 0xcb, 0x14, 0xc4,
  0x94, 0x54, 0xc4, 0xe8, 0xed, 0xde, 0x7a, 0x71, 0xee, 0x9c, 0x73, 0x14,
  0xe1, 0x9d, 0xe7, 0x6f, 0xdf, 0xe4, 0x52, 0xf3, 0x91, 0xf1, 0x16, 0x67,
  0xef, 0xe0, 0x7e, 0x4e, 0x71, 0x64, 0x70, 0x94, 0x5a, 0x1b, 0x61, 0xe0,
  0xe5, 0x75, 0x79, 0x6b, 0x6c, 0xe4, 0xea, 0x67, 0x1a, 0x11, 0xe3, 0xe5,
  0x78, 0x10, 0x12, 0x7a, 0x4f, 0xde, 0x72, 0x6a, 0x1e, 0x41, 0xe3, 0x50,
  0x19, 0x6a, 0xf2, 0xf4, 0x6a, 0x65, 0x41, 0x5f, 0x48, 0x74, 0x72, 0x71,
  0x56, 0xdf, 0xe4, 0xcc, 0x78, 0x69, 0xf3, 0x9f, 0xee, 0x79, 0x13, 0xf6,
  0x9d, 0xe6, 0x7e, 0x40, 0xed, 0x40, 0x7e, 0xef, 0xe5, 0x6e, 0x63, 0x93,
  0x92, 0xc3, 0x65, 0x72, 0x42, 0x56, 0xe2, 0xf3, 0x51, 0xf4, 0xfe, 0x4a,
  0x77, 0xe2, 0xeb, 0xfe, 0xe8, 0xea, 0x95, 0xc3, 0xe2, 0x90, 0xf1, 0xf6,
  0xe5, 0x92, 0x96, 0xca, 0xcc, 0xe8, 0x91, 0xef, 0x9c, 0xe2, 0xf2, 0xed,
  0x94, 0x92, 0xe0, 0xc0, 0xeb, 0x94, 0xe4, 0x79, 0x70, 0xc9, 0xfb, 0xe5,
  0x7d, 0x62, 0x61, 0x72, 0x16, 0x11, 0xd6, 0xd2, 0x15, 0x15, 0x6a, 0x15,
  0x73, 0x6d, 0x1f, 0x13, 0x61, 0x64, 0x68, 0x10, 0x16, 0x15, 0x16, 0x61,
  0x73, 0x14, 0x05, 0x1e, 0x13, 0x6f, 0x10, 0x18, 0x01, 0x05, 0x17, 0x16,
  0x05, 0x03, 0x04, 0x19, 0x1d, 0x1e, 0x04, 0x1e, 0x1a, 0x11, 0x67, 0x60,
  0x13, 0x68, 0x71, 0xed, 0xe6, 0xf0, 0xf6, 0x90, 0x92, 0x84, 0x86, 0x93,
  0x9e, 0x86, 0x8d, 0x80, 0x87, 0x86, 0x81, 0x85, 0x81, 0x86, 0x9f, 0x99,
  0x98, 0x85, 0x90, 0x96, 0x9d, 0x9e, 0x9d, 0x97, 0xee, 0x97, 0x9d, 0x94,
  0xf3, 0xea, 0x93, 0xe2, 0xe2, 0xfa, 0xef, 0xea, 0xef, 0xe6, 0x4b, 0xde,
  0x94, 0xed, 0xdb, 0x5e, 0xe1, 0xe0, 0xe5, 0xdf, 0x71, 0xf6, 0x7e, 0xde,
  0xf4, 0x6d, 0x6c, 0x62, 0x49, 0x63, 0x60, 0x6f, 0x6c, 0x67, 0x1c, 0x0c,
  0x0f, 0x18, 0x17, 0x01, 0x37, 0x37, 0x09, 0x06, 0x34, 0x31, 0x37, 0x0b,
  0x0a, 0x30, 0x34, 0x1a, 0x6a, 0x0f, 0x36, 0x0e, 0x65, 0xe8, 0x6e, 0x1d,
  0xf1, 0xe9, 0x97, 0xe8, 0xeb, 0x83, 0x8b, 0x8d, 0x85, 0x8d, 0x8f, 0x8f,
  0x8d, 0xb5, 0xb1, 0xb4, 0x84, 0x86, 0x82, 0x88, 0x8f, 0x9f, 0x97, 0x90,
  0x9b, 0xe1, 0x54, 0xc3, 0xed, 0xe7, 0x41, 0x77, 0x64, 0x79, 0x4b, 0x4d,
  0xf2, 0xcf, 0x78, 0x70, 0xc1, 0xe7, 0xe2, 0x90, 0xe8, 0xfd, 0xe6, 0xea,
  0x96, 0x97, 0x94, 0xe8, 0xe0, 0x90, 0x9f, 0x93, 0xee, 0xec, 0x9d, 0x95,
  0xea, 0xe9, 0xe2, 0xe7, 0xd4, 0xc6, 0x74, 0x61, 0x79, 0x60, 0x60, 0x16,
  0x7d, 0x1d, 0x0a, 0x34, 0x0f, 0x12, 0x00, 0x35, 0x30, 0x36, 0x0c, 0x0a,
  0x36, 0x31, 0x09, 0x01, 0x0e, 0x0b, 0x0b, 0x07, 0x1b, 0x04, 0x10, 0x62,
  0x55, 0x7f, 0x76, 0xec, 0x98, 0x84, 0x91, 0x9d, 0x86, 0x8c, 0x82, 0x87,
  0x87, 0x81, 0x8d, 0x8c, 0x86, 0x81, 0x82, 0x81, 0x98, 0x9d, 0x87, 0x85,
  0x93, 0xe1, 0xe4, 0xec, 0xf2, 0xdb, 0x78, 0x42, 0x50, 0x76, 0x7a, 0x67,
  0x46, 0x71, 0x7e, 0x75, 0xc1, 0xf8, 0xf7, 0xcf, 0xf2, 0x95, 0x91, 0x94,
  0x9f, 0x85, 0x9f, 0x93, 0x9c, 0x98, 0x93, 0x90, 0x96, 0x93, 0x91, 0x90,
  0xe8, 0xe0, 0xed, 0x96, 0xe0, 0xfb, 0xfa, 0xd2, 0x64, 0x64, 0x7c, 0x62,
  0x17, 0x13, 0x17, 0x4c, 0x14, 0x35, 0x30, 0x35, 0x11, 0x16, 0x0a, 0x3f,
  0x32, 0x02, 0x01, 0x35, 0x33, 0x35, 0x1f, 0x05, 0x0e, 0x09, 0x07, 0x14,
  0x6a, 0x72, 0xd4, 0xe3, 0x57, 0x4a, 0xe8, 0x80, 0x8f, 0x9a, 0x94, 0x9a,
  0x80, 0x81, 0x87, 0x80, 0x8d, 0x81, 0x85, 0x9e, 0x84, 0x87, 0x85, 0x99,
  0x9b, 0x9f, 0x94, 0xdb, 0xf5, 0xef, 0xef, 0xca, 0x79, 0xd9, 0xcd, 0x52,
  0x64, 0x7d, 0xc2, 0x54, 0xc7, 0x5a, 0xdf, 0xe6, 0xfb, 0xf8, 0xe7, 0x96,
  0x90, 0x91, 0x95, 0x96, 0x9b, 0x9e, 0x93, 0x96, 0x92, 0x9c, 0x93, 0x97,
  0x96, 0x9c, 0x91, 0xee, 0xfd, 0xf8, 0xee, 0xed, 0xe5, 0xd7, 0xdc, 0xdd,
  0x47, 0x61, 0x6d, 0x6f, 0x17, 0x17, 0x6f, 0x1a, 0x34, 0x31, 0x0e, 0x14,
  0x1f, 0x37, 0x3e, 0x30, 0x03, 0x00, 0x36, 0x30, 0x0d, 0x11, 0x06, 0x0b,
  0x0c, 0x6a, 0x72, 0x66, 0x7d, 0xeb, 0x92, 0xf4, 0xca, 0x99, 0x8e, 0x82,
  0x9e, 0x93, 0x80, 0x8d, 0x85, 0x91, 0x9f, 0x80, 0x86, 0x9e, 0xe0, 0x94,
  0x95, 0x95, 0x94, 0x94, 0xef, 0xc4, 0x7f, 0x42, 0xe7, 0xe0, 0xd9, 0x79,
  0x7f, 0xd9, 0xf0, 0x46, 0x50, 0xc9, 0xe2, 0xe6, 0xfe, 0xe6, 0xe0, 0xec,
  0xe8, 0x93, 0x92, 0x90, 0x97, 0xea, 0x90, 0x9b, 0x85, 0x9e, 0x90, 0x90,
  0x90, 0x9d, 0x9d, 0x90, 0xea, 0xe9, 0x96, 0x97, 0xef, 0xe5, 0xe6, 0xed,
  0xfa, 0xc6, 0x4f, 0x4e, 0x76, 0x6e, 0x10, 0x1d, 0x1f, 0x0c, 0x37, 0x34,
  0x07, 0x04, 0x0a, 0x3e, 0x3d, 0x0c, 0x01, 0x35, 0x32, 0x34, 0x19, 0x1f,
  0x0e, 0x0e, 0x11, 0x43, 0x64, 0x64, 0xe5, 0x84, 0x90, 0xda, 0x95, 0x82,
  0x88, 0x87, 0x94, 0x9a, 0x8f, 0x80, 0x9c, 0x90, 0x9a, 0x9e, 0xee, 0xc2,
  0xe9, 0x93, 0xf6, 0x6c, 0x63, 0xfc, 0xe2, 0x5d, 0x16, 0x66, 0xf6, 0xfd,
  0x46, 0x7f, 0xc5, 0xe7, 0xf3, 0xd2, 0xe6, 0x95, 0x95, 0xe0, 0xe8, 0x93,
  0x99, 0x96, 0x97, 0x9d, 0x9f, 0x98, 0x93, 0x90, 0x9c, 0x9c, 0x93, 0x93,
  0x92, 0x9c, 0x97, 0x94, 0x93, 0x9f, 0x96, 0xe0, 0xe0, 0xef, 0x91, 0x96,
  0xe2, 0xe2, 0xf0, 0xed, 0xe6, 0xd7, 0x7e, 0x6a, 0x15, 0x68, 0x1a, 0x35,
  0x36, 0x0d, 0x1f, 0x0d, 0x33, 0x3e, 0x37, 0x06, 0x0e, 0x31, 0x30, 0x00,
  0x1c, 0x03, 0x08, 0x07, 0x4a, 0x47, 0x6c, 0xc9, 0x9c, 0x9a, 0xf1, 0xc1,
  0x87, 0x8b, 0x8d, 0xeb, 0xee, 0x83, 0x8c, 0x9e, 0xf8, 0x97, 0x85, 0x9e,
  0xdc, 0x61, 0xd3, 0xf7, 0x47, 0x7a, 0x79, 0x7b, 0x15, 0x10, 0x73, 0xe7,
  0xf6, 0x66, 0x62, 0xe5, 0x96, 0xee, 0xd4, 0xfc, 0x93, 0x9f, 0x93, 0xec,
  0x94, 0x92, 0x9c, 0x9e, 0x9e, 0x99, 0x93, 0xe8, 0x95, 0x93, 0x9e, 0x92,
  0xe2, 0xe9, 0x9d, 0x98, 0x91, 0xe4, 0xe2, 0x92, 0x98, 0x9c, 0xe0, 0xe4,
  0xec, 0x95, 0x96, 0xeb, 0x95, 0xee, 0xe5, 0xd7, 0x79, 0x63, 0x14, 0x17,
  0x03, 0x0a, 0x35, 0x07, 0x05, 0x34, 0x3c, 0x3d, 0x0c, 0x06, 0x0a, 0x33,
  0x34, 0x1f, 0x18, 0x0f, 0x0f, 0x17, 0xf9, 0x42, 0x65, 0xe9, 0x81, 0x99,
  0xd9, 0xed, 0x82, 0x8a, 0x86, 0xe7, 0x91, 0x8c, 0x80, 0xee, 0xd2, 0x91,
  0x98, 0xea, 0x61, 0x66, 0xf0, 0x4d, 0x13, 0x1c, 0x65, 0xdb, 0x6e, 0x05,
  0x10, 0xca, 0xe3, 0x46, 0x65, 0xf5, 0x92, 0x94, 0xfd, 0xe3, 0x9d, 0x9a,
  0x90, 0xea, 0x90, 0x85, 0x9d, 0xea, 0x94, 0x9f, 0x98, 0x95, 0xfc, 0xec,
  0x92, 0x91, 0xe3, 0xf8, 0x97, 0x9d, 0x93, 0xee, 0xec, 0x91, 0x97, 0x96,
  0x95, 0x94, 0x96, 0xed, 0xec, 0xe9, 0x95, 0xef, 0xe1, 0xf2, 0x74, 0x6f,
  0x11, 0x17, 0x06, 0x0a, 0x0a, 0x04, 0x1e, 0x08, 0x3d, 0x3f, 0x0e, 0x1e,
  0x0e, 0x30, 0x37, 0x1e, 0x14, 0x02, 0x0c, 0x17, 0xef, 0xfa, 0x74, 0xea,
  0x81, 0x87, 0xcd, 0xfd, 0x8d, 0xb5, 0x81, 0xc1, 0xe0, 0x8d, 0x82, 0xe5,
  0x67, 0xee, 0x98, 0xe9, 0x14, 0x11, 0xf7, 0x57, 0x1f, 0x1b, 0x6c, 0xd2,
  0x16, 0x04, 0x14, 0xe9, 0xea, 0x6f, 0x11, 0xf6, 0x85, 0x9b, 0xfa, 0xf0,
  0x92, 0x84, 0x9e, 0xee, 0x92, 0x84, 0x99, 0x96, 0x96, 0x9e, 0x99, 0x97,
  0xfc, 0xee, 0x9c, 0x92, 0xee, 0xf3, 0xe3, 0x92, 0x91, 0xe0, 0xe7, 0xef,
  0x90, 0x96, 0xec, 0xe8, 0xea, 0xe9, 0x94, 0x95, 0xea, 0x94, 0xe8, 0xf8,
  0x57, 0x7e, 0x15, 0x68, 0x01, 0x35, 0x0a, 0x07, 0x1c, 0x09, 0x3c, 0x3f,
  0x08, 0x1a, 0x0e, 0x30, 0x37, 0x1e, 0x68, 0x03, 0x0d, 0x6a, 0xe9, 0xe3,
  0x48, 0x95, 0x8d, 0x87, 0x5d, 0xf4, 0x82, 0xb7, 0x81, 0x5b, 0xf9, 0x80,
  0x83, 0xe7, 0x63, 0xe3, 0x9f, 0xe0, 0x14, 0x15, 0xc5, 0x7c, 0x1a, 0x05,
  0x77, 0xe4, 0x14, 0x03, 0x07, 0x50, 0x91, 0xe0, 0x7c, 0x73, 0xeb, 0x90,
  0x97, 0x96, 0x9f, 0x9b, 0x9c, 0x9c, 0x9a, 0x84, 0x92, 0xef, 0xea, 0x99,
  0x84, 0x93, 0xd8, 0x41, 0xe4, 0x90, 0x94, 0xf2, 0xf1, 0xe0, 0xea, 0xef,
  0xfe, 0xfa, 0xe4, 0xe1, 0x95, 0x90, 0x93, 0xea, 0xe0, 0xeb, 0x9d, 0x9e,
  0x92, 0xe2, 0xfb, 0xf7, 0x72, 0x6e, 0x10, 0x00, 0x0a, 0x0b, 0x1a, 0x18,
  0x0a, 0x3f, 0x3d, 0x0c, 0x04, 0x0e, 0x31, 0x0a, 0x13, 0x16, 0x00, 0x06,
  0x74, 0x91, 0xfc, 0x59, 0x9f, 0x8d, 0x98, 0x4f, 0xe3, 0x8c, 0xb5, 0x9a,
  0x74, 0xe7, 0x86, 0x9a, 0x5e, 0x61, 0xe3, 0x97, 0x59, 0x11, 0x68, 0x77,
  0x15, 0x19, 0x1d, 0x4b, 0x55, 0x14, 0x1d, 0x15, 0x5f, 0xc9, 0xf6, 0xea,
  0x92, 0x93, 0xe7, 0xe2, 0x98, 0x86, 0x85, 0x9e, 0x98, 0x87, 0x87, 0x93,
  0xed, 0xe2, 0x90, 0x9f, 0x96, 0xe1, 0xfe, 0xf4, 0xff, 0xe7, 0xe5, 0xee,
  0xef, 0xe4, 0xfa, 0xf8, 0xe8, 0xee, 0xfa, 0xe0, 0x96, 0x9e, 0x9c, 0x97,
  0xec, 0x95, 0x91, 0x91, 0x97, 0xee, 0xf4, 0x65, 0x17, 0x1d, 0x01, 0x0b,
  0x0a, 0x01, 0x07, 0x08, 0x32, 0x3c, 0x35, 0x03, 0x0c, 0x34, 0x08, 0x1d,
  0x10, 0x01, 0x06, 0x73, 0x91, 0xe0, 0xcf, 0x92, 0x82, 0x84, 0xf7, 0xdd,
  0x84, 0x8b, 0x87, 0xda, 0xc1, 0x9e, 0x9e, 0xc3, 0x62, 0xc1, 0xec, 0x5e,
  0x17, 0x14, 0x70, 0x68, 0x18, 0x13, 0xd4, 0xf3, 0x6d, 0x19, 0x6b, 0xdf,
  0xc8, 0x76, 0x71, 0x97, 0x9a, 0x97, 0xd3, 0xfe, 0x9a, 0x81, 0x9a, 0x90,
  0x9f, 0x84, 0x99, 0xeb, 0xe0, 0x95, 0x92, 0x93, 0xe3, 0xe7, 0xee, 0xe6,
  0xcb, 0x51, 0xe6, 0x93, 0x97, 0xfa, 0xf1, 0xe3, 0x96, 0x97, 0xe8, 0x95,
  0x9d, 0x98, 0x92, 0x95, 0x95, 0x96, 0x90, 0x95, 0xee, 0xef, 0xdd, 0x6e,
  0x18, 0x02, 0x0a, 0x0a, 0x03, 0x01, 0x0e, 0x33, 0x3c, 0x37, 0x0d, 0x0d,
  0x35, 0x08, 0x12, 0x64, 0x1e, 0x06, 0x16, 0xe3, 0x92, 0x94, 0x99, 0x82,
  0x83, 0xeb, 0x53, 0x9d, 0x8c, 0x82, 0x96, 0xf6, 0x95, 0x96, 0xdf, 0x68,
  0x7b, 0xcc, 0xcb, 0x65, 0x61, 0x7f, 0x69, 0x1c, 0x10, 0x4c, 0xec, 0xe5,
  0x62, 0x17, 0x76, 0xca, 0xde, 0x76, 0xcd, 0x93, 0x98, 0x9d, 0xe8, 0xef,
  0xea, 0x90, 0x9e, 0x99, 0x85, 0x9a, 0x96, 0xe4, 0xfa, 0xe9, 0xee, 0xe7,
  0xe4, 0xe8, 0x97, 0xec, 0xcb, 0x71, 0xcc, 0xeb, 0x91, 0x94, 0xe8, 0x95,
  0x94, 0xea, 0xe8, 0x97, 0x9c, 0x98, 0x99, 0x93, 0x91, 0x95, 0xe8, 0xee,
  0xe8, 0xe8, 0xc1, 0x6e, 0x1b, 0x0c, 0x34, 0x34, 0x0d, 0x04, 0x0d, 0x31,
  0x3c, 0x36, 0x0f, 0x0d, 0x0a, 0x08, 0x10, 0x70, 0x16, 0x04, 0x12, 0xff,
  0x96, 0x96, 0x98, 0x82, 0x82, 0x96, 0xd2, 0xef, 0x86, 0x80, 0x93, 0xfc,
  0xe2, 0xeb, 0xd9, 0x6f, 0x17, 0x61, 0x65, 0x61, 0x66, 0x62, 0x14, 0x1f,
  0x1f, 0x68, 0xd8, 0xfb, 0xd8, 0x7b, 0x64, 0x76, 0xf5, 0xfa, 0xfa, 0xec,
  0x97, 0x98, 0x9b, 0x90, 0xe0, 0xfa, 0x94, 0x99, 0x85, 0x9a, 0x90, 0xe2,
  0xf3, 0xf9, 0xe5, 0xe7, 0xe2, 0xe3, 0x94, 0x97, 0xee, 0xfe, 0xd3, 0xfa,
  0x97, 0x9c, 0x98, 0x9c, 0x93, 0x95, 0x94, 0x93, 0x9f, 0x9b, 0x9c, 0x90,
  0x95, 0xea, 0x94, 0xec, 0xfd, 0xc0, 0x5c, 0x63, 0x1f, 0x0d, 0x37, 0x36,
  0x09, 0x07, 0x00, 0x34, 0x32, 0x31, 0x08, 0x03, 0x0c, 0x0f, 0x1a, 0x67,
  0x66, 0x12, 0x16, 0xdd, 0xea, 0x96, 0x9c, 0x80, 0x82, 0x9e, 0xfb, 0xf3,
  0x9c, 0x87, 0x99, 0xe0, 0xfe, 0xe4, 0xdf, 0x79, 0x66, 0x65, 0x60, 0x6f,
  0x78, 0x59, 0x70, 0x14, 0x13, 0x69, 0xd0, 0xe6, 0xf6, 0xdb, 0xf6, 0xfe,
  0xfc, 0xcc, 0xda, 0xe4, 0xe9, 0x96, 0x9d, 0x90, 0xea, 0xe4, 0xf6, 0xe2,
  0x93, 0x9b, 0x9f, 0xec, 0xff, 0xf8, 0xe7, 0xfe, 0xf4, 0xe6, 0x95, 0x9d,
  0x97, 0xe4, 0xfb, 0xf1, 0xe8, 0x97, 0x9d, 0x99, 0x9f, 0x91, 0x95, 0x97,
  0x90, 0x9d, 0x9d, 0x93, 0x95, 0xed, 0xe2, 0xeb, 0xed, 0xfa, 0xd5, 0x60,
  0x16, 0x05, 0x0e, 0x37, 0x37, 0x0e, 0x06, 0x0c, 0x36, 0x33, 0x36, 0x0e,
  0x03, 0x0d, 0x03, 0x10, 0x7f, 0x6c, 0x17, 0x60, 0xe2, 0x91, 0x91, 0x99,
  0x83, 0x83, 0x98, 0xe5, 0xfa, 0x92, 0x9a, 0x90, 0xfd, 0xca, 0xdb, 0x4d,
  0x63, 0x6e, 0x6e, 0x6b, 0x68, 0x7a, 0x40, 0x48, 0x61, 0x14, 0x62, 0x5b,
  0xfd, 0xfb, 0xf8, 0xe5, 0xe4, 0xf2, 0xca, 0xcd, 0xf2, 0xe0, 0x95, 0x93,
  0x90, 0x97, 0xe2, 0xf1, 0xe3, 0x95, 0x9f, 0x9c, 0x94, 0xe3, 0xf9, 0xe5,
  0xe4, 0xe4, 0xe2, 0xea, 0x91, 0x97, 0xed, 0xfb, 0xf1, 0xe6, 0xef, 0x94,
  0x92, 0x9d, 0x92, 0x96, 0xe8, 0x91, 0x92, 0x92, 0x96, 0xea, 0x94, 0x95,
  0x95, 0xe3, 0xfc, 0xd9, 0x60, 0x11, 0x05, 0x0e, 0x34, 0x37, 0x0e, 0x01,
  0x0c, 0x36, 0x30, 0x34, 0x0c, 0x00, 0x0d, 0x06, 0x68, 0x4a, 0x65, 0x6c,
  0x50, 0x96, 0x9c, 0x90, 0x99, 0x80, 0x80, 0x99, 0xe0, 0xe3, 0x92, 0x93,
  0xe3, 0xd8, 0xc5, 0xcc, 0x4d, 0x62, 0x6b, 0x15, 0x17, 0x17, 0x67, 0x42,
  0x42, 0x7a, 0x6e, 0x66, 0x47, 0xf4, 0xe5, 0xec, 0xe3, 0xf9, 0xfc, 0xfa,
  0xec, 0xe0, 0xf6, 0xe7, 0x91, 0x98, 0x9f, 0xef, 0xf0, 0xec, 0x91, 0x93,
  0x96, 0xe2, 0xe9, 0xeb, 0xe0, 0xfa, 0xf1, 0xe5, 0xe0, 0xe0, 0xed, 0xef,
  0xee, 0xfa, 0xca, 0xf6, 0xec, 0x9d, 0x9c, 0x92, 0x96, 0x94, 0x90, 0x90,
  0x91, 0x95, 0x94, 0x95, 0xe8, 0xe1, 0xf9, 0xfc, 0xc6, 0x79, 0x17, 0x18,
  0x02, 0x0a, 0x37, 0x0b, 0x03, 0x00, 0x35, 0x30, 0x37, 0x09, 0x00, 0x0d,
  0x00, 0x10, 0x7b, 0x65, 0x6e, 0x7b, 0xe2, 0x91, 0x97, 0x91, 0x84, 0x80,
  0x9a, 0x95, 0xe3, 0x96, 0x90, 0xe2, 0xf5, 0xf7, 0xf0, 0x51, 0x65, 0x62,
  0x6d, 0x69, 0x14, 0x62, 0x42, 0x56, 0x75, 0x65, 0x7b, 0x57, 0xc8, 0xf7,
  0xe4, 0xe0, 0xe0, 0xe6, 0xe7, 0xe4, 0xe6, 0xfd, 0xff, 0xec, 0x97, 0x93,
  0x94, 0xe3, 0xe3, 0xe9, 0x95, 0x94, 0x95, 0xea, 0xea, 0xec, 0xe4, 0xe4,
  0xe1, 0xe1, 0xe4, 0xf9, 0xe7, 0xed, 0xe6, 0xfd, 0xf3, 0xe6, 0xeb, 0x94,
  0xeb, 0x94, 0x91, 0x92, 0x9c, 0x93, 0x91, 0x96, 0x96, 0xea, 0xea, 0xee,
  0xec, 0xe4, 0xdd, 0x63, 0x10, 0x07, 0x0e, 0x35, 0x0b, 0x03, 0x00, 0x0e,
  0x36, 0x37, 0x08, 0x0c, 0x0d, 0x0c, 0x05, 0x6f, 0x6d, 0x68, 0x60, 0xf7,
  0xe8, 0xe0, 0xe6, 0x93, 0x81, 0x87, 0x92, 0x95, 0x96, 0x9d, 0xea, 0xc8,
  0xf2, 0xed, 0xe7, 0x5d, 0x67, 0x79, 0x42, 0x67, 0x68, 0x63, 0x71, 0x47,
  0x7b, 0x60, 0x73, 0xd6, 0x56, 0x5e, 0xdb, 0xfb, 0xe1, 0xf9, 0xfe, 0xe7,
  0xe6, 0xf3, 0xc3, 0xe7, 0x91, 0x9c, 0x96, 0xea, 0x95, 0x91, 0x91, 0x95,
  0xeb, 0x95, 0x94, 0xef, 0xe2, 0xef, 0xe8, 0xed, 0xe5, 0xf8, 0xe1, 0xe6,
  0xfd, 0xc9, 0xc2, 0xe4, 0xe6, 0xe1, 0xed, 0xee, 0x95, 0x94, 0x95, 0xe9,
  0xe9, 0xec, 0xec, 0xe3, 0xe4, 0xe6, 0xe1, 0xff, 0xd0, 0x61, 0x17, 0x18,
  0x03, 0x0f, 0x0d, 0x06, 0x07, 0x0d, 0x0a, 0x08, 0x0c, 0x02, 0x0c, 0x0d,
  0x05, 0x10, 0x13, 0x12, 0x6e, 0xd2, 0xcc, 0x71, 0x56, 0x94, 0x85, 0x9f,
  0xeb, 0x97, 0x9c, 0x9c, 0xed, 0xf1, 0xea, 0x96, 0xe2, 0xd0, 0xdd, 0xe7,
  0xfd, 0x71, 0x61, 0x47, 0xc5, 0x42, 0x65, 0x77, 0xdb, 0x45, 0x66, 0x78,
  0xcb, 0xe5, 0xcd, 0x5a, 0xc3, 0xe7, 0xf9, 0x51, 0xd1, 0xe4, 0xe9, 0xef,
  0xed, 0x94, 0x90, 0x96, 0xeb, 0xeb, 0x96, 0x91, 0x95, 0xec, 0xe8, 0x94,
  0x94, 0xed, 0xe1, 0xe3, 0xed, 0xe3, 0xfb, 0xfa, 0xe5, 0xe4, 0xf8, 0xff,
  0xfa, 0xe6, 0xe1, 0xe0, 0xe2, 0xe2, 0xe6, 0xfe, 0xff, 0xe5, 0xe5, 0xf6,
  0xcc, 0xf0, 0xf7, 0xc4, 0x71, 0x60, 0x6e, 0x12, 0x05, 0x04, 0x1b, 0x18,
  0x04, 0x03, 0x01, 0x07, 0x06, 0x01, 0x01, 0x1a, 0x1c, 0x18, 0x1b, 0x13,
  0x6c, 0x63, 0x15, 0x6d, 0x57, 0xe7, 0xfe, 0xc2, 0xe6, 0xe8, 0xe2, 0xc8,
  0xca, 0xef, 0x95, 0xe6, 0xf0, 0xe6, 0xe8, 0xe3, 0xca, 0xca, 0xe0, 0xe1,
  0xf7, 0xde, 0xff, 0xe2, 0xfd, 0x54, 0x5c, 0xca, 0xf1, 0x51, 0x44, 0xd6,
  0xda, 0x5e, 0x76, 0x45, 0xc3, 0xf5, 0xdd, 0xc1, 0xe5, 0xed, 0xed, 0xe6,
  0xe1, 0xec, 0xe3, 0xe6, 0xe7, 0xe6, 0xe0, 0xe7, 0xe6, 0xe3, 0xec, 0xe1,
  0xf9, 0xf2, 0xfe, 0xfa, 0xe5, 0xfa, 0xfa, 0xe7, 0xe5, 0xe6, 0xe7, 0xe6,
  0xe1, 0xe6, 0xe1, 0xe0, 0xe6, 0xe7, 0xfa, 0xf3, 0xf3, 0xf7, 0xf6, 0xf1,
  0xc6, 0xd5, 0x4f, 0x7e, 0x62, 0x68, 0x11, 0x13, 0x13, 0x1c, 0x13, 0x19,
  0x18, 0x18, 0x1b, 0x1f, 0x18, 0x18, 0x18, 0x1e, 0x1d, 0x11, 0x14, 0x6e,
  0x6f, 0x61, 0x65, 0x75, 0x56, 0x5d, 0x47, 0x40, 0xd5, 0xf0, 0xfa, 0xe4,
  0xe4, 0xe7, 0xe0, 0xed, 0xee, 0xe9, 0xe9, 0xe2, 0xe2, 0xed, 0xef, 0xed,
  0xe4, 0xf9, 0xfc, 0xf2, 0xf7, 0xcd, 0xde, 0x50, 0x74, 0x76, 0x74, 0x56,
  0x50, 0x42, 0x4c, 0x45, 0xda, 0xf7, 0xf4, 0xfc, 0xff, 0xf8, 0xe7, 0xe0,
  0xec, 0xe3, 0xe1, 0xe6, 0xec, 0xe8, 0xe8, 0xef, 0xe0, 0xe1, 0xe0, 0xe3,
  0xed, 0xe3, 0xe7, 0xf9, 0xe4, 0xe3, 0xed, 0xe3, 0xe5, 0xfb, 0xfa, 0xf8,
  0xfc, 0xf1, 0xcb, 0xc5, 0xdd, 0xd9, 0xc0, 0xc8, 0xd0, 0x5c, 0x40, 0x71,
  0x72, 0x6c, 0x68, 0x16, 0x13, 0x11, 0x1d, 0x11, 0x1e, 0x18, 0x19, 0x1a,
  0x1f, 0x18, 0x1b, 0x19, 0x1b, 0x1c, 0x13, 0x17, 0x68, 0x14, 0x6b, 0x6f,
  0x7c, 0x46, 0x70, 0x71, 0x75, 0x57, 0xf5, 0xfd, 0xfa, 0xe7, 0xe4, 0xe4,
  0xef, 0x94, 0x96, 0x94, 0xef, 0xe8, 0x95, 0x94, 0xea, 0xec, 0xe6, 0xe4,
  0xfc, 0xff, 0xf2, 0xf7, 0xd9, 0x43, 0x5a, 0x5f, 0xd3, 0x50, 0x58, 0x5e,
  0xdc, 0xcf, 0xf1, 0xfc, 0xff, 0xf9, 0xfa, 0xe6, 0xed, 0xef, 0xe2, 0xe3,
  0xe1, 0xec, 0xe8, 0xe8, 0xed, 0xe0, 0xe7, 0xe6, 0xe0, 0xe6, 0xe6, 0xfa,
  0xfe, 0xf8, 0xfe, 0xf8, 0xfc, 0xca, 0xc6, 0xc6, 0xc3, 0xcc, 0xdf, 0x5b,
  0x45, 0x58, 0x58, 0x53, 0x5e, 0x52, 0x5f, 0x40, 0x4d, 0x41, 0x46, 0x70,
  0x67, 0x69, 0x69, 0x15, 0x15, 0x17, 0x11, 0x10, 0x1c, 0x1d, 0x1c, 0x12,
  0x13, 0x1c, 0x1c, 0x1d, 0x13, 0x17, 0x14, 0x6b, 0x6b, 0x68, 0x62, 0x67,
  0x76, 0x73, 0x73, 0x70, 0x43, 0xd2, 0xcf, 0xf1, 0xfc, 0xfb, 0xe4, 0xe1,
  0xe8, 0xeb, 0x95, 0xe8, 0xe8, 0x94, 0x94, 0x94, 0xe9, 0xec, 0xe6, 0xe5,
  0xfe, 0xf9, 0xf2, 0xc6, 0xd6, 0xd1, 0xc5, 0xce, 0xda, 0xd8, 0xc5, 0xc9,
  0xf6, 0xff, 0xfa, 0xe4, 0xfa, 0xf8, 0xe7, 0xe3, 0xed, 0xe0, 0xe6, 0xe7,
  0xe0, 0xe0, 0xe0, 0xe6, 0xe4, 0xe5, 0xe4, 0xe4, 0xe4, 0xf8, 0xf0, 0xf5,
  0xf4, 0xf7, 0xf6, 0xcb, 0xde, 0xd4, 0x50, 0x51, 0x5f, 0x5a, 0x4c, 0x74,
  0x48, 0x75, 0x4b, 0x4f, 0x76, 0x4a, 0x76, 0x75, 0x48, 0x70, 0x71, 0x79,
  0x7c, 0x79, 0x66, 0x62, 0x6b, 0x68, 0x68, 0x6a, 0x6b, 0x17, 0x16, 0x16,
  0x16, 0x15, 0x15, 0x15, 0x14, 0x17, 0x15, 0x6b, 0x6c, 0x63, 0x6c, 0x60,
  0x66, 0x72, 0x41, 0x4d, 0x4e, 0x74, 0x41, 0xd6, 0xc1, 0xf7, 0xfc, 0xf2,
  0xf9, 0xe4, 0xec, 0xe9, 0xe9, 0xe2, 0xe3, 0xef, 0xe9, 0xee, 0xee, 0xe2,
  0xe0, 0xe0, 0xe6, 0xe3, 0xe0, 0xe6, 0xe5, 0xfa, 0xe7, 0xe1, 0xe7, 0xe5,
  0xfa, 0xe7, 0xe7, 0xe6, 0xe6, 0xe7, 0xe7, 0xfb, 0xfb, 0xfa, 0xe5, 0xf8,
  0xf3, 0xf6, 0xf1, 0xf6, 0xf1, 0xf4, 0xf5, 0xf5, 0xce, 0xcd, 0xc2, 0xcd,
  0xc7, 0xdf, 0xd4, 0xd5, 0x57, 0x51, 0x5b, 0x46, 0x4e, 0x74, 0x76, 0x72,
  0x7d, 0x7e, 0x78, 0x65, 0x65, 0x64, 0x64, 0x64, 0x67, 0x67, 0x64, 0x65,
  0x65, 0x65, 0x64, 0x64, 0x64, 0x64, 0x67, 0x66, 0x63, 0x66, 0x60, 0x61,
  0x61, 0x62, 0x62, 0x6c, 0x63, 0x63, 0x60, 0x60, 0x6d, 0x63, 0x60, 0x66,
  0x65, 0x64, 0x65, 0x65, 0x79, 0x71, 0x4b, 0x41, 0x43, 0x47, 0x5c, 0xd8,
  0xca, 0xf1, 0xf2, 0xfc, 0xfa, 0xe7, 0xe0, 0xe2, 0xed, 0xed, 0xed, 0xec,
  0xee, 0xe9, 0xee, 0xed, 0xed, 0xed, 0xec, 0xec, 0xec, 0xe2, 0xe3, 0xe1,
  0xe1, 0xe0, 0xe0, 0xe1, 0xe4, 0xe5, 0xe5, 0xe5, 0xf8, 0xfc, 0xf0, 0xf7,
  0xf5, 0xce, 0xcd, 0xc1, 0xde, 0xd2, 0xd1, 0xdd, 0xde, 0xdd, 0xd6, 0x55,
  0x54, 0xd6, 0x55, 0x54, 0x50, 0x5f, 0x58, 0x46, 0x41, 0x42, 0x4e, 0x77,
  0x70, 0x72, 0x72, 0x7c, 0x7e, 0x78, 0x7a, 0x7b, 0x7a, 0x79, 0x7f, 0x7c,
  0x7c, 0x7f, 0x7f, 0x72, 0x73, 0x73, 0x7d, 0x7d, 0x7c, 0x7f, 0x7f, 0x78,
  0x79, 0x79, 0x7a, 0x78, 0x7a, 0x7a, 0x7a, 0x65, 0x7a, 0x7b, 0x7f, 0x7c,
  0x72, 0x73, 0x70, 0x76, 0x77, 0x4a, 0x4f, 0x41, 0x5b, 0x53, 0x54, 0xd0,
  0xde, 0xd8, 0xc6, 0xcc, 0xf5, 0xf0, 0xfc, 0xfe, 0xf8, 0xfa, 0xfa, 0xe4,
  0xe4, 0xe5, 0xe5, 0xe5, 0xe7, 0xe6, 0xe1, 0xe1, 0xe6, 0xe7, 0xe6, 0xe1,
  0xe1, 0xe1, 0xe7, 0xe4, 0xe7, 0xe6, 0xe6, 0xe7, 0xfa, 0xff, 0xfc, 0xfc,
  0xfd, 0xf0, 0xf4, 0xc0, 0xd2, 0xdf, 0xd9, 0xd9, 0xd1, 0x5c, 0x53, 0xd6,
  0xd0, 0x51, 0x47, 0x41, 0x48, 0x4b, 0x58, 0x47, 0x4b, 0x76, 0x4a, 0x43,
  0x48, 0x49, 0x48, 0x75, 0x75, 0x7d, 0x71, 0x44, 0x47, 0x74, 0x7d, 0x76,
  0x70, 0x7c, 0x4f, 0x42, 0x4a, 0x4d, 0x5e, 0x45, 0x74, 0x74, 0x4e, 0x73,
  0x76, 0x44, 0x4b, 0x48, 0x45, 0x41, 0x78, 0x64, 0x72, 0x71, 0x4b, 0x43,
  0x59, 0x47, 0x70, 0x75, 0x76, 0x73, 0x71, 0x48, 0xd5, 0xd4, 0x5e, 0x55,
  0x51, 0x5e, 0x40, 0x49, 0x5a, 0xc6, 0xd4, 0xf5, 0xf1, 0xc4, 0xc7, 0x56,
  0xda, 0x04, 0x01, 0xf6, 0xea, 0xef, 0x97, 0x83, 0x99, 0x7c, 0xf3, 0xe0,
  0xf6, 0xf0, 0x9d, 0x81, 0x9e, 0xea, 0x94, 0xf8, 0xdc, 0xd5, 0xee, 0x96,
  0xe3, 0xee, 0xe4, 0x46, 0x75, 0x73, 0x44, 0x76, 0x5e, 0x52, 0xd4, 0xc0,
  0x71, 0x61, 0x6b, 0x63, 0x72, 0x67, 0x72, 0x4b, 0x46, 0x4e, 0x7b, 0x1e,
  0x19, 0x7a, 0x72, 0x7b, 0xd2, 0xe9, 0xfa, 0x40, 0xf1, 0xd4, 0x75, 0x76,
  0xca, 0xe3, 0xfa, 0xe3, 0xcf, 0x7c, 0x5f, 0xc7, 0xce, 0xf4, 0xd7, 0x66,
  0x76, 0xf1, 0xc8, 0xd2, 0xe5, 0xe1, 0x4d, 0x6e, 0x6e, 0x72, 0x74, 0x65,
  0x71, 0x7c, 0x61, 0x6e, 0x14, 0x11, 0x13, 0x14, 0x6b, 0x6a, 0x69, 0x63,
  0x6d, 0x68, 0x6a, 0x6b, 0x6d, 0x7a, 0x46, 0xde, 0xc5, 0xd0, 0xc5, 0xfd,
  0xfa, 0xe5, 0xed, 0x94, 0x96, 0x94, 0xea, 0xea, 0x95, 0x97, 0x91, 0x93,
  0x9d, 0x93, 0x94, 0xef, 0xe2, 0xe0, 0xe3, 0xee, 0xee, 0xe7, 0xf4, 0xc6,
  0xdd, 0x53, 0x59, 0x47, 0x76, 0x78, 0x7e, 0x76, 0x72, 0x64, 0x66, 0x7a,
  0x72, 0x4e, 0x53, 0x5a, 0x5e, 0xd2, 0xc5, 0xd0, 0x56, 0xf5, 0xf6, 0x57,
  0xc3, 0xe7, 0xe1, 0x4f, 0x6b, 0x63, 0x66, 0x65, 0x42, 0xff, 0xec, 0xf4,
  0xc4, 0xf7, 0xd1, 0x57, 0xd5, 0xe0, 0xe9, 0xe2, 0x94, 0x95, 0xe7, 0xd7,
  0x4b, 0xf6, 0xf0, 0xe0, 0xe8, 0xef, 0xe0, 0xf6, 0xd7, 0x61, 0x1e, 0x19,
  0x16, 0x79, 0x61, 0x1e, 0x06, 0x01, 0x00, 0x0d, 0x0d, 0x07, 0x1e, 0x05,
  0x0d, 0x0d, 0x07, 0x05, 0x04, 0x18, 0x6d, 0xc3, 0x56, 0x7f, 0xdd, 0xec,
  0x96, 0x93, 0x9e, 0x81, 0x8d, 0x81, 0x87, 0x87, 0x83, 0x8f, 0x8c, 0x82,
  0x8c, 0x8d, 0x83, 0x87, 0x85, 0x86, 0x87, 0x9f, 0x91, 0x94, 0xee, 0xf2,
  0x7f, 0x66, 0x7c, 0x61, 0x68, 0x17, 0x11, 0x13, 0x04, 0x00, 0x07, 0x1e,
  0x16, 0x15, 0x17, 0x68, 0x6c, 0x17, 0x14, 0x73, 0xf8, 0xe9, 0xe3, 0xe6,
  0xef, 0xe9, 0xef, 0xee, 0x90, 0x9a, 0x84, 0x99, 0x9d, 0x9c, 0x98, 0x85,
  0x99, 0x91, 0x97, 0x91, 0x93, 0x94, 0xec, 0xe6, 0xf8, 0xf3, 0xc3, 0xf0,
  0xf5, 0x4e, 0x67, 0x64, 0x58, 0x46, 0x69, 0x12, 0x12, 0x6a, 0x7a, 0x66,
  0x06, 0x31, 0x3c, 0x30, 0x0d, 0x06, 0x35, 0x30, 0x30, 0x30, 0x32, 0x3d,
  0x31, 0x09, 0x0c, 0x09, 0x01, 0x17, 0x12, 0x06, 0x07, 0xde, 0x83, 0x8e,
  0x83, 0x87, 0x80, 0x8e, 0xb5, 0xb6, 0xb2, 0xbd, 0xb1, 0xb7, 0xb6, 0xb0,
  0xb6, 0x8e, 0x86, 0x80, 0x88, 0x88, 0x82, 0x9f, 0xe3, 0xc4, 0x7b, 0x76,
  0x5a, 0x72, 0x6a, 0x19, 0x07, 0x00, 0x06, 0x07, 0x1b, 0x1e, 0x1e, 0x16,
  0x16, 0x1c, 0x1a, 0x1c, 0x65, 0xf1, 0xeb, 0x95, 0xe1, 0xd6, 0x45, 0xec,
  0x85, 0x86, 0x9a, 0x9f, 0x9e, 0x9e, 0x9c, 0x9f, 0x9d, 0x9c, 0x90, 0x97,
  0x93, 0x93, 0x97, 0xe1, 0xfc, 0xfc, 0xf9, 0xe7, 0xf3, 0xcc, 0xd2, 0x56,
  0x59, 0x42, 0xc6, 0xf6, 0xf1, 0xe4, 0xec, 0xeb, 0xef, 0xe5, 0xcc, 0x5b,
  0x48, 0x72, 0x7c, 0x69, 0x01, 0x36, 0x33, 0x36, 0x09, 0x0e, 0x36, 0x3d,
  0x3d, 0x32, 0x3e, 0x39, 0x3d, 0x37, 0x0b, 0x0b, 0x0e, 0x07, 0x07, 0x02,
  0x07, 0xc3, 0x84, 0x82, 0x81, 0x81, 0x8e, 0x8a, 0xb4, 0xb1, 0xb2, 0xbd,
  0xb2, 0xb2, 0xbd, 0xb3, 0xb1, 0xb4, 0x8a, 0xb5, 0xb5, 0x89, 0x84, 0x95,
  0xf5, 0x49, 0x73, 0x16, 0x19, 0x04, 0x04, 0x04, 0x01, 0x09, 0x37, 0x34,
  0x0e, 0x05, 0x11, 0x1f, 0x05, 0x1b, 0x10, 0x11, 0x6a, 0x75, 0xea, 0x9b,
  0x9a, 0x9e, 0x90, 0x91, 0xee, 0x94, 0x85, 0x80, 0x83, 0x84, 0x9e, 0x97,
  0xeb, 0x94, 0x97, 0x96, 0xea, 0xed, 0xe6, 0xff, 0xdc, 0x71, 0x4b, 0xcc,
  0xf3, 0xf6, 0xc2, 0xd4, 0x50, 0xd5, 0x45, 0x47, 0xf4, 0xe4, 0xe6, 0x95,
  0x90, 0x91, 0x96, 0xee, 0x95, 0x9f, 0x9e, 0x93, 0xe4, 0x7a, 0x17, 0x11,
  0x07, 0x35, 0x36, 0x0a, 0x00, 0x08, 0x3d, 0x3f, 0x32, 0x33, 0x3f, 0x3c,
  0x37, 0x0f, 0x35, 0x37, 0x0d, 0x1e, 0x1a, 0x06, 0x6c, 0x98, 0x8d, 0x86,
  0x87, 0x89, 0xb5, 0xb4, 0xb4, 0xb3, 0xbc, 0xb2, 0xb1, 0xb1, 0xb3, 0xb0,
  0xb5, 0x8e, 0x89, 0xb5, 0x89, 0x86, 0x9d, 0xe6, 0x5b, 0x64, 0x68, 0x14,
  0x1c, 0x07, 0x02, 0x0e, 0x0f, 0x09, 0x35, 0x37, 0x0a, 0x01, 0x1a, 0x02,
  0x0b, 0x01, 0x14, 0x6d, 0x15, 0x7f, 0xed, 0xea, 0xe1, 0x94, 0x87, 0x80,
  0x84, 0x98, 0x80, 0x8e, 0x8d, 0x84, 0x99, 0x84, 0x81, 0x84, 0x93, 0x90,
  0x91, 0xe1, 0xc5, 0xd6, 0xf1, 0xd1, 0x66, 0x6c, 0x74, 0xcb, 0x5a, 0x6e,
  0x6e, 0xdd, 0xf0, 0x43, 0x48, 0xf0, 0xe3, 0xfc, 0xd6, 0xf0, 0xef, 0xe2,
  0xf9, 0xe8, 0x9e, 0x98, 0x91, 0xed, 0x96, 0x93, 0xe5, 0x77, 0x7b, 0xde,
  0x50, 0x15, 0x00, 0x37, 0x31, 0x37, 0x09, 0x35, 0x31, 0x30, 0x31, 0x33,
  0x3c, 0x32, 0x37, 0x34, 0x37, 0x08, 0x1c, 0x6b, 0x04, 0x00, 0x6f, 0x9f,
  0x86, 0x84, 0x82, 0x8a, 0x8a, 0x88, 0xb4, 0xb3, 0xb2, 0xb6, 0xb7, 0xb3,
  0xbd, 0xb0, 0xb4, 0x89, 0x8e, 0x8f, 0x83, 0x81, 0x84, 0x96, 0xdb, 0x6d,
  0x6b, 0x17, 0x18, 0x00, 0x0c, 0x02, 0x00, 0x0d, 0x08, 0x34, 0x35, 0x0b,
  0x0c, 0x00, 0x06, 0x06, 0x00, 0x04, 0x11, 0x71, 0xf5, 0xca, 0xf4, 0xea,
  0x9a, 0x85, 0x9b, 0x98, 0x87, 0x83, 0x83, 0x80, 0x81, 0x85, 0x91, 0x94,
  0x91, 0x9d, 0x96, 0xfd, 0xdc, 0xf5, 0xc8, 0x77, 0x6f, 0x69, 0x6e, 0x62,
  0x61, 0x79, 0x7d, 0x60, 0x60, 0x74, 0xda, 0xff, 0xfe, 0xf8, 0xe2, 0xe8,
  0x95, 0x97, 0x93, 0x93, 0x91, 0x91, 0x93, 0x9c, 0x92, 0x9d, 0x9c, 0x90,
  0x91, 0x93, 0x91, 0xe8, 0xe6, 0xef, 0xe2, 0xd6, 0x6b, 0x1d, 0x1f, 0x00,
  0x34, 0x30, 0x34, 0x03, 0x08, 0x33, 0x32, 0x37, 0x31, 0x3e, 0x3c, 0x0b,
  0x01, 0x0b, 0x35, 0x19, 0x78, 0x1b, 0x03, 0x60, 0x87, 0x82, 0x9a, 0x81,
  0xb5, 0xb5, 0x83, 0x8e, 0xb3, 0xbc, 0xb1, 0xb4, 0xb0, 0xbd, 0xb6, 0x8e,
  0x8f, 0x88, 0x8e, 0x83, 0x87, 0x85, 0x90, 0xd3, 0x6f, 0x6a, 0x6d, 0x17,
  0x05, 0x01, 0x06, 0x06, 0x0d, 0x0b, 0x35, 0x0a, 0x09, 0x0d, 0x01, 0x07,
  0x06, 0x01, 0x07, 0x1d, 0x6c, 0x74, 0x75, 0x5a, 0xe6, 0x92, 0x9a, 0x9b,
  0x9c, 0x98, 0x84, 0x87, 0x81, 0x80, 0x87, 0x98, 0x9c, 0x99, 0x9b, 0x92,
  0xee, 0xfc, 0xf0, 0xf2, 0xc0, 0x7e, 0x6b, 0x15, 0x68, 0x69, 0x6e, 0x6d,
  0x14, 0x1c, 0x12, 0x68, 0x65, 0x70, 0x7e, 0x4e, 0xc4, 0xfd, 0xe1, 0xe2,
  0xe1, 0xed, 0x91, 0x9c, 0x9f, 0x99, 0x9e, 0x9b, 0x9e, 0x9d, 0x98, 0x99,
  0x93, 0x91, 0x90, 0x91, 0xeb, 0xed, 0xeb, 0xee, 0xfd, 0xd6, 0x54, 0x66,
  0x12, 0x04, 0x07, 0x05, 0x0e, 0x30, 0x32, 0x35, 0x03, 0x34, 0x32, 0x31,
  0x09, 0x31, 0x3e, 0x31, 0x18, 0x18, 0x0a, 0x03, 0xf4, 0xf7, 0x07, 0x06,
  0x93, 0x8e, 0x85, 0x90, 0x8c, 0xb7, 0x8f, 0x9b, 0x8f, 0xb3, 0xb1, 0x8f,
  0x89, 0xb1, 0xb1, 0x89, 0x80, 0x8f, 0x8e, 0x86, 0x9f, 0x85, 0x84, 0x97,
  0x55, 0x6d, 0x6d, 0x66, 0x14, 0x1f, 0x1a, 0x19, 0x18, 0x01, 0x0c, 0x00,
  0x05, 0x04, 0x06, 0x1a, 0x15, 0x15, 0x18, 0x1a, 0x15, 0x4f, 0x59, 0xd1,
  0xe7, 0xea, 0xec, 0xf0, 0xf7, 0xe5, 0xec, 0x95, 0x96, 0x92, 0x9e, 0x9d,
  0xe2, 0xc6, 0xce, 0xe2, 0xea, 0xe0, 0xe4, 0xe0, 0xfc, 0x75, 0x6e, 0x69,
  0x67, 0x60, 0x6c, 0x65, 0x52, 0x40, 0x62, 0x6a, 0x62, 0x75, 0x5e, 0xd0,
  0xf1, 0xe6, 0xe6, 0xfb, 0xe1, 0xe8, 0x95, 0xea, 0x94, 0x92, 0x9f, 0x9d,
  0x91, 0x95, 0xee, 0xe2, 0xee, 0x97, 0x97, 0xe8, 0xe2, 0xe5, 0xf3, 0xf5,
  0xca, 0xc7, 0xdb, 0xd8, 0xc9, 0xc7, 0x4e, 0x79, 0x7e, 0x79, 0x7f, 0x73,
  0x66, 0x17, 0x1e, 0x18, 0x04, 0x09, 0x37, 0x0a, 0x04, 0x1a, 0x08, 0x37,
  0x09, 0x0e, 0x31, 0x33, 0x02, 0x6d, 0x05, 0x0e, 0x13, 0xe3, 0x6f, 0x02,
  0x17, 0x84, 0x86, 0xef, 0x99, 0xb5, 0x88, 0x96, 0x9d, 0xb4, 0xb1, 0x8c,
  0x87, 0xb4, 0xb3, 0xb5, 0x86, 0x82, 0x8a, 0x8c, 0x98, 0x9a, 0x82, 0x86,
  0xed, 0x5f, 0xf6, 0xfe, 0x65, 0x13, 0x13, 0x15, 0x10, 0x1a, 0x04, 0x1a,
  0x1a, 0x01, 0x03, 0x07, 0x12, 0x11, 0x1e, 0x1a, 0x12, 0x6a, 0x6a, 0x6b,
  0x76, 0xfd, 0xf8, 0xf1, 0xe1, 0x97, 0x97, 0xe1, 0xe6, 0x94, 0x92, 0x93,
  0x91, 0x96, 0x95, 0xed, 0xe6, 0xe1, 0xe5, 0xdb, 0x4a, 0x4d, 0xdd, 0xda,
  0x41, 0x67, 0x6e, 0x6a, 0x6b, 0x6e, 0x6d, 0x6d, 0x6f, 0x6e, 0x6f, 0x6c,
  0x69, 0x68, 0x6d, 0x79, 0x5e, 0xcf, 0xfe, 0xf9, 0xf7, 0xf4, 0xe3, 0x91,
  0x9d, 0x9d, 0x92, 0x9f, 0x9f, 0x92, 0x93, 0x9c, 0x9f, 0x93, 0x97, 0x96,
  0x93, 0x97, 0xe4, 0xc5, 0xcf, 0xff, 0xfd, 0xc8, 0xda, 0x53, 0x73, 0x64,
  0x65, 0x71, 0x71, 0x64, 0x66, 0x70, 0xc4, 0xd8, 0x79, 0x6c, 0x63, 0x6d,
  0x13, 0x1e, 0x1c, 0x18, 0x0c, 0x0a, 0x0d, 0x1b, 0x07, 0x09, 0x0b, 0x0d,
  0x0d, 0x0a, 0x09, 0x05, 0x13, 0x04, 0x07, 0x6e, 0xdd, 0x6e, 0x1c, 0x72,
  0x90, 0x93, 0xe2, 0x92, 0x83, 0x86, 0x90, 0x98, 0x89, 0x8a, 0x80, 0x87,
  0x8f, 0x8a, 0x8c, 0x86, 0x82, 0x8c, 0x87, 0x9d, 0x9a, 0x81, 0x85, 0xeb,
  0xe7, 0xec, 0xe0, 0x55, 0x72, 0x4d, 0x43, 0x66, 0x15, 0x15, 0x15, 0x12,
  0x1b, 0x18, 0x13, 0x17, 0x11, 0x13, 0x13, 0x10, 0x10, 0x11, 0x15, 0x61,
  0x7d, 0x7d, 0x7f, 0x5e, 0xf7, 0xf5, 0xd7, 0xc3, 0xe5, 0xe7, 0xf9, 0xe1,
  0xea, 0xe2, 0xf2, 0xfd, 0xe2, 0xe0, 0xf6, 0xc3, 0xf4, 0xd8, 0x4d, 0x5c,
  0xc2, 0xd3, 0x7f, 0x60, 0x64, 0x67, 0x63, 0x61, 0x7c, 0x70, 0x64, 0x61,
  0x7a, 0x7d, 0x65, 0x61, 0x7f, 0x5c, 0xd2, 0xd5, 0xde, 0xf5, 0xf4, 0xf7,
  0xe7, 0xea, 0x97, 0x95, 0x95, 0x96, 0x91, 0x96, 0x96, 0x91, 0x94, 0xee,
  0xe3, 0xef, 0xef, 0xe6, 0xfe, 0xfd, 0xf8, 0xf2, 0xca, 0xcc, 0xc2, 0xd1,
  0x5a, 0x41, 0x4c, 0x77, 0x7e, 0x7b, 0x79, 0x7f, 0x73, 0x7d, 0x65, 0x64,
  0x78, 0x72, 0x7d, 0x7f, 0x76, 0x76, 0x61, 0x14, 0x11, 0x11, 0x1c, 0x1a,
  0x1b, 0x16, 0x14, 0x19, 0x04, 0x1b, 0x1e, 0x07, 0x07, 0x16, 0x73, 0x62,
  0x15, 0x74, 0xfc, 0x41, 0x69, 0x71, 0xe1, 0xe1, 0xc8, 0xe5, 0x97, 0xea,
  0xf6, 0xf2, 0x94, 0x96, 0xe3, 0xe7, 0x97, 0x9d, 0x94, 0xe3, 0x94, 0x92,
  0x96, 0xe3, 0xe9, 0x93, 0x90, 0xee, 0xed, 0x94, 0x95, 0xe7, 0xfb, 0xec,
  0xe9, 0xfa, 0xf5, 0xfb, 0xe1, 0xfd, 0x56, 0x53, 0xde, 0x55, 0x4e, 0x4e,
  0x56, 0x51, 0x75, 0x79, 0x7f, 0x71, 0x7f, 0x67, 0x67, 0x71, 0x4f, 0x73,
  0x7b, 0x7d, 0x71, 0x79, 0x65, 0x73, 0x42, 0x77, 0x7f, 0x77, 0x5c, 0x42,
  0x7f, 0x7d, 0x42, 0x4f, 0x70, 0x49, 0x5c, 0x47, 0x70, 0x76, 0x4c, 0x4e,
  0x77, 0x74, 0x4d, 0x4d, 0x4f, 0x47, 0x50, 0x54, 0x57, 0xd1, 0xc1, 0xca,
  0xf6, 0xf0, 0xf1, 0xf4, 0xf4, 0xf7, 0xf4, 0xca, 0xcb, 0xf5, 0xf7, 0xf0,
  0xf0, 0xf1, 0xf3, 0xfd, 0xfd, 0xf2, 0xfd, 0xfc, 0xf0, 0xf4, 0xf5, 0xf4,
  0xf4, 0xc9, 0xc2, 0xcd, 0xc0, 0xdf, 0xd7, 0xdd, 0xdd, 0x53, 0x5e, 0xd4,
  0xd2, 0x51, 0x58, 0x5d, 0x54, 0x52, 0x5b, 0x50, 0xde, 0xc5, 0xd3, 0xd5,
  0xd7, 0x51, 0x4a, 0x7e, 0x7a, 0x7a, 0x7b, 0x65, 0x7e, 0x4f, 0x47, 0x73,
  0x65, 0x78, 0x72, 0x65, 0x61, 0x7b, 0x76, 0x7d, 0x64, 0x65, 0x7d, 0x7f,
  0x67, 0x66, 0x7f, 0x70, 0x7b, 0x7a, 0x70, 0x4a, 0x70, 0x7f, 0x75, 0x45,
  0x4c, 0x77, 0x4d, 0xd7, 0xd8, 0xdd, 0xc1, 0xf0, 0xf2, 0xf5, 0xf4, 0xf8,
  0xe4, 0xfa, 0xe5, 0xe1, 0xe3, 0xe0, 0xe6, 0xe6, 0xe0, 0xe1, 0xe7, 0xe7,
  0xe6, 0xe6, 0xe4, 0xe5, 0xe4, 0xe5, 0xfe, 0xf2, 0xf0, 0xf6, 0xf4, 0xc9,
  0xcf, 0xcf, 0xc3, 0xda, 0xde, 0xdd, 0xd4, 0x5d, 0x5e, 0x5e, 0x59, 0x5b,
  0x5b, 0x5b, 0x47, 0x4c, 0x48, 0x49, 0x4c, 0x48, 0x4a, 0x4e, 0x4d, 0x4f,
  0x4b, 0x48, 0x4b, 0x74, 0x74, 0x4a, 0x4b, 0x75, 0x74, 0x77, 0x77, 0x77,
  0x76, 0x76, 0x76, 0x76, 0x76, 0x77, 0x75, 0x4b, 0x48, 0x4b, 0x4e, 0x40,
  0x47, 0x44, 0x5a, 0x5c, 0x50, 0x56, 0xd7, 0xdf, 0xdb, 0xd9, 0xd8, 0xc3,
  0xc9, 0xca, 0xf4, 0xf6, 0xf3, 0xf3, 0xf3, 0xf2, 0xfc, 0xfc, 0xfd, 0xfd,
  0xff, 0xff, 0xf2, 0xf0, 0xf0, 0xf1, 0xf4, 0xcb, 0xca, 0xca, 0xcd, 0xc5,
  0xd9, 0xde, 0xd2, 0xd4, 0x55, 0x55, 0x57, 0x50, 0x52, 0x5c, 0x5f, 0x59,
  0x58, 0x58, 0x59, 0x58, 0x5b, 0x44, 0x46, 0x40, 0x4d, 0x4f, 0x48, 0x48,
  0x4e, 0x4e, 0x4a, 0x77, 0x76, 0x71, 0x7d, 0x7e, 0x7e, 0x7f, 0x79, 0x7b,
  0x78, 0x79, 0x7b, 0x7a, 0x65, 0x7b, 0x78, 0x7b, 0x78, 0x7f, 0x72, 0x73,
  0x71, 0x74, 0x4e, 0x4e, 0x49, 0x4d, 0x5a, 0x52, 0x54, 0xdd, 0xc6, 0xcf,
  0xc9, 0xc8, 0xf5, 0xf6, 0xf1, 0xf3, 0xff, 0xf8, 0xfa, 0xe5, 0xe5, 0xe5,
  0xe5, 0xe5, 0xe5, 0xe5, 0xe5, 0xe5, 0xe5, 0xfa, 0xfb, 0xfb, 0xf9, 0xff,
  0xfd, 0xf2, 0xf3, 0xf1, 0xf6, 0xf4, 0xf4, 0xca, 0xce, 0xc0, 0xc5, 0xd8,
  0xdd, 0xd7, 0x54, 0x57, 0x51, 0x5d, 0x5e, 0x59, 0x5a, 0x40, 0x4c, 0x4c,
  0x4c, 0x4e, 0x4b, 0x48, 0x49, 0x48, 0x74, 0x77, 0x77, 0x76, 0x71, 0x73,
  0x71, 0x76, 0x71, 0x73, 0x73, 0x70, 0x70, 0x73, 0x73, 0x76, 0x74, 0x74,
  0x75, 0x48, 0x4d, 0x4d, 0x42, 0x46, 0x58, 0x5f, 0x5c, 0x51, 0xd4, 0xd1,
  0xd0, 0xdd, 0xd8, 0xc4, 0xc6, 0xc0, 0xcf, 0xcb, 0xf5, 0xf5, 0xf7, 0xf1,
  0xf1, 0xf1, 0xf1, 0xf0, 0xf0, 0xf0, 0xf1, 0xf0, 0xf3, 0xf0, 0xf6, 0xf6,
  0xf7, 0xf5, 0xc8, 0xc9, 0xc8, 0xc9, 0xcc, 0xc3, 0xc1, 0xc4, 0xdb, 0xd8,
  0xd9, 0xde, 0xde, 0xdf, 0xd2, 0xd3, 0xd1, 0xd7, 0xd5, 0x54, 0x54, 0x56,
  0x53, 0x5c, 0x5e, 0x58, 0x45, 0x40, 0x4f, 0x4b, 0x74, 0x76, 0x70, 0x70,
  0x73, 0x72, 0x7c, 0x7f, 0x7e, 0x7b, 0x65, 0x64, 0x64, 0x64, 0x64, 0x65,
  0x65, 0x7a, 0x7a, 0x65, 0x65, 0x7a, 0x7b, 0x79, 0x7f, 0x73, 0x77, 0x4b,
  0x4c, 0x40, 0x47, 0x5a, 0x59, 0x52, 0xd4, 0xde, 0xc1, 0xcf, 0xca, 0xf4,
  0xf7, 0xf7, 0xf6, 0xf0, 0xf2, 0xfc, 0xf9, 0xfb, 0xfa, 0xfb, 0xf8, 0xf9,
  0xfe, 0xff, 0xff, 0xff, 0xff, 0xfe, 0xfe, 0xfe, 0xff, 0xfc, 0xf2, 0xf0,
  0xf7, 0xf5, 0xf5, 0xf4, 0xf5, 0xca, 0xca, 0xc8, 0xcd, 0xc7, 0xdb, 0xd9,
  0xdf, 0xd3, 0xd3, 0xd2, 0xd3, 0xd6, 0xd5, 0x54, 0x50, 0x5f, 0x5a, 0x5a,
  0x58, 0x45, 0x46, 0x41, 0x46, 0x40, 0x4e, 0x4b, 0x4b, 0x4a, 0x74, 0x74,
  0x4a, 0x48, 0x4a, 0x75, 0x4a, 0x4b, 0x74, 0x77, 0x77, 0x74, 0x4a, 0x4b,
  0x4f, 0x42, 0x4c, 0x49, 0x4e, 0x4d, 0x42, 0x43, 0x47, 0x58, 0x5d, 0x50,
  0x56, 0x55, 0xd5, 0xd4, 0xd7, 0xd3, 0xdf, 0xdb, 0xc1, 0xc2, 0xcf, 0xce,
  0xc9, 0xcb, 0xca, 0xf4, 0xf7, 0xf1, 0xf1, 0xf1, 0xf3, 0xf3, 0xf1, 0xf7,
  0xf4, 0xf4, 0xf7, 0xf4, 0xf5, 0xf4, 0xf4, 0xcb, 0xce, 0xcc, 0xc0, 0xda,
  0xdf, 0xdf, 0xde, 0xde, 0xdd, 0xd2, 0xd3, 0xd6, 0xd4, 0x55, 0x54, 0x56,
  0x56, 0x57, 0x55, 0xd4, 0x55, 0x51, 0x53, 0x5d, 0x5e, 0x46, 0x4b, 0x71,
  0x70, 0x76, 0x71, 0x73, 0x73, 0x73, 0x79, 0x67, 0x66, 0x67, 0x61, 0x6d,
  0x62, 0x61, 0x67, 0x61, 0x61, 0x67, 0x67, 0x61, 0x60, 0x64, 0x7e, 0x7f,
  0x7d, 0x75, 0x5e, 0x51, 0xd4, 0xc7, 0xf1, 0xf3, 0xf3, 0xff, 0xe5, 0xe5,
  0xf8, 0xf9, 0xf9, 0xff, 0xf3, 0xf0, 0xf2, 0xff, 0xff, 0xfe, 0xfa, 0xe5,
  0xf8, 0xfc, 0xfd, 0xf2, 0xf1, 0xf7, 0xf6, 0xf0, 0xf0, 0xf1, 0xf6, 0xf4,
  0xcb, 0xcd, 0xc0, 0xc6, 0xc1, 0xc3, 0xc9, 0xcf, 0xcd, 0xc7, 0xc1, 0xd2,
  0x53, 0x5f, 0x52, 0x5d, 0x51, 0xda, 0xd2, 0xd6, 0xd0, 0xd5, 0x74, 0x4e,
  0x56, 0x40, 0x71, 0x59, 0xc1, 0x59, 0x5b, 0x5c, 0x47, 0x7d, 0x75, 0x74,
  0x72, 0x76, 0x75, 0x73, 0x65, 0x4a, 0x4f, 0x75, 0x78, 0x71, 0x70, 0x72,
  0x75, 0x56, 0x55, 0x42, 0x59, 0x47, 0x5c, 0x44, 0x7c, 0x16, 0x68, 0xda,
  0xf5, 0x7d, 0x48, 0xe1, 0xf8, 0xc0, 0xe6, 0xec, 0xf0, 0xfa, 0xea, 0xe8,
  0xfb, 0xe1, 0xe3, 0xce, 0xcd, 0xf6, 0xe6, 0xf9, 0xf3, 0xf1, 0xf0, 0xf3,
  0xc5, 0xc2, 0xfb, 0xca, 0xd1, 0xd0, 0xf7, 0xcb, 0x54, 0xc4, 0xf3, 0xfc,
  0x46, 0x69, 0x70, 0xf9, 0xf4, 0x76, 0xf1, 0x94, 0xcb, 0x7d, 0xf8, 0xef,
  0xf1, 0xc8, 0xe9, 0xec, 0xff, 0xfb, 0xf3, 0x50, 0x65, 0x15, 0x14, 0x16,
  0x11, 0x10, 0x16, 0x15, 0x13, 0x1b, 0x07, 0x07, 0x06, 0x03, 0x06, 0x19,
  0x12, 0x10, 0x14, 0x14, 0x1d, 0x12, 0x15, 0x78, 0xdf, 0xe7, 0x95, 0x92,
  0x9e, 0x9e, 0x9b, 0x98, 0x9f, 0x99, 0x84, 0x80, 0x83, 0x82, 0x83, 0x86,
  0x9a, 0x9c, 0x9d, 0x96, 0xeb, 0xef, 0xeb, 0xe9, 0xe1, 0xc8, 0x72, 0x6b,
  0x1d, 0x1e, 0x12, 0x17, 0x16, 0x13, 0x11, 0x13, 0x19, 0x18, 0x1f, 0x1c,
  0x1c, 0x14, 0x7a, 0x5e, 0x58, 0x46, 0x5f, 0x5d, 0x52, 0xf5, 0xeb, 0x96,
  0x96, 0x92, 0x9e, 0x9c, 0x91, 0x94, 0xee, 0xec, 0xec, 0xe2, 0xef, 0xef,
  0xfc, 0x7d, 0x6f, 0x6b, 0x14, 0x12, 0x1c, 0x16, 0x69, 0x17, 0x10, 0x14,
  0x14, 0x1e, 0x19, 0x17, 0x65, 0x7f, 0x40, 0xcc, 0xfd, 0xf5, 0xf5, 0xfc,
  0xe0, 0xef, 0xea, 0x91, 0x98, 0x98, 0x93, 0x96, 0x91, 0x95, 0xee, 0x96,
  0x93, 0x90, 0x91, 0x90, 0x95, 0xec, 0xe1, 0xf5, 0xdd, 0xcb, 0xfe, 0xf3,
  0xfa, 0xe6, 0xf7, 0x59, 0x59, 0xcf, 0xf4, 0xfc, 0xf6, 0xf7, 0xda, 0xf0,
  0xe5, 0xe4, 0xff, 0xf3, 0xe6, 0xe3, 0xfe, 0x7a, 0x68, 0x16, 0x05, 0x0f,
  0x08, 0x08, 0x36, 0x3d, 0x31, 0x0f, 0x35, 0x32, 0x30, 0x35, 0x37, 0x32,
  0x34, 0x1e, 0x13, 0x06, 0x15, 0x99, 0x84, 0xf8, 0xee, 0x88, 0xb7, 0x8e,
  0x89, 0xb2, 0xbf, 0xb7, 0x89, 0xb1, 0xb2, 0x8b, 0x87, 0x8e, 0xb5, 0x80,
  0x94, 0x90, 0x9c, 0x46, 0x05, 0x19, 0x6d, 0x12, 0x0d, 0x0d, 0x05, 0x07,
  0x09, 0x0b, 0x03, 0x06, 0x02, 0x03, 0x11, 0x5b, 0x7c, 0x6d, 0xd7, 0xea,
  0x96, 0x97, 0x9f, 0x86, 0x82, 0x82, 0x82, 0x8d, 0x82, 0x81, 0x9a, 0x9f,
  0x9c, 0x9d, 0x96, 0xed, 0xf3, 0x41, 0x6e, 0x13, 0x1e, 0x05, 0x00, 0x0c,
  0x0d, 0x00, 0x02, 0x0e, 0x0e, 0x0f, 0x0e, 0x0d, 0x1b, 0x16, 0x17, 0x6b,
  0x71, 0xc9, 0xe7, 0xee, 0x96, 0x9b, 0x87, 0x81, 0x82, 0x8d, 0x81, 0x9a,
  0x9a, 0x9a, 0x9e, 0x93, 0x96, 0x94, 0xec, 0xfd, 0x4f, 0x67, 0x62, 0x15,
  0x16, 0x15, 0x7a, 0x74, 0x64, 0x66, 0x72, 0xd5, 0x56, 0xc6, 0xe6, 0xef,
  0xee, 0x95, 0x9d, 0x98, 0x9d, 0x96, 0x91, 0x9f, 0x9f, 0x93, 0x90, 0x96,
  0xea, 0xe7, 0xfe, 0xc3, 0xd0, 0xd5, 0x7e, 0x69, 0x14, 0x1f, 0x0d, 0x35,
  0x35, 0x34, 0x33, 0x3c, 0x31, 0x0b, 0x34, 0x33, 0x30, 0x08, 0x35, 0x31,
  0x0b, 0x60, 0xf0, 0x65, 0xfa, 0x8d, 0x8b, 0x84, 0x9a, 0xb7, 0xbd, 0xb6,
  0xb4, 0xbd, 0xbe, 0xb6, 0x8d, 0x8b, 0xb4, 0x80, 0xe0, 0x94, 0x85, 0xee,
  0x1d, 0x1a, 0x12, 0x01, 0x34, 0x34, 0x02, 0x06, 0x0e, 0x0a, 0x0d, 0x01,
  0x0c, 0x0c, 0x1e, 0x79, 0x4e, 0xcc, 0x90, 0x84, 0x85, 0x9e, 0x85, 0x83,
  0x8f, 0x8e, 0x89, 0x8a, 0x8b, 0x8f, 0x81, 0x84, 0x9e, 0x93, 0xef, 0xf2,
  0xf5, 0xd8, 0x62, 0x19, 0x07, 0x06, 0x03, 0x0c, 0x0d, 0x01, 0x07, 0x00,
  0x03, 0x01, 0x04, 0x07, 0x1a, 0x16, 0x7c, 0xd5, 0xf0, 0xee, 0x91, 0x91,
  0x96, 0x9f, 0x84, 0x87, 0x87, 0x81, 0x86, 0x85, 0x9c, 0x93, 0x97, 0xec,
  0xe4, 0xf3, 0xc6, 0x74, 0x6c, 0x15, 0x17, 0x13, 0x1d, 0x16, 0x68, 0x68,
  0x6c, 0x7a, 0x4e, 0x50, 0xcc, 0xe5, 0xe2, 0x94, 0x93, 0x98, 0x9a, 0x9b,
  0x98, 0x9b, 0x99, 0x9e, 0x9b, 0x9b, 0x99, 0x9c, 0x91, 0xea, 0xea, 0xe9,
  0xe7, 0xc7, 0xdb, 0xc1, 0xd8, 0x41, 0x7d, 0x79, 0x6c, 0x10, 0x1e, 0x05,
  0x0d, 0x34, 0x37, 0x37, 0x33, 0x3c, 0x30, 0x0b, 0x35, 0x30, 0x36, 0x0e,
  0x0e, 0x34, 0x03, 0xd7, 0x96, 0xf4, 0xed, 0x82, 0x8b, 0x86, 0x87, 0xb7,
  0xbd, 0xb6, 0x8a, 0xb1, 0xbd, 0xb5, 0x87, 0x83, 0x89, 0x87, 0xe5, 0xe2,
  0x9c, 0xe1, 0x1f, 0x06, 0x1f, 0x1b, 0x0f, 0x08, 0x06, 0x18, 0x02, 0x0e,
  0x00, 0x1b, 0x05, 0x05, 0x17, 0x54, 0xe6, 0xe7, 0xee, 0x90, 0x9c, 0x9c,
  0x98, 0x81, 0x8c, 0x8e, 0x8d, 0x80, 0x86, 0x87, 0x9a, 0x92, 0x91, 0x93,
  0x95, 0xd8, 0x79, 0x64, 0x6a, 0x1a, 0x07, 0x19, 0x1d, 0x1a, 0x06, 0x07,
  0x04, 0x00, 0x0c, 0x06, 0x10, 0x16, 0x1e, 0x11, 0x72, 0x4a, 0x67, 0x47,
  0xee, 0x93, 0x96, 0x96, 0x99, 0x84, 0x9d, 0x95, 0x92, 0x85, 0x99, 0x97,
  0x94, 0x91, 0xe9, 0xd5, 0x71, 0x5e, 0x53, 0x61, 0x68, 0x79, 0x4c, 0x66,
  0x6a, 0x62, 0x72, 0x71, 0x48, 0xce, 0xed, 0xee, 0xef, 0xeb, 0x94, 0x96,
  0x94, 0x94, 0x90, 0x98, 0x9b, 0x9c, 0x9d, 0x93, 0x93, 0x96, 0x91, 0x93,
  0x96, 0xef, 0xf9, 0xff, 0xe5, 0xf9, 0xd8, 0x72, 0x68, 0x1c, 0x07, 0x0e,
  0x35, 0x34, 0x36, 0x3d, 0x3c, 0x36, 0x35, 0x31, 0x3c, 0x30, 0x35, 0x34,
  0x34, 0x06, 0x5b, 0x54, 0x63, 0xe4, 0x83, 0x82, 0x85, 0x82, 0xb0, 0xbd,
  0xb6, 0xb7, 0xb3, 0xb2, 0xb5, 0x88, 0xb7, 0xb1, 0x8e, 0x9b, 0x85, 0x87,
  0xee, 0x6a, 0x17, 0x67, 0x16, 0x07, 0x06, 0x1a, 0x01, 0x0a, 0x35, 0x0f,
  0x00, 0x03, 0x01, 0x1a, 0x1d, 0x12, 0x16, 0x62, 0x52, 0xe6, 0x96, 0x9d,
  0x85, 0x80, 0x83, 0x86, 0x84, 0x83, 0x8f, 0x8c, 0x80, 0x81, 0x80, 0x9a,
  0x94, 0xe3, 0xef, 0xfe, 0x67, 0x68, 0x6c, 0x6e, 0x1a, 0x03, 0x00, 0x00,
  0x0d, 0x0f, 0x03, 0x01, 0x0d, 0x09, 0x0d, 0x18, 0x1c, 0x19, 0x10, 0x76,
  0xd8, 0x43, 0xde, 0xe9, 0x90, 0x93, 0x9f, 0x86, 0x83, 0x87, 0x99, 0x9b,
  0x87, 0x84, 0x9b, 0x9c, 0x9c, 0x9d, 0x95, 0xe1, 0xf0, 0xc1, 0x59, 0x4d,
  0xd7, 0xf4, 0xc2, 0x4a, 0x79, 0x4a, 0xdc, 0xf0, 0xfd, 0xe4, 0xe3, 0xe2,
  0xee, 0xea, 0x95, 0xea, 0x94, 0x94, 0x90, 0x92, 0x93, 0x97, 0xea, 0xe9,
  0xee, 0xed, 0xec, 0xe5, 0x5d, 0x64, 0x12, 0x00, 0x08, 0x09, 0x0b, 0x36,
  0x33, 0x34, 0x09, 0x31, 0x3f, 0x32, 0x34, 0x37, 0x31, 0x0c, 0x14, 0x1d,
  0x02, 0x1c, 0xeb, 0x93, 0xfc, 0x91, 0xb5, 0xb0, 0x8a, 0x8e, 0xb6, 0xb0,
  0xb5, 0x8a, 0xb0, 0xbc, 0xb7, 0x82, 0x8f, 0x8a, 0x80, 0xe8, 0xeb, 0x99,
  0x95, 0x67, 0x15, 0x6e, 0x1e, 0x0c, 0x0f, 0x07, 0x05, 0x0d, 0x09, 0x0d,
  0x02, 0x0f, 0x0c, 0x07, 0x1e, 0x12, 0x17, 0x67, 0x5f, 0xd7, 0xf1, 0xe2,
  0x96, 0x9b, 0x81, 0x80, 0x86, 0x86, 0x82, 0x82, 0x80, 0x81, 0x82, 0x80,
  0x85, 0x99, 0x98, 0x97, 0x5d, 0x7b, 0x51, 0x4d, 0x16, 0x04, 0x06, 0x04,
  0x01, 0x0d, 0x0d, 0x01, 0x03, 0x0e, 0x0f, 0x01, 0x04, 0x01, 0x06, 0x13,
  0x7a, 0x65, 0x62, 0x54, 0xe8, 0x95, 0xea, 0x9f, 0x86, 0x84, 0x9c, 0x9a,
  0x80, 0x83, 0x85, 0x98, 0x87, 0x86, 0x9a, 0x9f, 0x98, 0x9e, 0x91, 0x97,
  0x96, 0x97, 0xe3, 0xfc, 0xf7, 0xf9, 0xe6, 0xdf, 0x51, 0xdf, 0xde, 0x76,
  0x79, 0xda, 0xd9, 0x52, 0x7c, 0x47, 0xc7, 0xd0, 0x53, 0x76, 0x76, 0x6d,
  0x13, 0x05, 0x07, 0x05, 0x03, 0x08, 0x0b, 0x00, 0x07, 0x0b, 0x37, 0x0a,
  0x00, 0x0d, 0x0a, 0x0d, 0x19, 0x05, 0x0d, 0x05, 0x43, 0x52, 0x68, 0x4d,
  0x9a, 0x80, 0x92, 0x96, 0x80, 0x8b, 0x83, 0x81, 0x8a, 0xb6, 0x8e, 0x84,
  0x8c, 0xb4, 0x8f, 0x9f, 0x85, 0x8c, 0x86, 0xea, 0xe6, 0x94, 0xe0, 0x7b,
  0x67, 0xcf, 0xc6, 0x17, 0x1b, 0x12, 0x6b, 0x13, 0x1b, 0x1c, 0x16, 0x1d,
  0x18, 0x1f, 0x10, 0x10, 0x13, 0x14, 0x66, 0x41, 0x45, 0x77, 0x4e, 0xc8,
  0xe3, 0xec, 0xe3, 0xea, 0x90, 0x96, 0x94, 0x96, 0x93, 0x96, 0xec, 0xe9,
  0x97, 0xea, 0xdd, 0x7f, 0x52, 0xda, 0x76, 0x6a, 0x6e, 0x66, 0x6d, 0x10,
  0x13, 0x15, 0x17, 0x10, 0x16, 0x62, 0x6d, 0x11, 0x16, 0x66, 0x47, 0x75,
  0x48, 0xcf, 0xfb, 0xfd, 0xfd, 0xed, 0x95, 0xe9, 0xe9, 0x91, 0x9e, 0x9f,
  0x91, 0x90, 0x9f, 0x9f, 0x93, 0x90, 0x9d, 0x93, 0x95, 0xeb, 0x95, 0xea,
  0xe0, 0xff, 0xf9, 0xfe, 0xf7, 0xd0, 0x5e, 0x4b, 0x73, 0x72, 0x72, 0x72,
  0x7a, 0x66, 0x62, 0x6d, 0x6d, 0x6e, 0x6b, 0x68, 0x69, 0x14, 0x12, 0x1d,
  0x10, 0x1d, 0x1a, 0x1a, 0x11, 0x16, 0x1b, 0x06, 0x19, 0x10, 0x19, 0x1a,
  0x11, 0x66, 0x14, 0x1d, 0x6e, 0x5a, 0x73, 0x69, 0x71, 0xec, 0xed, 0xc4,
  0xc1, 0xeb, 0x95, 0xfb, 0xe6, 0x92, 0x9e, 0xea, 0xe2, 0x93, 0x99, 0x97,
  0xe0, 0x97, 0x9e, 0x90, 0xee, 0x95, 0x93, 0x94, 0xf9, 0xe5, 0x95, 0x95,
  0xf8, 0xce, 0xfa, 0xe7, 0xd9, 0x4a, 0x5c, 0xc4, 0x5d, 0x72, 0x77, 0x5b,
  0x49, 0x64, 0x65, 0x4e, 0x5f, 0x4a, 0x7c, 0x75, 0x45, 0x49, 0x73, 0x75,
  0x50, 0x54, 0x45, 0x58, 0xd8, 0xdb, 0x51, 0x5b, 0xdd, 0xc8, 0xc4, 0xd7,
  0x55, 0xd3, 0x50, 0x5a, 0x5d, 0x54, 0x52, 0x4c, 0x4e, 0x4f, 0x4a, 0x70,
  0x70, 0x74, 0x74, 0x77, 0x76, 0x71, 0x73, 0x73, 0x77, 0x4d, 0x44, 0x47,
  0x45, 0x5b, 0x45, 0x44, 0x47, 0x58, 0x52, 0x56, 0xd3, 0xd9, 0xc5, 0xc4,
  0xcd, 0xf1, 0xfd, 0xfd, 0xfd, 0xff, 0xfb, 0xf9, 0xf9, 0xfa, 0xe5, 0xfa,
  0xf9, 0xf9, 0xf9, 0xfd, 0xf7, 0xf5, 0xf4, 0xf4, 0xce, 0xcc, 0xc2, 0xc2,
  0xc6, 0xd8, 0xda, 0xda, 0xdb, 0xdc, 0xd0, 0xd0, 0xd1, 0x54, 0x5d, 0x58,
  0x59, 0x46, 0x4b, 0x71, 0x7d, 0x79, 0x64, 0x66, 0x66, 0x67, 0x66, 0x66,
  0x67, 0x66, 0x60, 0x6d, 0x6d, 0x6d, 0x6d, 0x6c, 0x6d, 0x63, 0x61, 0x61,
  0x66, 0x67, 0x65, 0x7a, 0x78, 0x7d, 0x70, 0x74, 0x4a, 0x4d, 0x59, 0xd5,
  0xd9, 0xc6, 0xf4, 0xf2, 0xff, 0xff, 0xfe, 0xfa, 0xe4, 0xe4, 0xe5, 0xe6,
  0xe0, 0xe3, 0xe0, 0xe0, 0xe2, 0xe3, 0xe3, 0xe0, 0xe0, 0xe1, 0xe7, 0xe4,
  0xe4, 0xe5, 0xff, 0xfd, 0xf2, 0xfc, 0xf3, 0xf7, 0xce, 0xc8, 0xf4, 0xcf,
  0xc4, 0xc3, 0xc9, 0xc1, 0xdb, 0xd8, 0xc5, 0xc5, 0xde, 0xd0, 0xd6, 0x51,
  0x44, 0x4f, 0x4e, 0x4a, 0x77, 0x76, 0x76, 0x7c, 0x79, 0x7a, 0x65, 0x65,
  0x67, 0x67, 0x65, 0x79, 0x79, 0x79, 0x7a, 0x79, 0x7d, 0x72, 0x72, 0x72,
  0x76, 0x76, 0x72, 0x73, 0x71, 0x74, 0x74, 0x48, 0x45, 0x71, 0x64, 0x62,
  0x78, 0xd7, 0xda, 0xf3, 0xf3, 0xe5, 0xe6, 0xe7, 0xed, 0xef, 0xe9, 0xec,
  0xe2, 0xe9, 0xec, 0xe2, 0xe7, 0xf2, 0xf8, 0xf0, 0xf8, 0xfb, 0xf6, 0xf4,
  0xdd, 0xce, 0xce, 0xd8, 0xf6, 0xf2, 0xfa, 0xf9, 0xfe, 0xe4, 0xf0, 0xf1,
  0xc6, 0x54, 0xd1, 0x4e, 0x77, 0x7e, 0x67, 0x66, 0x62, 0x61, 0x62, 0x6c,
  0x62, 0x6e, 0x6f, 0x6e, 0x69, 0x6c, 0x68, 0x6e, 0x6e, 0x6e, 0x6e, 0x6b,
  0x6f, 0x6c, 0x6f, 0x6d, 0x63, 0x66, 0x67, 0x64, 0x7c, 0x77, 0x45, 0x51,
  0xd7, 0xc7, 0xc3, 0xf5, 0xf2, 0xfb, 0xe7, 0xe6, 0xe1, 0xe1, 0xe3, 0xed,
  0xe2, 0xe2, 0xed, 0xed, 0xe2, 0xe2, 0xe2, 0xe3, 0xe1, 0xe6, 0xe7, 0xe7,
  0xe4, 0xf8, 0xfe, 0xff, 0xf1, 0xf7, 0xf4, 0xc8, 0xcf, 0xc1, 0xc7, 0xc5,
  0xc7, 0xc5, 0xd2, 0xdc, 0xdd, 0xd0, 0xd0, 0xd7, 0x54, 0x5d, 0x5c, 0x5d,
  0x5e, 0x58, 0x45, 0x47, 0x41, 0x4d, 0x49, 0x75, 0x74, 0x74, 0x76, 0x70,
  0x72, 0x73, 0x73, 0x7f, 0x7c, 0x7d, 0x72, 0x7c, 0x7f, 0x72, 0x72, 0x72,
  0x72, 0x70, 0x77, 0x77, 0x74, 0x74, 0x75, 0x49, 0x4f, 0x40, 0x5a, 0x5c,
  0x51, 0x54, 0xdc, 0xc4, 0xc0, 0xce, 0xf4, 0xf6, 0xf3, 0xfd, 0xfe, 0xfb,
  0xfa, 0xfa, 0xfb, 0xe5, 0xe5, 0xfa, 0xe5, 0xfa, 0xe5, 0xf9, 0xfc, 0xfd,
  0xf0, 0xf1, 0xf4, 0xf7, 0xf6, 0xca, 0xcb, 0xcc, 0xcc, 0xc0, 0xdb, 0xd9,
  0xde, 0xdf, 0x57, 0x51, 0x5d, 0x44, 0x4d, 0x71, 0x72, 0x79, 0x64, 0x67,
  0x61, 0x63, 0x6f, 0x6f, 0x6e, 0x69, 0x69, 0x69, 0x6f, 0x6e, 0x69, 0x68,
  0x68, 0x6e, 0x6f, 0x62, 0x66, 0x67, 0x65, 0x7a, 0x7f, 0x71, 0x4a, 0x5b,
  0xd4, 0xde, 0xc4, 0xcc, 0xf0, 0xfc, 0xf9, 0xe4, 0xe0, 0xed, 0xed, 0xe2,
  0xec, 0xef, 0xec, 0xe2, 0xed, 0xef, 0xed, 0xe0, 0xe6, 0xe7, 0xe4, 0xff,
  0xf2, 0xf1, 0xf1, 0xf4, 0xcb, 0xcd, 0xc4, 0xc7, 0xdb, 0xdf, 0xd8, 0xc5,
  0xde, 0xda, 0xda, 0xda, 0xc7, 0xda, 0xc6, 0xc1, 0xc3, 0xd9, 0xda, 0xc0,
  0xcd, 0xc4, 0xdc, 0xc2, 0xcc, 0xd8, 0xd3, 0x5e, 0xd7, 0x51, 0x4f, 0x4f,
  0x73, 0x7e, 0x75, 0x75, 0x62, 0x6d, 0x64, 0x64, 0x63, 0x6d, 0x60, 0x66,
  0x61, 0x61, 0x7a, 0x79, 0x79, 0x78, 0x75, 0x47, 0x46, 0x49, 0x4e, 0xd6,
  0xc5, 0xdc, 0xdf, 0xc3, 0xf7, 0xf4, 0xf6, 0xfb, 0xfa, 0xfc, 0xf0, 0xe6,
  0xe2, 0xe6, 0xe5, 0xe4, 0xe1, 0xe0, 0xe3, 0xe7, 0xfb, 0xe0, 0xe2, 0xfb,
  0xfa, 0xe5, 0xff, 0xf6, 0xf8, 0xf9, 0xfd, 0xca, 0xcf, 0xff, 0xf1, 0xf2,
  0xf7, 0xf6, 0xcc, 0xc6, 0xf7, 0xc6, 0xc7, 0x5a, 0x48, 0x7d, 0x64, 0x66,
  0x69, 0x14, 0x10, 0x10, 0x14, 0x13, 0x1b, 0x04, 0x1e, 0x1d, 0x19, 0x18,
  0x1f, 0x12, 0x1c, 0x1f, 0x11, 0x17, 0x15, 0x15, 0x7a, 0xd9, 0xd9, 0x5e,
  0x5d, 0xe4, 0xe8, 0xee, 0xee, 0x96, 0x9c, 0x90, 0x91, 0x9c, 0x99, 0x9d,
  0x90, 0x9c, 0x9b, 0x9c, 0x95, 0xef, 0x94, 0x94, 0xed, 0xe7, 0xe7, 0xfb,
  0xd3, 0x53, 0x56, 0x54, 0x77, 0x7f, 0x77, 0x43, 0x72, 0x66, 0x67, 0x76,
  0x58, 0x5b, 0x5c, 0x5d, 0x58, 0x58, 0xdc, 0xf4, 0xff, 0xf2, 0xf9, 0xf9,
  0xe7, 0xe6, 0xff, 0xf6, 0xf3, 0xe6, 0xe6, 0xfa, 0xf6, 0xcd, 0xf4, 0xd2,
  0x45, 0x4b, 0x47, 0x76, 0x6f, 0x6f, 0x64, 0x7a, 0x17, 0x13, 0x6b, 0x62,
  0x17, 0x12, 0x15, 0x62, 0x68, 0x6b, 0x62, 0x65, 0x63, 0x60, 0x7d, 0x58,
  0x52, 0x44, 0x51, 0xf4, 0xf8, 0xfd, 0xf5, 0xe1, 0x95, 0xea, 0xec, 0xea,
  0x96, 0xe9, 0xef, 0x95, 0x92, 0x90, 0x94, 0x97, 0x91, 0x97, 0xe9, 0xe9,
  0x95, 0x97, 0xeb, 0xed, 0xe2, 0xe2, 0xe6, 0xfa, 0xe6, 0xe0, 0xfa, 0xf7,
  0xcb, 0xfd, 0xf1, 0xd9, 0x43, 0x5e, 0xd9, 0x46, 0x61, 0x68, 0x16, 0x1c,
  0x19, 0x1d, 0x1a, 0x03, 0x0f, 0x01, 0x04, 0x0f, 0x35, 0x0e, 0x07, 0x01,
  0x0f, 0x02, 0x1e, 0x1f, 0x06, 0x18, 0x74, 0xcd, 0x65, 0x7a, 0x95, 0x85,
  0x96, 0xe3, 0x9d, 0x80, 0x81, 0x85, 0x87, 0x80, 0x86, 0x9e, 0x85, 0x80,
  0x86, 0x9d, 0x91, 0x9e, 0x92, 0xe2, 0xf3, 0xe4, 0xe5, 0xd6, 0x42, 0x5f,
  0x7e, 0x68, 0x17, 0x6d, 0x64, 0x6e, 0x15, 0x6c, 0x64, 0x61, 0x61, 0x77,
  0x57, 0xd8, 0xf4, 0xe6, 0xed, 0xe5, 0xe6, 0xee, 0x96, 0x91, 0x90, 0x97,
  0x94, 0x94, 0x97, 0x97, 0xea, 0xe2, 0xe1, 0xe2, 0xe5, 0xc5, 0x42, 0x77,
  0x66, 0x68, 0x69, 0x6d, 0x16, 0x1a, 0x04, 0x19, 0x13, 0x1c, 0x1a, 0x05,
  0x19, 0x1c, 0x1f, 0x12, 0x69, 0x61, 0x61, 0x70, 0xc6, 0xc4, 0x4b, 0xd0,
  0xec, 0x91, 0x94, 0x95, 0xeb, 0xeb, 0xea, 0x97, 0x90, 0x92, 0x90, 0x94,
  0x97, 0x91, 0x97, 0xe0, 0xec, 0x91, 0x92, 0x94, 0xec, 0xe2, 0xe6, 0xe1,
  0xee, 0x97, 0x94, 0xec, 0xfb, 0xe7, 0xef, 0xec, 0xe4, 0xf7, 0xe0, 0xeb,
  0xe2, 0xcd, 0xc5, 0xf7, 0xf6, 0xd6, 0x77, 0x48, 0x67, 0x1d, 0x07, 0x07,
  0x1b, 0x01, 0x0a, 0x35, 0x02, 0x06, 0x0a, 0x31, 0x34, 0x03, 0x03, 0x09,
  0x02, 0x1f, 0x13, 0x04, 0x1e, 0xd6, 0xee, 0xe5, 0xff, 0x9b, 0x8d, 0x86,
  0x99, 0x85, 0x8d, 0x8c, 0x82, 0x82, 0x82, 0x81, 0x9f, 0x9e, 0x9a, 0x9e,
  0x95, 0xe0, 0xee, 0xfb, 0x4b, 0x65, 0x7a, 0x63, 0x14, 0x6b, 0x60, 0x6b,
  0x1f, 0x1e, 0x69, 0x73, 0x67, 0x6c, 0x7d, 0xd5, 0xd6, 0xd1, 0xfc, 0xee,
  0xea, 0x95, 0x91, 0x9d, 0x9c, 0x92, 0x97, 0x95, 0x96, 0x9d, 0x93, 0xeb,
  0xe6, 0xe3, 0xe1, 0xc8, 0x5c, 0xdc, 0xc6, 0x75, 0x6c, 0x62, 0x64, 0x6d,
  0x1d, 0x1e, 0x10, 0x15, 0x10, 0x05, 0x1b, 0x1c, 0x17, 0x10, 0x17, 0x6e,
  0x61, 0x66, 0x7c, 0x59, 0x57, 0xdf, 0xf8, 0xed, 0xee, 0xe9, 0xe2, 0xe1,
  0xe0, 0xeb, 0xea, 0x94, 0x94, 0xe4, 0xd1, 0xf3, 0x95, 0xeb, 0xfd, 0xff,
  0xe2, 0xec, 0xe7, 0xe7, 0xec, 0x97, 0x96, 0xea, 0xe8, 0x97, 0x94, 0xe6,
  0xe2, 0x90, 0x9f, 0x96, 0xe2, 0xe3, 0xef, 0xe0, 0xe4, 0xe1, 0x97, 0x96,
  0xe7, 0xc9, 0xf0, 0xe5, 0xf1, 0x5a, 0x75, 0x7c, 0x17, 0x07, 0x0c, 0x03,
  0x03, 0x0b, 0x36, 0x34, 0x0d, 0x0a, 0x33, 0x32, 0x34, 0x0c, 0x08, 0x09,
  0x07, 0x10, 0x18, 0x1a, 0x71, 0x93, 0x9e, 0x90, 0x84, 0x88, 0x8b, 0x8c,
  0x8d, 0x88, 0xb5, 0x8a, 0x8a, 0x8a, 0x8c, 0x9b, 0x9f, 0x84, 0x85, 0x94,
  0xe5, 0xe1, 0xc8, 0x68, 0x10, 0x69, 0x6b, 0x19, 0x1b, 0x17, 0x6e, 0x1c,
  0x07, 0x1f, 0x63, 0x48, 0x4c, 0x50, 0xe5, 0xec, 0xe3, 0xed, 0x91, 0x9b,
  0x85, 0x85, 0x84, 0x87, 0x86, 0x85, 0x9c, 0x91, 0x9c, 0x9a, 0x93, 0xe0,
  0xcb, 0xf4, 0x56, 0x64, 0x64, 0x70, 0x65, 0x11, 0x1e, 0x11, 0x10, 0x18,
  0x06, 0x04, 0x19, 0x1d, 0x1e, 0x07, 0x01, 0x07, 0x16, 0x6d, 0x6c, 0x14,
  0x16, 0x6b, 0x67, 0x50, 0xd3, 0xc2, 0xf9, 0xe0, 0xe9, 0xe2, 0xe2, 0xe2,
  0xe6, 0x95, 0x92, 0x9c, 0x95, 0xf4, 0xc6, 0xe0, 0x9c, 0x9f, 0x94, 0xe2,
  0xe8, 0x91, 0x95, 0x96, 0x9e, 0x98, 0x9c, 0x9d, 0x99, 0x9f, 0x96, 0xeb,
  0x91, 0x9b, 0x9b, 0x91, 0xe3, 0xe4, 0xe1, 0xfc, 0xef, 0x96, 0x96, 0xe7,
  0xcb, 0xf4, 0xe5, 0xe1, 0xd9, 0x72, 0x67, 0x68, 0x04, 0x09, 0x0b, 0x0e,
  0x35, 0x33, 0x32, 0x37, 0x35, 0x33, 0x3e, 0x3d, 0x35, 0x0a, 0x34, 0x09,
  0x05, 0x12, 0x18, 0x10, 0xfe, 0x9e, 0x9e, 0x98, 0x8d, 0x8a, 0x8b, 0x8f,
  0x89, 0x8a, 0x8a, 0xb5, 0xb5, 0x89, 0x86, 0x9b, 0x85, 0x84, 0x93, 0xe3,
  0xed, 0xe2, 0x4b, 0x16, 0x15, 0x60, 0x17, 0x1a, 0x1c, 0x62, 0x6d, 0x1c,
  0x1a, 0x16, 0x7e, 0x44, 0x45, 0xd0, 0xe7, 0xe3, 0xed, 0xeb, 0x93, 0x9b,
  0x85, 0x84, 0x85, 0x84, 0x87, 0x9a, 0x9d, 0x9d, 0x9a, 0x9b, 0x95, 0xf1,
  0xca, 0xf7, 0xd5, 0x78, 0x67, 0x7a, 0x6f, 0x13, 0x1d, 0x10, 0x12, 0x05,
  0x07, 0x1b, 0x1d, 0x13, 0x07, 0x03, 0x01, 0x16, 0x76, 0x14, 0x18, 0x18,
  0x6f, 0x7d, 0x71, 0x5f, 0x5c, 0xf0, 0xe0, 0xe7, 0xf0, 0xe5, 0xea, 0xe9,
  0xe1, 0x97, 0x93, 0x95, 0xdf, 0xcd, 0x94, 0x99, 0x9e, 0xe2, 0xfc, 0xee,
  0x93, 0x93, 0x95, 0x97, 0x9d, 0x9c, 0x90, 0x97, 0x90, 0x90, 0x97, 0x91,
  0x9c, 0x85, 0x92, 0xe2, 0xc8, 0xe3, 0x97, 0x95, 0xe3, 0xe2, 0x97, 0xe3,
  0xce, 0xd2, 0xf8, 0xe4, 0xdf, 0x74, 0x79, 0x12, 0x03, 0x08, 0x0d, 0x00,
  0x0a, 0x33, 0x30, 0x08, 0x34, 0x3d, 0x3c, 0x37, 0x0f, 0x35, 0x35, 0x0d,
  0x1c, 0x1a, 0x04, 0x62, 0x97, 0x9e, 0x90, 0x98, 0x8d, 0x8c, 0x8d, 0x8c,
  0x89, 0x88, 0x8e, 0x88, 0x89, 0x83, 0x99, 0x9a, 0x86, 0x9a, 0x95, 0xe6,
  0xef, 0xf0, 0x61, 0x6e, 0x78, 0x7f, 0x11, 0x19, 0x16, 0x60, 0x11, 0x1b,
  0x11, 0x4b, 0x5f, 0x72, 0x77, 0xc6, 0xfb, 0xe7, 0xe9, 0x92, 0x99, 0x9f,
  0x9b, 0x9a, 0x9a, 0x9a, 0x87, 0x85, 0x99, 0x99, 0x9b, 0x9f, 0xef, 0xf9,
  0xe5, 0xe4, 0xd8, 0x4e, 0x7b, 0x63, 0x17, 0x12, 0x10, 0x16, 0x19, 0x07,
  0x07, 0x1b, 0x19, 0x01, 0x06, 0x04, 0x19, 0x1a, 0x1a, 0x12, 0x12, 0x11,
  0x14, 0x77, 0x5f, 0x4d, 0xc6, 0xfe, 0xe3, 0xe7, 0xe2, 0x96, 0x90, 0x97,
  0xe2, 0xeb, 0x91, 0x96, 0xeb, 0x94, 0x92, 0x91, 0xe3, 0xe0, 0xea, 0x96,
  0x94, 0x91, 0x90, 0x9c, 0x9d, 0x97, 0x96, 0x9d, 0x9c, 0x91, 0x97, 0x90,
  0x9d, 0x91, 0xeb, 0xee, 0xef, 0xe5, 0xe2, 0xec, 0xef, 0xfa, 0xfb, 0xe7,
  0xfd, 0xfb, 0xf3, 0x51, 0x65, 0x6d, 0x1e, 0x02, 0x0e, 0x03, 0x0c, 0x36,
  0x3d, 0x31, 0x08, 0x37, 0x3c, 0x3c, 0x35, 0x0c, 0x34, 0x37, 0x02, 0x16,
  0x1f, 0x1a, 0x60, 0x94, 0x93, 0xee, 0x9f, 0x8c, 0x89, 0x82, 0x83, 0x8e,
  0x8a, 0x8a, 0x88, 0x8c, 0x82, 0x81, 0x81, 0x80, 0x85, 0x90, 0x95, 0x94,
  0xe1, 0x42, 0x7a, 0x5c, 0x7c, 0x16, 0x1c, 0x6e, 0x61, 0x12, 0x05, 0x13,
  0x70, 0x77, 0x6f, 0x61, 0x55, 0xf3, 0xf1, 0xe4, 0x94, 0x93, 0x93, 0x92,
  0x9c, 0x9e, 0x98, 0x9b, 0x9e, 0x9c, 0x9e, 0x98, 0x92, 0xe3, 0xfa, 0xee,
  0xea, 0xf3, 0x44, 0x70, 0x77, 0x63, 0x68, 0x6b, 0x16, 0x1b, 0x04, 0x1a,
  0x1e, 0x05, 0x01, 0x07, 0x18, 0x05, 0x06, 0x07, 0x1e, 0x1d, 0x10, 0x68,
  0x7e, 0x48, 0x7e, 0x7d, 0xf7, 0xef, 0xe9, 0xee, 0x95, 0x96, 0x94, 0xea,
  0x95, 0x96, 0x91, 0x97, 0x93, 0x90, 0x95, 0xe4, 0xed, 0x92, 0x99, 0x9c,
  0x90, 0x90, 0x92, 0x90, 0x96, 0x92, 0x9e, 0x9d, 0x96, 0x90, 0x93, 0x95,
  0xe6, 0xe9, 0x96, 0x97, 0xeb, 0xe4, 0xfd, 0xfb, 0xe4, 0xf1, 0xff, 0xfa,
  0xff, 0x5a, 0x61, 0x6c, 0x10, 0x07, 0x02, 0x00, 0x07, 0x09, 0x30, 0x32,
  0x34, 0x08, 0x36, 0x3d, 0x30, 0x09, 0x08, 0x37, 0x35, 0x06, 0x12, 0x1a,
  0x1f, 0x56, 0xef, 0xe5, 0xf3, 0x98, 0x8c, 0x8d, 0x87, 0x86, 0x8e, 0x88,
  0x8f, 0x8c, 0x8d, 0x83, 0x81, 0x83, 0x80, 0x9e, 0x97, 0x92, 0x9c, 0x95,
  0xc2, 0xc3, 0xcc, 0x7a, 0x14, 0x69, 0x4a, 0x63, 0x1c, 0x1e, 0x69, 0x7f,
  0x6a, 0x17, 0x7b, 0xc7, 0xc0, 0xdf, 0xfc, 0xe9, 0x94, 0x97, 0x92, 0x98,
  0x9e, 0x9d, 0x9e, 0x98, 0x98, 0x9f, 0x92, 0x91, 0x97, 0x94, 0x97, 0xed,
  0xcc, 0xc6, 0xc5, 0xc5, 0x45, 0x78, 0x68, 0x11, 0x1d, 0x16, 0x13, 0x1a,
  0x07, 0x1a, 0x1c, 0x1a, 0x06, 0x06, 0x19, 0x19, 0x1b, 0x11, 0x69, 0x68,
  0x15, 0x69, 0x42, 0xc4, 0xfc, 0xf6, 0xf0, 0xea, 0x95, 0xe9, 0xe1, 0x94,
  0x90, 0x95, 0x91, 0x93, 0x96, 0xe9, 0xee, 0x90, 0x9d, 0x9f, 0x9d, 0x90,
  0x92, 0x9f, 0x9c, 0x90, 0x91, 0x92, 0x9d, 0x92, 0x91, 0xe2, 0xe7, 0xed,
  0x94, 0xe8, 0xe1, 0xe5, 0xf2, 0xfc, 0xf7, 0xf7, 0xcb, 0xf5, 0xc6, 0x40,
  0x70, 0x60, 0x13, 0x07, 0x01, 0x1f, 0x1f, 0x0e, 0x30, 0x31, 0x02, 0x02,
  0x36, 0x3d, 0x37, 0x03, 0x08, 0x37, 0x0b, 0x05, 0x1e, 0x01, 0x1f, 0x50,
  0xfd, 0x7e, 0x71, 0x98, 0x82, 0x87, 0x96, 0x98, 0x8c, 0x8c, 0x82, 0x83,
  0x80, 0x86, 0x86, 0x83, 0x80, 0x99, 0x90, 0x9e, 0x99, 0xea, 0xfe, 0xf8,
  0xf1, 0x7f, 0x69, 0x78, 0x49, 0x15, 0x19, 0x10, 0x7a, 0x66, 0x10, 0x13,
  0x7e, 0xda, 0x42, 0x74, 0xdf, 0xe4, 0xe2, 0xed, 0x94, 0x93, 0x92, 0x9d,
  0x9d, 0x9c, 0x9e, 0x99, 0x9f, 0x92, 0x92, 0x93, 0x91, 0xe8, 0xe6, 0xed,
  0xec, 0xfa, 0xd2, 0x74, 0x65, 0x15, 0x12, 0x11, 0x11, 0x19, 0x06, 0x07,
  0x1b, 0x07, 0x00, 0x07, 0x1e, 0x1a, 0x04, 0x1d, 0x15, 0x17, 0x16, 0x64,
  0xc3, 0xc4, 0xdb, 0xf6, 0xe0, 0x94, 0x97, 0x97, 0x96, 0x9e, 0x99, 0x9c,
  0x9c, 0x9f, 0x9e, 0x92, 0x98, 0x85, 0x9e, 0x90, 0x9d, 0x9e, 0x99, 0x9f,
  0x93, 0x91, 0x97, 0x97, 0x94, 0xea, 0xe6, 0xfa, 0xfa, 0xe2, 0xed, 0xfb,
  0xdf, 0xce, 0xfb, 0xe2, 0xe6, 0xc5, 0xd1, 0xc1, 0xde, 0x4c, 0x74, 0x67,
  0x11, 0x04, 0x07, 0x18, 0x04, 0x08, 0x36, 0x35, 0x03, 0x0f, 0x31, 0x32,
  0x35, 0x02, 0x08, 0x34, 0x09, 0x05, 0x04, 0x02, 0x18, 0x73, 0x54, 0x7a,
  0x53, 0x9f, 0x85, 0x91, 0x95, 0x84, 0x8f, 0x8c, 0x81, 0x86, 0x80, 0x80,
  0x80, 0x83, 0x83, 0x84, 0x9b, 0x85, 0x98, 0x97, 0xe4, 0xee, 0xe8, 0xf6,
  0x48, 0x42, 0x4b, 0x68, 0x11, 0x6e, 0x77, 0x60, 0x16, 0x15, 0x7b, 0x4a,
  0x66, 0x64, 0x57, 0xc9, 0xf7, 0xca, 0xe3, 0xef, 0xe0, 0xee, 0x96, 0x9e,
  0x92, 0x91, 0x90, 0x91, 0x90, 0x90, 0x91, 0x96, 0xe9, 0xec, 0xe6, 0xfb,
  0xc5, 0x5d, 0x5c, 0x67, 0x14, 0x10, 0x16, 0x1d, 0x06, 0x07, 0x1e, 0x12,
  0x07, 0x03, 0x01, 0x1a, 0x1e, 0x1f, 0x10, 0x16, 0x16, 0x69, 0x7f, 0x74,
  0x5f, 0xf1, 0xef, 0xe8, 0xee, 0xed, 0xe8, 0x93, 0x9d, 0x9c, 0x9f, 0x99,
  0x92, 0x94, 0x93, 0x85, 0x85, 0x9d, 0x9d, 0x9e, 0x9e, 0x92, 0x94, 0x91,
  0x92, 0x93, 0xe8, 0xef, 0xef, 0xe0, 0xff, 0xfe, 0xfa, 0xf8, 0xf4, 0xc1,
  0xcd, 0xc9, 0xf2, 0xc3, 0xcd, 0xf6, 0xf7, 0x75, 0x64, 0x7e, 0x66, 0x13,
  0x04, 0x05, 0x12, 0x06, 0x35, 0x37, 0x0f, 0x06, 0x08, 0x31, 0x31, 0x0c,
  0x03, 0x08, 0x0a, 0x03, 0x12, 0x1a, 0x04, 0x17, 0x44, 0x5e, 0x4f, 0xeb,
  0x85, 0x9e, 0x97, 0x93, 0x81, 0x8d, 0x80, 0x86, 0x86, 0x86, 0x86, 0x81,
  0x81, 0x84, 0x9b, 0x9a, 0x84, 0x9f, 0xe2, 0xe4, 0xe8, 0xec, 0xdc, 0x75,
  0x51, 0x48, 0x6a, 0x14, 0x7e, 0x4a, 0x6c, 0x14, 0x60, 0x58, 0x4a, 0x61,
  0x71, 0xf9, 0xe3, 0xe5, 0xf2, 0xed, 0xea, 0x94, 0x95, 0x90, 0x9f, 0x93,
  0x96, 0x94, 0x92, 0x93, 0x97, 0x94, 0x94, 0x95, 0xe3, 0xfe, 0xc3, 0x51,
  0xd7, 0x5d, 0x79, 0x14, 0x13, 0x13, 0x13, 0x19, 0x07, 0x07, 0x18, 0x1f,
  0x06, 0x03, 0x06, 0x1e, 0x1d, 0x1d, 0x10, 0x13, 0x16, 0x6d, 0x7c, 0x7e,
  0x40, 0xfc, 0xe1, 0xe7, 0xe0, 0xe0, 0xee, 0x94, 0x9d, 0x9f, 0x92, 0x90,
  0x94, 0x96, 0x9c, 0x9b, 0x9d, 0x97, 0x90, 0x92, 0x92, 0x91, 0x93, 0x90,
  0x96, 0x97, 0x96, 0x91, 0xea, 0xec, 0xee, 0x95, 0xe9, 0xe1, 0xf6, 0xf8,
  0xe0, 0xec, 0xe8, 0xfa, 0xc1, 0xde, 0xe4, 0xf9, 0x5a, 0x7b, 0x17, 0x18,
  0x07, 0x1b, 0x1c, 0x0e, 0x36, 0x36, 0x03, 0x00, 0x36, 0x3d, 0x36, 0x06,
  0x0c, 0x36, 0x35, 0x07, 0x1d, 0x01, 0x04, 0x7d, 0xd2, 0x7f, 0x7e, 0x9d,
  0x86, 0x9d, 0xe9, 0x92, 0x82, 0x8c, 0x80, 0x80, 0x86, 0x86, 0x81, 0x83,
  0x80, 0x99, 0x9d, 0x9a, 0x85, 0xea, 0xd1, 0xfb, 0xe9, 0xc9, 0x64, 0x67,
  0x5e, 0x60, 0x13, 0x17, 0x49, 0x42, 0x11, 0x10, 0x71, 0xfd, 0x5b, 0x65,
  0xf0, 0xeb, 0xeb, 0xe9, 0x94, 0x93, 0x90, 0x9c, 0x9f, 0x9f, 0x9d, 0x93,
  0x9c, 0x93, 0x91, 0x97, 0x95, 0xe9, 0xe7, 0xe0, 0xe4, 0xc2, 0x70, 0x7f,
  0x4a, 0x65, 0x6b, 0x16, 0x1d, 0x18, 0x1b, 0x12, 0x1f, 0x03, 0x0d, 0x04,
  0x17, 0x19, 0x03, 0x00, 0x1f, 0x6e, 0x6a, 0x6a, 0x6e, 0x6f, 0x5a, 0xff,
  0xe1, 0xe4, 0xe4, 0x95, 0x93, 0x9f, 0x9d, 0xea, 0x96, 0x9a, 0x87, 0x99,
  0x93, 0x93, 0x97, 0x9d, 0x9b, 0x9b, 0x93, 0xeb, 0xea, 0x93, 0x9f, 0x93,
  0xea, 0xe9, 0x94, 0x94, 0xea, 0xef, 0xec, 0xe4, 0xea, 0xef, 0xe7, 0xfb,
  0xe3, 0xed, 0xe7, 0xec, 0xe3, 0xe3, 0xf6, 0xfc, 0xf1, 0xcb, 0x7e, 0x12,
  0x04, 0x00, 0x1a, 0x07, 0x0a, 0x30, 0x30, 0x0c, 0x08, 0x33, 0x3c, 0x37,
  0x0d, 0x35, 0x37, 0x0a, 0x07, 0x1a, 0x01, 0x1c, 0x59, 0xc3, 0x41, 0xfa,
  0x87, 0x80, 0x85, 0x9b, 0x81, 0x8c, 0x8f, 0x8f, 0x8d, 0x86, 0x85, 0x81,
  0x8d, 0x87, 0x94, 0xeb, 0x9e, 0x92, 0xcd, 0x64, 0x50, 0xdc, 0x62, 0x17,
  0x6b, 0x64, 0x10, 0x18, 0x14, 0x44, 0x74, 0x14, 0x6f, 0xd7, 0xe5, 0xf6,
  0xf4, 0xeb, 0x96, 0x93, 0x9f, 0x99, 0x99, 0x9c, 0x9e, 0x9a, 0x85, 0x99,
  0x9f, 0x92, 0x97, 0x95, 0x97, 0x95, 0xe4, 0xde, 0xd7, 0xdb, 0x70, 0x6d,
  0x6d, 0x6e, 0x14, 0x13, 0x13, 0x12, 0x04, 0x01, 0x05, 0x15, 0x13, 0x03,
  0x0e, 0x06, 0x68, 0x6b, 0x1f, 0x05, 0x05, 0x11, 0x61, 0xdc, 0x46, 0x78,
  0xd4, 0xe1, 0xed, 0xf6, 0xf8, 0x95, 0x90, 0x9f, 0x9d, 0x97, 0xec, 0xe8,
  0x92, 0x9e, 0x84, 0x9f, 0xe7, 0xf5, 0x9d, 0x84, 0x9e, 0x94, 0x95, 0x90,
  0x9f, 0x99, 0x93, 0x97, 0x93, 0x9c, 0x9d, 0x93, 0x96, 0xe2, 0xe2, 0x93,
  0x9d, 0xe8, 0xe7, 0xfc, 0x95, 0x92, 0xef, 0xdb, 0xde, 0xe0, 0xcc, 0x57,
  0x44, 0x17, 0x02, 0x08, 0x06, 0x18, 0x08, 0x32, 0x3f, 0x37, 0x09, 0x31,
  0x3e, 0x32, 0x0b, 0x35, 0x36, 0x35, 0x00, 0x05, 0x05, 0x6a, 0xf3, 0xe5,
  0xfe, 0x94, 0x80, 0x89, 0x8f, 0x8f, 0x8f, 0x8f, 0x8f, 0x8a, 0xb5, 0x82,
  0x9e, 0x98, 0x80, 0x81, 0xe9, 0x51, 0xe4, 0xe9, 0xdb, 0x6e, 0x6e, 0x63,
  0x12, 0x1e, 0x10, 0x67, 0x14, 0x18, 0x1d, 0x65, 0xd2, 0x73, 0x7f, 0xca,
  0xec, 0x94, 0x91, 0x92, 0x9e, 0x99, 0x87, 0x86, 0x81, 0x87, 0x85, 0x9b,
  0x99, 0x9e, 0x9e, 0x93, 0xea, 0xf3, 0xf8, 0xe4, 0xd5, 0x78, 0x6d, 0x65,
  0x62, 0x15, 0x17, 0x1d, 0x1e, 0x1c, 0x14, 0x14, 0x12, 0x18, 0x05, 0x1e,
  0x11, 0x6e, 0x6a, 0x19, 0x07, 0x1d, 0x4a, 0x44, 0x10, 0x18, 0x68, 0x5e,
  0x49, 0x77, 0x4a, 0x4b, 0xc8, 0xe5, 0xd6, 0x4c, 0xe4, 0xe8, 0xe1, 0xec,
  0x9f, 0x90, 0xfb, 0xe0, 0x9c, 0x9e, 0x9e, 0x9c, 0xeb, 0xef, 0x9d, 0x99,
  0x93, 0x90, 0x92, 0x90, 0x96, 0x9d, 0x92, 0x97, 0x91, 0x93, 0x97, 0x95,
  0x94, 0xec, 0xed, 0xe9, 0xef, 0xfa, 0xe7, 0xfa, 0xf1, 0xe7, 0xe3, 0xe2,
  0xf7, 0xf1, 0xf5, 0xdd, 0xda, 0x61, 0x1b, 0x0d, 0x02, 0x05, 0x03, 0x36,
  0x3c, 0x30, 0x0b, 0x36, 0x3c, 0x3c, 0x34, 0x08, 0x37, 0x35, 0x01, 0x10,
  0x1c, 0x10, 0xce, 0x93, 0x96, 0x93, 0x80, 0x8b, 0x89, 0x89, 0x88, 0x89,
  0x8f, 0x8e, 0x8a, 0x8e, 0x9a, 0x94, 0x9e, 0x87, 0x96, 0x74, 0x75, 0xf1,
  0x72, 0x1d, 0x1c, 0x68, 0x13, 0x04, 0x04, 0x12, 0x6a, 0x13, 0x12, 0x63,
  0x55, 0xc7, 0xc3, 0xe0, 0x94, 0x93, 0x99, 0x84, 0x81, 0x87, 0x86, 0x80,
  0x82, 0x8d, 0x81, 0x87, 0x9b, 0x9c, 0x92, 0x93, 0xea, 0xc8, 0x5e, 0x41,
  0x64, 0x69, 0x14, 0x6a, 0x16, 0x1f, 0x1c, 0x10, 0x11, 0x1f, 0x1e, 0x16,
  0x15, 0x14, 0x6a, 0x6f, 0x10, 0x1f, 0x61, 0xc1, 0x6e, 0x01, 0x06, 0x62,
  0xf7, 0x64, 0x1a, 0x07, 0x13, 0x61, 0x65, 0x6f, 0x6c, 0x40, 0xd5, 0x56,
  0xd9, 0xe7, 0xef, 0xef, 0x94, 0x9c, 0x9d, 0xe8, 0xeb, 0x9c, 0x9b, 0x85,
  0x98, 0x91, 0xeb, 0x95, 0x93, 0x9c, 0x90, 0xe2, 0xf8, 0xe2, 0x94, 0x94,
  0xf3, 0xfd, 0xef, 0xee, 0xed, 0xed, 0x95, 0xe8, 0xf8, 0xf7, 0xe0, 0xea,
  0xed, 0xe2, 0xe2, 0xe8, 0xea, 0xe6, 0xff, 0xfb, 0xe6, 0xf9, 0xfa, 0xc8,
  0x17, 0x0f, 0x35, 0x01, 0x04, 0x34, 0x3c, 0x3c, 0x37, 0x37, 0x3d, 0x3e,
  0x30, 0x08, 0x34, 0x35, 0x0c, 0x1d, 0x11, 0x12, 0xd2, 0x9d, 0x85, 0x84,
  0x80, 0x88, 0x8b, 0x8a, 0xb4, 0xb4, 0x8b, 0x8c, 0x8b, 0x8b, 0x86, 0xea,
  0xe8, 0x9e, 0x91, 0x73, 0x14, 0x62, 0x14, 0x1e, 0x1a, 0x10, 0x10, 0x1a,
  0x05, 0x1d, 0x15, 0x17, 0x6b, 0x7e, 0xf4, 0xe1, 0xec, 0x96, 0x9f, 0x9c,
  0x98, 0x81, 0x83, 0x86, 0x87, 0x81, 0x80, 0x84, 0x99, 0x9e, 0x91, 0xeb,
  0xe9, 0xe2, 0xf5, 0x79, 0x6c, 0x63, 0x60, 0x17, 0x1d, 0x10, 0x11, 0x13,
  0x12, 0x10, 0x15, 0x17, 0x15, 0x67, 0x7e, 0x72, 0x7b, 0x43, 0xd8, 0xf1,
  0xde, 0x64, 0x67, 0x45, 0xf1, 0x7c, 0x19, 0x18, 0x6a, 0x7e, 0x6a, 0x1e,
  0x05, 0x1b, 0x12, 0x6a, 0x6d, 0x15, 0x62, 0xd0, 0xf2, 0xf3, 0xe5, 0x95,
  0x91, 0x93, 0x9e, 0x98, 0x98, 0x9c, 0x9c, 0x9c, 0x98, 0x84, 0x92, 0xe2,
  0xe8, 0x93, 0x97, 0xe5, 0xdb, 0xdd, 0xc5, 0xf1, 0xf0, 0xf5, 0xc5, 0xd6,
  0xdc, 0xf9, 0x96, 0x94, 0xeb, 0x95, 0x91, 0x93, 0x91, 0x9d, 0x90, 0x93,
  0x96, 0x90, 0x98, 0x9f, 0xea, 0xc9, 0xf0, 0xe0, 0xf6, 0x41, 0x10, 0x02,
  0x0b, 0x0e, 0x0d, 0x36, 0x3c, 0x3c, 0x37, 0x37, 0x3d, 0x3e, 0x30, 0x0a,
  0x35, 0x0b, 0x1b, 0x64, 0x68, 0x6b, 0xe2, 0x87, 0x81, 0x81, 0x89, 0xb7,
  0xb4, 0x8a, 0x8a, 0xb5, 0x8e, 0x83, 0x8d, 0x8d, 0x9b, 0xf1, 0x52, 0xf5,
  0x47, 0x14, 0x1f, 0x13, 0x12, 0x06, 0x03, 0x1e, 0x11, 0x1e, 0x19, 0x6a,
  0x5b, 0x43, 0xd8, 0xfd, 0xe8, 0x9d, 0x9a, 0x87, 0x86, 0x81, 0x87, 0x80,
  0x8d, 0x80, 0x84, 0x9a, 0x9a, 0x9d, 0x95, 0xed, 0xc3, 0x78, 0x6c, 0x64,
  0x61, 0x16, 0x19, 0x18, 0x1e, 0x18, 0x1f, 0x6a, 0x6f, 0x14, 0x68, 0x46,
  0xc0, 0xcf, 0xcb, 0xfe, 0xe2, 0xe8, 0x94, 0x95, 0x95, 0xe1, 0xfd, 0xf0,
  0xfa, 0x51, 0x6c, 0x16, 0x15, 0x6c, 0x12, 0x07, 0x00, 0x04, 0x04, 0x07,
  0x1a, 0x13, 0x1c, 0x1f, 0x17, 0x7d, 0x42, 0xda, 0xe2, 0x95, 0x9d, 0x9a,
  0x85, 0x9e, 0x84, 0x81, 0x85, 0x9f, 0x87, 0x84, 0x97, 0xed, 0xea, 0xfd,
  0x79, 0xd4, 0xf2, 0x4d, 0x66, 0x7e, 0x61, 0x68, 0x63, 0x7a, 0x4c, 0xe5,
  0xf8, 0xca, 0xed, 0x93, 0x92, 0x9d, 0x84, 0x85, 0x9e, 0x98, 0x87, 0x85,
  0x9a, 0x99, 0x93, 0xea, 0xe8, 0x95, 0xfc, 0xc2, 0x53, 0x65, 0x17, 0x1e,
  0x07, 0x08, 0x34, 0x35, 0x34, 0x33, 0x3f, 0x33, 0x0b, 0x34, 0x33, 0x30,
  0x0c, 0x01, 0x02, 0x1b, 0xdf, 0x96, 0xe6, 0xe9, 0x87, 0x8f, 0x8c, 0x8d,
  0xb5, 0xb4, 0x88, 0x89, 0x8f, 0x8d, 0x9f, 0x97, 0x91, 0x97, 0xde, 0x11,
  0x14, 0x68, 0x19, 0x03, 0x07, 0x16, 0x12, 0x04, 0x19, 0x68, 0x66, 0x6c,
  0x58, 0xed, 0x96, 0x93, 0x9c, 0x85, 0x87, 0x81, 0x81, 0x81, 0x86, 0x87,
  0x86, 0x87, 0x9c, 0xe3, 0xfa, 0xfa, 0xd7, 0x7e, 0x61, 0x6c, 0x11, 0x1b,
  0x1a, 0x18, 0x1e, 0x1f, 0x10, 0x6f, 0x6c, 0x68, 0x66, 0xda, 0xf9, 0xe5,
  0x95, 0x9c, 0x9c, 0x96, 0x91, 0x9d, 0x92, 0x91, 0x97, 0xeb, 0xe0, 0xd2,
  0x7d, 0x78, 0x61, 0x14, 0x12, 0x1f, 0x04, 0x03, 0x06, 0x05, 0x04, 0x06,
  0x06, 0x1a, 0x1e, 0x10, 0x66, 0x7f, 0x65, 0xd2, 0xea, 0x97, 0xed, 0x90,
  0x9b, 0x9b, 0x9e, 0x9a, 0x85, 0x99, 0x9f, 0x92, 0x95, 0xe8, 0xec, 0x53,
  0x66, 0x4a, 0x5f, 0x6f, 0x17, 0x6d, 0x78, 0x66, 0x72, 0x4d, 0xd1, 0xf6,
  0xe6, 0xee, 0xeb, 0x93, 0x90, 0x90, 0x93, 0x9a, 0x85, 0x98, 0x98, 0x99,
  0x9d, 0x94, 0x94, 0xe8, 0xed, 0xe0, 0xfe, 0x59, 0x70, 0x7c, 0x78, 0x61,
  0x62, 0x61, 0x65, 0x68, 0x1e, 0x00, 0x03, 0x0c, 0x02, 0x00, 0x0e, 0x36,
  0x32, 0x0b, 0x03, 0x0c, 0x0a, 0x00, 0x17, 0x1b, 0x07, 0x69, 0x9c, 0x9b,
  0xed, 0x92, 0x82, 0x8d, 0x84, 0x86, 0x8e, 0x83, 0x85, 0x84, 0x80, 0x9a,
  0xf3, 0x53, 0xdd, 0x77, 0x13, 0x1d, 0x6f, 0x62, 0x1c, 0x04, 0x1c, 0x6f,
  0x17, 0x10, 0x7f, 0xe9, 0xeb, 0xf4, 0xe7, 0x92, 0x9a, 0x98, 0x9a, 0x86,
  0x86, 0x84, 0x85, 0x98, 0x92, 0x90, 0x91, 0xeb, 0xf8, 0xce, 0xc5, 0x72,
  0x14, 0x11, 0x68, 0x6c, 0x16, 0x10, 0x15, 0x6f, 0x68, 0x62, 0x4f, 0xdc,
  0x57, 0xc8, 0xec, 0x91, 0x95, 0xec, 0x95, 0x93, 0x96, 0xef, 0x94, 0x91,
  0xe3, 0x74, 0x7d, 0x56, 0x7e, 0x17, 0x13, 0x16, 0x16, 0x1f, 0x05, 0x05,
  0x1c, 0x1d, 0x05, 0x04, 0x1e, 0x68, 0x63, 0x67, 0x66, 0x47, 0xfc, 0xfc,
  0xff, 0xec, 0x97, 0x91, 0x90, 0x9d, 0x91, 0xe8, 0xea, 0xe8, 0xee, 0xe0,
  0xfa, 0xd3, 0x4e, 0xd5, 0x4b, 0x79, 0x73, 0x72, 0x67, 0x6d, 0x77, 0x59,
  0x75, 0x59, 0xf0, 0xe2, 0xee, 0xe9, 0xeb, 0x94, 0x96, 0x97, 0x96, 0x92,
  0x99, 0x93, 0xe2, 0xe1, 0xec, 0xe3, 0xfe, 0xf9, 0xfb, 0xfd, 0xcc, 0x5c,
  0x76, 0x47, 0xf6, 0xdd, 0x4a, 0x5c, 0xf4, 0x42, 0x61, 0x4c, 0xf7, 0xfd,
  0xc5, 0x53, 0x7f, 0x61, 0x7f, 0x14, 0x1b, 0x1f, 0x16, 0x05, 0x35, 0x30,
  0x34, 0x03, 0x04, 0x0c, 0x09, 0x00, 0x04, 0x03, 0x06, 0x66, 0xec, 0xe1,
  0xec, 0x9c, 0x84, 0x9a, 0x99, 0x86, 0x82, 0x83, 0x81, 0x82, 0x82, 0x92,
  0xc3, 0xd0, 0xcd, 0x64, 0x17, 0x6c, 0x7d, 0x15, 0x07, 0x06, 0x1c, 0x15,
  0x11, 0x14, 0x55, 0xee, 0xec, 0xe2, 0x95, 0x9d, 0x99, 0x98, 0x84, 0x80,
  0x82, 0x81, 0x84, 0x99, 0x97, 0xec, 0xe2, 0xe5, 0xcf, 0xd7, 0x5f, 0x61,
  0x10, 0x1f, 0x12, 0x11, 0x11, 0x16, 0x6f, 0x79, 0x7f, 0x72, 0x57, 0xf9,
  0xe2, 0x94, 0x9c, 0x98, 0x9c, 0x96, 0x97, 0x91, 0x95, 0xe1, 0xe0, 0xe6,
  0xdd, 0x61, 0x6d, 0x6c, 0x10, 0x19, 0x1b, 0x18, 0x1e, 0x19, 0x1f, 0x1d,
  0x12, 0x12, 0x10, 0x6a, 0x6d, 0x6f, 0x61, 0x59, 0xc3, 0xc2, 0xe4, 0x94,
  0x96, 0xec, 0xe5, 0xfa, 0xfe, 0xee, 0x90, 0xeb, 0xf0, 0xd0, 0x48, 0x14,
  0x69, 0x47, 0xd7, 0x50, 0x58, 0x71, 0x6b, 0x7e, 0xf7, 0x59, 0xde, 0xee,
  0x94, 0xed, 0x95, 0x91, 0xe9, 0x95, 0x90, 0x96, 0x97, 0x99, 0x9e, 0xe9,
  0xe7, 0xe6, 0xfd, 0xfd, 0xe7, 0xfb, 0xf6, 0xc9, 0xc7, 0x46, 0x5e, 0x5d,
  0x40, 0x5e, 0xc1, 0xf1, 0xff, 0xee, 0xed, 0xca, 0xd1, 0xde, 0xcf, 0xc4,
  0xfa, 0xe2, 0xf0, 0x43, 0x67, 0x6a, 0x16, 0x15, 0x13, 0x05, 0x05, 0x1d,
  0x18, 0x02, 0x0a, 0x36, 0x36, 0x0b, 0x07, 0x18, 0x19, 0x10, 0x13, 0x1b,
  0x1e, 0x7f, 0x95, 0x9f, 0x9e, 0x9a, 0x82, 0x8c, 0x84, 0x93, 0x99, 0x9a,
  0x92, 0x9d, 0x9a, 0x9f, 0xfa, 0x7c, 0x68, 0x13, 0x1b, 0x19, 0x17, 0x62,
  0x69, 0x68, 0x79, 0x65, 0x6a, 0x69, 0xde, 0xe8, 0x91, 0x99, 0x84, 0x87,
  0x9b, 0x90, 0x91, 0x9c, 0x98, 0x9e, 0x9f, 0x9e, 0x97, 0xcf, 0x7a, 0x63,
  0x6a, 0x17, 0x15, 0x69, 0x6c, 0x6e, 0x69, 0x68, 0x15, 0x15, 0x6d, 0x45,
  0xe5, 0xe8, 0x96, 0x90, 0x90, 0xe8, 0xe9, 0x97, 0x94, 0xea, 0xea, 0xea,
  0xe6, 0xdc, 0x4f, 0x63, 0x11, 0x12, 0x13, 0x10, 0x12, 0x13, 0x13, 0x1d,
  0x1e, 0x19, 0x12, 0x68, 0x71, 0xc4, 0xfe, 0xe6, 0xe5, 0xd0, 0x67, 0x61,
  0xc3, 0xee, 0xef, 0xee, 0x96, 0xe8, 0x55, 0x65, 0x75, 0x7c, 0x6d, 0x71,
  0xff, 0xf0, 0x40, 0x74, 0x60, 0x16, 0x15, 0x45, 0xff, 0xe6, 0x94, 0x95,
  0xfc, 0xf9, 0xec, 0xe3, 0xe4, 0x96, 0x9f, 0x93, 0x91, 0x9d, 0x97, 0xff,
  0xf0, 0xfe, 0xf2, 0xf8, 0xe6, 0xfb, 0xf3, 0xf6, 0xd9, 0x49, 0x75, 0x5c,
  0xd8, 0xfe, 0xec, 0xef, 0xe0, 0xe5, 0xf7, 0xf7, 0xfa, 0xe0, 0xe3, 0xe2,
  0xe6, 0xc8, 0xd6, 0x50, 0x7f, 0x60, 0x7c, 0x5b, 0x73, 0x65, 0x79, 0x15,
  0x04, 0x03, 0x06, 0x1f, 0x10, 0x13, 0x1f, 0x04, 0x0f, 0x34, 0x0b, 0x05,
  0x13, 0x12, 0x6b, 0x75, 0x6d, 0x13, 0x67, 0xe0, 0xec, 0xf9, 0x94, 0x85,
  0x85, 0x93, 0x97, 0x90, 0xeb, 0xc1, 0x51, 0xf9, 0xe6, 0xc6, 0x42, 0x54,
  0x58, 0x6a, 0x1c, 0x17, 0x7b, 0x4e, 0xd9, 0xef, 0x94, 0xe5, 0xc7, 0xe4,
  0x94, 0x91, 0x9d, 0x9a, 0x84, 0x9a, 0x9f, 0x9c, 0x90, 0xeb, 0xe3, 0xed,
  0xe2, 0xe5, 0xfb, 0xfe, 0xd9, 0x7c, 0x63, 0x6c, 0x6f, 0x63, 0x72, 0xd8,
  0xfd, 0xf6, 0xdb, 0xcd, 0xf2, 0xca, 0xf7, 0xed, 0x97, 0x94, 0x95, 0x95,
  0xe3, 0xd2, 0x7c, 0x7f, 0x77, 0x70, 0x78, 0x60, 0x69, 0x11, 0x1c, 0x1f,
  0x1e, 0x1e, 0x1d, 0x17, 0x6e, 0x63, 0x65, 0x7a, 0x60, 0x67, 0x45, 0xce,
  0xf3, 0xe5, 0xe7, 0xca, 0x75, 0x73, 0x72, 0x66, 0x63, 0x42, 0xfe, 0xc3,
  0x75, 0x72, 0x62, 0x13, 0x10, 0x45, 0xfa, 0xf8, 0xe3, 0xe1, 0x77, 0x6f,
  0xdf, 0xef, 0xec, 0x91, 0x99, 0x97, 0xca, 0xe7, 0x94, 0xe1, 0xe6, 0x94,
  0xea, 0xfb, 0xe2, 0x97, 0xec, 0xfd, 0xe5, 0xf8, 0xc0, 0xfc, 0xef, 0xee,
  0xec, 0xee, 0xef, 0xe7, 0xe6, 0xe3, 0xe3, 0xe8, 0x97, 0x95, 0xe4, 0xf0,
  0xf1, 0xd1, 0x5e, 0xd5, 0xdc, 0x54, 0x4f, 0x7d, 0x66, 0x62, 0x6e, 0x15,
  0x15, 0x15, 0x13, 0x1a, 0x06, 0x07, 0x1b, 0x1f, 0x1b, 0x01, 0x0e, 0x34,
  0x34, 0x02, 0x11, 0x6c, 0x6a, 0x6c, 0x6b, 0x19, 0x1d, 0xc9, 0x93, 0x96,
  0x97, 0x99, 0x9a, 0x91, 0xee, 0x97, 0x96, 0xec, 0xf2, 0xe5, 0xed, 0xf0,
  0x75, 0x76, 0x4b, 0x62, 0x10, 0x17, 0x65, 0x51, 0xf7, 0xe7, 0xe2, 0xe4,
  0xf1, 0xfa, 0x94, 0x9e, 0x98, 0x9b, 0x84, 0x85, 0x9f, 0x92, 0x9d, 0x96,
  0xe0, 0xe6, 0xe3, 0xfb, 0xc4, 0xde, 0xd3, 0x73, 0x60, 0x63, 0x60, 0x60,
  0x65, 0x5d, 0xf1, 0xf0, 0xc1, 0xc4, 0xfc, 0xe7, 0xe5, 0xe2, 0x96, 0x90,
  0xe9, 0xe6, 0xe3, 0xe5, 0x5b, 0x7b, 0x71, 0x4a, 0x65, 0x6c, 0x68, 0x14,
  0x11, 0x1d, 0x1d, 0x10, 0x16, 0x16, 0x15, 0x60, 0x64, 0x67, 0x7e, 0x75,
  0x4a, 0x44, 0xc4, 0xc6, 0x46, 0x4c, 0x52, 0x4d, 0x72, 0x4a, 0x43, 0x7e,
  0x7a, 0x5a, 0xd2, 0x48, 0x65, 0x61, 0x62, 0x61, 0x5c, 0xfe, 0xfa, 0xfd,
  0xc5, 0x74, 0x79, 0xc4, 0xef, 0x94, 0x96, 0x90, 0xe9, 0xc2, 0xc3, 0xe7,
  0xe2, 0xe9, 0x97, 0x97, 0xe3, 0xe7, 0xe0, 0xe6, 0xe1, 0xe3, 0xe7, 0xf8,
  0xe3, 0xeb, 0xe8, 0xea, 0x95, 0xe9, 0xe0, 0xe3, 0xef, 0xed, 0xed, 0xe8,
  0xe9, 0xe5, 0xd8, 0x51, 0x5f, 0x48, 0x72, 0x75, 0x77, 0x66, 0x6c, 0x66,
  0x7a, 0x63, 0x6b, 0x14, 0x16, 0x17, 0x14, 0x14, 0x12, 0x18, 0x1f, 0x1d,
  0x1c, 0x19, 0x1a, 0x03, 0x0a, 0x0b, 0x06, 0x1c, 0x19, 0x1d, 0x6b, 0x13,
  0x05, 0x11, 0xcd, 0xe7, 0xf0, 0xe8, 0x98, 0x98, 0x97, 0x95, 0x93, 0x90,
  0xe9, 0xe8, 0x90, 0x91, 0xed, 0xfd, 0xfd, 0xcb, 0x72, 0x6f, 0x6c, 0x71,
  0xdf, 0xc2, 0xf9, 0xe7, 0xfc, 0xc6, 0xf7, 0xe2, 0x95, 0x90, 0x9f, 0x99,
  0x99, 0x99, 0x9f, 0x91, 0x95, 0x95, 0x94, 0xee, 0xe0, 0xe0, 0xe0, 0xfe,
  0x5e, 0x77, 0x75, 0x7a, 0x60, 0x7d, 0xc0, 0xcb, 0x5d, 0x58, 0xd9, 0xc5,
  0xd7, 0xc5, 0xf9, 0xe6, 0xe4, 0xe7, 0xe3, 0xe2, 0xfd, 0xd6, 0x5a, 0x5a,
  0x47, 0x76, 0x7e, 0x7b, 0x63, 0x14, 0x11, 0x11, 0x16, 0x17, 0x14, 0x15,
  0x6a, 0x6a, 0x17, 0x12, 0x10, 0x15, 0x68, 0x69, 0x65, 0x48, 0x78, 0x63,
  0x65, 0x77, 0x59, 0xf5, 0xe2, 0xee, 0xe0, 0xfb, 0xd6, 0x71, 0x49, 0xc5,
  0xf6, 0xf8, 0xe3, 0xe6, 0xd1, 0x4a, 0x5b, 0x50, 0xc0, 0xec, 0x97, 0x97,
  0x95, 0xeb, 0xec, 0xec, 0x96, 0x90, 0x91, 0x92, 0x9d, 0x90, 0x91, 0x90,
  0x95, 0xe1, 0xed, 0xef, 0xe1, 0xe1, 0xfd, 0x71, 0x64, 0xdf, 0xf0, 0xc3,
  0xfd, 0xf9, 0x7a, 0x17, 0x70, 0xf7, 0xd8, 0xcd, 0xf2, 0xd7, 0x6e, 0x6b,
  0x61, 0x69, 0x6e, 0x66, 0x7a, 0x62, 0x6e, 0x68, 0x17, 0x11, 0x16, 0x16,
  0x13, 0x10, 0x17, 0x17, 0x11, 0x1e, 0x05, 0x07, 0x06, 0x04, 0x19, 0x14,
  0x15, 0x10, 0x15, 0x67, 0x66, 0x6b, 0x65, 0xf2, 0xfe, 0xfe, 0x95, 0x92,
  0xee, 0xc8, 0xe5, 0xea, 0xe8, 0xe1, 0xeb, 0x94, 0xe3, 0xf7, 0xf6, 0xfc,
  0x53, 0x4a, 0xfd, 0xe2, 0xe4, 0xfb, 0xe2, 0xe6, 0xf0, 0xe3, 0x94, 0xeb,
  0xef, 0x91, 0x93, 0x94, 0x97, 0x90, 0x94, 0xe2, 0xed, 0x97, 0x95, 0xe0,
  0xe7, 0xe0, 0xe4, 0xc6, 0xd3, 0xc0, 0xc7, 0x5f, 0xdd, 0xf3, 0xf4, 0x5d,
  0x75, 0x5a, 0x53, 0xd1, 0xf4, 0xff, 0xff, 0xcd, 0xd0, 0x51, 0x57, 0x57,
  0x5f, 0x55, 0xd8, 0xd3, 0x77, 0x79, 0x66, 0x69, 0x11, 0x16, 0x6b, 0x6a,
  0x10, 0x12, 0x1f, 0x04, 0x04, 0x1c, 0x15, 0x69, 0x63, 0x78, 0x6c, 0x17,
  0x63, 0x5e, 0xf6, 0xfb, 0xee, 0x95, 0xe0, 0xc0, 0xde, 0xf6, 0xfe, 0xfa,
  0xed, 0x95, 0xe3, 0xca, 0xca, 0xf1, 0xfd, 0xfe, 0xe2, 0xea, 0xee, 0xe9,
  0x94, 0x95, 0xea, 0x95, 0x97, 0x97, 0x94, 0x90, 0x91, 0x95, 0x94, 0x94,
  0xec, 0xe6, 0xf8, 0xf3, 0xf4, 0xc3, 0xf5, 0xc9, 0x56, 0x49, 0x7b, 0x48,
  0xd7, 0x55, 0xde, 0xd7, 0x7d, 0x64, 0x60, 0x61, 0x65, 0x73, 0x46, 0x77,
  0x67, 0x60, 0x6b, 0x11, 0x17, 0x61, 0x4e, 0x70, 0x61, 0x6d, 0x16, 0x18,
  0x1e, 0x15, 0x63, 0x17, 0x1d, 0x18, 0x06, 0x0d, 0x0c, 0x06, 0x1d, 0x1d,
  0x1c, 0x14, 0x6e, 0x1e, 0x05, 0x6d, 0xf6, 0xc2, 0xfc, 0x93, 0x90, 0xca,
  0xd8, 0xea, 0x94, 0xe6, 0x97, 0x9f, 0x97, 0xe2, 0xe9, 0xe9, 0xf9, 0xf0,
  0xe6, 0xe5, 0xf9, 0xe2, 0xee, 0xe4, 0xe4, 0xe0, 0xf9, 0xff, 0xe0, 0xe9,
  0xed, 0xe8, 0x94, 0x95, 0xed, 0xe0, 0xe0, 0xfa, 0xe3, 0x95, 0x95, 0xeb,
  0xec, 0xf9, 0xf7, 0xff, 0xfc, 0xfd, 0xe7, 0xe1, 0xf1, 0xd3, 0xcd, 0xc7,
  0x46, 0x56, 0xdf, 0xd6, 0x51, 0xd5, 0xdd, 0x51, 0x5c, 0x46, 0x7c, 0x65,
  0x78, 0x7d, 0x65, 0x67, 0x60, 0x6e, 0x16, 0x10, 0x15, 0x6c, 0x6a, 0x15,
  0x6f, 0x6a, 0x6b, 0x60, 0x43, 0x5f, 0x7f, 0x7d, 0x58, 0x4f, 0x71, 0x43,
  0xc0, 0xd3, 0xd2, 0xfa, 0xec, 0xe3, 0xf0, 0xf3, 0xe4, 0xe6, 0xed, 0x96,
  0x93, 0x97, 0xea, 0xeb, 0x94, 0xe8, 0xe0, 0xee, 0xe2, 0xe0, 0xee, 0xe0,
  0xe7, 0xfd, 0xd0, 0x5f, 0xc6, 0xe1, 0xe5, 0xda, 0xc1, 0xc1, 0x5b, 0x5d,
  0x55, 0x5b, 0x77, 0x7c, 0x4d, 0xd9, 0x53, 0x4b, 0x64, 0x66, 0x7c, 0x7f,
  0x56, 0xf0, 0xd6, 0x73, 0x78, 0x7f, 0x78, 0x65, 0x42, 0x40, 0x79, 0x61,
  0x62, 0x63, 0x69, 0x6f, 0x61, 0x60, 0x66, 0x66, 0x6c, 0x6b, 0x14, 0x15,
  0x61, 0x79, 0x7f, 0x65, 0x68, 0x10, 0x1c, 0x14, 0x4f, 0xc8, 0xf9, 0xf4,
  0x73, 0x14, 0x1d, 0x69, 0x47, 0xcc, 0xfc, 0xfc, 0xde, 0x73, 0x62, 0x6f,
  0x60, 0x63, 0x76, 0xf6, 0xe7, 0xce, 0x79, 0x6e, 0x6f, 0x64, 0xcd, 0xe9,
  0x95, 0xef, 0xe1, 0xe6, 0xfa, 0xe3, 0x94, 0x97, 0xeb, 0xea, 0x97, 0x94,
  0xe8, 0xe3, 0xe6, 0xe1, 0xe7, 0xe0, 0xea, 0xea, 0xe0, 0xf1, 0xf9, 0xef,
  0xed, 0xe0, 0xe1, 0xe6, 0xf9, 0xe7, 0xef, 0xe3, 0xe4, 0xf5, 0xc4, 0xf7,
  0xf0, 0xfa, 0xff, 0xcc, 0xd2, 0x43, 0x53, 0x57, 0x41, 0x42, 0x4b, 0x79,
  0x67, 0x7d, 0x72, 0x60, 0x67, 0x7a, 0x61, 0x62, 0x7a, 0x4b, 0x73, 0x7d,
  0x76, 0x79, 0x7f, 0x7c, 0x7a, 0x72, 0x51, 0xfd, 0xe7, 0xf5, 0x51, 0x5c,
  0x4d, 0x5b, 0xca, 0xe1, 0xef, 0xe7, 0xcc, 0x54, 0x41, 0x75, 0xc3, 0xe3,
  0xec, 0xe4, 0xc4, 0xde, 0x7c, 0x60, 0x4a, 0xc3, 0xe1, 0xee, 0xfa, 0x47,
  0x7b, 0x63, 0x65, 0xf2, 0x97, 0x96, 0xcb, 0x70, 0xc4, 0x71, 0x4c, 0xc2,
  0xd0, 0xf6, 0xe5, 0xef, 0xfe, 0x4b, 0x62, 0x10, 0x68, 0x4c, 0x43, 0x59,
  0x5c, 0x70, 0x66, 0x69, 0x17, 0x6a, 0x78, 0x42, 0xf6, 0xe6, 0xda, 0x61,
  0x6e, 0x14, 0x6e, 0xc1, 0xd8, 0x4a, 0xdb, 0x48, 0x61, 0x11, 0x17, 0x7c,
  0x7e, 0x5e, 0xf1, 0xf2, 0x74, 0x6e, 0x7c, 0x46, 0xdc, 0xff, 0xeb, 0xec,
  0xc4, 0x4e, 0x55, 0x4f, 0x49, 0x53, 0x46, 0xd4, 0xc3, 0xf2, 0x5f, 0x70,
  0x72, 0x78, 0xdf, 0xe4, 0xff, 0xe4, 0xc5, 0x62, 0x7e, 0xf4, 0xec, 0xe2,
  0xdf, 0x5e, 0x79, 0x63, 0x7a, 0x79, 0x79, 0x7a, 0x41, 0xc9, 0xd2, 0x7a,
  0x66, 0x4c, 0xdc, 0xf3, 0xf9, 0xff, 0xc4, 0xf4, 0xc1, 0x58, 0xe5, 0xfe,
  0x54, 0x46, 0x7d, 0x51, 0x5d, 0x5e, 0xcf, 0xf6, 0xe1, 0x56, 0x5d, 0xde,
  0xdd, 0xf6, 0xf1, 0xe2, 0xe0, 0xf9, 0xfd, 0xf9, 0xf8, 0x7c, 0x79, 0xfa,
  0xee, 0xec, 0xe6, 0xfe, 0xdf, 0x4b, 0xd0, 0xee, 0x97, 0xe0, 0xe7, 0xd1,
  0xd8, 0xd7, 0xc9, 0x95, 0x90, 0xeb, 0xc7, 0x10, 0x1d, 0x7e, 0x95, 0x98,
  0xe8, 0xd3, 0x17, 0x1f, 0x64, 0xdf, 0x7b, 0xe3, 0xfa, 0xe9, 0x61, 0x60,
  0x76, 0x6e, 0x44, 0x63, 0x94, 0x68, 0x67, 0xe4, 0x76, 0xf5, 0x6a, 0x66,
  0x7a, 0x10, 0x4e, 0x9e, 0x9a, 0x40, 0x1d, 0x6f, 0x6a, 0x15, 0xe0, 0x9d,
  0x9e, 0xcd, 0x65, 0x5a, 0x19, 0x1d, 0xed, 0x91, 0xea, 0xf5, 0xf1, 0xf0,
  0x17, 0x16, 0x65, 0x5a, 0x5c, 0xef, 0x91, 0x4a, 0x1b, 0x10, 0x6e, 0x65,
  0xde, 0xd8, 0xf9, 0x66, 0x11, 0x68, 0x67, 0x65, 0x51, 0x96, 0x92, 0xd1,
  0x6a, 0x12, 0x1d, 0x62, 0xe4, 0x9e, 0x93, 0x95, 0xd5, 0x16, 0x04, 0x1f,
  0x49, 0xf9, 0x94, 0x9a, 0x9a, 0x75, 0x12, 0x60, 0x10, 0x18, 0xde, 0x9d,
  0x87, 0x9b, 0x9d, 0xfd, 0x1d, 0x05, 0x07, 0x7f, 0x9b, 0x85, 0x80, 0x9a,
  0xed, 0x15, 0x0e, 0x06, 0x7b, 0xed, 0x87, 0x8d, 0x86, 0x70, 0x06, 0x0f,
  0x01, 0x68, 0x47, 0x81, 0x8d, 0x9a, 0x7a, 0x07, 0x00, 0x06, 0x6b, 0xec,
  0x8d, 0x82, 0x95, 0x65, 0x1c, 0x1b, 0x16, 0xc5, 0x85, 0x84, 0x93, 0x7d,
  0x16, 0x7b, 0x12, 0x61, 0xe3, 0x94, 0xfb, 0xfd, 0xe7, 0x65, 0x68, 0x1f,
  0x14, 0x95, 0x9f, 0x90, 0x9c, 0xe2, 0x10, 0x01, 0x70, 0xe2, 0xf7, 0x98,
  0x98, 0xc3, 0x1e, 0x18, 0x69, 0xf4, 0x96, 0xec, 0x96, 0x5f, 0x60, 0x57,
  0x75, 0xd8, 0xe4, 0xf8, 0x73, 0x43, 0xe2, 0xc2, 0x5d, 0xcc, 0xc0, 0x64,
  0xd3, 0xe4, 0xce, 0xf1, 0x68, 0x97, 0x90, 0xe9, 0xe1, 0x12, 0x11, 0x1f,
  0x46, 0xe8, 0x98, 0x99, 0x54, 0x14, 0x07, 0x1f, 0x16, 0x72, 0x9e, 0x92,
  0xcb, 0xf4, 0x11, 0x13, 0x1e, 0x67, 0xea, 0x97, 0x86, 0x61, 0x78, 0x6d,
  0x6e, 0xef, 0x74, 0x74, 0x6e, 0xd7, 0x52, 0xf5, 0xfb, 0x66, 0x68, 0x6d,
  0xfe, 0x48, 0xc0, 0xd6, 0x67, 0xe6, 0xe2, 0x96, 0x6a, 0x6e, 0x5e, 0x60,
  0xf2, 0x96, 0xfc, 0x69, 0x4a, 0x12, 0x1c, 0x51, 0xf5, 0x97, 0x91, 0x75,
  0x65, 0x68, 0x01, 0x7b, 0xd6, 0xed, 0x93, 0x9f, 0xe1, 0x13, 0x61, 0x6d,
  0x56, 0x6c, 0xea, 0x91, 0xe6, 0xdb, 0x63, 0xf8, 0x79, 0x5b, 0x9e, 0xe0,
  0x15, 0x60, 0xff, 0x62, 0x58, 0x9c, 0x99, 0xf9, 0x66, 0x55, 0x44, 0x16,
  0x68, 0x94, 0x9a, 0x4a, 0x95, 0x9c, 0x10, 0x03, 0x04, 0xef, 0xcc, 0x91,
  0x8c, 0xda, 0x1c, 0x05, 0x64, 0x6d, 0x1d, 0x95, 0x99, 0x93, 0x69, 0xdf,
  0xe8, 0x1f, 0xc9, 0xf6, 0x63, 0x70, 0x64, 0x84, 0x87, 0x6d, 0xd4, 0x4c,
  0x6b, 0x66, 0x5f, 0xc0, 0x62, 0x92, 0x87, 0xe4, 0x11, 0x12, 0x77, 0x63,
  0x54, 0x84, 0x92, 0xe7, 0x73, 0xe4, 0x69, 0x09, 0x71, 0xd1, 0xe5, 0x86,
  0x9b, 0xe1, 0x05, 0x02, 0x07, 0x5e, 0x91, 0x87, 0x96, 0x77, 0x66, 0x16,
  0x6f, 0x6c, 0x97, 0xfa, 0xd2, 0xe8, 0x64, 0x15, 0xe6, 0x90, 0xc8, 0x66,
  0x4e, 0x16, 0x02, 0x94, 0x8c, 0x95, 0xee, 0x4f, 0x6a, 0x02, 0x69, 0x9b,
  0x90, 0x85, 0x95, 0x4b, 0x02, 0x12, 0x12, 0x44, 0x93, 0x98, 0x8e, 0xdd,
  0x1a, 0x02, 0x07, 0x64, 0x94, 0x8b, 0x8d, 0xf4, 0x02, 0x03, 0x1e, 0x66,
  0x96, 0x98, 0x88, 0xeb, 0x1e, 0x05, 0x19, 0x68, 0x06, 0xfb, 0x89, 0x8a,
  0x91, 0xd8, 0x05, 0x37, 0x0a, 0x12, 0x8e, 0x89, 0x87, 0x85, 0x48, 0x02,
  0x01, 0x02, 0x64, 0x63, 0x9a, 0x8b, 0x8c, 0x95, 0x00, 0x06, 0x34, 0x04,
  0xe2, 0x88, 0xb1, 0x81, 0x15, 0x0b, 0x08, 0x0c, 0x67, 0x84, 0x80, 0x99,
  0xe8, 0x98, 0x15, 0x03, 0x09, 0x07, 0xeb, 0x8f, 0x8b, 0x9f, 0x9d, 0x06,
  0x31, 0x0e, 0x15, 0x86, 0x8a, 0xb6, 0x8f, 0x66, 0x36, 0x3f, 0x01, 0x9a,
  0x8e, 0x8a, 0x8e, 0xcb, 0x13, 0x09, 0x0c, 0x1c, 0x72, 0x80, 0x8d, 0x83,
  0x9a, 0x16, 0x37, 0x08, 0x12, 0x9d, 0x92, 0x9a, 0x8d, 0x95, 0x4c, 0x03,
  0x09, 0x06, 0x66, 0xe5, 0xb7, 0xb1, 0x87, 0x11, 0x32, 0x0b, 0x07, 0xfa,
  0x88, 0xb5, 0x8b, 0x61, 0x0d, 0x35, 0x03, 0xf2, 0xd7, 0x99, 0x89, 0x8c,
  0xde, 0x18, 0x6a, 0x01, 0x06, 0x04, 0x90, 0xb3, 0xb5, 0x9d, 0x11, 0x0d,
  0x31, 0x31, 0xcf, 0xbc, 0xb1, 0x9a, 0xe3, 0x15, 0x36, 0x3c, 0x1f, 0x84,
  0xb5, 0x8a, 0x81, 0xfc, 0x06, 0x0b, 0x34, 0x65, 0x85, 0x92, 0x83, 0x88,
  0x95, 0x14, 0x0d, 0x01, 0x08, 0x70, 0x82, 0x8d, 0x8e, 0x96, 0xe8, 0x06,
  0x34, 0x0b, 0x14, 0x85, 0x88, 0xb7, 0x86, 0x15, 0x0b, 0x08, 0x0d, 0x13,
  0x81, 0xb5, 0x89, 0x91, 0x19, 0x34, 0x35, 0x1a, 0x9d, 0x8e, 0x86, 0x9f,
  0xdc, 0x76, 0x00, 0x03, 0x64, 0xff, 0x85, 0x94, 0x81, 0x85, 0x05, 0x6c,
  0x17, 0x0d, 0x15, 0xe2, 0x81, 0x89, 0xe4, 0x7c, 0x13, 0x0f, 0x1a, 0xed,
  0x87, 0xfd, 0x4c, 0x94, 0x7b, 0x14, 0x76, 0xd7, 0x46, 0x10, 0xd9, 0x95,
  0xd3, 0xe9, 0xd3, 0x78, 0x7b, 0xfc, 0xc4, 0x7e, 0xe7, 0x5e, 0x15, 0x16,
  0xeb, 0x9b, 0xe4, 0xd3, 0x48, 0x1a, 0x04, 0xfa, 0x94, 0xf0, 0x9e, 0xf9,
  0xd1, 0x95, 0x14, 0xd5, 0x7f, 0x00, 0xdd, 0x93, 0x96, 0x87, 0x9f, 0xf2,
  0x1f, 0x0b, 0x06, 0x16, 0x9b, 0xb1, 0xb4, 0xf2, 0x02, 0x35, 0x09, 0x6e,
  0x9f, 0xb5, 0x81, 0xf3, 0xff, 0x17, 0x00, 0x03, 0x78, 0x95, 0x92, 0x87,
  0x9e, 0x47, 0x1c, 0x1c, 0x60, 0x7b, 0xef, 0x93, 0xc4, 0x66, 0x4c, 0xf9,
  0x55, 0x60, 0xe1, 0x63, 0x6e, 0x4a, 0x93, 0xe8, 0x1d, 0xfa, 0xd2, 0x6d,
  0x1e, 0xc7, 0x98, 0x97, 0xea, 0x67, 0x79, 0x1c, 0x0c, 0xd1, 0x98, 0x8d,
  0x97, 0xf8, 0xf2, 0x10, 0x18, 0x00, 0x7e, 0x84, 0x9a, 0x83, 0x84, 0x1d,
  0x03, 0x00, 0x1b, 0x9d, 0x80, 0xe6, 0x95, 0x6e, 0x1f, 0xc5, 0x12, 0x62,
  0xc1, 0xdb, 0x95, 0x97, 0x90, 0xf1, 0x45, 0x1a, 0x00, 0xee, 0x4d, 0xd9,
  0x8d, 0x9c, 0x67, 0x03, 0x1e, 0x53, 0x40, 0x98, 0x88, 0x93, 0x19, 0x0c,
  0x01, 0x5d, 0xde, 0xec, 0x8e, 0x89, 0x93, 0x01, 0x0f, 0x00, 0x0c, 0xf4,
  0x81, 0xb4, 0x8b, 0xd4, 0x6e, 0x37, 0x30, 0x1e, 0x76, 0x8b, 0xb7, 0x8e,
  0x95, 0x0f, 0x09, 0x35, 0x18, 0xf3, 0x86, 0xb0, 0xb0, 0x92, 0x35, 0x37,
  0x34, 0x07, 0xec, 0xb4, 0xbf, 0x80, 0x63, 0x12, 0x08, 0x37, 0x04, 0xfe,
  0x81, 0x8a, 0x89, 0x98, 0x73, 0x02, 0x37, 0x0f, 0x04, 0x96, 0xb1, 0xb7,
  0x8d, 0x62, 0x0b, 0x33, 0x0e, 0x11, 0x9f, 0xb4, 0x81, 0x8c, 0xe7, 0x07,
  0x0f, 0x09, 0x15, 0x74, 0x9e, 0x88, 0x81, 0x92, 0x60, 0x03, 0x0c, 0x01,
  0x73, 0xec, 0x87, 0x8b, 0x87, 0xe3, 0x1c, 0x0f, 0x09, 0x07, 0x94, 0x80,
  0xb6, 0x81, 0x67, 0x1e, 0x0c, 0x03, 0x18, 0x96, 0x84, 0x81, 0x9f, 0xce,
  0x6c, 0x06, 0x18, 0x05, 0xcd, 0x81, 0x87, 0x8f, 0x97, 0x72, 0x00, 0x03,
  0x11, 0x59, 0x9a, 0x98, 0x8e, 0xef, 0x16, 0x16, 0x00, 0x69, 0x79, 0x7e,
  0xf9, 0x87, 0x81, 0xed, 0x69, 0x07, 0x07, 0x1d, 0x6d, 0x9e, 0xb5, 0x99,
  0x14, 0x1a, 0x18, 0x1f, 0x1e, 0xf2, 0x85, 0x8d, 0xeb, 0x15, 0x16, 0x01,
  0x14, 0x64, 0xef, 0x87, 0x93, 0xf8, 0xdc, 0x4c, 0x1d, 0x13, 0x7b, 0xfa,
  0xe3, 0x90, 0xe0, 0x74, 0x64, 0x69, 0x64, 0x63, 0x73, 0xfc, 0x9f, 0x93,
  0x49, 0x7f, 0x48, 0x66, 0x14, 0x70, 0xfc, 0x5e, 0x99, 0x93, 0x7f, 0x63,
  0x63, 0x6e, 0xce, 0xfb, 0xf0, 0xe3, 0xcb, 0xf3, 0x7c, 0x45, 0xe7, 0x70,
  0x77, 0x6d, 0x49, 0xf4, 0x61, 0x9c, 0xeb, 0x60, 0xc1, 0x6e, 0x19, 0x6c,
  0xe3, 0xea, 0xeb, 0x94, 0xfe, 0x16, 0x1e, 0x13, 0x4f, 0x9f, 0x92, 0xde,
  0xe5, 0x95, 0x78, 0x62, 0x74, 0x79, 0x53, 0xd2, 0xe0, 0xec, 0xe6, 0xf6,
  0x63, 0x62, 0x6d, 0x59, 0xcc, 0xcb, 0x90, 0xee, 0x5d, 0x7e, 0x15, 0x4c,
  0xf3, 0x60, 0x64, 0xec, 0xe9, 0x7c, 0x4a, 0xfb, 0x6d, 0x07, 0x17, 0x97,
  0xf3, 0xf4, 0xef, 0x45, 0x64, 0x6f, 0x61, 0xfd, 0xe9, 0xd2, 0xc6, 0x93,
  0xe5, 0x66, 0xc5, 0xf1, 0x68, 0x16, 0xfe, 0x91, 0xd2, 0x64, 0x54, 0xd4,
  0x56, 0x67, 0x74, 0xdf, 0x66, 0x73, 0xf0, 0x94, 0xf6, 0x69, 0x69, 0x60,
  0x49, 0x41, 0xf4, 0xf9, 0xf8, 0xff, 0x79, 0x69, 0x69, 0xd3, 0xdf, 0x5c,
  0xe7, 0xe6, 0xe2, 0x71, 0x6f, 0x7a, 0x59, 0xf7, 0x4e, 0xf5, 0xe9, 0xf8,
  0x7b, 0x5e, 0xc6, 0x7e, 0xd1, 0xdc, 0xe4, 0xe5, 0xc4, 0xf8, 0xe0, 0xe1,
  0x64, 0x79, 0x42, 0x7d, 0xc9, 0xf8, 0xe3, 0xdb, 0x52, 0xd7, 0x61, 0x6e,
  0x60, 0xe5, 0xeb, 0xe5, 0xe9, 0xe4, 0x76, 0x6f, 0x6c, 0x77, 0x5f, 0xf2,
  0xee, 0xef, 0x54, 0x6f, 0x4e, 0x40, 0x60, 0x70, 0xc1, 0xfe, 0xd9, 0xcb,
  0xe2, 0xf5, 0x66, 0x66, 0x46, 0x43, 0xde, 0xec, 0x91, 0xe7, 0x4f, 0x61,
  0x16, 0x6e, 0x7d, 0xc0, 0xfa, 0xf1, 0xce, 0x7f, 0x6d, 0x6a, 0x6c, 0x51,
  0x7a, 0x65, 0xe1, 0xee, 0xcf, 0x62, 0x63, 0x50, 0x40, 0x73, 0x5f, 0xe5,
  0xfc, 0xcc, 0xf0, 0xf3, 0xf6, 0x65, 0x7b, 0xd5, 0xe4, 0x96, 0xe5, 0x73,
  0x5e, 0xce, 0x66, 0x66, 0xc9, 0xfa, 0xf8, 0x77, 0x7a, 0x7f, 0x63, 0x63,
  0x70, 0x44, 0xcb, 0xe4, 0x67, 0x6b, 0x51, 0xda, 0x4a, 0x5c, 0xd6, 0xda,
  0xf0, 0x58, 0xc4, 0xe4, 0xfc, 0x55, 0x74, 0xd6, 0xda, 0xc8, 0xdb, 0xe7,
  0xec, 0xd0, 0x4a, 0x7f, 0x4e, 0xc9, 0xf2, 0xcf, 0xda, 0xcb, 0x5f, 0x65,
  0x49, 0xe4, 0xc1, 0x7f, 0x45, 0xcf, 0x5e, 0x6d, 0x70, 0xfa, 0xe1, 0xf5,
  0x4c, 0x56, 0xc4, 0x77, 0x58, 0xe4, 0xe5, 0xc7, 0xf5, 0x95, 0xe8, 0x5c,
  0x71, 0xd8, 0xe5, 0x95, 0x92, 0xec, 0xcc, 0xe7, 0xe4, 0xca, 0xe0, 0xe3,
  0xd6, 0xde, 0xe7, 0xf0, 0x72, 0xdb, 0xff, 0x48, 0x71, 0x57, 0xce, 0x77,
  0x74, 0x4f, 0x78, 0x77, 0x60, 0x6c, 0x48, 0x52, 0x62, 0x68, 0x7e, 0x67,
  0x69, 0x6c, 0x75, 0x74, 0x73, 0x7a, 0x7e, 0x7d, 0x64, 0x53, 0x4f, 0x42,
  0x5e, 0x77, 0x7a, 0x69, 0x61, 0x63, 0x62, 0x60, 0x6e, 0x69, 0x14, 0x13,
  0x12, 0x10, 0x11, 0x16, 0x6a, 0x6c, 0x6a, 0x69, 0x62, 0x68, 0x6d, 0x7c,
  0x52, 0x70, 0x59, 0xcc, 0xf4, 0xe4, 0xfe, 0xe2, 0xe6, 0xe6, 0xee, 0xe9,
  0x96, 0x91, 0x92, 0x91, 0x91, 0x93, 0x91, 0x90, 0x91, 0x93, 0x97, 0x94,
  0x94, 0x95, 0x97, 0xea, 0xee, 0xe7, 0xe4, 0xfc, 0xca, 0xca, 0xc9, 0xfc,
  0xfe, 0xfc, 0xfe, 0xf9, 0xf9, 0xf8, 0xe4, 0xe7, 0xec, 0xee, 0xee, 0x94,
  0x97, 0x95, 0xe2, 0xe2, 0x95, 0x95, 0xec, 0xee, 0xef, 0xfe, 0xfd, 0xe4,
  0xf3, 0xd2, 0xd1, 0xdd, 0x5d, 0x5a, 0x49, 0x7f, 0x7d, 0x7f, 0x7d, 0x78,
  0x7d, 0x73, 0x60, 0x66, 0x60, 0x6d, 0x6c, 0x6a, 0x6b, 0x6f, 0x6f, 0x6a,
  0x14, 0x6c, 0x15, 0x17, 0x6b, 0x6b, 0x11, 0x13, 0x16, 0x11, 0x11, 0x11,
  0x10, 0x1f, 0x07, 0x06, 0x06, 0x06, 0x06, 0x06, 0x1a, 0x18, 0x05, 0x04,
  0x1a, 0x1b, 0x04, 0x1b, 0x11, 0x63, 0x65, 0x77, 0xc1, 0xc9, 0xc5, 0xf3,
  0xef, 0x96, 0x90, 0x9d, 0x99, 0x84, 0x84, 0x85, 0x87, 0x86, 0x87, 0x84,
  0x84, 0x87, 0x84, 0x84, 0x84, 0x87, 0x84, 0x9b, 0x9d, 0x90, 0x96, 0x94,
  0xea, 0x95, 0x94, 0xee, 0xe4, 0xf6, 0xc1, 0xd2, 0x41, 0x47, 0x5a, 0x5a,
  0x46, 0x5b, 0x51, 0x48, 0x72, 0x73, 0x76, 0x71, 0x7c, 0x77, 0x4d, 0x49,
  0x77, 0x73, 0x7c, 0x61, 0x62, 0x60, 0x67, 0x78, 0x79, 0x7d, 0x79, 0x65,
  0x65, 0x79, 0x72, 0x76, 0x75, 0x4f, 0x5b, 0x59, 0x5c, 0xd2, 0xc1, 0xc8,
  0xca, 0xca, 0xf4, 0xf3, 0xf9, 0xff, 0xf8, 0xfa, 0xf8, 0xf2, 0xf4, 0xf3,
  0xf7, 0xcc, 0xcc, 0xf4, 0xf4, 0xcb, 0xf5, 0xf4, 0xf5, 0xc0, 0xc2, 0xf5,
  0xc8, 0xf1, 0xf2, 0xf3, 0xf2, 0xf7, 0xcb, 0xda, 0xc2, 0xc2, 0xce, 0xcd,
  0xdb, 0xd9, 0x55, 0x5b, 0x71, 0x7e, 0x7e, 0x65, 0x66, 0x64, 0x64, 0x69,
  0x11, 0x1d, 0x1f, 0x1f, 0x18, 0x19, 0x1c, 0x1d, 0x1a, 0x04, 0x1b, 0x1a,
  0x05, 0x04, 0x1f, 0x12, 0x1f, 0x1d, 0x16, 0x6b, 0x17, 0x15, 0x64, 0x71,
  0x4f, 0x4a, 0xdd, 0xf0, 0xce, 0xf3, 0xe1, 0xe8, 0xe9, 0xed, 0x95, 0x91,
  0x90, 0x90, 0x93, 0x9d, 0x9d, 0x9c, 0x9e, 0x9e, 0x99, 0x9c, 0x9d, 0x9f,
  0x9f, 0x9c, 0x92, 0x93, 0x93, 0x97, 0x94, 0x95, 0xeb, 0xee, 0xe1, 0xe6,
  0xe7, 0xe4, 0xf9, 0xf1, 0xf0, 0xc0, 0xd8, 0xdc, 0xd5, 0xd2, 0x52, 0x46,
  0x40, 0x4e, 0x43, 0x76, 0x73, 0x7c, 0x78, 0x65, 0x66, 0x64, 0x66, 0x62,
  0x63, 0x62, 0x63, 0x6d, 0x6f, 0x6e, 0x15, 0x6b, 0x6f, 0x62, 0x60, 0x61,
  0x67, 0x66, 0x66, 0x65, 0x78, 0x77, 0x4e, 0x5a, 0xd1, 0xc9, 0xf3, 0xf2,
  0xff, 0xe4, 0xe1, 0xe0, 0xed, 0xef, 0xe9, 0xee, 0xee, 0xe8, 0xea, 0xe8,
  0xef, 0xec, 0xef, 0xec, 0xef, 0xe8, 0x95, 0x95, 0xee, 0xef, 0xee, 0xe9,
  0xec, 0xed, 0xed, 0xed, 0xe2, 0xe4, 0xfe, 0xce, 0x52, 0x49, 0x7d, 0x65,
  0x6d, 0x14, 0x16, 0x1d, 0x1d, 0x1c, 0x1f, 0x19, 0x04, 0x04, 0x07, 0x04,
  0x04, 0x07, 0x04, 0x07, 0x06, 0x04, 0x04, 0x1b, 0x05, 0x1a, 0x1f, 0x1d,
  0x16, 0x10, 0x15, 0x68, 0x6b, 0x64, 0x76, 0xdb, 0xcb, 0xcd, 0xe4, 0xe0,
  0xeb, 0x97, 0x90, 0x9c, 0x9d, 0x9e, 0x98, 0x9a, 0x85, 0x9b, 0x9a, 0x9a,
  0x85, 0x84, 0x85, 0x85, 0x9b, 0x9f, 0x9f, 0x9d, 0x9c, 0x92, 0x91, 0x96,
  0x94, 0x94, 0xe9, 0xe2, 0xe6, 0xf3, 0xf0, 0xf1, 0xf0, 0xf5, 0x53, 0x4f,
  0x77, 0x71, 0x73, 0x7f, 0x78, 0x66, 0x60, 0x6d, 0x62, 0x63, 0x6c, 0x6e,
  0x68, 0x68, 0x6e, 0x6f, 0x6e, 0x68, 0x15, 0x15, 0x6b, 0x69, 0x69, 0x68,
  0x68, 0x6b, 0x69, 0x6f, 0x6c, 0x63, 0x62, 0x61, 0x65, 0x7d, 0x4a, 0x4a,
  0x49, 0x44, 0x51, 0xc4, 0xf6, 0xf8, 0xe4, 0xe1, 0xe3, 0xef, 0xeb, 0x95,
  0x95, 0x97, 0x91, 0x91, 0x91, 0x91, 0x96, 0x97, 0x97, 0x91, 0x91, 0x96,
  0x97, 0x94, 0x94, 0x95, 0x95, 0xe8, 0xee, 0xef, 0xed, 0xe2, 0xe7, 0xf9,
  0xc4, 0x5e, 0x74, 0x64, 0x61, 0x6b, 0x17, 0x12, 0x1c, 0x1c, 0x18, 0x1a,
  0x04, 0x07, 0x07, 0x06, 0x07, 0x06, 0x06, 0x07, 0x06, 0x04, 0x05, 0x1a,
  0x1a, 0x05, 0x1f, 0x1c, 0x13, 0x16, 0x14, 0x6f, 0x69, 0x67, 0x49, 0x52,
  0xc6, 0xdf, 0xfc, 0xed, 0xee, 0x97, 0x91, 0x92, 0x92, 0x9d, 0x98, 0x9b,
  0x9b, 0x98, 0x99, 0x9a, 0x9b, 0x9b, 0x9b, 0x99, 0x99, 0x9d, 0x92, 0x9d,
  0x90, 0x96, 0x95, 0x95, 0x95, 0xea, 0xe9, 0xe3, 0xe4, 0xf3, 0xca, 0xce,
  0xc6, 0xd8, 0x5c, 0x4c, 0x42, 0x48, 0x70, 0x7e, 0x7b, 0x67, 0x65, 0x7a,
  0x7d, 0x76, 0x7f, 0x7b, 0x65, 0x79, 0x7e, 0x65, 0x66, 0x60, 0x63, 0x6d,
  0x63, 0x61, 0x62, 0x63, 0x6f, 0x6d, 0x63, 0x6f, 0x62, 0x6e, 0x6f, 0x60,
  0x60, 0x79, 0x7f, 0x7f, 0x72, 0x7f, 0x4f, 0x42, 0x59, 0xd4, 0x51, 0xc8,
  0xf7, 0xe5, 0xe1, 0xe7, 0xe2, 0xe0, 0xef, 0x95, 0x95, 0x96, 0x97, 0x96,
  0x91, 0x96, 0x91, 0x97, 0x94, 0x95, 0x95, 0x94, 0x94, 0x94, 0xeb, 0xee,
  0xee, 0xec, 0xe2, 0xe2, 0xe6, 0xe6, 0xe7, 0xf9, 0xfc, 0xc3, 0x54, 0x74,
  0x66, 0x6c, 0x15, 0x16, 0x12, 0x1f, 0x1c, 0x18, 0x18, 0x04, 0x04, 0x05,
  0x07, 0x07, 0x07, 0x04, 0x1a, 0x04, 0x1b, 0x1e, 0x1f, 0x1f, 0x19, 0x10,
  0x10, 0x10, 0x17, 0x68, 0x7a, 0x66, 0x72, 0xc7, 0xf4, 0xf0, 0xca, 0xe1,
  0x94, 0xea, 0x96, 0x92, 0x9e, 0x9e, 0x9c, 0x98, 0x9a, 0x98, 0x9e, 0x9c,
  0x9e, 0x9f, 0x9d, 0x9c, 0x9d, 0x92, 0x91, 0x96, 0x96, 0xeb, 0xec, 0xe6,
  0xe6, 0xe1, 0xe5, 0xe4, 0xfa, 0xfe, 0xf1, 0xc3, 0xcd, 0xdf, 0x5d, 0x42,
  0x58, 0xd8, 0xc7, 0xd2, 0xd6, 0xd9, 0xd6, 0x5c, 0x52, 0xd1, 0xdf, 0x50,
  0xdf, 0xf7, 0xf0, 0xcf, 0x55, 0x55, 0x47, 0x71, 0x78, 0x65, 0x78, 0x63,
  0x60, 0x61, 0x60, 0x60, 0x15, 0x6a, 0x15, 0x16, 0x15, 0x17, 0x6b, 0x6e,
  0x69, 0x66, 0x67, 0x64, 0x64, 0x66, 0x7e, 0x70, 0x40, 0xd7, 0xc6, 0xf2,
  0xf9, 0xe7, 0xe3, 0xe2, 0xef, 0xec, 0xeb, 0x96, 0x96, 0x91, 0x92, 0x92,
  0x92, 0x91, 0x96, 0x90, 0x97, 0x97, 0x97, 0x95, 0x94, 0xe8, 0xeb, 0xe8,
  0xe0, 0xe7, 0xf3, 0xf6, 0xf0, 0xf4, 0xf5, 0xd2, 0x56, 0x71, 0x64, 0x78,
  0x6d, 0x16, 0x18, 0x18, 0x1d, 0x1a, 0x04, 0x1b, 0x1c, 0x1a, 0x02, 0x06,
  0x19, 0x07, 0x0d, 0x03, 0x1d, 0x1c, 0x04, 0x1f, 0x66, 0x63, 0x1b, 0x19,
  0x70, 0x4e, 0x15, 0x6b, 0xe7, 0x96, 0xc5, 0xcf, 0x92, 0x99, 0xe0, 0xd8,
  0x9d, 0x86, 0x9d, 0x97, 0x84, 0x8d, 0x85, 0x94, 0x9e, 0x87, 0x93, 0xf4,
  0xec, 0x99, 0x96, 0xcb, 0xe4, 0x96, 0xe9, 0x75, 0x72, 0xfa, 0xf7, 0x64,
  0x65, 0xf6, 0xe2, 0x51, 0x73, 0xfe, 0xe1, 0x59, 0x65, 0xcc, 0xec, 0xfb,
  0xf1, 0xeb, 0x9d, 0x96, 0xee, 0x94, 0x96, 0x95, 0xe8, 0xee, 0xea, 0x97,
  0x95, 0xeb, 0xef, 0xe2, 0xf8, 0x4a, 0x7f, 0x64, 0x69, 0x10, 0x13, 0x16,
  0x1f, 0x05, 0x04, 0x04, 0x06, 0x00, 0x06, 0x04, 0x04, 0x07, 0x1e, 0x17,
  0x1d, 0x1c, 0x6a, 0x73, 0x68, 0x13, 0x79, 0xe5, 0xe4, 0xcb, 0x97, 0x98,
  0x93, 0x96, 0x92, 0x9e, 0x92, 0x99, 0x81, 0x81, 0x84, 0x86, 0x8c, 0x83,
  0x81, 0x8d, 0x8f, 0x8d, 0x80, 0x86, 0x87, 0x9e, 0x92, 0x96, 0x95, 0xef,
  0xfb, 0x44, 0x6d, 0x7e, 0x7c, 0x60, 0x17, 0x69, 0x6d, 0x16, 0x11, 0x11,
  0x1f, 0x04, 0x04, 0x1a, 0x01, 0x0b, 0x37, 0x36, 0x37, 0x36, 0x31, 0x36,
  0x0a, 0x35, 0x31, 0x36, 0x35, 0x0e, 0x0b, 0x0f, 0x17, 0xf3, 0xd3, 0x58,
  0x96, 0x9a, 0x91, 0x94, 0x80, 0x8a, 0x8e, 0x80, 0x88, 0xb7, 0x88, 0x81,
  0x80, 0x8d, 0x84, 0x97, 0x9f, 0x85, 0x91, 0xfd, 0xf2, 0xe1, 0x41, 0x11,
  0x10, 0x16, 0x13, 0x1d, 0x14, 0x4b, 0x75, 0x6d, 0x6d, 0x7b, 0x44, 0x44,
  0xdb, 0xee, 0x90, 0x9e, 0x85, 0x87, 0x86, 0x84, 0x85, 0x84, 0x84, 0x85,
  0x85, 0x85, 0x98, 0x93, 0x91, 0x94, 0xe5, 0x52, 0x79, 0x60, 0x60, 0x6f,
  0x6a, 0x17, 0x10, 0x12, 0x19, 0x05, 0x05, 0x07, 0x06, 0x06, 0x04, 0x05,
  0x01, 0x0d, 0x06, 0x18, 0x1e, 0x1b, 0x11, 0x46, 0x66, 0x68, 0x41, 0xe7,
  0xe5, 0xf3, 0x92, 0x85, 0x9d, 0x9d, 0x9e, 0x99, 0x9f, 0x92, 0x99, 0x9f,
  0x9a, 0x9f, 0x94, 0x9c, 0x98, 0x92, 0xe8, 0x96, 0x9c, 0x90, 0x9c, 0x85,
  0x84, 0x9b, 0x92, 0x90, 0x90, 0x90, 0x96, 0x95, 0x94, 0x95, 0xec, 0xe0,
  0xe3, 0xf9, 0x4a, 0x60, 0x61, 0x73, 0x73, 0x60, 0x63, 0x67, 0x69, 0x1f,
  0x19, 0x04, 0x0d, 0x35, 0x0b, 0x0f, 0x34, 0x30, 0x3d, 0x3e, 0x3e, 0x3c,
  0x32, 0x32, 0x36, 0x0a, 0x37, 0x34, 0x03, 0x05, 0x04, 0x10, 0x94, 0x85,
  0x9f, 0x84, 0x8f, 0x88, 0x8f, 0x89, 0xb4, 0xb4, 0xb5, 0x89, 0x8a, 0xb5,
  0x8d, 0x9a, 0x9c, 0x92, 0xe3, 0xc4, 0xca, 0xc5, 0x7c, 0x64, 0x68, 0x14,
  0x17, 0x13, 0x1d, 0x14, 0x61, 0x78, 0x7b, 0xcb, 0xe6, 0xe7, 0xec, 0x95,
  0x98, 0x9a, 0x84, 0x83, 0x81, 0x87, 0x87, 0x83, 0x84, 0x99, 0x81, 0x87,
  0x96, 0x95, 0x9d, 0xea, 0xcb, 0xf1, 0x5f, 0x60, 0x69, 0x6a, 0x15, 0x16,
  0x17, 0x14, 0x12, 0x12, 0x12, 0x1d, 0x01, 0x0f, 0x00, 0x06, 0x00, 0x04,
  0x68, 0x61, 0x17, 0x10, 0x60, 0x7a, 0x69, 0x78, 0xe7, 0x96, 0x97, 0x96,
  0x98, 0x97, 0xe0, 0x97, 0x94, 0x96, 0x94, 0x9c, 0x99, 0x9d, 0x99, 0x96,
  0x96, 0x97, 0xea, 0x91, 0x9f, 0x84, 0x86, 0x83, 0x80, 0x9a, 0x9c, 0x91,
  0x96, 0x91, 0x9e, 0x9b, 0x90, 0x97, 0x95, 0xe5, 0x73, 0x61, 0x75, 0x79,
  0x61, 0x42, 0x56, 0x49, 0x6e, 0x11, 0x1c, 0x1b, 0x1a, 0x18, 0x10, 0x16,
  0x1e, 0x04, 0x01, 0x0e, 0x34, 0x34, 0x35, 0x0a, 0x0b, 0x0b, 0x34, 0x33,
  0x30, 0x37, 0x37, 0x35, 0x02, 0x07, 0x00, 0x07, 0x15, 0x65, 0x60, 0x7e,
  0xe4, 0x91, 0x9d, 0x85, 0x83, 0x8d, 0x81, 0x87, 0x82, 0x83, 0x84, 0x87,
  0x80, 0x87, 0x84, 0x87, 0x99, 0xe3, 0xed, 0x97, 0xe4, 0xfc, 0xe8, 0xeb,
  0xc2, 0xd8, 0xe7, 0xf1, 0x5b, 0xf1, 0xed, 0xe7, 0xfb, 0xed, 0x96, 0x95,
  0xe3, 0xea, 0x93, 0x96, 0xee, 0x91, 0x9f, 0x96, 0xeb, 0x92, 0x96, 0xef,
  0x97, 0x91, 0xe2, 0xfd, 0xed, 0xfa, 0x7b, 0x7b, 0x40, 0x60, 0x17, 0x17,
  0x69, 0x1c, 0x01, 0x00, 0x06, 0x05, 0x07, 0x1b, 0x68, 0x6d, 0x12, 0x11,
  0x6e, 0x60, 0x7b, 0xd6, 0xe2, 0xed, 0xe6, 0xe8, 0x95, 0xe0, 0xef, 0x95,
  0xec, 0xef, 0x97, 0x95, 0xe5, 0xe2, 0x91, 0x95, 0x95, 0xee, 0xe3, 0xec,
  0xef, 0x97, 0x95, 0x97, 0x90, 0x97, 0x96, 0x90, 0x96, 0xe9, 0xe8, 0xee,
  0xe6, 0x95, 0xe8, 0xf8, 0xe6, 0xeb, 0xc0, 0x6f, 0x40, 0xc0, 0x79, 0x76,
  0x56, 0x7d, 0x14, 0x6b, 0x63, 0x12, 0x12, 0x13, 0x19, 0x19, 0x19, 0x19,
  0x1f, 0x1e, 0x1f, 0x1c, 0x16, 0x11, 0x04, 0x13, 0x68, 0x6a, 0x78, 0x61,
  0x6f, 0x6d, 0x14, 0x64, 0x7a, 0x14, 0x6a, 0x1c, 0x11, 0x1c, 0x19, 0x11,
  0x06, 0x04, 0x1d, 0x1a, 0x1a, 0x18, 0x12, 0x10, 0x17, 0x64, 0x66, 0x66,
  0x5d, 0x54, 0xf8, 0xe2, 0xea, 0x90, 0xef, 0x97, 0x99, 0x9a, 0x85, 0x9e,
  0x99, 0x92, 0x96, 0x94, 0xfe, 0xe9, 0x90, 0x85, 0x80, 0x85, 0x93, 0xe8,
  0xe8, 0xe2, 0xec, 0x90, 0x9b, 0x98, 0x9e, 0x98, 0x96, 0xc0, 0x7c, 0x77,
  0xf4, 0xee, 0x94, 0x93, 0x92, 0x95, 0x59, 0x63, 0x7e, 0x4a, 0xe9, 0x96,
  0xeb, 0xed, 0xf7, 0x54, 0x76, 0x4f, 0x47, 0xe7, 0xdf, 0x66, 0xef, 0xf1,
  0x17, 0x16, 0x6c, 0x6e, 0x14, 0x42, 0x51, 0x40, 0x67, 0x6d, 0xcf, 0x49,
  0x66, 0x78, 0x47, 0xcf, 0xdc, 0xe1, 0xe6, 0xda, 0x70, 0x69, 0x69, 0x65,
  0x55, 0xe4, 0xe0, 0xee, 0x94, 0x45, 0x6a, 0x7a, 0x48, 0x77, 0xea, 0x92,
  0xff, 0x4c, 0x60, 0x72, 0x5e, 0xfb, 0xe4, 0x6e, 0x68, 0x46, 0xc1, 0x65,
  0x17, 0xf5, 0xe1, 0x6b, 0x1d, 0x11, 0x42, 0x74, 0x15, 0xf6, 0xe4, 0x18,
  0x60, 0xea, 0x6b, 0x1c, 0x15, 0xc0, 0xe4, 0xfd, 0x95, 0x6b, 0x19, 0x66,
  0xd6, 0x40, 0x11, 0xd1, 0xed, 0x7f, 0xc1, 0x50, 0x64, 0x1c, 0x6a, 0xed,
  0xca, 0xff, 0xe5, 0x61, 0x16, 0x17, 0x66, 0xed, 0xf8, 0x11, 0x6e, 0xd5,
  0xd6, 0x74, 0xc6, 0xd8, 0x62, 0x7f, 0x57, 0xdb, 0xcf, 0xd2, 0xec, 0xed,
  0xe0, 0xfb, 0x6a, 0x69, 0xf7, 0x94, 0xec, 0x94, 0x98, 0xcb, 0x67, 0x6f,
  0x62, 0x71, 0xf5, 0x9d, 0x9c, 0xeb, 0xd1, 0x68, 0x6d, 0xd3, 0xd4, 0xea,
  0x98, 0xf4, 0xc3, 0x40, 0xd3, 0x96, 0x7b, 0x59, 0x54, 0xd2, 0x9c, 0xcf,
  0xd1, 0x48, 0x7d, 0x5c, 0xc7, 0xe0, 0xe5, 0xeb, 0xd5, 0xe2, 0x9d, 0xf6,
  0x10, 0x6e, 0x94, 0xf1, 0x9c, 0x84, 0x96, 0x94, 0x16, 0x1b, 0x1a, 0x6e,
  0x80, 0x8c, 0x85, 0xe9, 0x65, 0x12, 0x04, 0x6d, 0x97, 0x9c, 0xce, 0xc4,
  0x92, 0x97, 0xf2, 0x67, 0x17, 0x19, 0x03, 0x17, 0x83, 0xb4, 0x97, 0x10,
  0x00, 0x0a, 0x6b, 0x46, 0x99, 0x8a, 0xd5, 0x11, 0x6b, 0x69, 0x1b, 0x1f,
  0xeb, 0x84, 0xf2, 0x05, 0x6a, 0xe9, 0xca, 0x14, 0xce, 0xca, 0x05, 0x17,
  0x93, 0xee, 0x4d, 0x90, 0x62, 0x65, 0x69, 0x00, 0x76, 0x5b, 0x91, 0x87,
  0xea, 0x1c, 0x04, 0x64, 0x1f, 0x14, 0x94, 0x81, 0x86, 0x49, 0x10, 0x1a,
  0x1d, 0x68, 0x92, 0x92, 0x7e, 0x99, 0x57, 0xe0, 0x50, 0x08, 0x16, 0x4b,
  0x91, 0xee, 0x95, 0x97, 0x04, 0x68, 0xfa, 0x96, 0xe1, 0x1d, 0xe0, 0x91,
  0x66, 0x16, 0x78, 0xee, 0xe8, 0x7b, 0xe4, 0x84, 0x1b, 0x06, 0x01, 0xe2,
  0x8f, 0xee, 0x8a, 0xf8, 0x35, 0x04, 0x05, 0x64, 0x83, 0x85, 0x9b, 0x80,
  0x66, 0x35, 0x06, 0xec, 0x96, 0xd6, 0xe8, 0x93, 0x48, 0x15, 0x64, 0x9f,
  0x1d, 0x11, 0x82, 0xf4, 0x07, 0x1b, 0x9b, 0x9a, 0x86, 0xee, 0x01, 0x00,
  0x04, 0x6d, 0x86, 0xb5, 0x97, 0x6f, 0x15, 0x1a, 0x00, 0x66, 0x8c, 0x80,
  0x66, 0x12, 0x71, 0xec, 0x60, 0x6d, 0xf6, 0x6e, 0xc6, 0x54, 0xf6, 0x88,
  0xed, 0x1c, 0x67, 0x00, 0x0d, 0x66, 0x99, 0xb0, 0x8c, 0x1c, 0x06, 0x37,
  0x0d, 0xce, 0x8e, 0xbf, 0x8d, 0xcd, 0x34, 0x3d, 0x0d, 0xe9, 0xb6, 0xb6,
  0x8e, 0x68, 0x02, 0x35, 0x0e, 0x7b, 0x84, 0xb4, 0xb6, 0x90, 0x06, 0x0a,
  0x0d, 0x65, 0x8d, 0x9e, 0x7c, 0xe9, 0xee, 0x58, 0x6c, 0x66, 0x63, 0x01,
  0x6e, 0x8d, 0x81, 0xe4, 0x16, 0x60, 0x6b, 0x06, 0x13, 0x92, 0x84, 0xe1,
  0xd0, 0x91, 0xee, 0x04, 0x1e, 0x14, 0x61, 0x95, 0xeb, 0x98, 0x86, 0x65,
  0x01, 0x19, 0x04, 0x12, 0xe5, 0x80, 0xb6, 0x9c, 0x16, 0x03, 0x0a, 0x1c,
  0x16, 0x8f, 0x8f, 0x9c, 0xed, 0x05, 0x11, 0x00, 0x13, 0xe9, 0x85, 0x92,
  0x7b, 0x97, 0x6d, 0x09, 0x4a, 0x65, 0x7c, 0x85, 0x83, 0xed, 0x13, 0x11,
  0x34, 0xf7, 0x81, 0xee, 0x84, 0x71, 0x14, 0x1b, 0x15, 0xfa, 0xf0, 0xce,
  0x93, 0xc8, 0xe3, 0x46, 0x1a, 0x75, 0x17, 0xd0, 0x85, 0xf1, 0x92, 0xe8,
  0x19, 0x03, 0x12, 0xec, 0xe8, 0x84, 0x84, 0x4e, 0x04, 0x1e, 0x05, 0x96,
  0xf5, 0xed, 0x97, 0xf1, 0xeb, 0x06, 0x70, 0xe6, 0x6b, 0x67, 0xf5, 0x8d,
  0xc5, 0x70, 0x90, 0x17, 0x1b, 0x14, 0x94, 0x90, 0xd9, 0x75, 0xeb, 0xe8,
  0x4d, 0x04, 0xf0, 0x15, 0x1c, 0x85, 0x93, 0x9b, 0x97, 0x19, 0x15, 0x1c,
  0x04, 0x77, 0x9b, 0x8c, 0x87, 0x5a, 0x17, 0x6b, 0x1e, 0x04, 0xc5, 0x8f,
  0x9b, 0x9d, 0x66, 0x69, 0x1a, 0x0f, 0xee, 0x9c, 0x9c, 0xe3, 0xfc, 0x9d,
  0x1f, 0x01, 0x1f, 0x60, 0x9b, 0x85, 0x64, 0x92, 0xc2, 0x1a, 0x12, 0x66,
  0x75, 0x6e, 0x84, 0x86, 0x52, 0x07, 0x18, 0x1c, 0x86, 0x92, 0x7c, 0xf4,
  0x1d, 0x40, 0xe2, 0x90, 0x4a, 0x11, 0x65, 0x64, 0x91, 0x95, 0xcc, 0xf3,
  0xec, 0x6e, 0x02, 0x73, 0xf4, 0xe1, 0x83, 0x97, 0x60, 0x16, 0x0c, 0x64,
  0x63, 0x85, 0x81, 0x1c, 0x87, 0xfc, 0x1e, 0x1a, 0xe1, 0x71, 0x65, 0x9f,
  0xec, 0x85, 0x04, 0x16, 0xf9, 0x04, 0xe5, 0x99, 0x53, 0x84, 0xd3, 0x0c,
  0x12, 0x90, 0x81, 0x63, 0xf9, 0xe2, 0x1c, 0x17, 0x4b, 0xb4, 0x54, 0x07,
  0x70, 0x19, 0xfd, 0x04, 0x96, 0x89, 0x91, 0x6c, 0x01, 0x6a, 0x6a, 0x13,
  0x9e, 0x81, 0x55, 0xc1, 0x18, 0x63, 0x63, 0xfa, 0xf8, 0xe5, 0x83, 0x01,
  0x05, 0x72, 0x84, 0xed, 0x07, 0x78, 0x9d, 0xfd, 0x94, 0xf6, 0x4d, 0x0d,
  0x1d, 0x8a, 0x9f, 0x15, 0xfc, 0x1e, 0x05, 0x83, 0x96, 0x48, 0xce, 0xca,
  0x7c, 0x01, 0x45, 0x9c, 0xfe, 0xe8, 0xe3, 0x9f, 0x18, 0x0d, 0xe1, 0xe2,
  0x1c, 0xec, 0x8b, 0x48, 0x1d, 0x5f, 0x78, 0x69, 0x71, 0xe8, 0x93, 0x70,
  0x70, 0x41, 0xfa, 0x79, 0x60, 0x5f, 0x96, 0x14, 0xf6, 0xeb, 0x11, 0x6f,
  0xfc, 0xdb, 0x91, 0x9c, 0x6f, 0x1b, 0x1c, 0xc5, 0x56, 0x80, 0x93, 0x14,
  0x05, 0x1a, 0x92, 0x85, 0x63, 0x9d, 0x76, 0x02, 0x69, 0x76, 0x9b, 0x84,
  0xe2, 0xea, 0x6b, 0x1a, 0x10, 0xfe, 0x16, 0x6a, 0x81, 0x9f, 0x8e, 0xe0,
  0x06, 0x1a, 0x06, 0x02, 0x93, 0x83, 0x8e, 0x81, 0x5f, 0x01, 0x0e, 0x08,
  0xf1, 0x81, 0x8f, 0x81, 0x92, 0x11, 0x0d, 0x60, 0x12, 0x0c, 0x97, 0x89,
  0x87, 0xb4, 0xf3, 0x08, 0x31, 0x19, 0x16, 0x96, 0xb1, 0x88, 0xed, 0x00,
  0x0a, 0x08, 0xd1, 0x81, 0x8a, 0x93, 0x96, 0x68, 0x31, 0x0c, 0x44, 0x9f,
  0x9b, 0x85, 0x8e, 0x5e, 0x37, 0x17, 0x50, 0x1b, 0x63, 0x84, 0x83, 0xe6,
  0xe3, 0x15, 0x69, 0x40, 0x1b, 0x12, 0x4d, 0x91, 0x8d, 0x86, 0x10, 0x64,
  0x01, 0x07, 0xed, 0x75, 0x85, 0x83, 0xdd, 0x96, 0x10, 0x34, 0x16, 0xfa,
  0x98, 0x98, 0x81, 0xe9, 0x19, 0x79, 0x0e, 0x0b, 0x80, 0xfd, 0x8b, 0xb6,
  0x0c, 0x18, 0x02, 0x08, 0x56, 0x84, 0x82, 0x99, 0xe1, 0xe4, 0x04, 0x37,
  0x1c, 0x9a, 0x8e, 0xeb, 0xe2, 0x9d, 0x01, 0x0a, 0x68, 0x85, 0x9e, 0x6b,
  0x91, 0xe1, 0x7a, 0x6e, 0x04, 0x9c, 0xd5, 0x79, 0xf5, 0x16, 0x86, 0xef,
  0x6f, 0x49, 0x06, 0x63, 0xfc, 0x9a, 0x87, 0x65, 0x1d, 0xf3, 0x11, 0x1f,
  0x52, 0xfa, 0x83, 0x87, 0xed, 0x0d, 0x07, 0xdf, 0x48, 0x55, 0x97, 0x99,
  0x92, 0x19, 0x5b, 0x6e, 0x1e, 0x9d, 0x63, 0xed, 0xee, 0x77, 0x76, 0xe5,
  0xe0, 0x65, 0x05, 0x7c, 0x90, 0xe0, 0x84, 0x1c, 0x69, 0xde, 0x6d, 0xe8,
  0x45, 0x9f, 0x42, 0x16, 0x4d, 0x4a, 0x11, 0x58, 0x98, 0xf0, 0x17, 0xf9,
  0x92, 0x19, 0x42, 0x63, 0x14, 0x9c, 0x94, 0xfc, 0x05, 0x6b, 0x83, 0xe8,
  0x7e, 0x17, 0x13, 0x75, 0x45, 0x81, 0x84, 0x14, 0x7c, 0x10, 0x01, 0x90,
  0x87, 0xe4, 0x93, 0xff, 0x1a, 0x1f, 0xf4, 0x61, 0xf7, 0x84, 0x69, 0x9b,
  0x16, 0x6b, 0x52, 0x1b, 0x98, 0x68, 0x6a, 0xc4, 0x9f, 0xe2, 0x91, 0xe4,
  0x04, 0x04, 0x18, 0x79, 0x86, 0x98, 0x80, 0xf4, 0x7b, 0x18, 0x0b, 0x79,
  0x72, 0xe9, 0x84, 0x98, 0x85, 0x68, 0x79, 0x12, 0x10, 0x13, 0x1e, 0x86,
  0x88, 0x98, 0x67, 0x01, 0x07, 0x14, 0xe8, 0xfe, 0xfb, 0xf1, 0xfa, 0x9c,
  0xdd, 0x07, 0x01, 0x5d, 0xdc, 0xe4, 0x8e, 0xe8, 0x6e, 0x6b, 0x07, 0x91,
  0x17, 0xeb, 0x98, 0x49, 0x9a, 0x12, 0x11, 0xe8, 0x1e, 0x67, 0xe1, 0x81,
  0x95, 0x1c, 0xf8, 0x1b, 0x1c, 0x97, 0x66, 0x9e, 0x9f, 0x40, 0xe7, 0x07,
  0xd5, 0x1a, 0x72, 0xee, 0xeb, 0x84, 0x77, 0xfe, 0xc3, 0x08, 0x12, 0xf0,
  0xd9, 0x84, 0x95, 0x84, 0xfc, 0x12, 0x67, 0x7d, 0x05, 0x17, 0xe9, 0x85,
  0x8e, 0xc2, 0x62, 0x05, 0x7b, 0xc4, 0x18, 0xf4, 0xe6, 0xea, 0x91, 0xe3,
  0x87, 0x6c, 0x09, 0x10, 0x4e, 0x90, 0x48, 0xe8, 0x82, 0xeb, 0x79, 0x08,
  0x67, 0x7b, 0x00, 0xf6, 0x80, 0x8c, 0xca, 0x06, 0x16, 0xdc, 0x1a, 0x1d,
  0x98, 0x89, 0x94, 0x07, 0x64, 0x4a, 0x14, 0x76, 0x45, 0x9c, 0x16, 0xd3,
  0x98, 0x95, 0x97, 0x04, 0x07, 0xe6, 0x68, 0x60, 0x84, 0x86, 0x9f, 0xc3,
  0x1f, 0x03, 0x18, 0xe6, 0x9c, 0xe2, 0x92, 0xec, 0x7f, 0x1c, 0x17, 0x7e,
  0xf7, 0xff, 0xf7, 0x90, 0xe0, 0x17, 0x7b, 0xee, 0x65, 0x1f, 0xd6, 0xf8,
  0xe7, 0xfd, 0x95, 0x63, 0x7f, 0xe5, 0x04, 0x79, 0x93, 0xfa, 0xcc, 0x7b,
  0xe3, 0x1f, 0x02, 0xc9, 0x93, 0x89, 0x95, 0x7a, 0x13, 0x00, 0x19, 0x17,
  0x9b, 0x80, 0x96, 0x90, 0x62, 0x06, 0x01, 0x78, 0x87, 0x7c, 0xf3, 0x9c,
  0x68, 0x49, 0xe4, 0xe5, 0xc5, 0x14, 0x72, 0xf1, 0x67, 0x16, 0x94, 0x89,
  0xc9, 0x1b, 0x7a, 0x1d, 0x14, 0xe0, 0x97, 0xe1, 0x9f, 0x91, 0x68, 0x13,
  0x0d, 0x60, 0x9c, 0x82, 0x88, 0x4d, 0x06, 0x00, 0x05, 0x17, 0xef, 0x9f,
  0x84, 0x83, 0xe0, 0x14, 0x6a, 0x05, 0x03, 0x4d, 0x95, 0x92, 0x85, 0x83,
  0xf1, 0x6a, 0x1c, 0x1c, 0x1e, 0x19, 0xe3, 0xef, 0x85, 0x8b, 0x95, 0x6d,
  0x09, 0x35, 0x14, 0xd5, 0x80, 0xb5, 0x8e, 0xfb, 0x01, 0x0e, 0x0a, 0x01,
  0xe8, 0x82, 0xbd, 0x88, 0x5b, 0x0c, 0x3c, 0x34, 0x79, 0x80, 0xb7, 0xb5,
  0x87, 0x06, 0x36, 0x17, 0x16, 0x41, 0xcd, 0x87, 0x8f, 0x94, 0xe3, 0x1c,
  0x04, 0x0c, 0x13, 0x87, 0x81, 0x93, 0xe9, 0x61, 0x48, 0x44, 0x00, 0x6b,
  0xf0, 0xe9, 0x90, 0xcc, 0x82, 0x5e, 0x04, 0x17, 0x02, 0x18, 0x90, 0xb1,
  0x80, 0x19, 0x1c, 0x03, 0x01, 0x16, 0x9d, 0x8a, 0x97, 0xfd, 0x95, 0x1c,
  0x06, 0x05, 0x11, 0x81, 0x99, 0x91, 0x93, 0x66, 0x15, 0x12, 0x65, 0x49,
  0xe7, 0xe1, 0x12, 0xe7, 0x90, 0xe2, 0x9e, 0xf6, 0x6a, 0x03, 0x07, 0x40,
  0x98, 0x8e, 0x82, 0xfe, 0x1a, 0x0d, 0x0d, 0x1e, 0x93, 0xb4, 0x8f, 0xe8,
  0x00, 0x35, 0x09, 0x19, 0x98, 0xb7, 0x88, 0x92, 0x13, 0x35, 0x0c, 0x01,
  0x69, 0x86, 0x83, 0x81, 0x91, 0xde, 0x12, 0x0b, 0x04, 0x6b, 0x97, 0x82,
  0x9f, 0x94, 0xcb, 0x14, 0x61, 0xf4, 0x1c, 0x19, 0x13, 0xe2, 0x8a, 0x88,
  0x8c, 0xf4, 0x34, 0x3d, 0x09, 0x94, 0x98, 0x8e, 0xb0, 0x83, 0x54, 0x36,
  0x37, 0x06, 0x01, 0x92, 0xb4, 0xb7, 0x85, 0x69, 0x69, 0x01, 0x35, 0x19,
  0xfa, 0x8f, 0x80, 0x92, 0x90, 0xde, 0x13, 0x09, 0x02, 0x71, 0x86, 0x81,
  0x9c, 0x9c, 0x77, 0x02, 0x07, 0x12, 0x74, 0xef, 0x9b, 0x82, 0xe2, 0x68,
  0x05, 0x0d, 0x1a, 0xfe, 0x85, 0x81, 0x85, 0xf4, 0x00, 0x03, 0x12, 0x5c,
  0x87, 0x85, 0x81, 0x9d, 0x6b, 0x1a, 0x00, 0x11, 0x72, 0xe7, 0x9e, 0x80,
  0x87, 0x67, 0x11, 0x1d, 0x07, 0x6a, 0x5c, 0xeb, 0x99, 0xe2, 0xe1, 0x57,
  0x14, 0x1e, 0x07, 0x6a, 0xe1, 0x96, 0x84, 0x9a, 0xec, 0x63, 0x04, 0x00,
  0x18, 0xf3, 0x9f, 0x9b, 0x99, 0xe4, 0x62, 0x1f, 0x10, 0x13, 0x12, 0x76,
  0x98, 0x8d, 0x9e, 0xfe, 0x68, 0x07, 0x1a, 0xd6, 0x95, 0x96, 0x91, 0x97,
  0xfb, 0x67, 0x6d, 0x6a, 0x1e, 0x15, 0xee, 0x87, 0x85, 0x94, 0xf7, 0x6c,
  0x1b, 0x19, 0x69, 0xe5, 0x98, 0x87, 0x85, 0xed, 0x6b, 0x1e, 0x04, 0x19,
  0xca, 0x9f, 0x87, 0x84, 0xf9, 0x17, 0x1f, 0x03, 0x18, 0xd2, 0xe8, 0x98,
  0x87, 0x9e, 0x4b, 0x19, 0x05, 0x1d, 0x66, 0xcc, 0xef, 0x93, 0x92, 0xe5,
  0x73, 0x6d, 0x11, 0x16, 0x7f, 0x5f, 0xe3, 0xe3, 0xd0, 0xe4, 0xd6, 0x6c,
  0x14, 0x1e, 0x65, 0xec, 0xed, 0xeb, 0xe7, 0xd7, 0x6b, 0x18, 0x13, 0x7a,
  0xf1, 0x96, 0x9b, 0x94, 0xf4, 0x6b, 0x04, 0x1b, 0x67, 0xe0, 0x91, 0x9a,
  0x9b, 0xe7, 0x6c, 0x1b, 0x05, 0x17, 0x61, 0x97, 0x8d, 0x85, 0xfb, 0x67,
  0x12, 0x18, 0x1e, 0x64, 0xec, 0x99, 0x84, 0x92, 0xe4, 0x6c, 0x18, 0x1b,
  0x6e, 0xea, 0x9e, 0x98, 0x85, 0x96, 0x46, 0x16, 0x12, 0x11, 0x6d, 0xcd,
  0x93, 0x91, 0x96, 0x97, 0x48, 0x15, 0x1d, 0x19, 0x68, 0xc8, 0x94, 0x9f,
  0x93, 0xe3, 0x6c, 0x04, 0x1a, 0x10, 0x5c, 0x94, 0x91, 0xea, 0xda, 0x6e,
  0x1f, 0x1c, 0x6a, 0x79, 0xf5, 0xe9, 0x97, 0xe6, 0xd6, 0x46, 0x6e, 0x6f,
  0x67, 0x79, 0xf0, 0xe6, 0xe2, 0xed, 0xca, 0x75, 0x78, 0x6c, 0x78, 0x52,
  0xf3, 0xe9, 0xe1, 0xcc, 0x76, 0x65, 0x7f, 0x71, 0xd2, 0xe6, 0xf2, 0xdf,
  0xc2, 0xd1, 0x5a, 0x7a, 0x64, 0xd0, 0xc6, 0xf3, 0xef, 0xe8, 0xc2, 0x67,
  0x73, 0xd6, 0xdf, 0xca, 0xe5, 0x95, 0x90, 0x90, 0x96, 0x94, 0xe7, 0xc0,
  0xdb, 0xce, 0xe3, 0x91, 0x9a, 0x85, 0x90, 0xf8, 0x74, 0x6c, 0x7b, 0xf4,
  0xe3, 0xe8, 0xe1, 0xfd, 0xdf, 0x65, 0x6e, 0x66, 0x71, 0x72, 0x74, 0x41,
  0x42, 0x4b, 0x63, 0x14, 0x16, 0x11, 0x17, 0x7a, 0xd3, 0x5b, 0x43, 0x60,
  0x16, 0x12, 0x1b, 0x1b, 0x1f, 0x1d, 0x14, 0x1c, 0x05, 0x07, 0x01, 0x03,
  0x0d, 0x06, 0x1c, 0x1e, 0x1c, 0x13, 0x1f, 0x19, 0x1f, 0x61, 0xda, 0xe3,
  0xeb, 0xef, 0xe1, 0xfe, 0xef, 0x93, 0x85, 0x80, 0x83, 0x81, 0x86, 0x85,
  0x9e, 0x9d, 0x9e, 0x9a, 0x87, 0x87, 0x9b, 0x9d, 0xea, 0xe7, 0xf9, 0xfa,
  0xf9, 0xfa, 0xf7, 0x4f, 0x65, 0x62, 0x6e, 0x14, 0x16, 0x11, 0x16, 0x11,
  0x69, 0x61, 0x7a, 0x73, 0x76, 0xc5, 0xf5, 0xf1, 0xf3, 0xe5, 0x97, 0x9d,
  0x9a, 0x84, 0x84, 0x9b, 0x98, 0x9e, 0x9e, 0x9e, 0x9b, 0x9b, 0x9f, 0x9d,
  0x92, 0x96, 0xe9, 0xee, 0xe0, 0xe4, 0xfb, 0xe5, 0xe7, 0xe6, 0xfe, 0xf0,
  0xe5, 0xe7, 0xf1, 0xf7, 0xe3, 0xed, 0xec, 0xef, 0xe9, 0xe1, 0xd2, 0x5a,
  0x53, 0xd7, 0xd4, 0x5e, 0x7d, 0x15, 0x1a, 0x02, 0x0e, 0x0b, 0x35, 0x34,
  0x31, 0x3d, 0x3f, 0x3f, 0x3c, 0x3d, 0x31, 0x35, 0x36, 0x30, 0x36, 0x35,
  0x0b, 0x0c, 0x69, 0xef, 0x95, 0x97, 0x98, 0x9a, 0x91, 0x92, 0x8f, 0xb7,
  0xb6, 0xb1, 0xb1, 0xb7, 0x8c, 0x87, 0x81, 0x80, 0x82, 0x8f, 0x8c, 0x86,
  0x9c, 0xe7, 0x76, 0x67, 0x7c, 0x75, 0x73, 0x79, 0x72, 0x60, 0x14, 0x15,
  0x69, 0x6f, 0x61, 0x4d, 0xf0, 0xff, 0xe7, 0xe8, 0x94, 0x90, 0x9f, 0x9a,
  0x85, 0x98, 0x9a, 0x85, 0x9a, 0x9a, 0x9a, 0x9a, 0x9c, 0x97, 0xec, 0xd6,
  0x67, 0x15, 0x10, 0x12, 0x11, 0x6a, 0x14, 0x1d, 0x05, 0x06, 0x03, 0x03,
  0x04, 0x11, 0x62, 0x7e, 0x65, 0x64, 0x6d, 0x15, 0x67, 0x50, 0xee, 0x9d,
  0x98, 0x85, 0x9a, 0x93, 0x95, 0xe9, 0x91, 0x9e, 0x9a, 0x87, 0x84, 0x9b,
  0x97, 0xe2, 0xe3, 0xee, 0x95, 0x96, 0x9d, 0x9f, 0x90, 0xeb, 0x94, 0x95,
  0xeb, 0x95, 0x91, 0x91, 0x96, 0x97, 0xed, 0x5c, 0x6e, 0x1d, 0x04, 0x01,
  0x02, 0x09, 0x36, 0x3c, 0x3e, 0x3e, 0x3f, 0x3f, 0x30, 0x36, 0x33, 0x3d,
  0x33, 0x31, 0x36, 0x35, 0x1d, 0xe4, 0xef, 0x94, 0x93, 0x92, 0xe8, 0x93,
  0x8f, 0xb6, 0xb2, 0xb2, 0xb3, 0xb0, 0xb5, 0x8d, 0x80, 0x82, 0x89, 0x89,
  0x89, 0x82, 0x9a, 0xef, 0x67, 0x6a, 0x6e, 0x6a, 0x16, 0x11, 0x15, 0x12,
  0x04, 0x07, 0x04, 0x1a, 0x1d, 0x68, 0x7d, 0x42, 0xc8, 0xf8, 0xe7, 0x96,
  0x98, 0x84, 0x86, 0x86, 0x80, 0x80, 0x86, 0x87, 0x81, 0x83, 0x80, 0x86,
  0x9b, 0x91, 0xe6, 0x54, 0x7e, 0x6f, 0x14, 0x13, 0x19, 0x1a, 0x1a, 0x06,
  0x02, 0x03, 0x01, 0x06, 0x04, 0x18, 0x13, 0x13, 0x1d, 0x14, 0x62, 0x67,
  0x77, 0xf5, 0xe8, 0x94, 0x90, 0x99, 0x85, 0x9a, 0x98, 0x85, 0x84, 0x98,
  0x99, 0x85, 0x87, 0x84, 0x9a, 0x9a, 0x9c, 0x96, 0x95, 0x95, 0x97, 0x90,
  0x9c, 0x9b, 0x9f, 0x90, 0x90, 0x95, 0xe8, 0xeb, 0x97, 0x97, 0x97, 0x97,
  0xe3, 0xdf, 0x6e, 0x19, 0x00, 0x0e, 0x0b, 0x37, 0x32, 0x3e, 0x3e, 0x3e,
  0x3e, 0x3f, 0x32, 0x32, 0x3f, 0x3f, 0x33, 0x34, 0x34, 0x0c, 0x6e, 0xec,
  0xea, 0x97, 0x9b, 0x85, 0x99, 0x87, 0x8a, 0xb0, 0xb3, 0xb0, 0xb0, 0xb1,
  0xb5, 0x82, 0x86, 0x80, 0x82, 0x83, 0x83, 0x86, 0x9d, 0xcf, 0x6b, 0x10,
  0x16, 0x11, 0x13, 0x10, 0x16, 0x10, 0x1e, 0x1b, 0x1b, 0x1e, 0x16, 0x79,
  0xd9, 0xe4, 0xea, 0x91, 0x93, 0x98, 0x86, 0x81, 0x81, 0x81, 0x82, 0x8c,
  0x82, 0x80, 0x86, 0x87, 0x85, 0x9d, 0x91, 0xef, 0xca, 0x76, 0x66, 0x62,
  0x6a, 0x1d, 0x07, 0x0d, 0x0f, 0x08, 0x35, 0x35, 0x0f, 0x00, 0x06, 0x18,
  0x11, 0x1c, 0x05, 0x19, 0x16, 0x61, 0xc7, 0x91, 0x98, 0x9b, 0x98, 0x9f,
  0x91, 0xe9, 0xe8, 0x90, 0x99, 0x84, 0x86, 0x87, 0x9e, 0x97, 0xec, 0xed,
  0xe9, 0x91, 0x9e, 0x85, 0x9a, 0x99, 0x9f, 0x97, 0xed, 0xef, 0x97, 0x9d,
  0x99, 0x9b, 0x9b, 0x9c, 0x91, 0x94, 0xe2, 0xe1, 0xef, 0xec, 0xef, 0xe2,
  0xfe, 0x64, 0x05, 0x0f, 0x35, 0x36, 0x32, 0x3f, 0x3e, 0x3f, 0x3c, 0x3c,
  0x32, 0x30, 0x32, 0x3e, 0x3f, 0x31, 0x0a, 0x0f, 0x19, 0xed, 0x85, 0x85,
  0x84, 0x83, 0x82, 0x84, 0x80, 0xb7, 0xbc, 0xbc, 0xb2, 0xb3, 0xb6, 0x8f,
  0x85, 0x9c, 0x9e, 0x98, 0x98, 0x9b, 0x9c, 0xeb, 0x72, 0x1b, 0x06, 0x06,
  0x04, 0x1a, 0x19, 0x10, 0x16, 0x11, 0x1d, 0x13, 0x16, 0x6b, 0x79, 0xc4,
  0x95, 0x9b, 0x84, 0x84, 0x87, 0x83, 0x82, 0x80, 0x86, 0x80, 0x83, 0x86,
  0x84, 0x87, 0x84, 0x9d, 0xef, 0xf9, 0xc5, 0x78, 0x14, 0x10, 0x13, 0x10,
  0x13, 0x1c, 0x19, 0x05, 0x06, 0x03, 0x0d, 0x02, 0x00, 0x01, 0x06, 0x05,
  0x1d, 0x12, 0x13, 0x6a, 0x65, 0x4a, 0x5d, 0xfe, 0xe1, 0xe7, 0xe0, 0xee,
  0xe8, 0xee, 0x95, 0x97, 0x95, 0x95, 0x97, 0x95, 0xe1, 0xfa, 0xef, 0xea,
  0x94, 0x93, 0x99, 0x99, 0x9d, 0x9c, 0x98, 0x9a, 0x85, 0x87, 0x81, 0x86,
  0x84, 0x98, 0x9c, 0x90, 0x93, 0x9d, 0x9d, 0x93, 0x91, 0x94, 0xe4, 0xc0,
  0x56, 0x41, 0x74, 0x77, 0x74, 0x66, 0x13, 0x01, 0x08, 0x37, 0x30, 0x32,
  0x3c, 0x3f, 0x3f, 0x3f, 0x3c, 0x32, 0x30, 0x36, 0x36, 0x36, 0x0b, 0x01,
  0x18, 0x6a, 0xe2, 0x84, 0x80, 0x8d, 0x8b, 0xb5, 0x8e, 0x8c, 0x8b, 0xb7,
  0xb7, 0xb7, 0xb7, 0xb5, 0x8c, 0x85, 0x97, 0xe7, 0xdb, 0x51, 0xd6, 0xce,
  0xc8, 0x4e, 0x15, 0x1b, 0x07, 0x06, 0x07, 0x1a, 0x10, 0x6d, 0x67, 0x72,
  0x41, 0x53, 0xd4, 0xce, 0xe0, 0x96, 0x98, 0x86, 0x80, 0x80, 0x80, 0x81,
  0x86, 0x84, 0x85, 0x9a, 0x9c, 0x96, 0x97, 0xea, 0xe2, 0xf4, 0x5c, 0x7b,
  0x69, 0x17, 0x13, 0x1d, 0x1e, 0x19, 0x1f, 0x1f, 0x12, 0x10, 0x13, 0x1d,
  0x1d, 0x11, 0x14, 0x17, 0x15, 0x6b, 0x15, 0x14, 0x62, 0x76, 0x73, 0x7c,
  0x5b, 0xdf, 0x51, 0x52, 0xf0, 0xfb, 0xf5, 0xca, 0xf3, 0xf4, 0x5d, 0x46,
  0x57, 0x51, 0xd9, 0xfb, 0xed, 0xec, 0xe8, 0x97, 0x91, 0x96, 0x92, 0x99,
  0x9a, 0x85, 0x87, 0x81, 0x84, 0x9b, 0x9b, 0x9b, 0x99, 0x9f, 0x98, 0x99,
  0x90, 0xea, 0xee, 0xe2, 0xf9, 0xf2, 0xe6, 0xe7, 0xfa, 0xf8, 0xf4, 0x51,
  0x74, 0x74, 0x73, 0x7a, 0x65, 0x6a, 0x1a, 0x0d, 0x0b, 0x34, 0x31, 0x30,
  0x33, 0x33, 0x33, 0x30, 0x36, 0x34, 0x35, 0x0b, 0x09, 0x0c, 0x04, 0x17,
  0x7c, 0xf4, 0x92, 0x87, 0x86, 0x81, 0x82, 0x8d, 0x81, 0x81, 0x8c, 0x89,
  0x8e, 0x8f, 0x8c, 0x81, 0x9f, 0x96, 0xec, 0xc8, 0x52, 0xd4, 0xd8, 0x4d,
  0x73, 0x79, 0x6a, 0x1e, 0x1a, 0x1e, 0x1d, 0x11, 0x6d, 0x49, 0x5d, 0x53,
  0xc6, 0xfd, 0xff, 0xe1, 0xea, 0x90, 0x99, 0x84, 0x87, 0x87, 0x84, 0x84,
  0x9b, 0x9c, 0x9d, 0x9d, 0x96, 0xef, 0xe2, 0xef, 0xe7, 0xdd, 0x4e, 0x70,
  0x67, 0x6f, 0x6f, 0x69, 0x15, 0x6a, 0x68, 0x69, 0x6c, 0x63, 0x62, 0x68,
  0x6f, 0x78, 0x71, 0x4a, 0x4d, 0x74, 0x60, 0x6b, 0x6a, 0x14, 0x11, 0x16,
  0x15, 0x6f, 0x69, 0x62, 0x7b, 0x61, 0x6e, 0x68, 0x62, 0x62, 0x66, 0x75,
  0x5c, 0x5a, 0x55, 0xca, 0xfc, 0xf8, 0xed, 0xea, 0xe8, 0xe8, 0x95, 0x91,
  0x91, 0x91, 0x92, 0x9e, 0x9e, 0x9e, 0x99, 0x9e, 0x92, 0x90, 0x9d, 0x9f,
  0x92, 0x93, 0x91, 0xe9, 0xe6, 0xe4, 0xfe, 0xc9, 0xf7, 0xfb, 0xe7, 0xe3,
  0xef, 0xef, 0xe7, 0xf1, 0xf2, 0xf3, 0xf7, 0xf6, 0xfe, 0xe4, 0xf2, 0xc7,
  0x73, 0x11, 0x06, 0x0e, 0x35, 0x34, 0x37, 0x34, 0x36, 0x36, 0x37, 0x36,
  0x31, 0x36, 0x35, 0x0a, 0x09, 0x07, 0x6a, 0x71, 0xc7, 0xea, 0x9f, 0x9e,
  0x9b, 0x81, 0x8c, 0x8c, 0x8d, 0x89, 0x88, 0x8e, 0x8c, 0x82, 0x87, 0x9d,
  0x95, 0xef, 0xf2, 0xdc, 0x5b, 0x70, 0x60, 0x69, 0x15, 0x12, 0x1a, 0x05,
  0x1b, 0x1f, 0x13, 0x6a, 0x65, 0x42, 0xdd, 0xf3, 0xe1, 0xe8, 0x94, 0x93,
  0x9e, 0x85, 0x81, 0x80, 0x81, 0x86, 0x86, 0x84, 0x9b, 0x9f, 0x92, 0x97,
  0xe9, 0xe1, 0xf9, 0xcd, 0x43, 0x7a, 0x6c, 0x6b, 0x15, 0x14, 0x16, 0x16,
  0x14, 0x15, 0x15, 0x69, 0x62, 0x63, 0x6c, 0x60, 0x7e, 0x71, 0x43, 0xd5,
  0xc0, 0xca, 0xcc, 0xcf, 0xc4, 0x55, 0x42, 0x64, 0x68, 0x14, 0x16, 0x11,
  0x13, 0x10, 0x13, 0x12, 0x12, 0x11, 0x14, 0x69, 0x63, 0x64, 0x75, 0xdd,
  0xca, 0xfd, 0xe1, 0xee, 0xea, 0x91, 0x9d, 0x9c, 0x9f, 0x9d, 0x93, 0x91,
  0x94, 0x95, 0xeb, 0xef, 0xe0, 0xe6, 0xe7, 0xf6, 0x55, 0x55, 0x54, 0x56,
  0xcb, 0xe1, 0xe9, 0xeb, 0x94, 0x96, 0x91, 0x91, 0x96, 0x97, 0x97, 0x91,
  0x9d, 0x9f, 0x9e, 0x9e, 0x90, 0x95, 0xe9, 0xec, 0xe3, 0xe0, 0xe7, 0xf1,
  0xf6, 0xc3, 0x48, 0x6d, 0x1c, 0x01, 0x0f, 0x35, 0x34, 0x37, 0x36, 0x30,
  0x33, 0x31, 0x31, 0x31, 0x37, 0x0a, 0x08, 0x0e, 0x06, 0x11, 0x72, 0xf1,
  0x95, 0x85, 0x83, 0x82, 0x8c, 0x89, 0x8e, 0x8c, 0x8f, 0x89, 0x8f, 0x83,
  0x81, 0x9b, 0xea, 0xf1, 0x54, 0x65, 0x15, 0x14, 0x14, 0x17, 0x11, 0x12,
  0x1d, 0x1e, 0x1e, 0x1d, 0x14, 0x64, 0x74, 0xdf, 0xe6, 0xe8, 0x97, 0x92,
  0x9e, 0x9e, 0x98, 0x84, 0x87, 0x86, 0x81, 0x86, 0x87, 0x84, 0x98, 0x92,
  0x97, 0xef, 0xfd, 0xd6, 0x52, 0x75, 0x7a, 0x66, 0x6c, 0x6a, 0x17, 0x11,
  0x11, 0x10, 0x11, 0x17, 0x6f, 0x78, 0x74, 0x45, 0x54, 0x51, 0xd5, 0xd8,
  0xf6, 0xff, 0xfb, 0xe1, 0xe1, 0xe4, 0xfc, 0xcd, 0x5c, 0x70, 0x7e, 0x67,
  0x60, 0x66, 0x63, 0x68, 0x15, 0x6b, 0x15, 0x17, 0x14, 0x14, 0x11, 0x12,
  0x1d, 0x13, 0x10, 0x16, 0x6d, 0x5f, 0xf5, 0xf1, 0xe4, 0xe1, 0xff, 0xf7,
  0xfd, 0xe7, 0xed, 0x97, 0x93, 0x92, 0x93, 0x94, 0xec, 0xff, 0xdf, 0xde,
  0xc7, 0xcd, 0xf7, 0xe4, 0xe1, 0xfe, 0xf0, 0xf4, 0xd3, 0xd6, 0xcb, 0xe4,
  0xef, 0x97, 0x92, 0x9d, 0x9d, 0x92, 0x91, 0x96, 0x97, 0x97, 0x91, 0x91,
  0x96, 0x96, 0x95, 0xe3, 0xf1, 0xdc, 0x75, 0x64, 0x65, 0x7b, 0x66, 0x6d,
  0x68, 0x6a, 0x15, 0x15, 0x14, 0x6a, 0x68, 0x6b, 0x69, 0x6f, 0x17, 0x1d,
  0x1e, 0x18, 0x1b, 0x19, 0x1c, 0x1b, 0x01, 0x0c, 0x0f, 0x0c, 0x02, 0x06,
  0x1f, 0x6b, 0x6c, 0x6e, 0x6d, 0x6c, 0x6a, 0x62, 0xdf, 0xeb, 0x9f, 0x84,
  0x85, 0x98, 0x93, 0x94, 0x95, 0x97, 0x91, 0x93, 0x93, 0x93, 0x95, 0xe3,
  0xf0, 0x5d, 0x76, 0x71, 0x44, 0x53, 0x44, 0x4c, 0x75, 0x42, 0x54, 0xc8,
  0xfe, 0xfb, 0xfb, 0xe5, 0xe7, 0xed, 0xe9, 0x97, 0x90, 0x92, 0x92, 0x92,
  0x90, 0xea, 0xe7, 0xfb, 0xe5, 0xe1, 0xec, 0xe2, 0xe5, 0xf5, 0x54, 0x71,
  0x78, 0x7e, 0x7e, 0x7c, 0x4a, 0x5b, 0x50, 0x5f, 0x40, 0x4b, 0x43, 0x52,
  0xd0, 0xc4, 0xc0, 0xcd, 0xf4, 0xf6, 0xf6, 0xf0, 0xf6, 0xc5, 0x57, 0x5d,
  0x41, 0x71, 0x7a, 0x67, 0x67, 0x66, 0x66, 0x62, 0x69, 0x14, 0x16, 0x17,
  0x17, 0x15, 0x6f, 0x61, 0x64, 0x78, 0x71, 0x4a, 0x4f, 0x5f, 0xc5, 0xf7,
  0xff, 0xe4, 0xe0, 0xe0, 0xe6, 0xe7, 0xe4, 0xfc, 0xdf, 0x77, 0x7a, 0x65,
  0x66, 0x67, 0x7d, 0x74, 0x73, 0x67, 0x6c, 0x14, 0x17, 0x6b, 0x63, 0x74,
  0xcb, 0xe7, 0xe3, 0xe2, 0xe2, 0xe1, 0xe3, 0xe9, 0x95, 0x91, 0x9d, 0x92,
  0x93, 0x91, 0x94, 0xef, 0xed, 0xe3, 0xe4, 0xe5, 0xe5, 0xff, 0xf2, 0xf8,
  0xfe, 0xfc, 0xf9, 0xf3, 0xc0, 0xde, 0xdc, 0xd7, 0xdd, 0xf4, 0xf2, 0xff,
  0xfc, 0xcb, 0xd4, 0x40, 0x71, 0x7e, 0x72, 0x75, 0x75, 0x75, 0x70, 0x7a,
  0x66, 0x6d, 0x69, 0x15, 0x14, 0x14, 0x14, 0x6b, 0x6e, 0x62, 0x63, 0x6c,
  0x6a, 0x17, 0x16, 0x11, 0x15, 0x62, 0x7f, 0x45, 0x5f, 0x48, 0x79, 0x61,
  0x6c, 0x6c, 0x66, 0x7c, 0x42, 0x53, 0x5e, 0x48, 0x72, 0x7b, 0x64, 0x78,
  0x75, 0x46, 0x5f, 0x55, 0xd0, 0xd2, 0xd8, 0xcb, 0xf3, 0xff, 0xfa, 0xe4,
  0xe7, 0xe7, 0xe6, 0xe3, 0xef, 0xeb, 0xea, 0xeb, 0xee, 0xe2, 0xe6, 0xe4,
  0xe6, 0xe0, 0xe2, 0xec, 0xed, 0xe0, 0xe5, 0xfc, 0xf4, 0xca, 0xf0, 0xff,
  0xfa, 0xe5, 0xf8, 0xf3, 0xc8, 0xc1, 0xd8, 0xd8, 0xc5, 0xda, 0xc5, 0xdb,
  0xdc, 0xd0, 0xd4, 0xd7, 0xd5, 0xd5, 0xd4, 0x50, 0x58, 0x46, 0x43, 0x46,
  0x58, 0x5d, 0x5c, 0x45, 0x4c, 0x77, 0x73, 0x73, 0x71, 0x75, 0x4d, 0x47,
  0x47, 0x4d, 0x75, 0x76, 0x70, 0x71, 0x76, 0x74, 0x48, 0x4a, 0x77, 0x77,
  0x74, 0x77, 0x75, 0x49, 0x4a, 0x74, 0x76, 0x76, 0x74, 0x75, 0x46, 0x5f,
  0x5b, 0x4e, 0x73, 0x7d, 0x72, 0x74, 0x52, 0xc0, 0xf3, 0xfd, 0xf0, 0xc8,
  0xdf, 0xd1, 0xd0, 0xc0, 0xf0, 0xf8, 0xe7, 0xfa, 0xf3, 0xc2, 0xdf, 0xdf,
  0xd8, 0xce, 0xf1, 0xf1, 0xf6, 0xcb, 0xc2, 0xc6, 0xc1, 0xcb, 0xf7, 0xf2,
  0xfe, 0xfe, 0xfe, 0xfc, 0xf9, 0xe5, 0xe4, 0xe7, 0xe4, 0xf8, 0xf1, 0xcd,
  0xc4, 0xde, 0xdc, 0xd2, 0xd1, 0x56, 0x40, 0x74, 0x7c, 0x7a, 0x64, 0x67,
  0x64, 0x67, 0x67, 0x66, 0x66, 0x66, 0x66, 0x64, 0x65, 0x7b, 0x7e, 0x7c,
  0x70, 0x76, 0x71, 0x73, 0x72, 0x7d, 0x70, 0x74, 0x48, 0x4c, 0x41, 0x42,
  0x77, 0x70, 0x72, 0x7e, 0x79, 0x7f, 0x73, 0x74, 0x4f, 0x46, 0x41, 0x41,
  0x40, 0x40, 0x46, 0x45, 0x5f, 0x55, 0xdf, 0xc7, 0xc3, 0xcf, 0xcd, 0xc5,
  0xd9, 0xd8, 0xc5, 0xc1, 0xce, 0xca, 0xf5, 0xf5, 0xf5, 0xca, 0xc8, 0xc9,
  0xcb, 0xf5, 0xf7, 0xf0, 0xf2, 0xfc, 0xfc, 0xfc, 0xff, 0xff, 0xfc, 0xf2,
  0xf2, 0xf3, 0xf3, 0xfd, 0xfd, 0xff, 0xfc, 0xf2, 0xf1, 0xc8, 0xcc, 0xc1,
  0xc4, 0xc1, 0xc2, 0xce, 0xc9, 0xcd, 0xc7, 0xde, 0xd2, 0xd1, 0xd1, 0xd0,
  0xdc, 0xde, 0xdf, 0xdf, 0xd3, 0xd1, 0xd6, 0x54, 0x50, 0x50, 0x5d, 0x5f,
  0x58, 0x58, 0x5b, 0x47, 0x40, 0x4d, 0x4f, 0x49, 0x4b, 0x75, 0x75, 0x75,
  0x74, 0x75, 0x4a, 0x4b, 0x4b, 0x4b, 0x4b, 0x75, 0x74, 0x75, 0x74, 0x75,
  0x49, 0x4d, 0x42, 0x46, 0x46, 0x40, 0x40, 0x40, 0x47, 0x5a, 0x59, 0x5d,
  0x53, 0x53, 0x50, 0x51, 0x57, 0x56, 0x57, 0x57, 0xd5, 0xd5, 0xd7, 0xd0,
  0xd2, 0xdf, 0xd9, 0xd9, 0xde, 0xdc, 0xd3, 0xd0, 0xd2, 0xdd, 0xde, 0xdb,
  0xda, 0xd8, 0xd8, 0xdf, 0xd0, 0xd6, 0xd4, 0xd4, 0xd1, 0xdd, 0xd9, 0xd8,
  0xdb, 0xd8, 0xd9, 0xd9, 0xdf, 0xd9, 0xdb, 0xda, 0xc7, 0xc1, 0xc3, 0xc0,
  0xc6, 0xc4, 0xd9, 0xdd, 0xd3, 0xd1, 0xd4, 0xd4, 0xd6, 0xd6, 0xd4, 0x57,
  0x53, 0x59, 0x47, 0x40, 0x42, 0x43, 0x47, 0x5a, 0x5f, 0x52, 0x52, 0x5f,
  0x58, 0x5a, 0x5a, 0x5e, 0x53, 0x54, 0xd7, 0xd6, 0xd4, 0x54, 0x51, 0x53,
  0x53, 0x50, 0x56, 0x54, 0xd4, 0xd4, 0x55, 0x54, 0x56, 0x57, 0x57, 0x57,
  0xd5, 0xd7, 0xd6, 0xd6, 0xd1, 0xd2, 0xdd, 0xdc, 0xde, 0xde, 0xdf, 0xdd,
  0xd2, 0xd3, 0xd2, 0xd3, 0xd0, 0xd0, 0xd6, 0xd4, 0xd7, 0xd7, 0xd4, 0xd7,
  0xd1, 0xd6, 0xd7, 0xd7, 0xd7, 0xd1, 0xd3, 0xdc, 0xde, 0xd8, 0xde, 0xd2,
  0xd3, 0xd3, 0xd2, 0xdd, 0xdf, 0xd9, 0xdc, 0xd3, 0xd6, 0x56, 0x53, 0x53,
  0x53, 0x52, 0x52, 0x52, 0x5e, 0x59, 0x58, 0x5b, 0x5b, 0x5b, 0x58, 0x58,
  0x58, 0x58, 0x5a, 0x58, 0x5e, 0x5c, 0x50, 0x56, 0x50, 0x52, 0x53, 0x53,
  0x50, 0x55, 0xd1, 0xd3, 0xd2, 0xd3, 0xd6, 0x55, 0x56, 0x57, 0x55, 0xd7,
  0xd0, 0xd2, 0xd2, 0xd1, 0xd5, 0x54, 0x57, 0x56, 0x57, 0xd4, 0xd6, 0xd1,
  0xd6, 0xd6, 0xd4, 0x55, 0x55, 0x54, 0xd5, 0xd5, 0xd4, 0xd4, 0xd5, 0x55,
  0x54, 0x54, 0x55, 0x54, 0x54, 0x54, 0x54, 0x57, 0x57, 0x57, 0x54, 0x55,
  0xd5, 0xd5, 0xd5, 0x55, 0x57, 0x51, 0x51, 0x56, 0x54, 0xd4, 0xd7, 0xd1,
  0xd6, 0xd7, 0xd5, 0x54, 0x57, 0x54, 0xd4, 0xd0, 0xd2, 0xd2, 0xd3, 0xd1,
  0xd5, 0x54, 0x54, 0xd5, 0xd7, 0xd1, 0xd0, 0xd0, 0xd1, 0xd7, 0xd5, 0xd5,
  0xd4, 0xd7, 0xd1, 0xd1, 0xd1, 0xd7, 0xd4, 0x55, 0x57, 0x56, 0x50, 0x51,
  0x51, 0x50, 0x51, 0x56, 0x57, 0x57, 0x57, 0x54, 0x57, 0x57, 0x57, 0x54,
  0x54, 0xd5, 0xd5, 0xd4, 0xd7, 0xd7, 0xd4, 0xd5, 0x55, 0x57, 0x56, 0x57,
  0x54, 0xd5, 0xd5, 0xd4, 0xd4, 0xd5, 0x55, 0x54, 0x54, 0x54, 0x57, 0x54,
  0x55, 0x55, 0x54, 0x51, 0x51, 0x52, 0x5d, 0x52, 0x52, 0x53, 0x50, 0x50,
  0x51, 0x56, 0x57, 0x57, 0x57, 0x54, 0x54, 0x55, 0xd4, 0xd7, 0xd1, 0xd0,
  0xd1, 0xd1, 0xd6, 0xd4, 0x55, 0x55, 0x55, 0xd5, 0x54, 0x57, 0x57, 0x57,
  0x54, 0x55, 0xd5, 0xd6, 0xd6, 0xd6, 0xd6, 0xd4, 0xd4, 0xd5, 0xd5, 0xd4,
  0xd4, 0xd4, 0x54, 0x56, 0x56, 0x56, 0x56, 0x54, 0x55, 0x55, 0x54, 0x54,
  0x57, 0x57, 0x54, 0xd5, 0xd7, 0xd0, 0xdd, 0xd2, 0xd0, 0xd0, 0xd7, 0xd7,
  0xd6, 0xd1, 0xd0, 0xd1, 0xd1, 0xd6, 0xd4, 0xd4, 0x55, 0x54, 0x55, 0x55,
  0x54, 0x54, 0x56, 0x51, 0x53, 0x5d, 0x5d, 0x5d, 0x52, 0x53, 0x53, 0x50,
  0x50, 0x50, 0x53, 0x50, 0x51, 0x56, 0x54, 0xd5, 0xd5, 0x55, 0x54, 0x54,
  0x56, 0x57, 0x54, 0x55, 0xd5, 0xd5, 0xd4, 0xd5, 0x54, 0x54, 0x54, 0x55,
  0xd4, 0xd7, 0xd0, 0xd3, 0xd0, 0xd0, 0xd0, 0xd0, 0xd1, 0xd0, 0xd0, 0xd0,
  0xd0, 0xd3, 0xd0, 0xd0, 0xd2, 0xd3, 0xd0, 0xd0, 0xd3, 0xd1, 0xd6, 0xd7,
  0xd5, 0xd5, 0x54, 0x56, 0x56, 0x56, 0x50, 0x52, 0x5c, 0x59, 0x58, 0x58,
  0x59, 0x5f, 0x52, 0x53, 0x50, 0x50, 0x50, 0x51, 0x57, 0xd5, 0xd7, 0xd3,
  0xdc, 0xde, 0xd9, 0xd8, 0xd8, 0xd8, 0xd9, 0xde, 0xdf, 0xdc, 0xdd, 0xd3,
  0xd1, 0xd7, 0xd4, 0x54, 0x57, 0x51, 0x53, 0x5d, 0x5d, 0x5d, 0x52, 0x52,
  0x53, 0x50, 0x50, 0x53, 0x50, 0x50, 0x50, 0x56, 0x57, 0x54, 0x54, 0xd5,
  0x55, 0x54, 0x57, 0x57, 0x54, 0x55, 0xd5, 0xd4, 0xd7, 0xd7, 0xd4, 0xd5,
  0x54, 0x57, 0x57, 0x54, 0x54, 0x54, 0x54, 0x57, 0x56, 0x56, 0x56, 0x57,
  0x54, 0x54, 0x55, 0xd5, 0xd4, 0xd4, 0xd6, 0xd1, 0xd0, 0xd3, 0xd2, 0xdd,
  0xd3, 0xd0, 0xd0, 0xd1, 0xd6, 0xd5, 0x55, 0x57, 0x51, 0x51, 0x50, 0x53,
  0x5d, 0x5d, 0x5c, 0x5f, 0x5d, 0x52, 0x52, 0x53, 0x50, 0x50, 0x51, 0x57,
  0xd5, 0xd6, 0xd1, 0xd3, 0xd3, 0xd0, 0xd0, 0xd1, 0xd1, 0xd1, 0xd6, 0xd7,
  0x54, 0xd4, 0xd7, 0xd7, 0xdc, 0xd9, 0xd9, 0xdd, 0xd3, 0xd1, 0x56, 0x56,
  0x54, 0x51, 0x56, 0x51, 0x57, 0x51, 0x5c, 0x5d, 0x5e, 0x5f, 0x5e, 0x5f,
  0x53, 0x51, 0x55, 0xd6, 0xd7, 0xd6, 0xd6, 0xd5, 0x57, 0x55, 0xd7, 0xd0,
  0xd3, 0xdd, 0xdc, 0xd0, 0xd7, 0xd5, 0x57, 0x57, 0x54, 0xd4, 0xd6, 0xd4,
  0xd4, 0x54, 0x55, 0x54, 0x54, 0xd5, 0xd5, 0x55, 0x55, 0x54, 0x54, 0x55,
  0x55, 0x55, 0x54, 0x54, 0x54, 0x57, 0x56, 0x56, 0x51, 0x56, 0x57, 0x54,
  0x55, 0x55, 0xd5, 0xd5, 0x57, 0x57, 0x55, 0x55, 0xd4, 0xd1, 0xd1, 0xd1,
  0xd0, 0xd1, 0xd4, 0xd4, 0xd4, 0xd7, 0xd7, 0xd7, 0xd6, 0xd6, 0xd6, 0xd4,
  0x54, 0x57, 0x57, 0x57, 0x55, 0x55, 0x55, 0x54, 0x56, 0x51, 0x51, 0x50,
  0x50, 0x51, 0x50, 0x50, 0x50, 0x50, 0x51, 0x51, 0x56, 0x56, 0x57, 0x57,
  0x54, 0x54, 0x54, 0xd5, 0xd5, 0xd5, 0xd5, 0xd7, 0xd7, 0xd7, 0xd7, 0xd4,
  0xd5, 0x55, 0x55, 0xd5, 0xd4, 0xd4, 0xd7, 0xd5, 0x55, 0x55, 0x55, 0x55,
  0xd4, 0xd7, 0xd6, 0xd6, 0xd6, 0xd7, 0xd5, 0xd5, 0xd5, 0x55, 0x54, 0x55,
  0x55, 0x55, 0x57, 0x56, 0x51, 0x50, 0x51, 0x56, 0x56, 0x57, 0x54, 0x54,
  0x57, 0x57, 0x56, 0x57, 0x57, 0x55, 0xd5, 0xd5, 0xd5, 0xd4, 0xd4, 0xd5,
  0xd4, 0xd4, 0xd6, 0xd6, 0xd1, 0xd1, 0xd7, 0xd1, 0xd6, 0xd1, 0xd6, 0xd1,
  0xd1, 0xd1, 0xd1, 0xd1, 0xd1, 0xd7, 0xd7, 0xd5, 0xd5, 0x56, 0x51, 0x51,
  0x50, 0x56, 0x50, 0x51, 0x50, 0x53, 0x50, 0x53, 0x51, 0x51, 0x56, 0x54,
  0x54, 0xd5, 0xd5, 0x55, 0xd4, 0xd7, 0xd7, 0xd7, 0xd7, 0xd6, 0xd4, 0xd4,
  0xd4, 0xd7, 0xd7, 0xd7, 0xd7, 0xd7, 0xd4, 0xd5, 0x55, 0xd5, 0x55, 0x55,
  0x55, 0xd5, 0x55, 0x57, 0x51, 0x50, 0x50, 0x53, 0x53, 0x50, 0x51, 0x56,
  0x57, 0x57, 0x57, 0x57, 0x54, 0xd5, 0xd7, 0xd1, 0xd0, 0xd2, 0xdd, 0xdc,
  0xdc, 0xdd, 0xdd, 0xd2, 0xd2, 0xd3, 0xd0, 0xd6, 0xd7, 0x55, 0x57, 0x56,
  0x56, 0x56, 0x56, 0x56, 0x57, 0x57, 0x57, 0x57, 0x57, 0x54, 0x54, 0x55,
  0x54, 0x57, 0x56, 0x56, 0x56, 0x56, 0x51, 0x50, 0x51, 0x51, 0x51, 0x53,
  0x53, 0x50, 0x51, 0x51, 0x56, 0x56, 0x57, 0x56, 0x56, 0x57, 0x56, 0x51,
  0x50, 0x51, 0x51, 0x51, 0x56, 0x57, 0x55, 0xd5, 0xd5, 0xd4, 0xd6, 0xd1,
  0xd0, 0xd2, 0xdc, 0xdf, 0xdf, 0xdf, 0xdf, 0xdc, 0xdd, 0xd2, 0xdd, 0xd3,
  0xd6, 0xd7, 0xd7, 0x55, 0x54, 0x54, 0x54, 0x57, 0x57, 0x54, 0x57, 0x54,
  0x57, 0x57, 0x57, 0x54, 0x54, 0x54, 0x56, 0x51, 0x51, 0x51, 0x50, 0x53,
  0x50, 0x51, 0x56, 0x56, 0x51, 0x51, 0x51, 0x56, 0x54, 0x55, 0x55, 0xd6,
  0xd0, 0xd1, 0xd0, 0xd3, 0xd3, 0xd6, 0xd6, 0xd1, 0xd0, 0xd0, 0xd3, 0xd6,
  0x55, 0xd4, 0xd1, 0xd7, 0x54, 0xd5, 0xd4, 0xd7, 0xd6, 0xd5, 0x53, 0x53,
  0x51, 0x51, 0x50, 0x5c, 0x5d, 0x5d, 0x52, 0x5e, 0x5a, 0x5c, 0x50, 0x56,
  0x50, 0x56, 0x49, 0x5d, 0xf0, 0xf5, 0x5c, 0x42, 0xd1, 0xde, 0xf5, 0xc3,
  0x5c, 0xd1, 0xc9, 0xcb, 0x50, 0x5a, 0xf5, 0xf4, 0xd7, 0x46, 0x45, 0xd3,
  0xd6, 0xc4, 0xd4, 0x5f, 0xdf, 0xd0, 0x5e, 0x48, 0x59, 0xdc, 0xd7, 0x5d,
  0x59, 0x58, 0x51, 0x55, 0x59, 0x41, 0x5d, 0xdd, 0x51, 0x46, 0x59, 0xd5,
  0xdd, 0xd6, 0xd5, 0xd0, 0xd3, 0xd1, 0x57, 0x53, 0xd1, 0xdb, 0xdb, 0xd1,
  0x54, 0xd6, 0xd3, 0xd4, 0x51, 0x57, 0xd3, 0xd2, 0xd4, 0x56, 0x56, 0xd5,
  0xd7, 0xd4, 0x57, 0x54, 0xd7, 0xd5, 0x50, 0x53, 0x57, 0xd7, 0xd4, 0x55,
  0x57, 0x56, 0x54, 0x54, 0x57, 0x55, 0xd6, 0xd0, 0xd5, 0x54, 0xd4, 0xd6,
  0xd4, 0xd5, 0xd4, 0x55, 0x56, 0x56, 0x51, 0x53, 0x53, 0x56, 0x56, 0x50,
  0x50, 0x51, 0x56, 0x57, 0xd5, 0x54, 0x57, 0xd4, 0xd6, 0xd7, 0xd7, 0xd2,
  0xdd, 0xd3, 0xd1, 0xd6, 0xd6, 0xd7, 0xd7, 0xd4, 0xd5, 0xd4, 0xd4, 0x55,
  0x54, 0x55, 0xd5, 0x54, 0x54, 0x55, 0x55, 0x54, 0x57, 0x57, 0x54, 0xd5,
  0xd5, 0x55, 0xd5, 0xd5, 0x55, 0x55, 0x55, 0xd5, 0x55, 0x55, 0x55, 0x55,
  0xd5, 0xd5, 0x55, 0x55, 0x55, 0x55, 0x55, 0x55, 0x55, 0x55, 0x55, 0x55,
  0x55, 0x55, 0x55, 0x55, 0x55, 0xd5, 0xd5, 0xd5, 0xd5, 0xd5, 0x55, 0xd5,
  0xd5, 0xd5, 0xd5, 0xd5, 0x55, 0xd5, 0x55, 0xd5, 0xd5, 0xd5, 0xd5, 0x55,
  0x55, 0x55, 0x55, 0x55, 0xd5, 0x55, 0x55, 0x55, 0x55, 0x55, 0x55, 0x55,
  0xd5, 0x55, 0xd5, 0x55, 0x55, 0x55, 0x55, 0x55, 0x55, 0x55, 0xd5, 0xd5,
  0xd5, 0x55, 0xd5, 0xd5, 0x55, 0x55, 0x55, 0xd5, 0xd5, 0xd5, 0xd5, 0xd5,
  0xd5, 0xd5, 0x55, 0x55, 0xd5, 0xd5, 0xd5, 0x55, 0x55, 0xd5, 0x55, 0x55,
  0x55, 0x55, 0x55, 0xd5, 0xd5, 0x55, 0x55, 0xd5, 0xd5, 0x55, 0x55, 0xd5,
  0x55, 0x55, 0xd5, 0x55, 0x55, 0xd5, 0x55, 0x55, 0x55, 0xd5, 0xd5, 0xd5,
  0xd5, 0xd5, 0xd5, 0xd5, 0x55, 0xd5, 0x55, 0xd5, 0xd5, 0xd5, 0xd5, 0xd5,
  0xd5, 0x55, 0x55, 0xd5, 0x55, 0x55, 0x55, 0x55, 0x55, 0x55, 0x55, 0x55,
  0x55, 0x55, 0xd5, 0xd5, 0x55, 0xd5, 0xd5, 0x55, 0xd5, 0xd5, 0x55, 0xd5,
  0xd5, 0xd5, 0x55, 0x55, 0xd5, 0x55, 0x55, 0x55, 0x55, 0x55, 0x55, 0xd5,
  0xd5, 0xd5, 0xd5, 0x55, 0x55, 0xd5, 0xd5, 0xd5, 0xd5, 0xd5, 0x55, 0xd5,
  0x55, 0x55, 0x55, 0x55, 0x55, 0x55, 0x55, 0x55, 0x55, 0xd5, 0xd5, 0xd5,
  0xd5, 0xd5, 0xd5, 0xd5, 0xd5, 0xd5, 0xd5, 0xd5, 0xd5, 0x55, 0xd5, 0xd5,
  0xd5, 0x55, 0x55, 0x55, 0x55, 0x55, 0x55, 0x55, 0x55, 0x55, 0x55, 0x55,
  0x55, 0xd5, 0xd5, 0x55, 0x55, 0x55, 0xd5, 0x55, 0xd5, 0x55, 0x55, 0xd5,
  0x55, 0x55, 0x55, 0x55, 0x55, 0x55, 0x55, 0x55, 0x55, 0x55, 0x55, 0x55,
  0x55, 0x55, 0x55, 0x55, 0x55, 0x55, 0x55, 0x55, 0x55, 0xd5, 0x55, 0x55,
  0x55, 0x55, 0xd5, 0xd5, 0xd5, 0x55, 0x55, 0xd5, 0xd5, 0x55, 0xd5, 0xd5,
  0xd5, 0x55, 0xd5, 0xd5, 0x55, 0xd5, 0xd5, 0xd5, 0xd5, 0xd5, 0xd5, 0xd5,
  0xd5, 0xd5, 0xd5, 0xd5, 0xd5, 0x55, 0x55, 0xd5, 0x55, 0x55, 0x55, 0x55,
  0x55, 0x55, 0x55, 0x55, 0x55, 0x55, 0x55, 0x55, 0xd5, 0xd5, 0xd5, 0xd5,
  0x55, 0x55, 0xd5, 0xd5, 0xd5, 0xd5, 0xd5, 0xd5, 0xd5, 0xd5, 0xd5, 0xd5,
  0xd5, 0x55, 0xd5, 0xd5, 0x55, 0x55, 0xd5, 0xd5, 0xd5, 0xd5, 0xd5, 0x55,
  0xd5, 0xd5, 0x55, 0xd5, 0xd5, 0x55, 0xd5, 0xd5, 0xd5, 0x55, 0x55, 0x55,
  0xd5, 0xd5, 0xd5, 0xd5, 0x55, 0xd5, 0x55, 0xd5, 0xd5, 0x55, 0xd5, 0xd5,
  0xd5, 0x55, 0xd5, 0xd5, 0xd5, 0x55, 0xd5, 0xd5, 0xd5, 0xd5, 0xd5, 0xd5,
  0x55, 0x55, 0x55, 0xd5, 0xd5, 0xd5, 0xd5, 0xd5, 0xd5, 0xd5, 0xd5, 0x55,
  0x55, 0x55, 0x55, 0x55, 0xd5, 0xd5, 0xd5, 0xd5, 0xd5, 0xd5, 0x55, 0x55,
  0xd5, 0x55, 0x55, 0xd5, 0x55, 0xd5, 0xd5, 0xd5, 0x55, 0x55, 0x55, 0x55,
  0x55, 0x55, 0x55, 0xd5, 0x55, 0x55, 0x55, 0x55, 0x55, 0xd5, 0x55, 0xd5,
  0xd5, 0xd5, 0xd5, 0xd5, 0xd5, 0xd5, 0xd5, 0xd5, 0xd5, 0xd5, 0xd5, 0x55,
  0x55, 0xd5, 0xd5, 0xd5, 0xd5, 0xd5, 0xd5, 0xd5, 0xd5, 0x55, 0x55, 0x55,
  0xd5, 0x55, 0x55, 0x55, 0x55, 0x55, 0x55, 0x55, 0x55, 0x55, 0x55, 0x55,
  0x55, 0x55, 0x55, 0x55, 0x55, 0xd5, 0x55, 0x55, 0xd5, 0xd5, 0x55, 0x55,
  0xd5, 0xd5, 0x55, 0x55, 0x55, 0xd5, 0x55, 0x55, 0x55, 0xd5, 0xd5, 0xd5,
  0xd5, 0xd5, 0xd5, 0x55, 0x55, 0x55, 0x55, 0x55, 0x55, 0x55, 0x55, 0x55,
  0xd5, 0xd5, 0x55, 0x55, 0x55, 0x55, 0x55, 0x55, 0xd5, 0xd5, 0x55, 0x55,
  0x55, 0x55, 0x55, 0x55, 0x55, 0x55, 0x55, 0x55, 0x55, 0x55, 0xd5, 0xd5,
  0x55, 0x55, 0xd5, 0x55, 0x55, 0x55, 0x55, 0x55, 0xd5, 0xd5, 0xd5, 0x55,
  0x55, 0x55, 0x55, 0x55, 0x55, 0x55, 0x55, 0x55, 0x55, 0x55, 0x55, 0x55,
  0x55, 0x55, 0x55, 0xd5, 0xd5, 0xd5, 0xd5, 0x55, 0xd5, 0xd5, 0xd5, 0xd5,
  0xd5, 0xd5, 0xd5, 0xd5, 0x55, 0xd5, 0xd5, 0xd5, 0xd5, 0x55, 0x55, 0x55,
  0x55, 0x55, 0x55, 0x55, 0x55, 0x55, 0x55, 0x55, 0x55, 0x55, 0xd5, 0xd5,
  0x55, 0x55, 0x55, 0x55, 0x55, 0x55, 0x55, 0x55, 0x55, 0x55, 0x55, 0x55,
  0xd5, 0xd5, 0x55, 0x55, 0xd5, 0x55, 0x55, 0xd5, 0xd5, 0xd5, 0xd5, 0x55,
  0xd5, 0xd5, 0x55, 0xd5, 0xd5, 0xd5, 0x55, 0x55, 0x55, 0xd5, 0xd5, 0xd5,
  0x55, 0xd5, 0xd5, 0xd5, 0x55, 0x55, 0x55, 0x55, 0xd5, 0x55, 0x55, 0x55,
  0x55, 0x55, 0xd5, 0xd5, 0xd5, 0xd5, 0xd5, 0xd5, 0x55, 0xd5, 0xd5, 0xd5,
  0xd5, 0xd5, 0xd5, 0xd5, 0xd5, 0xd5, 0xd5, 0xd5, 0xd5, 0xd5, 0xd5, 0x55,
  0x55, 0xd5, 0xd5, 0x55, 0xd5, 0x55, 0xd5, 0xd5, 0x55, 0x55, 0xd5, 0xd5,
  0x55, 0x55, 0x55, 0xd5, 0xd5, 0xd5, 0xd5, 0x55, 0xd5, 0xd5, 0xd5, 0x55,
  0x55, 0x55, 0xd5, 0x55, 0x55, 0xd5, 0x55, 0x55, 0x55, 0xd5, 0xd5, 0xd5,
  0x55, 0x55, 0xd5, 0xd5, 0xd5, 0xd5, 0xd5, 0xd5, 0xd5, 0x55, 0xd5, 0xd5,
  0xd5, 0xd5, 0xd5, 0xd5, 0xd5, 0xd5, 0xd5, 0xd5, 0x55, 0x55, 0x55, 0x55,
  0x55, 0x55, 0xd5, 0xd5, 0xd5, 0xd5, 0x55, 0xd5, 0xd5, 0xd5, 0xd5, 0xd5,
  0xd5, 0xd5, 0x55, 0xd5, 0xd5, 0x55, 0xd5, 0xd5, 0x55, 0x55, 0xd5, 0x55,
  0xd5, 0xd5, 0x55, 0xd5, 0x55, 0xd5, 0xd5, 0xd5, 0xd5, 0xd5, 0x55, 0x55,
  0xd5, 0xd5, 0xd5, 0x55, 0xd5, 0xd5, 0x55, 0x55, 0xd5, 0xd5, 0xd5, 0xd5,
  0xd5, 0xd5, 0xd5, 0xd5, 0xd5, 0xd5, 0xd5, 0xd5, 0x55, 0x55, 0x55, 0x55,
  0xd5, 0xd5, 0xd5, 0xd5, 0x55, 0x55, 0xd5, 0xd5, 0xd5, 0x55, 0x55, 0xd5,
  0x55, 0xd5, 0xd5, 0x55, 0x55, 0xd5, 0xd5, 0xd5, 0xd5, 0xd5, 0xd5, 0x55,
  0xd5, 0x55, 0x55, 0x55, 0x55, 0xd5, 0xd5, 0xd5, 0xd5, 0x55, 0x55, 0xd5,
  0xd5, 0x55, 0x55, 0xd5, 0xd5, 0x55, 0x55, 0x55, 0x55, 0x55, 0xd5, 0x55,
  0x55, 0x55, 0x55, 0xd5, 0x55, 0xd5, 0xd5, 0x55, 0x55, 0xd5, 0xd5, 0x55,
  0x55, 0x55, 0x55, 0x55, 0xd5, 0x55, 0x55, 0xd5, 0x55, 0x55, 0x55, 0x55,
  0x55, 0xd5, 0xd5, 0x55, 0x55, 0x55, 0x55, 0x55, 0xd5, 0xd5, 0xd5, 0x55,
  0xd5, 0xd5, 0xd5, 0xd5, 0xd5, 0xd5, 0x55, 0xd5, 0x55, 0xd5, 0xd5, 0xd5,
  0xd5, 0xd5, 0x55, 0x55, 0xd5, 0xd5, 0xd5, 0xd5, 0x55, 0x55, 0xd5, 0x55,
  0x55, 0xd5, 0x55, 0x55, 0x55, 0x55, 0x55, 0x55, 0x55, 0xd5, 0x55, 0x55,
  0x55, 0x55, 0x55, 0x55, 0x55, 0x55, 0x55, 0x55, 0x55, 0xd5, 0x55, 0xd5,
  0xd5, 0xd5, 0xd5, 0xd5, 0xd5, 0x55, 0xd5, 0xd5, 0x55, 0x55, 0xd5, 0xd5,
  0xd5, 0x55, 0x55, 0xd5, 0xd5, 0x55, 0xd5, 0x55, 0x55, 0xd5, 0x55, 0xd5,
  0x55, 0x55, 0xd5, 0xd5, 0xd5, 0xd5, 0xd5, 0xd5, 0xd5, 0x55, 0xd5, 0x55,
  0x55, 0xd5, 0x55, 0x55, 0x55, 0x55, 0xd5, 0xd5, 0xd5, 0x55, 0xd5, 0xd5,
  0xd5, 0x55, 0xd5, 0x55, 0x55, 0x55, 0x55, 0xd5, 0x55, 0x55, 0x55, 0x55,
  0x55, 0x55, 0xd5, 0x55, 0x55, 0xd5, 0x55, 0xd5, 0xd5, 0xd5, 0xd5, 0x55,
  0xd5, 0xd5, 0xd5, 0xd5, 0xd5, 0xd5, 0xd5, 0xd5, 0xd5, 0xd5, 0x55, 0xd5,
  0xd5, 0x55, 0xd5, 0xd5, 0x55, 0x55, 0xd5, 0xd5, 0xd5, 0x55, 0x55, 0x55,
  0x55, 0x55, 0x55, 0x55, 0x55, 0x55, 0x55, 0x55, 0x55, 0x55, 0x55, 0x55,
  0xd5, 0xd5, 0x55, 0xd5, 0x55, 0x55, 0xd5, 0x55, 0x55, 0x55, 0xd5, 0x55,
  0x55, 0x55, 0x55, 0xd5, 0x55, 0xd5, 0xd5, 0x55, 0xd5, 0xd5, 0xd5, 0xd5,
  0xd5, 0xd5, 0xd5, 0xd5, 0xd5, 0xd5, 0xd5, 0xd5, 0xd5, 0xd5, 0xd5, 0xd5,
  0xd5, 0x55, 0xd5, 0xd5, 0x55, 0x55, 0x55, 0x55, 0xd5, 0x55, 0xd5, 0x55,
  0x55, 0xd5, 0x55, 0x55, 0x55, 0x55, 0xd5, 0x55, 0xd5, 0xd5, 0x55, 0xd5,
  0xd5, 0xd5, 0x55, 0x55, 0x55, 0xd5, 0xd5, 0xd5, 0x55, 0xd5, 0x55, 0x55,
  0x55, 0x55, 0x55, 0x55, 0xd5, 0x55, 0x55, 0x55, 0x55, 0x55, 0x55, 0x55,
  0xd5, 0xd5, 0x55, 0xd5, 0xd5, 0x55, 0x55, 0xd5, 0xd5, 0x55, 0x55, 0x55,
  0x55, 0x55, 0x55, 0x55, 0xd5, 0x55, 0xd5, 0xd5, 0x55, 0xd5, 0x55, 0xd5,
  0x55, 0xd5, 0x55, 0xd5, 0xd5, 0x55, 0xd5, 0x55, 0x55, 0x55, 0xd5, 0xd5,
  0xd5, 0x55, 0x55, 0xd5, 0xd5, 0x55, 0xd5, 0x55, 0x55, 0x55, 0x55, 0x55,
  0x55, 0x54, 0x54, 0x54, 0x54, 0x54, 0x54, 0x54, 0x54, 0x54, 0x54, 0x54,
  0x54, 0x54, 0x54, 0x54, 0x54, 0x54, 0x54, 0x55, 0x55, 0x55, 0x55, 0x55,
  0xd5, 0xd5, 0xd5, 0xd5, 0xd5, 0xd5, 0xd5, 0xd5, 0xd5, 0xd5, 0xd5, 0x55,
  0xd5, 0xd5, 0xd5, 0xd5, 0xd5, 0xd5, 0x55, 0x55, 0x55, 0x55, 0x55, 0x55,
  0x55, 0x54, 0x54, 0x55, 0x55, 0x54, 0x55, 0x55, 0x55, 0x55, 0x55, 0xd5,
  0xd5, 0x55, 0xd5, 0xd5, 0xd5, 0xd5, 0xd5, 0xd5, 0x55, 0xd5, 0xd5, 0xd5,
  0xd5, 0xd5, 0xd5, 0xd5, 0xd5, 0xd5, 0xd5, 0xd5, 0xd5, 0xd5, 0xd5, 0xd5,
  0xd5, 0xd5, 0xd5, 0xd5, 0xd5, 0xd5, 0xd5, 0xd5, 0xd5, 0xd5, 0xd5, 0xd5,
  0x55, 0x55, 0x54, 0x55, 0xd5, 0xd5, 0xd5, 0x55, 0x55, 0x55, 0x55, 0x55,
  0x54, 0x55, 0xd5, 0xd5, 0x54, 0x54, 0x55, 0x54, 0x54, 0x54, 0x54, 0x54,
  0x54, 0x54, 0x54, 0x54, 0x54, 0x54, 0x54, 0x54, 0x54, 0x54, 0x54, 0x54,
  0x55, 0x55, 0x55, 0x55, 0x55, 0xd5, 0xd5, 0xd5, 0xd4, 0xd5, 0x55, 0xd5,
  0xd5, 0xd4, 0xd4, 0xd4, 0xd4, 0xd4, 0xd5, 0xd5, 0xd4, 0xd4, 0xd5, 0xd4,
  0xd4, 0xd5, 0xd5, 0xd5, 0xd4, 0xd5, 0xd5, 0xd5, 0xd5, 0xd5, 0xd5, 0xd5,
  0xd5, 0xd5, 0xd5, 0xd5, 0x55, 0xd5, 0xd4, 0xd5, 0xd5, 0x55, 0x55, 0x55,
  0x55, 0xd5, 0xd5, 0x55, 0x54, 0x55, 0x55, 0xd5, 0xd5, 0xd5, 0x55, 0x55,
  0x54, 0x54, 0x54, 0x54, 0x54, 0x54, 0x54, 0x54, 0x54, 0x54, 0x54, 0x54,
  0x54, 0x54, 0x55, 0x55, 0x55, 0xd5, 0x55, 0x55, 0xd5, 0xd5, 0xd5, 0xd5,
  0xd5, 0xd5, 0xd5, 0xd5, 0xd4, 0xd5, 0xd5, 0xd5, 0xd5, 0xd4, 0xd4, 0xd5,
  0xd4, 0xd4, 0xd4, 0xd4, 0xd4, 0xd5, 0xd5, 0x55, 0x55, 0x55, 0x55, 0x55,
  0x55, 0x54, 0x55, 0x54, 0x54, 0x57, 0x57, 0x54, 0x54, 0x54, 0x54, 0x54,
  0x54, 0x54, 0x54, 0x54, 0x54, 0x54, 0x54, 0x54, 0x55, 0x55, 0x55, 0xd5,
  0xd5, 0xd5, 0xd5, 0xd4, 0xd5, 0xd5, 0xd5, 0xd4, 0xd5, 0xd5, 0xd5, 0xd5,
  0xd5, 0xd5, 0xd5, 0x55, 0x55, 0xd5, 0xd5, 0x54, 0x55, 0xd5, 0x55, 0x55,
  0xd5, 0x55, 0x54, 0x55, 0x55, 0x54, 0x54, 0x55, 0x55, 0x54, 0x54, 0x55,
  0x54, 0x54, 0x54, 0x54, 0x54, 0x54, 0x54, 0x54, 0x57, 0x57, 0x54, 0x57,
  0x57, 0x54, 0x57, 0x54, 0x54, 0x54, 0x54, 0x54, 0x54, 0x54, 0x54, 0x54,
  0x54, 0x55, 0x55, 0x55, 0x55, 0xd5, 0xd5, 0x55, 0xd5, 0xd5, 0xd5, 0xd5,
  0xd5, 0xd5, 0xd5, 0xd5, 0xd5, 0x55, 0xd5, 0xd5, 0xd5, 0xd5, 0xd5, 0xd5,
  0xd5, 0xd5, 0xd5, 0xd5, 0x55, 0xd5, 0xd5, 0x55, 0xd5, 0x55, 0xd5, 0xd5,
  0xd5, 0xd5, 0xd5, 0xd5, 0xd5, 0xd5, 0xd5, 0xd4, 0xd4, 0xd5, 0xd5, 0xd5,
  0xd5, 0xd5, 0xd4, 0xd5, 0xd5, 0x55, 0xd5, 0x55, 0x55, 0x54, 0x54, 0x54,
  0x54, 0x57, 0x54, 0x54, 0x54, 0x54, 0x57, 0x57, 0x57, 0x57, 0x57, 0x57,
  0x57, 0x57, 0x57, 0x56, 0x56, 0x56, 0x56, 0x57, 0x54, 0x57, 0x57, 0x57,
  0x57, 0x57, 0x57, 0x57, 0x57, 0x54, 0x54, 0x54, 0x54, 0x54, 0x54, 0x54,
  0x54, 0x55, 0x55, 0x55, 0x55, 0x55, 0x55, 0x55, 0x54, 0x55, 0x55, 0x55,
  0x55, 0x55, 0xd5, 0x55, 0x55, 0xd5, 0xd5, 0xd5, 0xd5, 0xd5, 0xd5, 0xd4,
  0xd4, 0xd5, 0xd5, 0xd4, 0xd4, 0xd4, 0xd5, 0xd5, 0xd5, 0xd5, 0xd4, 0xd5,
  0xd5, 0xd4, 0xd4, 0xd4, 0xd4, 0xd4, 0xd4, 0xd5, 0xd4, 0xd5, 0xd5, 0xd5,
  0xd5, 0xd5, 0xd5, 0xd5, 0xd5, 0x55, 0x55, 0xd5, 0xd5, 0xd5, 0x55, 0x55,
  0x55, 0xd5, 0x54, 0x54, 0x55, 0x54, 0x54, 0x55, 0x55, 0x55, 0x54, 0x54,
  0x54, 0x54, 0x55, 0x54, 0x54, 0x54, 0x57, 0x54, 0x54, 0x54, 0x54, 0x54,
  0x54, 0x54, 0x54, 0x54, 0x54, 0x55, 0x55, 0x55, 0x54, 0x54, 0x55, 0x55,
  0x55, 0xd5, 0x55, 0x55, 0x55, 0x55, 0xd5, 0x55, 0xd5, 0xd5, 0xd5, 0xd4,
  0xd4, 0xd5, 0xd4, 0xd4, 0xd4, 0xd5, 0xd5, 0xd4, 0xd4, 0xd4, 0xd4, 0xd4,
  0xd4, 0x55, 0xd5, 0xd5, 0xd5, 0xd4, 0xd5, 0xd5, 0xd5, 0xd5, 0xd5, 0xd4,
  0xd5, 0xd4, 0xd4, 0xd4, 0xd5, 0xd5, 0xd4, 0xd5, 0xd5, 0xd4, 0xd5, 0xd5,
  0xd5, 0xd4, 0xd5, 0xd5, 0xd4, 0xd5, 0xd5, 0xd5, 0xd4, 0xd5, 0xd5, 0xd4,
  0xd4, 0xd5, 0x55, 0xd5, 0xd5, 0x55, 0x55, 0x54, 0x54, 0x55, 0x55, 0x55,
  0x54, 0x54, 0x54, 0x54, 0x54, 0x55, 0x54, 0x55, 0x54, 0x54, 0x54, 0x54,
  0x55, 0x55, 0x55, 0x54, 0x55, 0xd5, 0x55, 0xd5, 0x55, 0x55, 0x55, 0x55,
  0x55, 0xd5, 0xd5, 0x55, 0xd5, 0xd5, 0xd5, 0x55, 0x55, 0x55, 0x54, 0x54,
  0x54, 0x54, 0x54, 0x54, 0x54, 0x54, 0x54, 0x54, 0x54, 0x54, 0x54, 0x54,
  0x54, 0x55, 0xd5, 0x55, 0x55, 0xd5, 0xd5, 0xd5, 0x55, 0xd5, 0xd5, 0xd5,
  0xd5, 0xd5, 0xd5, 0xd5, 0xd5, 0xd4, 0xd4, 0xd4, 0xd5, 0xd5, 0xd4, 0xd4,
  0xd4, 0xd4, 0xd4, 0xd4, 0xd4, 0xd4, 0xd5, 0xd5, 0xd4, 0xd5, 0xd5, 0xd5,
  0xd5, 0xd5, 0xd5, 0xd5, 0xd5, 0xd5, 0xd5, 0xd5, 0x55, 0xd5, 0xd5, 0xd5,
  0xd5, 0xd5, 0xd5, 0xd5, 0xd5, 0xd5, 0x55, 0x55, 0x55, 0x55, 0xd5, 0x55,
  0x55, 0x55, 0x54, 0x55, 0x54, 0x54, 0x54, 0x57, 0x54, 0x54, 0x54, 0x57,
  0x57, 0x54, 0x57, 0x57, 0x57, 0x57, 0x57, 0x57, 0x54, 0x54, 0x57, 0x57,
  0x57, 0x57, 0x57, 0x54, 0x54, 0x55, 0x55, 0x54, 0x55, 0x55, 0x55, 0x55,
  0x55, 0x55, 0x55, 0x55, 0x55, 0x54, 0x55, 0x55, 0x55, 0xd5, 0xd5, 0xd5,
  0x55, 0x55, 0x55, 0x55, 0x55, 0x55, 0xd5, 0xd5, 0xd5, 0x55, 0x55, 0x55,
  0x55, 0xd5, 0xd5, 0xd5, 0xd5, 0xd5, 0xd5, 0xd5, 0xd5, 0xd5, 0xd5, 0xd5,
  0xd5, 0xd5, 0xd5, 0xd5, 0x55, 0xd5, 0x55, 0x55, 0x55, 0x55, 0xd5, 0x54,
  0x55, 0x55, 0x55, 0x55, 0x55, 0x55, 0x55, 0x55, 0xd5, 0xd5, 0x55, 0x55,
  0x55, 0x55, 0xd5, 0xd5, 0x55, 0xd5, 0xd5, 0xd5, 0x55, 0x55, 0x54, 0x55,
  0x55, 0x54, 0x54, 0x57, 0x57, 0x57, 0x54, 0x57, 0x54, 0x57, 0x57, 0x57,
  0x57, 0x57, 0x57, 0x57, 0x54, 0x57, 0x57, 0x57, 0x57, 0x54, 0x54, 0x57,
  0x54, 0x54, 0x55, 0x55, 0x55, 0x55, 0xd5, 0xd4, 0xd4, 0xd4, 0xd4, 0xd7,
  0xd4, 0xd4, 0xd4, 0xd4, 0xd4, 0xd7, 0xd7, 0xd4, 0xd4, 0xd4, 0xd4, 0xd7,
  0xd4, 0xd4, 0xd7, 0xd4, 0xd7, 0xd4, 0xd4, 0xd7, 0xd4, 0xd4, 0xd4, 0xd4,
  0xd4, 0xd5, 0x55, 0x55, 0x55, 0x55, 0x54, 0x54, 0x54, 0x54, 0x54, 0x54,
  0x54, 0x55, 0x55, 0x55, 0x55, 0x55, 0x55, 0xd5, 0xd5, 0xd5, 0xd5, 0xd5,
  0xd5, 0xd4, 0xd4, 0xd5, 0xd4, 0xd7, 0xd4, 0xd4, 0xd7, 0xd7, 0xd7, 0xd7,
  0xd7, 0xd4, 0xd4, 0xd4, 0xd7, 0xd7, 0xd4, 0xd5, 0xd4, 0xd5, 0xd4, 0xd5,
  0x55, 0xd5, 0x55, 0xd5, 0xd5, 0x55, 0xd5, 0x55, 0xd5, 0x55, 0x54, 0x54,
  0x54, 0x55, 0x55, 0x54, 0x54, 0x54, 0x55, 0x55, 0x54, 0x55, 0x55, 0x55,
  0x54, 0x55, 0x55, 0x55, 0x55, 0x54, 0x57, 0x57, 0x54, 0x54, 0x54, 0x54,
  0x54, 0x54, 0x55, 0x55, 0x55, 0x55, 0x55, 0x55, 0x55, 0x54, 0x55, 0x55,
  0x54, 0x55, 0xd5, 0x55, 0x55, 0xd5, 0xd5, 0xd5, 0xd5, 0xd5, 0xd5, 0xd5,
  0xd4, 0xd4, 0xd4, 0xd5, 0xd5, 0xd5, 0xd4, 0xd5, 0xd4, 0xd4, 0xd7, 0xd7,
  0xd4, 0xd7, 0xd7, 0xd7, 0xd7, 0xd4, 0xd4, 0xd4, 0xd4, 0xd4, 0xd5, 0xd5,
  0xd5, 0xd5, 0xd5, 0xd5, 0xd5, 0x55, 0x54, 0x55, 0x55, 0x54, 0x54, 0x54,
  0x54, 0x57, 0x57, 0x57, 0x57, 0x54, 0x57, 0x57, 0x54, 0x54, 0x54, 0x54,
  0x54, 0x54, 0x54, 0x54, 0x54, 0x55, 0x55, 0x54, 0x55, 0x55, 0x54, 0x55,
  0x55, 0x55, 0x54, 0x55, 0xd5, 0x55, 0x55, 0xd5, 0xd5, 0xd5, 0xd5, 0x55,
  0x55, 0x55, 0xd5, 0x55, 0x55, 0xd5, 0xd5, 0x55, 0x55, 0xd5, 0xd5, 0x55,
  0x55, 0xd5, 0xd5, 0x55, 0x55, 0xd5, 0x55, 0x55, 0x55, 0x55, 0x55, 0x55,
  0xd5, 0x55, 0x55, 0xd5, 0x55, 0xd5, 0xd5, 0xd5, 0xd5, 0xd5, 0x55, 0xd5,
  0x55, 0x55, 0xd5, 0x55, 0x55, 0xd5, 0xd5, 0xd5, 0xd5, 0x55, 0xd5, 0xd5,
  0xd5, 0x55, 0x55, 0xd5, 0xd5, 0xd5, 0xd5, 0xd5, 0xd5, 0xd5, 0x55, 0x55,
  0x55, 0x55, 0x55, 0x54, 0x54, 0x54, 0x54, 0x54, 0x54, 0x54, 0x57, 0x57,
  0x57, 0x57, 0x57, 0x57, 0x57, 0x56, 0x57, 0x57, 0x57, 0x57, 0x57, 0x57,
  0x54, 0x54, 0x54, 0x54, 0x54, 0x54, 0x54, 0x55, 0xd5, 0x55, 0xd5, 0xd5,
  0xd5, 0x55, 0xd5, 0xd5, 0xd5, 0xd4, 0xd4, 0xd4, 0xd5, 0xd5, 0x55, 0xd5,
  0xd5, 0x55, 0xd5, 0xd5, 0x55, 0xd5, 0x55, 0x54, 0x54, 0x54, 0x54, 0x54,
  0x57, 0x57, 0x54, 0x55, 0x55, 0x55, 0x54, 0x55, 0x55, 0x55, 0x55, 0x55,
  0x57, 0x54, 0x54, 0x54, 0x55, 0x55, 0x55, 0xd5, 0xd5, 0xd5, 0x55, 0xd5,
  0xd4, 0xd5, 0xd5, 0xd5, 0xd5, 0xd5, 0xd5, 0xd5, 0xd5, 0xd5, 0xd5, 0xd5,
  0x55, 0xd5, 0xd5, 0xd5, 0x55, 0x55, 0x55, 0x55, 0x55, 0x55, 0x55, 0x55,
  0x55, 0x55, 0x55, 0x55, 0x55, 0x55, 0x54, 0x54, 0xd5, 0x55, 0x55, 0x55,
  0x54, 0x55, 0x55, 0x54, 0x54, 0x54, 0x54, 0x55, 0x54, 0x54, 0x54, 0x54,
  0x55, 0x55, 0x55, 0xd5, 0x55, 0x54, 0x55, 0x55, 0xd5, 0xd5, 0x55, 0xd5,
  0xd5, 0xd5, 0xd5, 0xd5, 0xd5, 0xd5, 0xd4, 0xd5, 0xd5, 0xd5, 0xd5, 0xd4,
  0xd5, 0xd5, 0xd5, 0xd5, 0xd5, 0xd5, 0xd5, 0xd4, 0xd5, 0xd5, 0xd5, 0x55,
  0x55, 0xd5, 0x55, 0x55, 0xd5, 0x54, 0x55, 0x55, 0x54, 0x54, 0x54, 0x54,
  0x55, 0x54, 0x55, 0x55, 0x54, 0x55, 0x55, 0x55, 0x54, 0x55, 0x55, 0x55,
  0x55, 0x55, 0xd5, 0x55, 0xd5, 0xd5, 0xd5, 0xd5, 0x55, 0xd5, 0x55, 0x54,
  0xd5, 0xd5, 0xd5, 0x55, 0xd5, 0x55, 0x54, 0x55, 0xd5, 0xd5, 0xd5, 0xd5,
  0xd5, 0xd5, 0x55, 0xd5, 0x55, 0xd5, 0xd5, 0xd5, 0xd5, 0xd5, 0xd5, 0xd5,
  0xd5, 0xd5, 0xd5, 0xd5, 0xd5, 0xd5, 0xd5, 0xd4, 0xd4, 0xd5, 0xd4, 0xd4,
  0xd4, 0xd4, 0xd5, 0xd4, 0xd4, 0xd5, 0xd5, 0xd5, 0x55, 0x54, 0x55, 0xd5,
  0x55, 0xd5, 0x55, 0x55, 0x54, 0x54, 0xd5, 0x55, 0xd5, 0xd4, 0xd5, 0xd5,
  0xd4, 0xd5, 0xd4, 0xd5, 0xd4, 0xd4, 0xd4, 0xd7, 0xd5, 0xd4, 0xd7, 0xd7,
  0xd4, 0xd5, 0xd4, 0xd4, 0xd4, 0xd5, 0xd5, 0xd4, 0xd5, 0xd4, 0x55, 0x55,
  0xd5, 0x55, 0x55, 0x55, 0x55, 0xd4, 0x54, 0x56, 0x55, 0x55, 0xd5, 0x57,
  0x54, 0x55, 0x55, 0xd5, 0x56, 0x54, 0x55, 0x55, 0xd5, 0x54, 0x55, 0xd5,
  0xd5, 0xd5, 0x55, 0xd5, 0xd5, 0xd5, 0xd5, 0xd5, 0xd5, 0xd5, 0xd4, 0x55,
  0xd5, 0xd4, 0xd5, 0x54, 0x55, 0xd5, 0xd5, 0x54, 0x55, 0x54, 0x54, 0x54,
  0x57, 0x54, 0x54, 0x54, 0x54, 0x57, 0x54, 0x54, 0x54, 0x54, 0x54, 0x55,
  0x55, 0x55, 0x54, 0x55, 0xd5, 0xd4, 0xd5, 0x55, 0xd5, 0xd5, 0xd5, 0x55,
  0xd5, 0xd5, 0xd5, 0xd5, 0xd4, 0xd4, 0xd5, 0xd7, 0xd5, 0xd5, 0xd4, 0xd5,
  0xd5, 0xd5, 0xd5, 0xd5, 0x55, 0x55, 0x54, 0x55, 0x55, 0x55, 0x54, 0x54,
  0x55, 0x54, 0x54, 0x57, 0x54, 0x55, 0x55, 0x54, 0x54, 0x55, 0x55, 0x55,
  0x55, 0x55, 0xd5, 0xd5, 0xd5, 0xd5, 0xd5, 0xd5, 0xd5, 0xd5, 0xd5, 0xd4,
  0xd5, 0xd5, 0xd4, 0xd4, 0xd5, 0xd5, 0xd4, 0xd4, 0xd5, 0xd5, 0xd5, 0xd5,
  0xd5, 0x55, 0x55, 0x55, 0x55, 0x54, 0x57, 0x54, 0x54, 0x54, 0x54, 0x54,
  0x54, 0x54, 0x54, 0xd5, 0x54, 0x54, 0x55, 0x55, 0x55, 0x55, 0x55, 0x55,
  0x55, 0x55, 0x55, 0x55, 0x55, 0x55, 0x55, 0x54, 0x54, 0x54, 0x54, 0x54,
  0x55, 0x55, 0x54, 0x54, 0x54, 0x54, 0x54, 0x54, 0x54, 0x55, 0xd5, 0x55,
  0x55, 0xd5, 0x55, 0xd5, 0xd5, 0xd5, 0xd4, 0xd4, 0xd5, 0xd5, 0xd5, 0xd5,
  0xd5, 0xd5, 0xd5, 0xd5, 0xd4, 0x55, 0xd5, 0x55, 0x55, 0xd5, 0x55, 0xd5,
  0x55, 0x55, 0x55, 0x54, 0xd5, 0xd5, 0x55, 0xd5, 0x55, 0x55, 0x55, 0xd5,
  0x55, 0x55, 0xd5, 0xd5, 0xd5, 0xd5, 0x55, 0xd5, 0xd5, 0xd5, 0xd5, 0xd5,
  0xd5, 0xd5, 0x55, 0x55, 0xd5, 0xd5, 0xd5, 0x55, 0x55, 0x55, 0xd5, 0xd5,
  0x55, 0x54, 0x55, 0x54, 0x54, 0x54, 0x54, 0x54, 0x54, 0x54, 0x54, 0x55,
  0x55, 0x55, 0x55, 0xd5, 0x54, 0x54, 0x55, 0x55, 0xd5, 0x55, 0x55, 0x55,
  0x55, 0xd5, 0xd5, 0xd5, 0xd5, 0xd5, 0xd5, 0xd5, 0xd5, 0x55, 0x55, 0xd5,
  0xd5, 0xd5, 0xd5, 0xd5, 0xd5, 0xd5, 0x55, 0xd5, 0xd5, 0xd5, 0xd4, 0x55,
  0x55, 0x55, 0x55, 0xd5, 0xd5, 0xd5, 0xd5, 0xd5, 0xd5, 0xd5, 0xd4, 0xd5,
  0xd5, 0xd5, 0x55, 0xd5, 0xd5, 0xd5, 0xd5, 0x55, 0xd5, 0xd5, 0xd5, 0xd5,
  0x55, 0xd5, 0xd5, 0xd5, 0xd5, 0xd5, 0xd4, 0xd5, 0xd5, 0xd4, 0xd4, 0xd4,
  0xd4, 0xd5, 0xd5, 0x55, 0xd5, 0xd5, 0x55, 0xd5, 0x55, 0xd5, 0xd5, 0x55,
  0x55, 0x54, 0x55, 0x55, 0x55, 0xd5, 0x55, 0x55, 0x55, 0x54, 0x55, 0x55,
  0x55, 0x55, 0x55, 0x55, 0x54, 0xd5, 0xd5, 0xd5, 0xd4, 0xd5, 0xd5, 0xd4,
  0xd5, 0xd5, 0xd5, 0xd4, 0xd4, 0xd5, 0xd5, 0xd4, 0xd4, 0xd4, 0xd5, 0xd4,
  0xd5, 0xd5, 0xd5, 0xd5, 0xd5, 0xd5, 0xd5, 0x55, 0x55, 0xd5, 0x55, 0xd5,
  0x55, 0x54, 0x54, 0x55, 0x54, 0x57, 0x54, 0x57, 0x54, 0x54, 0x57, 0x55,
  0x55, 0x54, 0x54, 0xd5, 0x55, 0x54, 0x55, 0x55, 0x54, 0x55, 0x55, 0xd5,
  0xd5, 0xd5, 0xd5, 0xd5, 0xd4, 0xd4, 0xd5, 0xd4, 0xd4, 0xd4, 0xd4, 0xd7,
  0xd7, 0xd7, 0xd7, 0xd7, 0xd7, 0xd7, 0xd7, 0xd7, 0xd5, 0xd4, 0xd4, 0xd5,
  0xd5, 0x55, 0x55, 0x55, 0x55, 0x55, 0x55, 0x55, 0x55, 0x54, 0x54, 0x54,
  0x54, 0x54, 0x54, 0x54, 0x54, 0x54, 0x54, 0x54, 0x54, 0x54, 0x57, 0x54,
  0x57, 0x54, 0x54, 0x54, 0x54, 0x55, 0x55, 0x55, 0x55, 0x55, 0x55, 0xd5,
  0x54, 0xd5, 0xd5, 0x55, 0xd5, 0x55, 0xd5, 0xd5, 0x55, 0xd5, 0xd5, 0x55,
  0x55, 0xd5, 0xd5, 0xd5, 0xd5, 0x55, 0x55, 0xd5, 0x55, 0x55, 0x55, 0x54,
  0x55, 0x55, 0x54, 0x54, 0x54, 0x57, 0x54, 0x54, 0x54, 0x54, 0x54, 0x55,
  0x55, 0x55, 0x55, 0x55, 0x55, 0x55, 0xd5, 0xd5, 0xd4, 0xd5, 0xd4, 0xd4,
  0xd4, 0xd4, 0xd4, 0xd5, 0xd5, 0xd4, 0xd5, 0xd5, 0xd4, 0xd5, 0xd5, 0xd5,
  0xd5, 0xd5, 0xd5, 0xd5, 0x55, 0xd5, 0x55, 0x55, 0x55, 0x54, 0x57, 0x57,
  0x57, 0x57, 0x57, 0x57, 0x57, 0x57, 0x57, 0x57, 0x57, 0x57, 0x57, 0x57,
  0x54, 0x54, 0x54, 0x55, 0x54, 0x54, 0xd5, 0x55, 0x55, 0x55, 0x55, 0x55,
  0xd5, 0x55, 0x55, 0x55, 0xd5, 0xd5, 0x55, 0x55, 0x55, 0x55, 0xd5, 0xd5,
  0xd5, 0xd5, 0xd5, 0x55, 0x54, 0x55, 0xd5, 0x54, 0x54, 0x54, 0x55, 0x55,
  0x54, 0x54, 0x54, 0x57, 0x54, 0x57, 0x54, 0x57, 0x57, 0x57, 0x54, 0x54,
  0x54, 0x54, 0x54, 0x54, 0x54, 0x54, 0x55, 0x54, 0x55, 0xd5, 0x54, 0x55,
  0xd5, 0x55, 0xd5, 0xd5, 0xd4, 0xd4, 0xd5, 0xd5, 0xd5, 0xd4, 0xd4, 0xd4,
  0xd7, 0xd4, 0xd4, 0xd5, 0xd4, 0xd4, 0xd4, 0xd4, 0xd4, 0xd5, 0xd5, 0xd4,
  0xd5, 0xd5, 0xd5, 0xd5, 0xd5, 0xd5, 0xd5, 0xd5, 0xd5, 0x54, 0x55, 0x55,
  0x55, 0x55, 0x55, 0x54, 0x55, 0xd5, 0x55, 0xd5, 0x55, 0x55, 0x54, 0x54,
  0x54, 0x54, 0x54, 0x54, 0x54, 0x55, 0x55, 0x54, 0x54, 0x54, 0x55, 0x55,
  0xd5, 0x54, 0x55, 0x55, 0x54, 0x55, 0x55, 0x55, 0xd5, 0x55, 0x55, 0xd5,
  0xd5, 0xd5, 0xd5, 0xd5, 0xd5, 0xd5, 0xd5, 0xd5, 0x55, 0xd5, 0xd5, 0xd5,
  0x55, 0x55, 0x55, 0x55, 0x54, 0x54, 0x55, 0x55, 0x55, 0x54, 0x54, 0x55,
  0x54, 0x55, 0x54, 0x54, 0x55, 0x54, 0x55, 0x55, 0x55, 0x55, 0x55, 0x55,
  0x55, 0x55, 0xd5, 0xd5, 0xd5, 0xd5, 0xd5, 0xd5, 0xd4, 0xd4, 0xd4, 0xd7,
  0xd7, 0xd4, 0xd7, 0xd7, 0xd7, 0xd7, 0xd4, 0xd4, 0xd5, 0xd4, 0xd5, 0xd5,
  0xd5, 0xd5, 0xd5, 0x55, 0xd5, 0x55, 0x55, 0x55, 0x54, 0x55, 0x55, 0x54,
  0x55, 0x55, 0x55, 0x55, 0x54, 0x54, 0x54, 0x54, 0x55, 0x55, 0x55, 0x54,
  0x55, 0x55, 0x55, 0xd5, 0x55, 0xd5, 0x55, 0xd5, 0xd5, 0xd4, 0xd5, 0xd5,
  0xd4, 0xd5, 0xd4, 0xd5, 0xd4, 0xd5, 0x55, 0xd5, 0xd4, 0x55, 0xd5, 0xd5,
  0xd5, 0xd5, 0xd5, 0xd5, 0xd5, 0xd5, 0x55, 0x54, 0x55, 0x54, 0x55, 0x55,
  0x54, 0x55, 0x54, 0x55, 0x54, 0x57, 0x54, 0x54, 0x54, 0x54, 0x54, 0x54,
  0x54, 0x55, 0x54, 0x54, 0x55, 0x55, 0xd5, 0x54, 0x55, 0xd5, 0x55, 0xd5,
  0x55, 0x55, 0xd5, 0xd5, 0xd5, 0xd5, 0xd4, 0xd4, 0xd5, 0xd4, 0xd5, 0xd5,
  0xd4, 0x55, 0x55, 0xd5, 0xd5, 0xd5, 0xd5, 0xd5, 0xd5, 0xd5, 0xd5, 0x55,
  0x55, 0x55, 0x55, 0xd5, 0x55, 0x55, 0xd5, 0x55, 0x55, 0x55, 0x55, 0x55,
  0xd5, 0x55, 0xd5, 0xd5, 0x55, 0xd5, 0xd5, 0x55, 0xd5, 0x55, 0xd5, 0xd5,
  0xd5, 0xd5, 0xd5, 0xd5, 0x55, 0x55, 0x55, 0x54, 0x55, 0x54, 0x55, 0x55,
  0x57, 0x54, 0x57, 0x57, 0x57, 0x56, 0x57, 0x56, 0x57, 0x57, 0x57, 0x57,
  0x56, 0x56, 0x57, 0x56, 0x56, 0x56, 0x56, 0x57, 0x57, 0x57, 0x56, 0x57,
  0x54, 0x57, 0x55, 0x55, 0x55, 0x54, 0x55, 0x55, 0x55, 0xd5, 0x55, 0xd5,
  0xd5, 0xd5, 0xd7, 0xd7, 0xd4, 0xd4, 0xd4, 0xd7, 0xd4, 0xd7, 0xd7, 0xd4,
  0xd4, 0xd4, 0xd4, 0xd5, 0xd4, 0xd4, 0xd5, 0xd4, 0xd4, 0xd5, 0xd4, 0xd5,
  0xd5, 0xd4, 0xd5, 0xd5, 0xd5, 0xd5, 0xd5, 0xd5, 0xd5, 0xd5, 0xd5, 0xd5,
  0x55, 0xd5, 0x55, 0xd5, 0xd5, 0xd5, 0xd5, 0xd5, 0xd5, 0xd5, 0x55, 0x55,
  0x55, 0x55, 0x54, 0x54, 0x55, 0x57, 0x57, 0x57, 0x56, 0x57, 0x56, 0x51,
  0x56, 0x51, 0x56, 0x51, 0x51, 0x50, 0x51, 0x51, 0x51, 0x51, 0x51, 0x50,
  0x50, 0x50, 0x51, 0x51, 0x56, 0x56, 0x51, 0x56, 0x56, 0x54, 0x54, 0x54,
  0x55, 0xd5, 0xd5, 0xd4, 0xd5, 0xd6, 0xd6, 0xd6, 0xd1, 0xd6, 0xd3, 0xd0,
  0xd0, 0xd0, 0xd3, 0xd2, 0xd2, 0xd3, 0xd2, 0xd2, 0xdd, 0xdc, 0xdf, 0xdf,
  0xde, 0xd8, 0xde, 0xd8, 0xd8, 0xdb, 0xda, 0xdb, 0xdb, 0xdb, 0xd8, 0xd9,
  0xd9, 0xde, 0xde, 0xdc, 0xdd, 0xd3, 0xd1, 0xd1, 0xd6, 0xd5, 0x54, 0x57,
  0x51, 0x53, 0x5c, 0x5c, 0x59, 0x58, 0x45, 0x47, 0x47, 0x46, 0x41, 0x40,
  0x40, 0x43, 0x4c, 0x4c, 0x4c, 0x4c, 0x4d, 0x4d, 0x4f, 0x4c, 0x43, 0x43,
  0x42, 0x43, 0x47, 0x46, 0x47, 0x5a, 0x5b, 0x5b, 0x58, 0x5e, 0x5c, 0x5c,
  0x52, 0x51, 0x57, 0x54, 0x54, 0x55, 0xd7, 0xd1, 0xd6, 0xd0, 0xd0, 0xdc,
  0xd8, 0xdb, 0xc5, 0xc6, 0xc3, 0xcd, 0xcf, 0xcb, 0xf5, 0xf6, 0xf0, 0xf2,
  0xfc, 0xf9, 0xfb, 0xe5, 0xe4, 0xe7, 0xe6, 0xe0, 0xe3, 0xed, 0xed, 0xed,
  0xec, 0xed, 0xe2, 0xe3, 0xe0, 0xe6, 0xe4, 0xfa, 0xfe, 0xf2, 0xf4, 0xcf,
  0xdb, 0x56, 0x45, 0x75, 0x7f, 0x64, 0x60, 0x6f, 0x6a, 0x17, 0x11, 0x13,
  0x1d, 0x1f, 0x1e, 0x19, 0x19, 0x19, 0x19, 0x19, 0x1e, 0x1c, 0x12, 0x10,
  0x17, 0x15, 0x6f, 0x60, 0x7a, 0x72, 0x49, 0x5d, 0xde, 0xcf, 0xf1, 0xf9,
  0xe7, 0xe0, 0xed, 0xef, 0xe9, 0xea, 0x95, 0x94, 0x94, 0x94, 0x97, 0x94,
  0x95, 0xeb, 0xeb, 0xe9, 0xec, 0xef, 0xe2, 0xe1, 0xe7, 0xe5, 0xe5, 0xfa,
  0xf8, 0xff, 0xf8, 0xe5, 0xfa, 0xe5, 0xe6, 0xe0, 0xed, 0xef, 0xea, 0x95,
  0x97, 0x91, 0x90, 0x90, 0x90, 0x90, 0x93, 0x90, 0x90, 0x90, 0x91, 0x91,
  0x94, 0xe8, 0xe0, 0xfb, 0xf0, 0xd9, 0x75, 0x66, 0x68, 0x11, 0x1e, 0x04,
  0x00, 0x02, 0x0c, 0x0c, 0x0e, 0x09, 0x09, 0x09, 0x09, 0x09, 0x09, 0x0e,
  0x0f, 0x0d, 0x03, 0x06, 0x07, 0x05, 0x1e, 0x10, 0x15, 0x6d, 0x65, 0x4e,
  0xdc, 0xf2, 0xfa, 0xe2, 0x94, 0x93, 0x9f, 0x98, 0x85, 0x86, 0x81, 0x81,
  0x83, 0x82, 0x82, 0x82, 0x82, 0x83, 0x80, 0x81, 0x87, 0x85, 0x98, 0x92,
  0x97, 0xec, 0xe7, 0xca, 0x59, 0x72, 0x64, 0x60, 0x6e, 0x14, 0x17, 0x11,
  0x12, 0x1c, 0x1d, 0x12, 0x1c, 0x1c, 0x1c, 0x1c, 0x12, 0x11, 0x17, 0x15,
  0x6f, 0x67, 0x73, 0x5f, 0xc9, 0xe4, 0xe8, 0x91, 0x9d, 0x99, 0x9a, 0x84,
  0x87, 0x86, 0x80, 0x80, 0x80, 0x81, 0x81, 0x80, 0x81, 0x81, 0x86, 0x87,
  0x87, 0x85, 0x84, 0x84, 0x84, 0x85, 0x9f, 0x92, 0x94, 0xee, 0xfb, 0x4e,
  0x6f, 0x1f, 0x04, 0x0d, 0x0b, 0x37, 0x36, 0x31, 0x30, 0x33, 0x32, 0x32,
  0x32, 0x33, 0x30, 0x31, 0x36, 0x37, 0x34, 0x08, 0x0c, 0x00, 0x04, 0x1e,
  0x14, 0x65, 0x41, 0xf7, 0xe8, 0x93, 0x9c, 0x9e, 0x9a, 0x86, 0x83, 0x83,
  0x82, 0x8f, 0x8b, 0x8a, 0xb5, 0xb4, 0xb4, 0xb4, 0xb4, 0xb5, 0x8a, 0x88,
  0x8f, 0x83, 0x86, 0x9a, 0x93, 0xe2, 0xca, 0x43, 0x62, 0x16, 0x1c, 0x18,
  0x1b, 0x05, 0x04, 0x04, 0x04, 0x04, 0x04, 0x04, 0x05, 0x1b, 0x19, 0x1c,
  0x13, 0x11, 0x6a, 0x6d, 0x67, 0x75, 0xc7, 0xe1, 0x96, 0x9c, 0x85, 0x81,
  0x80, 0x83, 0x8d, 0x8d, 0x82, 0x82, 0x80, 0x81, 0x81, 0x86, 0x87, 0x86,
  0x81, 0x80, 0x86, 0x81, 0x81, 0x81, 0x86, 0x84, 0x9f, 0xed, 0x40, 0x14,
  0x07, 0x09, 0x36, 0x32, 0x3d, 0x3c, 0x3c, 0x3c, 0x3c, 0x3d, 0x32, 0x30,
  0x31, 0x37, 0x35, 0x0b, 0x0f, 0x00, 0x07, 0x18, 0x1c, 0x10, 0x6a, 0x61,
  0x71, 0xd2, 0xe1, 0x96, 0x99, 0x87, 0x83, 0x8e, 0x8b, 0xb5, 0xb5, 0xb4,
  0xb4, 0xb7, 0xb4, 0xb4, 0xb5, 0xb5, 0x88, 0x8f, 0x82, 0x86, 0x85, 0x9c,
  0x96, 0xee, 0xfc, 0x57, 0x7f, 0x62, 0x6b, 0x17, 0x11, 0x12, 0x1c, 0x1e,
  0x18, 0x1b, 0x1a, 0x05, 0x04, 0x07, 0x07, 0x04, 0x1a, 0x19, 0x1d, 0x14,
  0x67, 0xd0, 0xe4, 0xeb, 0x96, 0x91, 0x9d, 0x9e, 0x85, 0x81, 0x83, 0x8d,
  0x8d, 0x8c, 0x8d, 0x82, 0x83, 0x80, 0x81, 0x86, 0x87, 0x87, 0x86, 0x86,
  0x86, 0x86, 0x81, 0x87, 0x84, 0x99, 0x94, 0xf1, 0x6d, 0x1a, 0x0d, 0x34,
  0x31, 0x3d, 0x3e, 0x3e, 0x3f, 0x3c, 0x32, 0x30, 0x36, 0x34, 0x08, 0x0f,
  0x0d, 0x03, 0x03, 0x00, 0x01, 0x07, 0x1a, 0x1c, 0x16, 0x63, 0xc5, 0xe8,
  0x9e, 0x86, 0x8c, 0x8b, 0xb5, 0xb4, 0xb4, 0xb4, 0xb5, 0x8b, 0x8f, 0x8d,
  0x82, 0x80, 0x81, 0x86, 0x87, 0x87, 0x84, 0x9b, 0x9e, 0x9d, 0x97, 0xe7,
  0x53, 0x7b, 0x6f, 0x16, 0x1e, 0x04, 0x06, 0x07, 0x07, 0x04, 0x05, 0x1b,
  0x1e, 0x1f, 0x12, 0x11, 0x15, 0x6e, 0x6c, 0x63, 0x79, 0x53, 0xff, 0xed,
  0x97, 0x9d, 0x98, 0x84, 0x81, 0x83, 0x8d, 0x8d, 0x8d, 0x8d, 0x8d, 0x8d,
  0x82, 0x80, 0x86, 0x84, 0x84, 0x85, 0x85, 0x9a, 0x85, 0x85, 0x85, 0x9f,
  0x91, 0xe0, 0x4e, 0x13, 0x03, 0x0b, 0x37, 0x30, 0x3d, 0x3e, 0x3e, 0x3c,
  0x33, 0x31, 0x36, 0x35, 0x08, 0x0e, 0x0e, 0x0f, 0x02, 0x03, 0x03, 0x01,
  0x1b, 0x6a, 0x4f, 0xfd, 0x90, 0x86, 0x8f, 0x8b, 0xb5, 0xb7, 0xb6, 0xb7,
  0x8a, 0x89, 0x8e, 0x8f, 0x82, 0x86, 0x86, 0x80, 0x80, 0x80, 0x80, 0x81,
  0x84, 0x9d, 0xed, 0xdf, 0x66, 0x13, 0x04, 0x01, 0x03, 0x03, 0x03, 0x00,
  0x07, 0x05, 0x19, 0x1c, 0x1d, 0x13, 0x10, 0x13, 0x1c, 0x1e, 0x1d, 0x17,
  0x6d, 0x7d, 0xde, 0xef, 0x9e, 0x87, 0x82, 0x8c, 0x8f, 0x8f, 0x8d, 0x80,
  0x81, 0x87, 0x84, 0x9a, 0x85, 0x86, 0x83, 0x8d, 0x8d, 0x82, 0x83, 0x80,
  0x86, 0x85, 0x9f, 0x90, 0x95, 0xe1, 0xce, 0x40, 0x63, 0x1f, 0x02, 0x0a,
  0x37, 0x36, 0x30, 0x3c, 0x3f, 0x3d, 0x33, 0x33, 0x33, 0x31, 0x34, 0x35,
  0x34, 0x35, 0x0f, 0x01, 0x07, 0x05, 0x17, 0xf4, 0x90, 0x98, 0x86, 0x8f,
  0x8a, 0x8a, 0x88, 0x8a, 0xb4, 0xb4, 0x88, 0x8e, 0x8b, 0xb5, 0x8a, 0x88,
  0x89, 0x89, 0x8c, 0x86, 0x9f, 0x94, 0xf0, 0x60, 0x1d, 0x05, 0x07, 0x07,
  0x06, 0x06, 0x07, 0x07, 0x07, 0x06, 0x06, 0x06, 0x06, 0x06, 0x06, 0x05,
  0x1e, 0x17, 0x66, 0x42, 0xf7, 0xe1, 0xea, 0x90, 0x9c, 0x98, 0x9a, 0x85,
  0x87, 0x81, 0x80, 0x83, 0x83, 0x83, 0x82, 0x83, 0x81, 0x86, 0x86, 0x81,
  0x81, 0x81, 0x86, 0x87, 0x86, 0x84, 0x9a, 0x98, 0x9f, 0x90, 0xec, 0xc6,
  0x61, 0x12, 0x02, 0x34, 0x36, 0x36, 0x37, 0x31, 0x32, 0x33, 0x36, 0x37,
  0x30, 0x33, 0x31, 0x37, 0x36, 0x31, 0x35, 0x07, 0x16, 0x6a, 0x66, 0xe2,
  0x84, 0x86, 0x9a, 0x84, 0x8d, 0x8d, 0x82, 0x82, 0x8a, 0xb1, 0xb6, 0xb4,
  0xb4, 0xb7, 0xb4, 0x8e, 0x86, 0x85, 0x9a, 0x91, 0xfb, 0xc9, 0xcc, 0xd6,
  0x62, 0x1f, 0x05, 0x07, 0x00, 0x0c, 0x0f, 0x09, 0x0f, 0x0c, 0x02, 0x07,
  0x1b, 0x18, 0x18, 0x18, 0x1e, 0x11, 0x6e, 0x7a, 0xde, 0xe3, 0x96, 0x98,
  0x84, 0x86, 0x80, 0x81, 0x86, 0x81, 0x80, 0x82, 0x8d, 0x8d, 0x8d, 0x8f,
  0x8c, 0x8d, 0x82, 0x83, 0x80, 0x87, 0x84, 0x84, 0x84, 0x84, 0x85, 0x9a,
  0x9d, 0xeb, 0xdc, 0x15, 0x05, 0x0a, 0x30, 0x30, 0x37, 0x35, 0x37, 0x30,
  0x31, 0x37, 0x31, 0x3c, 0x3c, 0x33, 0x36, 0x36, 0x37, 0x02, 0x6c, 0x46,
  0x61, 0x65, 0xfa, 0x91, 0xe9, 0xed, 0x87, 0x8b, 0xb4, 0x8a, 0xb5, 0xb1,
  0xb3, 0xb4, 0x8c, 0x8c, 0x89, 0x8e, 0x82, 0x80, 0x8d, 0x8d, 0x98, 0xe5,
  0xd6, 0x74, 0x6a, 0x1a, 0x07, 0x05, 0x1a, 0x06, 0x03, 0x02, 0x03, 0x03,
  0x0e, 0x0b, 0x0e, 0x03, 0x05, 0x19, 0x1c, 0x17, 0x61, 0x77, 0x57, 0xfa,
  0xe8, 0x96, 0x9f, 0x85, 0x83, 0x8c, 0x8c, 0x8c, 0x82, 0x82, 0x82, 0x83,
  0x80, 0x82, 0x8c, 0x8d, 0x82, 0x83, 0x80, 0x86, 0x9a, 0x9b, 0x9b, 0x9b,
  0x9a, 0x85, 0x9b, 0x96, 0xf6, 0x6d, 0x18, 0x08, 0x31, 0x37, 0x09, 0x0d,
  0x0a, 0x30, 0x30, 0x37, 0x31, 0x3f, 0x3f, 0x30, 0x0a, 0x0a, 0x34, 0x0d,
  0x17, 0x6e, 0x1a, 0x05, 0x7a, 0x95, 0xe8, 0xec, 0x86, 0xb4, 0xb7, 0x8c,
  0x86, 0x8e, 0xb7, 0xb5, 0x8c, 0x89, 0xb4, 0xb4, 0x8f, 0x86, 0x80, 0x80,
  0x96, 0x5b, 0xd9, 0xe3, 0xf0, 0x6c, 0x13, 0x13, 0x1d, 0x00, 0x0e, 0x0c,
  0x06, 0x05, 0x00, 0x0d, 0x00, 0x04, 0x07, 0x00, 0x06, 0x1c, 0x6d, 0x67,
  0x7d, 0xe5, 0x90, 0x9d, 0x91, 0x96, 0x9e, 0x86, 0x83, 0x8d, 0x8c, 0x89,
  0x89, 0x8d, 0x80, 0x83, 0x8d, 0x8d, 0x83, 0x80, 0x82, 0x80, 0x87, 0x85,
  0x85, 0x9a, 0x98, 0x99, 0x92, 0xec, 0x54, 0x6f, 0x1f, 0x0e, 0x37, 0x35,
  0x03, 0x07, 0x08, 0x32, 0x3d, 0x31, 0x30, 0x3c, 0x3c, 0x37, 0x02, 0x0f,
  0x37, 0x35, 0x04, 0x1e, 0x03, 0x07, 0xd7, 0x9b, 0x92, 0xe7, 0x9b, 0x8a,
  0x8a, 0x84, 0x9c, 0x8e, 0xb1, 0xb6, 0x8b, 0x8a, 0xb4, 0x89, 0x84, 0x9e,
  0x82, 0x88, 0x84, 0xe7, 0xe1, 0x97, 0xf5, 0x11, 0x18, 0x11, 0x6a, 0x1a,
  0x01, 0x05, 0x1f, 0x07, 0x0e, 0x09, 0x03, 0x04, 0x01, 0x03, 0x05, 0x68,
  0x60, 0x12, 0x1c, 0x7f, 0xe1, 0xee, 0xed, 0x90, 0x85, 0x86, 0x84, 0x87,
  0x8d, 0x89, 0x8f, 0x80, 0x83, 0x89, 0x8b, 0x8e, 0x83, 0x80, 0x8c, 0x82,
  0x81, 0x86, 0x80, 0x86, 0x9b, 0x9f, 0x93, 0xe6, 0x7a, 0x16, 0x1c, 0x00,
  0x35, 0x35, 0x02, 0x06, 0x35, 0x3c, 0x3e, 0x30, 0x36, 0x32, 0x3c, 0x36,
  0x0d, 0x08, 0x33, 0x30, 0x00, 0x1c, 0x01, 0x04, 0xcc, 0x9a, 0xe8, 0x63,
  0xe1, 0x88, 0xb4, 0x80, 0x84, 0xb5, 0xb3, 0xb6, 0x8e, 0x88, 0xb6, 0xb4,
  0x8c, 0x83, 0x8a, 0xb4, 0x81, 0xef, 0xe9, 0x9f, 0x94, 0x40, 0x6c, 0x64,
  0x65, 0x13, 0x07, 0x06, 0x07, 0x01, 0x02, 0x00, 0x06, 0x03, 0x0c, 0x0c,
  0x01, 0x18, 0x1e, 0x05, 0x1c, 0x62, 0xd5, 0xf7, 0xff, 0xe2, 0x91, 0x98,
  0x85, 0x86, 0x83, 0x82, 0x83, 0x80, 0x83, 0x8d, 0x8c, 0x8d, 0x82, 0x8d,
  0x8c, 0x8d, 0x80, 0x81, 0x80, 0x81, 0x86, 0x87, 0x9b, 0x95, 0x52, 0x62,
  0x69, 0x05, 0x08, 0x0b, 0x01, 0x05, 0x09, 0x3d, 0x3e, 0x31, 0x35, 0x30,
  0x3d, 0x31, 0x0e, 0x09, 0x33, 0x3d, 0x0f, 0x1d, 0x06, 0x02, 0x6d, 0x93,
  0xe4, 0x1f, 0x64, 0x8d, 0xb4, 0x81, 0x93, 0x8c, 0xb1, 0xb7, 0x83, 0x8c,
  0xb6, 0xb6, 0x8e, 0x81, 0x89, 0xb4, 0x83, 0x95, 0x93, 0x86, 0x9b, 0xca,
  0x6f, 0x71, 0xf9, 0x65, 0x05, 0x06, 0x1b, 0x12, 0x1b, 0x01, 0x01, 0x07,
  0x00, 0x0d, 0x00, 0x1b, 0x13, 0x19, 0x1b, 0x11, 0x64, 0xd5, 0xd0, 0xce,
  0xe8, 0x99, 0x9b, 0x99, 0x9a, 0x86, 0x82, 0x82, 0x83, 0x8d, 0x8c, 0x8d,
  0x82, 0x8d, 0x8c, 0x8f, 0x82, 0x80, 0x80, 0x81, 0x81, 0x86, 0x98, 0xeb,
  0x57, 0x64, 0x61, 0x19, 0x0f, 0x0e, 0x05, 0x1a, 0x0b, 0x3d, 0x3f, 0x37,
  0x08, 0x31, 0x3c, 0x30, 0x08, 0x0a, 0x3d, 0x3d, 0x0c, 0x1c, 0x03, 0x0f,
  0x14, 0x97, 0xd0, 0x1b, 0x7d, 0x8f, 0xb4, 0x87, 0x90, 0x8f, 0xb1, 0xb4,
  0x83, 0x89, 0xb0, 0xb1, 0x8f, 0x86, 0x8b, 0xb7, 0x8c, 0x94, 0x90, 0x81,
  0x84, 0xc0, 0x15, 0x4f, 0xe0, 0x73, 0x04, 0x01, 0x19, 0x13, 0x05, 0x03,
  0x00, 0x07, 0x00, 0x0f, 0x0d, 0x1b, 0x13, 0x19, 0x05, 0x12, 0x7d, 0x56,
  0x77, 0xd6, 0x94, 0x9b, 0x9b, 0x9f, 0x9a, 0x80, 0x82, 0x83, 0x83, 0x8d,
  0x8f, 0x8d, 0x80, 0x82, 0x8e, 0x8e, 0x82, 0x81, 0x81, 0x80, 0x81, 0x85,
  0x9c, 0xe6, 0x7d, 0x61, 0x15, 0x00, 0x09, 0x03, 0x19, 0x04, 0x36, 0x3e,
  0x32, 0x0a, 0x35, 0x32, 0x3d, 0x37, 0x09, 0x36, 0x3f, 0x37, 0x1f, 0x1e,
  0x0e, 0x01, 0xf6, 0x91, 0x6f, 0x19, 0x90, 0xb7, 0x8b, 0x93, 0x9e, 0xb4,
  0xb0, 0x88, 0x83, 0xb7, 0xb2, 0xb4, 0x81, 0x83, 0xb7, 0xb7, 0x84, 0xea,
  0x85, 0x81, 0xee, 0x6e, 0x69, 0xfd, 0xf3, 0x1f, 0x00, 0x1a, 0x12, 0x04,
  0x02, 0x0d, 0x06, 0x01, 0x09, 0x08, 0x01, 0x1e, 0x1a, 0x01, 0x04, 0x14,
  0x48, 0x71, 0x65, 0xf1, 0x9c, 0x9b, 0x9d, 0x98, 0x80, 0x8c, 0x8c, 0x83,
  0x8d, 0x89, 0x89, 0x82, 0x82, 0x89, 0x88, 0x8f, 0x83, 0x83, 0x82, 0x83,
  0x87, 0x98, 0x9d, 0xfc, 0x69, 0x15, 0x14, 0x01, 0x08, 0x0c, 0x04, 0x03,
  0x30, 0x38, 0x32, 0x09, 0x35, 0x32, 0x3d, 0x37, 0x08, 0x31, 0x3d, 0x0a,
  0x15, 0x12, 0x0c, 0x04, 0xfe, 0xea, 0x6f, 0x69, 0x87, 0xb7, 0x8e, 0x93,
  0x87, 0xb7, 0xb6, 0x89, 0x8f, 0xb6, 0xb0, 0x8a, 0x80, 0x8e, 0xb6, 0x8a,
  0x98, 0x90, 0x86, 0x81, 0xe3, 0x6d, 0x78, 0xfa, 0x58, 0x1b, 0x00, 0x18,
  0x10, 0x04, 0x0d, 0x03, 0x04, 0x00, 0x0b, 0x08, 0x04, 0x1c, 0x07, 0x03,
  0x05, 0x68, 0x71, 0x63, 0x63, 0xf4, 0x91, 0x9d, 0x92, 0x9b, 0x81, 0x83,
  0x80, 0x80, 0x8d, 0x8f, 0x8c, 0x82, 0x8d, 0x8e, 0x8e, 0x8d, 0x80, 0x83,
  0x82, 0x86, 0x9a, 0x9b, 0x9e, 0xe6, 0x60, 0x69, 0x6f, 0x05, 0x0f, 0x02,
  0x19, 0x05, 0x34, 0x3e, 0x3d, 0x08, 0x0e, 0x33, 0x3c, 0x37, 0x02, 0x34,
  0x3c, 0x36, 0x18, 0x13, 0x0d, 0x03, 0x7b, 0xe1, 0x69, 0x1c, 0x94, 0x8a,
  0x89, 0x9f, 0x9e, 0x8a, 0xb6, 0x8f, 0x83, 0xb4, 0xb3, 0xb4, 0x80, 0x80,
  0xb4, 0xb4, 0x86, 0x9d, 0x86, 0x82, 0x9f, 0x41, 0x64, 0xfb, 0xe6, 0x6e,
  0x19, 0x1d, 0x10, 0x05, 0x03, 0x00, 0x1b, 0x1a, 0x0d, 0x09, 0x01, 0x1c,
  0x1a, 0x03, 0x06, 0x13, 0x67, 0x60, 0x68, 0x77, 0xe5, 0xec, 0xeb, 0x92,
  0x85, 0x81, 0x86, 0x85, 0x86, 0x8d, 0x8d, 0x80, 0x81, 0x8d, 0x8e, 0x8c,
  0x81, 0x86, 0x80, 0x80, 0x86, 0x98, 0x9b, 0x9b, 0xe2, 0x6f, 0x14, 0x6b,
  0x18, 0x02, 0x0d, 0x1b, 0x1f, 0x35, 0x3f, 0x32, 0x0a, 0x0e, 0x36, 0x32,
  0x34, 0x02, 0x34, 0x3c, 0x36, 0x19, 0x17, 0x03, 0x03, 0x78, 0xee, 0x6e,
  0x1c, 0x96, 0xb5, 0x8e, 0x90, 0x9d, 0x8b, 0xb7, 0x8f, 0x80, 0xb4, 0xb3,
  0xb4, 0x80, 0x83, 0xb4, 0xb5, 0x86, 0x9d, 0x85, 0x86, 0x90, 0x41, 0x40,
  0xe1, 0xce, 0x16, 0x1b, 0x1f, 0x12, 0x04, 0x02, 0x03, 0x1a, 0x04, 0x02,
  0x0f, 0x01, 0x1e, 0x1b, 0x06, 0x04, 0x14, 0x7e, 0x63, 0x61, 0xd9, 0xec,
  0xeb, 0x94, 0x9f, 0x85, 0x87, 0x85, 0x84, 0x80, 0x8d, 0x82, 0x80, 0x83,
  0x8f, 0x8f, 0x82, 0x86, 0x86, 0x81, 0x86, 0x9a, 0x9b, 0x9a, 0x98, 0x90,
  0x54, 0x68, 0x6a, 0x12, 0x00, 0x02, 0x07, 0x1c, 0x00, 0x30, 0x3f, 0x36,
  0x09, 0x35, 0x31, 0x36, 0x09, 0x0e, 0x33, 0x3d, 0x09, 0x11, 0x1e, 0x00,
  0x1a, 0x77, 0x51, 0x11, 0x7d, 0x81, 0x8a, 0x81, 0x90, 0x85, 0x8a, 0xb5,
  0x8f, 0x89, 0xb6, 0xb1, 0x8b, 0x83, 0x8c, 0x8a, 0x8e, 0x81, 0x84, 0x87,
  0x9c, 0xe5, 0xdd, 0xf3, 0xf0, 0x64, 0x1d, 0x1c, 0x13, 0x1b, 0x02, 0x0c,
  0x01, 0x04, 0x01, 0x0f, 0x0c, 0x07, 0x1a, 0x06, 0x06, 0x1b, 0x11, 0x6b,
  0x15, 0x60, 0xf2, 0xec, 0xe3, 0x91, 0x85, 0x87, 0x84, 0x85, 0x87, 0x8d,
  0x8c, 0x82, 0x82, 0x8c, 0x8c, 0x83, 0x87, 0x86, 0x83, 0x83, 0x86, 0x85,
  0x9a, 0x9a, 0x99, 0x92, 0x90, 0xe2, 0x74, 0x15, 0x1b, 0x03, 0x03, 0x06,
  0x1a, 0x07, 0x34, 0x3c, 0x33, 0x35, 0x35, 0x37, 0x36, 0x0a, 0x0e, 0x31,
  0x3c, 0x37, 0x05, 0x13, 0x1b, 0x1b, 0x6d, 0x70, 0x16, 0x60, 0x84, 0x8a,
  0x8c, 0x9c, 0x9b, 0x88, 0xb5, 0x8f, 0x89, 0xb1, 0xb3, 0xb5, 0x80, 0x82,
  0xb5, 0x8a, 0x83, 0x80, 0x82, 0x87, 0xee, 0x75, 0xf7, 0x94, 0xc7, 0x11,
  0x12, 0x10, 0x1c, 0x07, 0x0c, 0x02, 0x04, 0x01, 0x0c, 0x0c, 0x02, 0x01,
  0x01, 0x03, 0x07, 0x1c, 0x1d, 0x12, 0x6f, 0x54, 0xf0, 0xf3, 0xe5, 0x91,
  0x9a, 0x85, 0x85, 0x84, 0x80, 0x82, 0x83, 0x83, 0x8d, 0x8c, 0x8c, 0x82,
  0x81, 0x80, 0x83, 0x81, 0x86, 0x87, 0x85, 0x9b, 0x9c, 0x90, 0x90, 0x91,
  0xdb, 0x17, 0x1c, 0x05, 0x02, 0x0d, 0x00, 0x05, 0x01, 0x31, 0x3f, 0x31,
  0x08, 0x35, 0x36, 0x37, 0x0f, 0x0c, 0x30, 0x3c, 0x0b, 0x14, 0x15, 0x1a,
  0x18, 0x64, 0x7e, 0x1d, 0x61, 0x80, 0xb4, 0x8d, 0x91, 0x9b, 0x88, 0x8b,
  0x82, 0x88, 0xb3, 0xb3, 0x8b, 0x86, 0x8d, 0x8a, 0x8f, 0x83, 0x8c, 0x8f,
  0x98, 0xd5, 0x76, 0xe9, 0x90, 0x40, 0x13, 0x14, 0x6e, 0x19, 0x02, 0x0d,
  0x05, 0x1e, 0x00, 0x0e, 0x03, 0x01, 0x03, 0x03, 0x07, 0x12, 0x11, 0x1b,
  0x1f, 0x65, 0xc5, 0xc5, 0xc2, 0xe0, 0x90, 0x9c, 0x92, 0x9f, 0x84, 0x81,
  0x86, 0x86, 0x83, 0x82, 0x80, 0x81, 0x86, 0x80, 0x81, 0x9a, 0x98, 0x87,
  0x87, 0x9e, 0x91, 0x96, 0x91, 0x90, 0x95, 0xeb, 0xe0, 0x7e, 0x1c, 0x1e,
  0x1b, 0x02, 0x0e, 0x00, 0x1d, 0x07, 0x31, 0x3f, 0x37, 0x03, 0x08, 0x31,
  0x34, 0x07, 0x00, 0x33, 0x3d, 0x00, 0x7c, 0x11, 0x01, 0x12, 0xf9, 0x7d,
  0x06, 0x67, 0x89, 0xb7, 0x84, 0xe3, 0x87, 0xb5, 0x8c, 0x9a, 0x88, 0xbd,
  0xb1, 0x80, 0x84, 0x89, 0x8a, 0x83, 0x87, 0x8c, 0x8f, 0x93, 0x77, 0xde,
  0x97, 0xec, 0x66, 0x11, 0x6f, 0x65, 0x12, 0x01, 0x06, 0x18, 0x18, 0x07,
  0x00, 0x01, 0x05, 0x07, 0x01, 0x04, 0x1f, 0x1c, 0x1c, 0x16, 0x70, 0xc8,
  0x41, 0x78, 0xf6, 0x96, 0x9e, 0x9d, 0x93, 0x9f, 0x85, 0x84, 0x9a, 0x87,
  0x81, 0x80, 0x84, 0x84, 0x87, 0x87, 0x9b, 0x9f, 0x99, 0x84, 0x9b, 0x96,
  0xe8, 0x91, 0x92, 0xea, 0xe0, 0xe7, 0xe2, 0xdd, 0x11, 0x05, 0x12, 0x15,
  0x06, 0x35, 0x08, 0x12, 0x16, 0x34, 0x3f, 0x37, 0x1c, 0x00, 0x32, 0x30,
  0x1c, 0x6e, 0x34, 0x3c, 0x03, 0xe2, 0x6b, 0x0f, 0x16, 0x84, 0x91, 0x01,
  0x05, 0x8d, 0xb0, 0x85, 0x44, 0x84, 0xb6, 0x8e, 0xe2, 0x85, 0xb0, 0xb0,
  0x86, 0x95, 0x8d, 0xb4, 0x86, 0xed, 0x85, 0x8e, 0x9b, 0x66, 0x62, 0x90,
  0x99, 0x71, 0x19, 0x6a, 0x50, 0x14, 0x01, 0x05, 0x67, 0x67, 0x01, 0x0c,
  0x1a, 0x6a, 0x1d, 0x07, 0x18, 0x63, 0x63, 0x18, 0x19, 0x41, 0xed, 0xf6,
  0x4a, 0xf1, 0x91, 0x94, 0xf9, 0xee, 0x85, 0x87, 0x9f, 0x97, 0x9f, 0x84,
  0x98, 0x90, 0x9c, 0x85, 0x85, 0x92, 0x95, 0x90, 0x9c, 0x97, 0xe0, 0xe8,
  0x97, 0xeb, 0xe7, 0xf9, 0xcb, 0xca, 0xc8, 0x44, 0x66, 0x17, 0x1c, 0x11,
  0x11, 0x01, 0x0e, 0x00, 0x1b, 0x07, 0x0a, 0x34, 0x06, 0x1b, 0x0a, 0x36,
  0x0d, 0x13, 0x18, 0x0e, 0x0f, 0x15, 0x6f, 0x00, 0x07, 0xfa, 0x9c, 0x5d,
  0x12, 0xdb, 0x81, 0x85, 0xe4, 0x92, 0x8f, 0x8f, 0x9e, 0x96, 0x82, 0x88,
  0x80, 0x85, 0x83, 0x8e, 0x81, 0x97, 0x90, 0x80, 0x80, 0x90, 0xe4, 0xee,
  0x95, 0xe4, 0x59, 0x5a, 0xfb, 0xd0, 0x6c, 0x17, 0x17, 0x6b, 0x17, 0x1c,
  0x13, 0x6a, 0x16, 0x1b, 0x05, 0x10, 0x6f, 0x11, 0x16, 0x62, 0x4a, 0x59,
  0x7e, 0x5f, 0xf3, 0xf9, 0xfc, 0xe1, 0xe9, 0x93, 0x96, 0xed, 0xeb, 0x90,
  0x9d, 0x95, 0x96, 0x9d, 0x9d, 0x94, 0xeb, 0x95, 0x95, 0x97, 0x95, 0xeb,
  0xe2, 0xfe, 0xf2, 0xd0, 0x43, 0xf5, 0x97, 0xef, 0x40, 0x14, 0x19, 0x13,
  0x6f, 0x4a, 0x7a, 0x15, 0x18, 0x03, 0x0e, 0x02, 0x1b, 0x10, 0x1f, 0x06,
  0x00, 0x0c, 0x35, 0x09, 0x1d, 0xd1, 0x60, 0x07, 0x06, 0x1d, 0x1c, 0x18,
  0x73, 0x9e, 0x9e, 0xf8, 0x7c, 0x51, 0xe2, 0xe8, 0x9d, 0x80, 0x8d, 0x99,
  0xef, 0x90, 0x84, 0x84, 0x87, 0x83, 0x81, 0x9a, 0x9d, 0x9d, 0x9b, 0x9e,
  0x9f, 0x91, 0xec, 0xe9, 0xe8, 0xfb, 0xd9, 0xdf, 0xd7, 0x42, 0x62, 0x69,
  0x66, 0x79, 0x6e, 0x11, 0x14, 0x6a, 0x6b, 0x69, 0x6f, 0x60, 0x67, 0x61,
  0x78, 0xd5, 0xc1, 0x47, 0x5b, 0xf7, 0xc1, 0xfd, 0xff, 0xf3, 0xeb, 0x96,
  0xec, 0xf8, 0xfd, 0xe1, 0xe9, 0xda, 0x95, 0x99, 0xff, 0x79, 0xd8, 0xed,
  0xfc, 0xcb, 0xc5, 0x4f, 0xd0, 0x5d, 0x49, 0x43, 0xd1, 0x60, 0x15, 0x6d,
  0x4b, 0xd2, 0x69, 0x6f, 0x6b, 0x11, 0x14, 0x6e, 0x66, 0x7f, 0x17, 0x1c,
  0x1d, 0x11, 0x6a, 0x61, 0x6b, 0x6a, 0x16, 0x13, 0x15, 0x6a, 0x64, 0x78,
  0x76, 0x76, 0x60, 0x63, 0x7a, 0xc8, 0xe6, 0xca, 0xc6, 0x54, 0xf0, 0xf5,
  0xf3, 0xe6, 0x94, 0x93, 0xe4, 0xf1, 0xe3, 0xee, 0xe6, 0xe0, 0x95, 0x9d,
  0x97, 0xe1, 0xe2, 0xe2, 0xec, 0xeb, 0xea, 0x95, 0xe2, 0xde, 0xf5, 0xe0,
  0xc3, 0x5d, 0xfc, 0xfa, 0xdc, 0x4f, 0xd4, 0x7c, 0xd4, 0xc0, 0x74, 0x45,
  0x7d, 0xf7, 0xff, 0x77, 0xc0, 0x46, 0xce, 0x55, 0x59, 0x41, 0xf3, 0xd2,
  0xcf, 0xe9, 0xdd, 0x7d, 0x6b, 0xc2, 0xe1, 0xfa, 0xfd, 0x49, 0x4a, 0x74,
  0x6a, 0x71, 0xe2, 0xcf, 0x6c, 0x51, 0x76, 0x60, 0x63, 0x60, 0x7e, 0x76,
  0xf1, 0x40, 0x61, 0xd8, 0x6f, 0x60, 0x6c, 0xd4, 0x93, 0x52, 0x15, 0x71,
  0x4a, 0x1c, 0x74, 0xe0, 0xf4, 0xc6, 0x4b, 0x67, 0x63, 0x60, 0x66, 0x42,
  0xdb, 0xc8, 0x5e, 0xc6, 0x67, 0x67, 0x73, 0x6f, 0x44, 0xf7, 0xe8, 0xcc,
  0x6b, 0x70, 0x4c, 0xd8, 0x71, 0xe7, 0xed, 0xe5, 0xdb, 0x7b, 0x57, 0x4d,
  0xe4, 0xff, 0x91, 0xeb, 0x7d, 0x6e, 0xc8, 0x96, 0xf2, 0xf3, 0xe2, 0x94,
  0x64, 0x16, 0xe2, 0x91, 0xf8, 0xf6, 0xef, 0xf6, 0x70, 0x40, 0x5f, 0xe6,
  0xf5, 0xd7, 0xe5, 0x91, 0x61, 0x14, 0x7a, 0xc0, 0xe0, 0xf2, 0xe6, 0xf1,
  0x6f, 0x15, 0x17, 0x54, 0x95, 0x97, 0xd0, 0x6b, 0xf0, 0x16, 0x6f, 0x72,
  0xe8, 0xc9, 0x67, 0xe5, 0x68, 0xcc, 0x10, 0x67, 0xe8, 0xf8, 0x5b, 0x59,
  0xe6, 0x10, 0x17, 0x94, 0x4f, 0x95, 0x95, 0x71, 0x17, 0x60, 0x68, 0xec,
  0x9c, 0xf5, 0xfd, 0x6c, 0x74, 0xdf, 0x59, 0x44, 0x7c, 0xe6, 0xff, 0x4b,
  0xe8, 0x66, 0x71, 0x12, 0x67, 0x87, 0x92, 0x1f, 0x12, 0xf8, 0x45, 0x6e,
  0x5c, 0x9d, 0xe2, 0x1d, 0x14, 0x40, 0xe7, 0x66, 0x16, 0xeb, 0x87, 0x68,
  0x1a, 0xf5, 0xce, 0xf5, 0x14, 0x91, 0x93, 0x6f, 0x6f, 0x4e, 0x7b, 0xcb,
  0xe4, 0xe4, 0xee, 0xe9, 0x67, 0x1a, 0x69, 0xe1, 0x99, 0x97, 0xf8, 0xdc,
  0x49, 0x1e, 0x48, 0x9d, 0x63, 0xc9, 0xe4, 0xfe, 0x9b, 0x11, 0x06, 0xe7,
  0x92, 0x54, 0xd5, 0x98, 0xe8, 0x0d, 0x19, 0xed, 0x9d, 0x7c, 0x66, 0x81,
  0xf0, 0x1d, 0x02, 0x78, 0x99, 0x57, 0x49, 0x84, 0xcb, 0x6e, 0x19, 0x07,
  0x9b, 0x98, 0x6b, 0x63, 0xea, 0x97, 0xcd, 0x18, 0x7f, 0x93, 0xd5, 0x19,
  0x97, 0x80, 0xd7, 0x07, 0x60, 0x98, 0xc4, 0x05, 0xec, 0x9d, 0x55, 0x65,
  0x64, 0xe5, 0x65, 0x67, 0xc5, 0x66, 0xe7, 0x85, 0x7a, 0x11, 0x74, 0xd8,
  0x16, 0x67, 0x91, 0xd1, 0xe5, 0x46, 0x55, 0xe4, 0x16, 0x11, 0x10, 0xfd,
  0x9c, 0x99, 0x64, 0x46, 0x66, 0x07, 0x70, 0x92, 0x97, 0x74, 0xf8, 0x16,
  0x79, 0x91, 0x52, 0x1f, 0x5c, 0x92, 0x6a, 0xfe, 0xeb, 0xe7, 0x16, 0x1e,
  0xeb, 0xeb, 0xea, 0x15, 0x79, 0x96, 0x79, 0x69, 0x7a, 0x87, 0x46, 0x74,
  0x71, 0xee, 0xea, 0x07, 0x17, 0x9a, 0x97, 0x11, 0xf6, 0x7f, 0xf0, 0xde,
  0x15, 0x7a, 0x90, 0xea, 0x1a, 0x66, 0x91, 0xf6, 0x6e, 0x15, 0xf8, 0x99,
  0x18, 0x75, 0x97, 0x5f, 0x73, 0x14, 0x5b, 0x9d, 0x95, 0x11, 0x6f, 0x9c,
  0xf3, 0x03, 0xd6, 0x98, 0x96, 0x60, 0x12, 0x93, 0xfc, 0x18, 0xe5, 0x9b,
  0xd7, 0x78, 0x10, 0xce, 0x99, 0x6b, 0x61, 0xe5, 0x84, 0xce, 0x04, 0xda,
  0xdf, 0xf7, 0x6a, 0xcd, 0x85, 0xec, 0x00, 0x10, 0x98, 0x72, 0x66, 0xe6,
  0xc5, 0xe5, 0x11, 0x14, 0x90, 0xda, 0x12, 0x97, 0xe6, 0x65, 0xfc, 0x5a,
  0x1e, 0x57, 0x94, 0xfa, 0x62, 0xef, 0x5f, 0x15, 0x7d, 0xe5, 0x99, 0x97,
  0x12, 0x42, 0xe2, 0x18, 0x67, 0x84, 0x98, 0x7d, 0x76, 0x65, 0x69, 0x7c,
  0xf3, 0xe6, 0x9c, 0xfe, 0x1c, 0x72, 0x15, 0x7a, 0xe9, 0x53, 0xed, 0x95,
  0xe3, 0x00, 0x07, 0x99, 0x14, 0xfc, 0x81, 0xf1, 0x40, 0x06, 0x05, 0x93,
  0xe0, 0x4a, 0x97, 0x96, 0x15, 0x05, 0xc5, 0x43, 0x75, 0x85, 0xc2, 0x51,
  0x75, 0xf2, 0x61, 0x1e, 0x92, 0xfe, 0xd4, 0x75, 0xc8, 0x90, 0x78, 0x14,
  0x5e, 0xe8, 0xfe, 0x6e, 0x16, 0x98, 0x97, 0x10, 0x14, 0xe9, 0x9c, 0x10,
  0x1a, 0x9c, 0x9d, 0x1d, 0x15, 0xef, 0x9e, 0x69, 0x1a, 0x7c, 0x93, 0x76,
  0x69, 0x91, 0xec, 0x66, 0x16, 0x10, 0x90, 0x90, 0x44, 0x51, 0x11, 0x6a,
  0xe6, 0xe9, 0xf8, 0xe8, 0xef, 0x01, 0x1a, 0x9b, 0x94, 0x49, 0xdb, 0x9d,
  0x6e, 0x6b, 0xd1, 0x6b, 0x94, 0xe1, 0x56, 0x77, 0xef, 0x74, 0x1d, 0x4d,
  0x92, 0xfc, 0x62, 0xdd, 0xd2, 0xdc, 0x16, 0xd9, 0x97, 0x64, 0x7b, 0x41,
  0x74, 0x96, 0xd8, 0x10, 0xf5, 0xe8, 0x15, 0x1c, 0x9c, 0x90, 0x15, 0x55,
  0x7e, 0x93, 0x68, 0x16, 0xe3, 0xfc, 0xe6, 0x6c, 0x14, 0x9a, 0xe3, 0x13,
  0x7a, 0xe3, 0x94, 0x1c, 0x65, 0x97, 0x95, 0x63, 0x6f, 0xf3, 0x95, 0xe2,
  0x19, 0x15, 0x93, 0x96, 0x1a, 0x75, 0x90, 0x95, 0x1d, 0x6d, 0xea, 0x55,
  0x12, 0xd7, 0x92, 0xf9, 0x6d, 0x10, 0xd8, 0xed, 0xcc, 0x57, 0xef, 0xff,
  0x62, 0x10, 0x97, 0x70, 0x44, 0x95, 0x53, 0x78, 0xf0, 0xde, 0x77, 0xde,
  0xd9, 0x4f, 0x7a, 0xee, 0xef, 0x60, 0x43, 0x57, 0x73, 0xc6, 0x61, 0x7f,
  0x9e, 0x90, 0x10, 0x61, 0xda, 0x17, 0xd2, 0x5c, 0xe6, 0x84, 0x62, 0x05,
  0xf6, 0xfd, 0x67, 0x62, 0xec, 0xef, 0x63, 0xd0, 0xc9, 0xef, 0x70, 0x1c,
  0xea, 0x46, 0x7d, 0xee, 0xea, 0x69, 0x71, 0xe5, 0x13, 0x45, 0xeb, 0xec,
  0xe5, 0x6a, 0x53, 0x5a, 0x6f, 0xe0, 0xee, 0xd4, 0x75, 0x66, 0xc0, 0x45,
  0x15, 0x95, 0xf8, 0xf1, 0x6d, 0xff, 0xe5, 0x1c, 0x64, 0xda, 0x51, 0xd9,
  0xe8, 0xe0, 0x73, 0x14, 0xe7, 0xe5, 0x13, 0x73, 0x40, 0xfa, 0x98, 0xe6,
  0xca, 0x1b, 0x10, 0x65, 0xff, 0x91, 0xe8, 0xea, 0x7a, 0x66, 0x42, 0x14,
  0x43, 0xf1, 0x58, 0xec, 0x99, 0xe7, 0x17, 0x1d, 0x6a, 0x4d, 0xf0, 0x96,
  0x9d, 0x90, 0x1d, 0x05, 0x4b, 0xe2, 0x13, 0xe4, 0xea, 0xef, 0xef, 0x4f,
  0x6a, 0x67, 0x5b, 0x6b, 0x63, 0x9e, 0x81, 0x7c, 0x1b, 0x7e, 0x91, 0x4e,
  0x12, 0xcb, 0xe3, 0xc8, 0x70, 0x5c, 0x97, 0xe1, 0x1d, 0x19, 0x94, 0x93,
  0x14, 0x6a, 0x9d, 0x9f, 0x6d, 0x04, 0x7d, 0xec, 0xc1, 0xef, 0xe7, 0xe6,
  0xe1, 0x12, 0x18, 0x46, 0x93, 0xeb, 0x76, 0x73, 0x91, 0x75, 0x1a, 0x1f,
  0x97, 0x9c, 0xfc, 0xcf, 0x68, 0x40, 0x70, 0x16, 0x42, 0x9d, 0x9f, 0x15,
  0x1c, 0xe6, 0x93, 0x7a, 0x04, 0xe8, 0x9b, 0xe5, 0x16, 0x6c, 0xe0, 0xf6,
  0x71, 0x79, 0xe6, 0xe1, 0x63, 0x62, 0x95, 0xef, 0x14, 0x1d, 0x90, 0xe9,
  0xfa, 0x70, 0x14, 0x69, 0x6a, 0xfa, 0x93, 0x91, 0x4c, 0x77, 0x16, 0x60,
  0x74, 0xe9, 0x70, 0x7a, 0x96, 0xe8, 0x65, 0x14, 0x7a, 0xeb, 0xf7, 0x10,
  0xf8, 0xf5, 0xf2, 0x4f, 0x5d, 0xdb, 0x5a, 0x62, 0xcd, 0xee, 0xe6, 0x7f,
  0x12, 0xff, 0x4a, 0x94, 0xfd, 0xcb, 0xf2, 0x60, 0xfd, 0x62, 0xca, 0xc0,
  0xf7, 0xff, 0x52, 0x4c, 0xfb, 0x6e, 0x6c, 0xe5, 0xf5, 0xe6, 0xf2, 0x55,
  0x6c, 0x47, 0xfe, 0x42, 0xc4, 0x43, 0x73, 0x67, 0x65, 0x9d, 0xfb, 0x57,
  0x15, 0x6a, 0x64, 0xd8, 0xed, 0x95, 0x93, 0x6d, 0x6e, 0x6a, 0x14, 0xf6,
  0xe3, 0xcb, 0xed, 0x91, 0x48, 0x6c, 0x1d, 0x6b, 0x65, 0x65, 0xeb, 0x9a,
  0x92, 0x7d, 0x13, 0x14, 0x6d, 0xd8, 0x96, 0x84, 0x87, 0x6c, 0x68, 0x75,
  0x15, 0x13, 0xf8, 0xe0, 0xe3, 0xc9, 0x95, 0xcd, 0x15, 0x13, 0x13, 0xdf,
  0xfc, 0xfb, 0x9e, 0xd6, 0x60, 0x67, 0x60, 0xdd, 0x57, 0x7c, 0x61, 0x94,
  0x93, 0xed, 0x44, 0x6f, 0x15, 0x17, 0x52, 0xf7, 0x97, 0xff, 0xea, 0xff,
  0x77, 0x6f, 0x6b, 0x65, 0xf0, 0xe1, 0xf1, 0xcb, 0x4a, 0x79, 0xdf, 0xd9,
  0xf5, 0x72, 0x67, 0x4b, 0xc1, 0xdd, 0xf3, 0x97, 0x56, 0x65, 0x77, 0x49,
  0x78, 0x16, 0xfe, 0x94, 0xca, 0xfc, 0xfd, 0x72, 0x79, 0x6e, 0x7b, 0xfc,
  0xfa, 0xea, 0xe6, 0x63, 0x11, 0x59, 0xe6, 0xdd, 0xe1, 0xe2, 0x49, 0x5a,
  0x71, 0xd2, 0xf8, 0x6f, 0x61, 0xef, 0xec, 0xfa, 0x64, 0x67, 0x5a, 0x7a,
  0x55, 0xeb, 0xe5, 0x62, 0x16, 0xe7, 0xcb, 0xda, 0xd3, 0xf3, 0x72, 0x6c,
  0xe1, 0xe3, 0xd9, 0x6c, 0x65, 0xdc, 0xdc, 0x7d, 0x95, 0xe9, 0x67, 0x61,
  0x7e, 0x55, 0x66, 0xfd, 0xef, 0xc2, 0xd0, 0xd9, 0x5d, 0x73, 0x46, 0x66,
  0x71, 0x51, 0xde, 0xe2, 0xe3, 0xe5, 0x7a, 0x7d, 0x66, 0xd5, 0x59, 0x49,
  0xe8, 0x58, 0x4b, 0xfa, 0xfa, 0x40, 0x63, 0x6f, 0x66, 0xec, 0xf0, 0xe0,
  0xec, 0xf9, 0x69, 0x15, 0x44, 0x5c, 0xf2, 0xca, 0xff, 0xdc, 0xfc, 0xf4,
  0x67, 0x66, 0xc5, 0x4d, 0x76, 0xd8, 0x56, 0xd3, 0xf3, 0xc2, 0xdd, 0x57,
  0x79, 0x78, 0x6c, 0x46, 0xe7, 0xe0, 0xe6, 0xd4, 0x6e, 0x15, 0x77, 0xf3,
  0xe7, 0xe5, 0xcc, 0x4c, 0x70, 0x47, 0xf6, 0xe0, 0xec, 0xd6, 0x77, 0x7b,
  0x66, 0x7d, 0x5b, 0xeb, 0x95, 0xde, 0xf3, 0x42, 0x79, 0x66, 0x61, 0x7d,
  0xf7, 0xdd, 0xf8, 0x96, 0xe2, 0x70, 0x64, 0x14, 0x61, 0x73, 0xf0, 0xe6,
  0xc5, 0xe9, 0xf4, 0x64, 0x6f, 0x66, 0x72, 0xd8, 0xe0, 0xfc, 0xce, 0xf7,
  0x45, 0x7f, 0x66, 0x7a, 0x58, 0xd5, 0xc9, 0x97, 0xfe, 0x5b, 0xee, 0xf2,
  0x65, 0x65, 0x7a, 0x6f, 0x65, 0xd1, 0xef, 0x9d, 0xfa, 0x51, 0xf8, 0x77,
  0x14, 0x6b, 0x61, 0x70, 0x44, 0xe8, 0x92, 0xe3, 0xd0, 0x77, 0x65, 0x6c,
  0x17, 0x68, 0xfb, 0xe6, 0xce, 0x92, 0x90, 0x7d, 0x1d, 0x16, 0x6f, 0x64,
  0x42, 0xe1, 0x96, 0xed, 0xfc, 0xe2, 0x7d, 0x1a, 0x12, 0x79, 0xd5, 0x56,
  0x94, 0x98, 0x97, 0x67, 0x64, 0x5d, 0x7c, 0x14, 0x7a, 0xf6, 0xec, 0xf9,
  0xf0, 0xf0, 0xc5, 0x72, 0x67, 0xd5, 0x61, 0x48, 0xf6, 0xf8, 0xe7, 0xe4,
  0xe0, 0x45, 0x14, 0x15, 0x76, 0xde, 0x53, 0xc6, 0xfc, 0xe7, 0xf6, 0x41,
  0x73, 0x7a, 0x65, 0x4e, 0xf2, 0xe2, 0xe5, 0xf0, 0x44, 0x6d, 0x15, 0x66,
  0x44, 0xd2, 0xe2, 0x96, 0xf3, 0x7e, 0x4c, 0x43, 0x6e, 0x78, 0xf2, 0xeb,
  0xe0, 0x95, 0xec, 0xe7, 0xda, 0x7c, 0x62, 0x63, 0xd2, 0xfd, 0xe3, 0xec,
  0x95, 0xe4, 0x5f, 0x72, 0x60, 0x6e, 0x69, 0x7c, 0xd6, 0xe4, 0xe4, 0xfa,
  0xfc, 0x5c, 0x78, 0x14, 0x14, 0x67, 0x40, 0xc7, 0xf7, 0xf8, 0xfa, 0xf8,
  0x49, 0x60, 0x62, 0x64, 0x73, 0x71, 0xd6, 0xff, 0xf2, 0xc2, 0x51, 0x74,
  0x66, 0x63, 0x64, 0x79, 0x5c, 0xcf, 0xf9, 0xfd, 0xf5, 0xc4, 0x5b, 0x79,
  0x66, 0x77, 0xd0, 0xf6, 0xf1, 0xf8, 0xfa, 0xf4, 0x5e, 0x7f, 0x60, 0x60,
  0x67, 0x66, 0x71, 0x55, 0xc0, 0xf7, 0xd0, 0x4c, 0x71, 0x63, 0x6a, 0x6a,
  0x63, 0x74, 0xdc, 0xcd, 0xf4, 0xfd, 0xf3, 0x51, 0x4f, 0x76, 0x70, 0x5e,
  0xd5, 0xfd, 0xe7, 0xe3, 0xe1, 0xe0, 0xe4, 0xff, 0xff, 0xff, 0xfc, 0xff,
  0xe1, 0xed, 0xec, 0xe3, 0xe9, 0xea, 0x95, 0xec, 0xe0, 0xec, 0xef, 0xe2,
  0xed, 0xee, 0xeb, 0x95, 0xe8, 0xed, 0xec, 0xed, 0xf8, 0xf3, 0xf4, 0xf7,
  0xfe, 0xf9, 0xf5, 0xf2, 0xf7, 0xcc, 0xc7, 0xc0, 0xc5, 0x53, 0x41, 0x7a,
  0x61, 0x6d, 0x65, 0x72, 0x7c, 0x67, 0x6e, 0x68, 0x12, 0x1b, 0x04, 0x04,
  0x07, 0x04, 0x05, 0x05, 0x07, 0x01, 0x01, 0x01, 0x00, 0x01, 0x07, 0x18,
  0x1c, 0x10, 0x6a, 0x7a, 0x4c, 0x56, 0xf2, 0xe3, 0xee, 0xe9, 0x95, 0x94,
  0x96, 0x93, 0x9c, 0x99, 0x9e, 0x9e, 0x9d, 0x92, 0x90, 0x97, 0xea, 0xec,
  0xec, 0xec, 0xe1, 0xe5, 0xfe, 0xfd, 0xfd, 0xf1, 0xc8, 0xc5, 0xd6, 0x53,
  0x49, 0x7c, 0x70, 0x40, 0xd0, 0xf7, 0xf3, 0xfa, 0xe6, 0xe4, 0xfa, 0xe5,
  0xe4, 0xe7, 0xe4, 0xe5, 0xfa, 0xf8, 0xfa, 0xe7, 0xe6, 0xe7, 0xe5, 0xfe,
  0xc4, 0x53, 0x57, 0xd4, 0xdd, 0x59, 0x5f, 0xdc, 0xcf, 0xcb, 0xcb, 0xfd,
  0xf8, 0xe4, 0xff, 0xfb, 0xe3, 0xef, 0xec, 0xef, 0xe9, 0xe9, 0xeb, 0xea,
  0xea, 0xeb, 0xe8, 0xe3, 0xe6, 0xe7, 0xe2, 0xef, 0xef, 0xeb, 0xe9, 0xef,
  0xed, 0xe2, 0xed, 0xe3, 0xfa, 0x5c, 0x6d, 0x12, 0x05, 0x00, 0x0c, 0x09,
  0x09, 0x35, 0x36, 0x30, 0x30, 0x31, 0x31, 0x36, 0x34, 0x09, 0x0e, 0x0c,
  0x01, 0x05, 0x17, 0x7a, 0xdb, 0xe7, 0x97, 0x99, 0x85, 0x84, 0x87, 0x81,
  0x80, 0x83, 0x80, 0x81, 0x87, 0x9a, 0x99, 0x9d, 0x96, 0x95, 0xe9, 0xe1,
  0xf1, 0xd7, 0xd3, 0xd6, 0x5c, 0x42, 0x4c, 0x47, 0x45, 0x57, 0xc1, 0xcb,
  0xf0, 0xe1, 0xea, 0x97, 0x97, 0x96, 0x91, 0x91, 0x91, 0x90, 0x93, 0x92,
  0x90, 0xea, 0xe0, 0xe7, 0xe0, 0xe1, 0xfa, 0xf1, 0xca, 0xf7, 0xcd, 0xd1,
  0x5c, 0x5f, 0x47, 0x71, 0x7a, 0x66, 0x6d, 0x68, 0x15, 0x17, 0x14, 0x6b,
  0x69, 0x68, 0x15, 0x6a, 0x6d, 0x60, 0x66, 0x65, 0x64, 0x66, 0x63, 0x60,
  0x67, 0x7a, 0x71, 0x5d, 0xcc, 0xf0, 0xf9, 0xe1, 0xef, 0x95, 0x96, 0x9d,
  0x9e, 0x98, 0x9b, 0x9b, 0x98, 0x9e, 0x9e, 0x99, 0x99, 0x9f, 0x9c, 0x9d,
  0x9d, 0x9d, 0x92, 0x92, 0x90, 0x96, 0xea, 0xe3, 0xf7, 0x4a, 0x6a, 0x1e,
  0x07, 0x0d, 0x08, 0x34, 0x36, 0x30, 0x33, 0x33, 0x30, 0x31, 0x34, 0x0a,
  0x0f, 0x02, 0x07, 0x1f, 0x6a, 0x79, 0xd1, 0xf8, 0xee, 0x90, 0x9e, 0x9a,
  0x85, 0x85, 0x87, 0x81, 0x80, 0x80, 0x81, 0x84, 0x98, 0x9f, 0x9d, 0x91,
  0xe8, 0xe1, 0xf0, 0xd4, 0x42, 0x77, 0x76, 0x73, 0x7e, 0x7a, 0x7d, 0x4d,
  0x59, 0x59, 0x5c, 0xdc, 0xf7, 0xf9, 0xe1, 0xe2, 0xe0, 0xe7, 0xe4, 0xe2,
  0xe9, 0x94, 0x97, 0x95, 0xe8, 0xee, 0xee, 0xe9, 0xed, 0xe7, 0xff, 0xf7,
  0xca, 0xc6, 0xdc, 0x54, 0x58, 0x45, 0x4e, 0x74, 0x70, 0x7d, 0x78, 0x61,
  0x61, 0x67, 0x67, 0x61, 0x63, 0x6d, 0x6e, 0x68, 0x6e, 0x6f, 0x6e, 0x69,
  0x6f, 0x6d, 0x6c, 0x6f, 0x61, 0x7b, 0x7f, 0x76, 0x47, 0xd1, 0xdb, 0xc0,
  0xf1, 0xff, 0xf8, 0xe6, 0xec, 0xe9, 0xee, 0xef, 0xe8, 0x95, 0x97, 0x96,
  0x91, 0x97, 0x95, 0xeb, 0xeb, 0xeb, 0xe8, 0xeb, 0xeb, 0x95, 0x95, 0x95,
  0xeb, 0xe9, 0xef, 0xe3, 0xe2, 0xed, 0xe0, 0xff, 0xc6, 0x46, 0x7a, 0x6f,
  0x15, 0x11, 0x1f, 0x05, 0x07, 0x07, 0x04, 0x04, 0x07, 0x06, 0x06, 0x07,
  0x07, 0x07, 0x04, 0x04, 0x05, 0x05, 0x1b, 0x1d, 0x12, 0x12, 0x10, 0x6a,
  0x6c, 0x66, 0x4b, 0xdf, 0xf4, 0xff, 0xed, 0x97, 0x92, 0x9f, 0x9e, 0x9f,
  0x9c, 0x9f, 0x9c, 0x9c, 0x9d, 0x93, 0x96, 0x95, 0x94, 0x96, 0x94, 0xeb,
  0xec, 0xef, 0xec, 0xee, 0xe9, 0xef, 0xe1, 0xff, 0xf1, 0xf7, 0xcd, 0xda,
  0xdf, 0xd6, 0x50, 0x58, 0xd7, 0xc1, 0xc9, 0xf1, 0xf3, 0xe4, 0xe2, 0xec,
  0xe2, 0xe0, 0xe2, 0xe6, 0xfa, 0xfb, 0xf8, 0xf1, 0xdc, 0x56, 0x59, 0x58,
  0x5c, 0x51, 0xd4, 0x5c, 0x4f, 0x73, 0x7b, 0x64, 0x66, 0x66, 0x6f, 0x68,
  0x6f, 0x6c, 0x69, 0x6a, 0x6a, 0x14, 0x10, 0x12, 0x10, 0x10, 0x11, 0x15,
  0x62, 0x65, 0x73, 0x42, 0x52, 0x57, 0xd0, 0xc2, 0xf1, 0xfb, 0xe0, 0xec,
  0xe8, 0x95, 0x97, 0x90, 0x92, 0x9d, 0x92, 0x93, 0x9d, 0x99, 0x9a, 0x9a,
  0x9b, 0x9b, 0x99, 0x99, 0x9e, 0x9e, 0x9f, 0x9d, 0x90, 0x97, 0x95, 0xe9,
  0xe4, 0xd6, 0x7a, 0x14, 0x1c, 0x05, 0x06, 0x00, 0x02, 0x0c, 0x0d, 0x02,
  0x02, 0x0f, 0x0e, 0x0f, 0x0f, 0x0c, 0x02, 0x01, 0x06, 0x00, 0x06, 0x1b,
  0x1d, 0x12, 0x10, 0x6a, 0x61, 0x79, 0x5e, 0xfc, 0xed, 0xea, 0x97, 0x92,
  0x99, 0x9a, 0x98, 0x99, 0x99, 0x99, 0x9f, 0x93, 0x92, 0x90, 0xeb, 0xe2,
  0xe2, 0xee, 0xe3, 0xe7, 0xed, 0xe9, 0xef, 0xee, 0xeb, 0xeb, 0xed, 0xf8,
  0xf1, 0xca, 0xc8, 0xf4, 0xc8, 0xce, 0xf5, 0xcf, 0xcb, 0xf3, 0xe7, 0xe2,
  0xe3, 0xef, 0x95, 0x94, 0x95, 0x94, 0x97, 0x94, 0xee, 0xe2, 0xe0, 0xfb,
  0xf7, 0xc4, 0xde, 0xd1, 0x5f, 0x44, 0x42, 0x77, 0x7e, 0x7a, 0x67, 0x6e,
  0x6a, 0x69, 0x6e, 0x15, 0x16, 0x11, 0x13, 0x1f, 0x1f, 0x13, 0x11, 0x13,
  0x12, 0x10, 0x10, 0x12, 0x11, 0x6a, 0x6f, 0x63, 0x7f, 0x45, 0x44, 0x52,
  0xca, 0xfc, 0xfa, 0xe2, 0xea, 0x95, 0xeb, 0x97, 0x93, 0x93, 0x9d, 0x9e,
  0x9f, 0x9d, 0x9d, 0x9e, 0x99, 0x9c, 0x9e, 0x99, 0x9c, 0x9c, 0x99, 0x9b,
  0x99, 0x9d, 0x9d, 0x93, 0x96, 0x94, 0x94, 0x95, 0xe7, 0xd6, 0x60, 0x10,
  0x19, 0x1a, 0x04, 0x06, 0x03, 0x02, 0x02, 0x00, 0x00, 0x03, 0x03, 0x00,
  0x00, 0x03, 0x03, 0x06, 0x04, 0x06, 0x07, 0x18, 0x1c, 0x1e, 0x1e, 0x10,
  0x69, 0x62, 0x79, 0xc7, 0xe4, 0xed, 0xea, 0x91, 0x9f, 0x99, 0x9e, 0x9d,
  0x92, 0x92, 0x93, 0x96, 0x97, 0x95, 0xe0, 0xff, 0xfe, 0xe1, 0xed, 0xe6,
  0xe1, 0xef, 0xed, 0xe3, 0xe8, 0x94, 0xe8, 0xe7, 0xff, 0xff, 0xce, 0xdc,
  0xcc, 0xc7, 0xdf, 0xd6, 0xd8, 0xf6, 0xf2, 0xff, 0xe4, 0xe0, 0xee, 0x95,
  0x95, 0x97, 0x96, 0x97, 0xea, 0xee, 0xec, 0xe3, 0xf8, 0xf4, 0xca, 0xc9,
  0xc1, 0xd8, 0xd2, 0x53, 0x44, 0x5b, 0xd4, 0x51, 0x75, 0x65, 0x69, 0x14,
  0x17, 0x11, 0x1d, 0x1f, 0x19, 0x1e, 0x19, 0x19, 0x1f, 0x1e, 0x19, 0x1e,
  0x19, 0x1c, 0x16, 0x15, 0x69, 0x6d, 0x7d, 0x5e, 0x5d, 0xc6, 0xfa, 0xe7,
  0xe7, 0xed, 0xea, 0x97, 0x96, 0x93, 0x9f, 0x9e, 0x99, 0x98, 0x98, 0x98,
  0x99, 0x98, 0x9a, 0x9b, 0x9b, 0x99, 0x9e, 0x9e, 0x98, 0x98, 0x99, 0x9c,
  0x92, 0x92, 0x92, 0x90, 0x96, 0x94, 0xea, 0xee, 0xfd, 0x79, 0x10, 0x1b,
  0x1a, 0x04, 0x06, 0x03, 0x0c, 0x0c, 0x0d, 0x03, 0x03, 0x02, 0x0d, 0x0c,
  0x0f, 0x0c, 0x00, 0x06, 0x01, 0x00, 0x01, 0x07, 0x07, 0x04, 0x19, 0x13,
  0x11, 0x6a, 0x65, 0xd0, 0xfc, 0xe0, 0x94, 0x9d, 0x9e, 0x9e, 0x9f, 0x9f,
  0x9e, 0x9f, 0x9d, 0x92, 0x91, 0xea, 0xe6, 0xfa, 0xe3, 0xed, 0xe6, 0xe0,
  0xe9, 0x95, 0x95, 0x94, 0x90, 0x90, 0x95, 0xeb, 0x95, 0xea, 0xee, 0xec,
  0xed, 0xe4, 0xfc, 0xe5, 0xe7, 0xf8, 0xf8, 0xe4, 0xe1, 0xec, 0x95, 0x97,
  0x90, 0x92, 0x92, 0x91, 0x97, 0x97, 0xeb, 0xe1, 0xe5, 0xe5, 0xf3, 0xd8,
  0xd5, 0x40, 0x71, 0x78, 0x78, 0x7e, 0x66, 0x62, 0x6f, 0x69, 0x15, 0x13,
  0x19, 0x18, 0x18, 0x1e, 0x19, 0x1b, 0x05, 0x01, 0x01, 0x07, 0x05, 0x18,
  0x19, 0x1f, 0x13, 0x10, 0x6a, 0x7a, 0x49, 0x40, 0x5b, 0xdb, 0xfa, 0xec,
  0x95, 0x91, 0x91, 0x91, 0x92, 0x9c, 0x98, 0x9a, 0x85, 0x84, 0x84, 0x87,
  0x86, 0x87, 0x86, 0x86, 0x87, 0x84, 0x85, 0x85, 0x84, 0x85, 0x85, 0x9a,
  0x98, 0x9f, 0x92, 0x91, 0x96, 0x97, 0x95, 0xee, 0xe5, 0x76, 0x11, 0x1a,
  0x05, 0x05, 0x01, 0x0d, 0x09, 0x09, 0x0c, 0x0d, 0x02, 0x0d, 0x0f, 0x0f,
  0x09, 0x0c, 0x00, 0x06, 0x00, 0x02, 0x03, 0x06, 0x07, 0x07, 0x05, 0x1b,
  0x1a, 0x1e, 0x17, 0x7a, 0x55, 0xce, 0xe0, 0x97, 0x91, 0x9d, 0x9f, 0x99,
  0x98, 0x99, 0x9e, 0x9c, 0x93, 0x91, 0x95, 0xe8, 0xe9, 0xe2, 0xe7, 0xe4,
  0xed, 0x95, 0x97, 0x96, 0x91, 0x96, 0x97, 0x96, 0x90, 0x90, 0x90, 0x97,
  0x94, 0xea, 0xeb, 0x94, 0x95, 0xed, 0xe1, 0xe0, 0xef, 0xe9, 0xeb, 0x95,
  0x94, 0x95, 0x95, 0x94, 0x96, 0x94, 0xef, 0xe7, 0xe5, 0xfa, 0xfd, 0xcf,
  0xd1, 0x46, 0x73, 0x7b, 0x67, 0x63, 0x69, 0x14, 0x16, 0x10, 0x12, 0x19,
  0x19, 0x12, 0x13, 0x1f, 0x1f, 0x1c, 0x1c, 0x1a, 0x1b, 0x1c, 0x19, 0x05,
  0x1e, 0x10, 0x14, 0x14, 0x6e, 0x63, 0x6e, 0x62, 0x4d, 0xdc, 0xc6, 0xfd,
  0xe3, 0xe8, 0xeb, 0x96, 0x9c, 0x9d, 0x92, 0x99, 0x9b, 0x9b, 0x9a, 0x84,
  0x86, 0x84, 0x9a, 0x85, 0x85, 0x9a, 0x85, 0x84, 0x85, 0x85, 0x85, 0x85,
  0x85, 0x98, 0x9e, 0x92, 0x97, 0x97, 0x94, 0xec, 0xe4, 0xc3, 0x65, 0x12,
  0x05, 0x05, 0x07, 0x03, 0x0f, 0x09, 0x0e, 0x0d, 0x02, 0x02, 0x0c, 0x0e,
  0x0f, 0x0e, 0x0d, 0x06, 0x01, 0x03, 0x0c, 0x00, 0x05, 0x05, 0x04, 0x1a,
  0x1b, 0x18, 0x1c, 0x6e, 0x4e, 0x52, 0xdb, 0xe0, 0x96, 0x92, 0x9e, 0x9b,
  0x98, 0x98, 0x9e, 0x9e, 0x9e, 0x9c, 0x9d, 0x97, 0xeb, 0xea, 0xee, 0xec,
  0xef, 0x95, 0x94, 0xeb, 0x94, 0x90, 0x90, 0x93, 0x9d, 0x9c, 0x92, 0x90,
  0x93, 0x92, 0x90, 0x96, 0x96, 0x97, 0x95, 0xee, 0xef, 0xea, 0xea, 0xef,
  0xed, 0xef, 0xeb, 0xe8, 0xeb, 0xee, 0xe0, 0xe4, 0xf8, 0xfd, 0xf7, 0xcd,
  0xdd, 0x4d, 0x70, 0x7d, 0x64, 0x63, 0x6b, 0x10, 0x1e, 0x1a, 0x19, 0x1f,
  0x1a, 0x07, 0x01, 0x07, 0x18, 0x1b, 0x05, 0x07, 0x01, 0x07, 0x1a, 0x10,
  0x6c, 0x17, 0x11, 0x6b, 0x6d, 0x73, 0x4e, 0x72, 0x7f, 0x64, 0x53, 0xe6,
  0xe1, 0xea, 0x96, 0x94, 0x93, 0x98, 0x87, 0x81, 0x87, 0x81, 0x83, 0x83,
  0x8d, 0x8d, 0x83, 0x81, 0x87, 0x87, 0x86, 0x86, 0x87, 0x84, 0x85, 0x85,
  0x9a, 0x99, 0x9f, 0x90, 0x94, 0x97, 0xee, 0xe1, 0xc3, 0x69, 0x1f, 0x07,
  0x01, 0x00, 0x0e, 0x0a, 0x35, 0x0a, 0x0e, 0x0c, 0x0f, 0x09, 0x08, 0x0b,
  0x0e, 0x02, 0x00, 0x00, 0x0f, 0x0e, 0x03, 0x06, 0x04, 0x04, 0x07, 0x07,
  0x07, 0x1e, 0x68, 0x72, 0x51, 0xdd, 0xe4, 0x91, 0x99, 0x85, 0x85, 0x85,
  0x9b, 0x98, 0x85, 0x84, 0x84, 0x9e, 0x91, 0x94, 0x97, 0x91, 0x97, 0x94,
  0x94, 0xe9, 0xeb, 0x97, 0x93, 0x9c, 0x93, 0x90, 0x92, 0x93, 0x92, 0x9c,
  0x92, 0x91, 0x97, 0x95, 0x94, 0x95, 0xe9, 0xe8, 0xec, 0xe0, 0xe3, 0xe3,
  0xec, 0xec, 0xe1, 0xe6, 0xe1, 0xf8, 0xf3, 0xf4, 0xf4, 0xf5, 0xdd, 0x57,
  0xd4, 0x47, 0x4e, 0x7d, 0x60, 0x6b, 0x13, 0x1d, 0x1d, 0x18, 0x05, 0x04,
  0x04, 0x04, 0x07, 0x05, 0x18, 0x06, 0x00, 0x04, 0x1b, 0x1e, 0x1d, 0x14,
  0x69, 0x16, 0x6b, 0x72, 0x7d, 0x76, 0x5e, 0xd1, 0xde, 0xc2, 0xe2, 0x94,
  0xe9, 0x94, 0x9d, 0x9f, 0x9a, 0x84, 0x86, 0x81, 0x86, 0x81, 0x83, 0x81,
  0x80, 0x81, 0x87, 0x87, 0x87, 0x87, 0x87, 0x84, 0x85, 0x85, 0x9a, 0x98,
  0x9e, 0x9f, 0x90, 0x95, 0xec, 0xfa, 0x5a, 0x17, 0x1e, 0x05, 0x06, 0x02,
  0x09, 0x0b, 0x08, 0x0e, 0x0c, 0x0d, 0x0c, 0x0c, 0x0d, 0x0c, 0x03, 0x07,
  0x07, 0x01, 0x00, 0x01, 0x05, 0x1a, 0x1a, 0x1b, 0x1a, 0x1a, 0x1c, 0x15,
  0x7f, 0x41, 0x54, 0xf0, 0xea, 0x9f, 0x9a, 0x85, 0x9a, 0x9b, 0x98, 0x98,
  0x9a, 0x9a, 0x9d, 0x94, 0xe8, 0xe9, 0xe9, 0xe9, 0xed, 0xe0, 0xf9, 0xfd,
  0xed, 0x95, 0x94, 0xea, 0xe9, 0x95, 0x97, 0x96, 0x90, 0x91, 0x94, 0x94,
  0x97, 0x97, 0x94, 0xee, 0xe2, 0xef, 0xed, 0xec, 0xed, 0xe3, 0xe0, 0xe7,
  0xe7, 0xe3, 0xe1, 0xe5, 0xfe, 0xfc, 0xfc, 0xf3, 0xce, 0x57, 0x51, 0x49,
  0x64, 0x66, 0x67, 0x61, 0x6b, 0x11, 0x16, 0x16, 0x1f, 0x1a, 0x05, 0x07,
  0x01, 0x02, 0x02, 0x0c, 0x0c, 0x03, 0x07, 0x05, 0x12, 0x62, 0x7e, 0x58,
  0xd0, 0xf8, 0xee, 0xe9, 0x94, 0x91, 0x91, 0x90, 0x92, 0x9f, 0x9e, 0x98,
  0x9a, 0x84, 0x87, 0x80, 0x83, 0x80, 0x83, 0x83, 0x83, 0x83, 0x83, 0x83,
  0x82, 0x8d, 0x8c, 0x8c, 0x8d, 0x82, 0x80, 0x86, 0x9a, 0x92, 0x95, 0xfe,
  0x7b, 0x1d, 0x06, 0x0f, 0x35, 0x31, 0x33, 0x3d, 0x3c, 0x3d, 0x33, 0x30,
  0x36, 0x35, 0x0c, 0x05, 0x16, 0x40, 0x95, 0x9b, 0x86, 0x83, 0x8c, 0x89,
  0x89, 0x8c, 0x81, 0x9b, 0x92, 0x95, 0xfe, 0x45, 0x61, 0x17, 0x10, 0x11,
  0x16, 0x15, 0x14, 0x15, 0x6c, 0x64, 0x7c, 0x4d, 0xd6, 0xd3, 0x5b, 0x40,
  0xdb, 0xf9, 0xe7, 0xe5, 0xe7, 0xef, 0x97, 0x92, 0x9f, 0x9e, 0x9c, 0x9d,
  0x9c, 0x9c, 0x93, 0x94, 0xe2, 0xfb, 0xce, 0x57, 0x50, 0x5a, 0x71, 0x7b,
  0x79, 0x71, 0x45, 0xdf, 0xf3, 0xe4, 0xe1, 0xe9, 0x91, 0x92, 0x92, 0x91,
  0x94, 0x95, 0xee, 0xe2, 0xe7, 0xf5, 0x51, 0x4c, 0x66, 0x6b, 0x12, 0x1b,
  0x04, 0x06, 0x01, 0x00, 0x01, 0x07, 0x18, 0x1a, 0x05, 0x19, 0x1d, 0x16,
  0x68, 0x7c, 0xca, 0xe3, 0xe9, 0x93, 0x9c, 0x9e, 0x9b, 0x9a, 0x9b, 0x9f,
  0x92, 0x9c, 0x9d, 0x96, 0x97, 0xe9, 0xee, 0x94, 0xea, 0x97, 0x94, 0xea,
  0x96, 0x90, 0x91, 0x90, 0x91, 0x90, 0x93, 0x90, 0x92, 0x92, 0x92, 0x9c,
  0x90, 0x97, 0x91, 0x91, 0x95, 0xf0, 0x63, 0x1d, 0x01, 0x08, 0x37, 0x33,
  0x3f, 0x3e, 0x3e, 0x3c, 0x3d, 0x30, 0x0a, 0x03, 0x1d, 0x73, 0xeb, 0x86,
  0x8c, 0x8e, 0x88, 0x88, 0x89, 0x8c, 0x86, 0x9e, 0x94, 0xe5, 0xf5, 0xd7,
  0x4c, 0x74, 0x7d, 0x75, 0x52, 0x5f, 0x5a, 0x74, 0x7b, 0x6d, 0x17, 0x10,
  0x11, 0x16, 0x14, 0x69, 0x65, 0xc1, 0xe8, 0x9f, 0x84, 0x81, 0x82, 0x8c,
  0x8c, 0x80, 0x84, 0x92, 0xe3, 0x50, 0x61, 0x17, 0x1d, 0x1e, 0x1e, 0x12,
  0x15, 0x67, 0x58, 0xf7, 0xe4, 0xe3, 0xef, 0xee, 0xe9, 0xe0, 0xfd, 0xc3,
  0xd0, 0xd8, 0xf5, 0xf3, 0xe4, 0xec, 0x95, 0x96, 0x91, 0x97, 0xeb, 0xe6,
  0xc3, 0x7f, 0x14, 0x18, 0x06, 0x03, 0x0c, 0x0c, 0x02, 0x01, 0x05, 0x1c,
  0x14, 0x64, 0x41, 0xcb, 0xe7, 0xe3, 0xec, 0xe9, 0x95, 0x95, 0x94, 0x95,
  0x96, 0x90, 0x93, 0x9c, 0x9d, 0x9c, 0x9c, 0x9c, 0x93, 0x97, 0xe9, 0xed,
  0xfa, 0xf6, 0xf3, 0xf6, 0xf6, 0xfb, 0xef, 0x94, 0x96, 0x93, 0x9c, 0x99,
  0x99, 0x98, 0x99, 0x9e, 0x9f, 0x92, 0x97, 0xe8, 0xec, 0xfb, 0x75, 0x11,
  0x07, 0x0f, 0x34, 0x30, 0x3d, 0x3f, 0x3f, 0x3c, 0x33, 0x37, 0x09, 0x07,
  0x15, 0xde, 0x95, 0x9b, 0x80, 0x8d, 0x8d, 0x82, 0x81, 0x87, 0x9a, 0x9f,
  0x91, 0xea, 0xea, 0x95, 0xee, 0xe1, 0xfe, 0xc2, 0x41, 0x60, 0x17, 0x1d,
  0x1a, 0x07, 0x07, 0x04, 0x19, 0x17, 0x7f, 0xfc, 0x95, 0x9e, 0x86, 0x83,
  0x8d, 0x82, 0x81, 0x84, 0x99, 0x96, 0xe1, 0xc0, 0x43, 0x7e, 0x7a, 0x79,
  0x7c, 0x76, 0x4b, 0x43, 0x5a, 0x74, 0x65, 0x61, 0x62, 0x68, 0x15, 0x68,
  0x64, 0x45, 0xf5, 0xed, 0x91, 0x9e, 0x85, 0x84, 0x85, 0x98, 0x92, 0xeb,
  0xf8, 0x5b, 0x63, 0x17, 0x12, 0x1e, 0x18, 0x1b, 0x18, 0x1f, 0x1f, 0x1c,
  0x13, 0x11, 0x17, 0x17, 0x17, 0x14, 0x6a, 0x6e, 0x64, 0x46, 0xf5, 0xe2,
  0x91, 0x9e, 0x85, 0x85, 0x85, 0x9a, 0x9f, 0x91, 0xef, 0xff, 0xc6, 0xd7,
  0x50, 0x56, 0xc5, 0xfa, 0xe8, 0x94, 0x96, 0x93, 0x90, 0x96, 0x94, 0xe8,
  0xec, 0xe2, 0xe0, 0xed, 0xe8, 0x97, 0x90, 0x93, 0x9c, 0x9e, 0x9c, 0x91,
  0xeb, 0xf5, 0x69, 0x07, 0x08, 0x37, 0x33, 0x3f, 0x39, 0x3f, 0x32, 0x36,
  0x0b, 0x06, 0x6b, 0xd5, 0xe1, 0x90, 0x99, 0x9b, 0x98, 0x9e, 0x9e, 0x9e,
  0x9c, 0x99, 0x84, 0x87, 0x84, 0x9a, 0x98, 0x9f, 0xea, 0x56, 0x69, 0x1c,
  0x07, 0x0d, 0x0f, 0x02, 0x01, 0x05, 0x10, 0x77, 0xe3, 0x92, 0x9a, 0x87,
  0x86, 0x87, 0x85, 0x9e, 0x93, 0x97, 0xe8, 0xee, 0xea, 0x94, 0x94, 0x94,
  0x95, 0xe3, 0xca, 0x4c, 0x62, 0x11, 0x18, 0x05, 0x1a, 0x19, 0x1d, 0x6b,
  0x47, 0xe5, 0xea, 0x92, 0x9a, 0x84, 0x9a, 0x9f, 0x92, 0x97, 0xed, 0xf8,
  0xf7, 0xc2, 0xd3, 0x57, 0x52, 0x51, 0x47, 0x64, 0x14, 0x1c, 0x1a, 0x06,
  0x00, 0x00, 0x07, 0x05, 0x1f, 0x14, 0x64, 0x58, 0xf3, 0xed, 0xee, 0xec,
  0xee, 0xee, 0xe0, 0xe7, 0xe0, 0xe0, 0xe3, 0xef, 0xea, 0x95, 0x95, 0xeb,
  0xec, 0xe1, 0xe7, 0xf8, 0xc3, 0xdb, 0xf6, 0xf8, 0xfb, 0xe2, 0x97, 0x90,
  0x93, 0x92, 0x9d, 0x92, 0x91, 0x91, 0x91, 0x95, 0xea, 0xea, 0xeb, 0xec,
  0xe2, 0xe2, 0xfb, 0x75, 0x10, 0x01, 0x0b, 0x36, 0x32, 0x3f, 0x3f, 0x32,
  0x31, 0x34, 0x02, 0x14, 0xde, 0xe0, 0x91, 0x85, 0x84, 0x99, 0x92, 0x9e,
  0x9a, 0x98, 0x99, 0x84, 0x81, 0x80, 0x87, 0x9b, 0x92, 0xee, 0x4c, 0x10,
  0x04, 0x01, 0x0d, 0x0e, 0x0d, 0x04, 0x1d, 0x69, 0xd0, 0xe8, 0x93, 0x9c,
  0x99, 0x99, 0x9c, 0x92, 0x93, 0x93, 0x92, 0x9c, 0x9b, 0x9a, 0x9b, 0x9e,
  0x93, 0xe8, 0xc5, 0x6d, 0x13, 0x1b, 0x07, 0x01, 0x06, 0x1a, 0x10, 0x6f,
  0x4a, 0xf8, 0x95, 0x94, 0xeb, 0x95, 0x94, 0xe9, 0xe2, 0xef, 0x94, 0x91,
  0x93, 0x9d, 0x9c, 0x92, 0x95, 0xf2, 0x72, 0x14, 0x18, 0x01, 0x0d, 0x0c,
  0x0d, 0x03, 0x06, 0x19, 0x17, 0x66, 0x70, 0x4f, 0x5a, 0x5c, 0xd1, 0xc6,
  0xcc, 0xe5, 0xeb, 0x91, 0x92, 0x98, 0x84, 0x85, 0x9f, 0x93, 0x94, 0xe0,
  0xc0, 0x42, 0x72, 0x71, 0x5f, 0xdf, 0xf7, 0xe2, 0x97, 0x96, 0x97, 0x97,
  0x94, 0xef, 0xe0, 0xe2, 0xef, 0x95, 0x90, 0x9c, 0x9e, 0x99, 0x99, 0x9e,
  0x93, 0x97, 0xee, 0xd8, 0x6a, 0x06, 0x0b, 0x36, 0x33, 0x3c, 0x3e, 0x3c,
  0x31, 0x34, 0x0b, 0x06, 0x6c, 0x40, 0x42, 0xff, 0x90, 0x9f, 0x93, 0x9c,
  0x86, 0x8d, 0x8c, 0x8d, 0x8e, 0x88, 0x8c, 0x84, 0x96, 0xe5, 0x65, 0x1b,
  0x03, 0x02, 0x02, 0x0d, 0x02, 0x05, 0x11, 0x6a, 0x63, 0x59, 0xf2, 0xff,
  0xe4, 0xee, 0x97, 0x93, 0x9b, 0x81, 0x82, 0x8d, 0x8c, 0x8d, 0x80, 0x9a,
  0x91, 0xe0, 0x5f, 0x69, 0x12, 0x1c, 0x1c, 0x1f, 0x1f, 0x12, 0x15, 0x6f,
  0x6b, 0x6a, 0x61, 0x7c, 0x79, 0x4a, 0xf9, 0x94, 0x90, 0x9c, 0x85, 0x87,
  0x84, 0x9a, 0x9e, 0x96, 0xe6, 0x50, 0x64, 0x15, 0x1d, 0x1b, 0x1a, 0x05,
  0x05, 0x05, 0x1b, 0x19, 0x19, 0x19, 0x12, 0x16, 0x14, 0x6e, 0x75, 0xf9,
  0xe2, 0x95, 0x9c, 0x9b, 0x98, 0x9f, 0x9f, 0x9d, 0x94, 0xe8, 0xe2, 0xfb,
  0xfc, 0xfb, 0xf8, 0xf4, 0xf9, 0xe3, 0xe5, 0xfc, 0xe5, 0xe7, 0xff, 0xf2,
  0xe6, 0xe2, 0xec, 0x94, 0x91, 0x90, 0x9d, 0x9e, 0x9f, 0x90, 0x91, 0x97,
  0xea, 0xe2, 0xe7, 0xfc, 0x75, 0x1d, 0x0d, 0x35, 0x36, 0x32, 0x3e, 0x3f,
  0x33, 0x36, 0x34, 0x0f, 0x1d, 0x70, 0x78, 0x76, 0xed, 0x9c, 0x90, 0x96,
  0x85, 0x82, 0x8c, 0x8c, 0x89, 0xb5, 0x8b, 0x80, 0x9c, 0xe9, 0xc3, 0x15,
  0x04, 0x01, 0x06, 0x01, 0x00, 0x05, 0x17, 0x6b, 0x17, 0x68, 0x7a, 0x79,
  0x65, 0x5c, 0xe1, 0x96, 0x9e, 0x86, 0x8c, 0x8e, 0x8e, 0x8e, 0x8d, 0x86,
  0x92, 0xef, 0xf9, 0x58, 0x62, 0x6b, 0x62, 0x62, 0x15, 0x11, 0x17, 0x17,
  0x1f, 0x1a, 0x1e, 0x13, 0x10, 0x16, 0x78, 0xe7, 0x96, 0x9d, 0x98, 0x87,
  0x87, 0x99, 0x92, 0x93, 0x97, 0xe0, 0xf7, 0xf3, 0xda, 0x65, 0x6a, 0x17,
  0x1e, 0x04, 0x05, 0x1a, 0x01, 0x00, 0x19, 0x13, 0x19, 0x13, 0x75, 0xc1,
  0xd4, 0xfe, 0x90, 0x92, 0x93, 0x9f, 0x9f, 0x93, 0x9d, 0x9d, 0x94, 0xed,
  0x94, 0x97, 0xfc, 0xcf, 0xe2, 0xef, 0xc9, 0xc2, 0xe0, 0xe0, 0xf2, 0xfe,
  0xec, 0xed, 0xe6, 0xee, 0xeb, 0xe8, 0x94, 0x91, 0x94, 0xe2, 0x95, 0x91,
  0xeb, 0xe4, 0xe3, 0xf8, 0x6f, 0x06, 0x09, 0x35, 0x36, 0x32, 0x3d, 0x31,
  0x0a, 0x0b, 0x0e, 0x05, 0x6e, 0x14, 0x1f, 0x6a, 0xdc, 0xc1, 0x55, 0xe8,
  0x81, 0x8e, 0x8f, 0x89, 0xb4, 0xb5, 0x8c, 0x85, 0x9d, 0x95, 0x55, 0x15,
  0x17, 0x6c, 0x6d, 0x17, 0x17, 0x6d, 0x6c, 0x13, 0x18, 0x1f, 0x1c, 0x1e,
  0x12, 0x64, 0xf6, 0xe2, 0x91, 0x85, 0x86, 0x87, 0x85, 0x85, 0x98, 0x91,
  0x95, 0x94, 0x97, 0xea, 0xee, 0xea, 0x95, 0xe0, 0xdd, 0x7f, 0x63, 0x17,
  0x1f, 0x18, 0x1d, 0x11, 0x16, 0x6a, 0x7f, 0xd0, 0xdd, 0xdc, 0xf1, 0xf9,
  0xcc, 0x55, 0xcd, 0xfb, 0xe7, 0xe5, 0xe4, 0xe4, 0xf8, 0xf1, 0xda, 0x76,
  0x66, 0x67, 0x63, 0x14, 0x10, 0x68, 0x6d, 0x11, 0x10, 0x60, 0x7a, 0x6a,
  0x6a, 0x74, 0x5d, 0x77, 0xdd, 0xe0, 0xef, 0xec, 0x94, 0x93, 0x90, 0x90,
  0x9d, 0x9d, 0x90, 0x90, 0x92, 0x93, 0x91, 0x96, 0x93, 0x96, 0xe8, 0xe2,
  0xe2, 0xe6, 0xf0, 0xcc, 0xf2, 0xfa, 0xe4, 0xfc, 0xf3, 0xff, 0xf3, 0xcb,
  0x5b, 0x75, 0x72, 0x15, 0x05, 0x03, 0x02, 0x0c, 0x0a, 0x34, 0x0e, 0x06,
  0x01, 0x03, 0x19, 0x6d, 0x17, 0x05, 0x1c, 0x76, 0x4b, 0x6e, 0x4b, 0x92,
  0x84, 0x9c, 0x9c, 0x81, 0x82, 0x98, 0xee, 0x97, 0x9d, 0xed, 0x43, 0xc4,
  0xea, 0xef, 0xd7, 0xdd, 0xed, 0xe2, 0x5a, 0x7a, 0x50, 0xc6, 0x72, 0x63,
  0x77, 0xc3, 0xd4, 0x48, 0xd1, 0xfe, 0xf0, 0x53, 0x58, 0xdf, 0xd7, 0x4a,
  0x75, 0xd5, 0xcf, 0xc9, 0xf6, 0xe5, 0xe1, 0xe4, 0xf8, 0xf9, 0xfd, 0xcf,
  0xc7, 0xcf, 0xf5, 0xc8, 0xcf, 0xf4, 0xf7, 0xc9, 0xda, 0xdd, 0xd2, 0x57,
  0x45, 0x40, 0x5b, 0x59, 0x47, 0x46, 0x5b, 0x46, 0x4e, 0x4d, 0x47, 0x4d,
  0x4b, 0x42, 0x44, 0x40, 0x42, 0x46, 0x5e, 0x5e, 0x5a, 0x58, 0x5e, 0x5f,
  0x58, 0x41, 0x4f, 0x43, 0x47, 0x41, 0x42, 0x45, 0x52, 0x5f, 0x59, 0xd1,
  0xc0, 0xc6, 0xc5, 0xce, 0xf6, 0xf4, 0xca, 0xf7, 0xfd, 0xfc, 0xfd, 0xf2,
  0xfe, 0xf8, 0xfd, 0xf4, 0xca, 0xf6, 0xf6, 0xca, 0xf5, 0xf1, 0xf4, 0xc9,
  0xf5, 0xf1, 0xf7, 0xc9, 0xc2, 0xc7, 0xd2, 0x52, 0x44, 0x49, 0x76, 0x7c,
  0x78, 0x7b, 0x7a, 0x65, 0x67, 0x66, 0x61, 0x60, 0x63, 0x6d, 0x6f, 0x6e,
  0x6f, 0x6f, 0x6f, 0x62, 0x61, 0x61, 0x60, 0x61, 0x66, 0x66, 0x61, 0x66,
  0x65, 0x7b, 0x7d, 0x48, 0x5d, 0xdd, 0xc7, 0xca, 0xf3, 0xf8, 0xe5, 0xe6,
  0xe0, 0xe0, 0xe2, 0xed, 0xef, 0xee, 0xee, 0xef, 0xed, 0xe2, 0xe3, 0xe1,
  0xe7, 0xe5, 0xfe, 0xf2, 0xf3, 0xf0, 0xf6, 0xf4, 0xca, 0xc9, 0xcf, 0xcc,
  0xc3, 0xc5, 0xd9, 0xd0, 0x56, 0x5d, 0x5e, 0x5a, 0x43, 0x4f, 0x4f, 0x4f,
  0x49, 0x4b, 0x49, 0x49, 0x49, 0x49, 0x4f, 0x43, 0x46, 0x47, 0x58, 0x50,
  0xd5, 0xd7, 0xd0, 0xdd, 0xdc, 0xd0, 0xd4, 0x55, 0x51, 0x5f, 0x5a, 0x44,
  0x47, 0x43, 0x4c, 0x4c, 0x4f, 0x48, 0x4a, 0x4a, 0x4a, 0x75, 0x4b, 0x4f,
  0x40, 0x47, 0x5e, 0x51, 0xd6, 0xdf, 0xda, 0xc1, 0xcc, 0xc8, 0xca, 0xf4,
  0xf6, 0xf6, 0xf6, 0xf6, 0xf6, 0xf1, 0xf6, 0xf7, 0xf4, 0xf4, 0xf4, 0xcb,
  0xce, 0xcd, 0xc3, 0xc7, 0xdb, 0xda, 0xd9, 0xd3, 0xd5, 0x56, 0x52, 0x5b,
  0x42, 0x74, 0x70, 0x7d, 0x7c, 0x7c, 0x7f, 0x79, 0x7a, 0x65, 0x65, 0x7a,
  0x65, 0x64, 0x66, 0x66, 0x67, 0x64, 0x65, 0x7b, 0x78, 0x78, 0x7f, 0x70,
  0x75, 0x49, 0x4e, 0x42, 0x44, 0x5e, 0x54, 0xdd, 0xc5, 0xc1, 0xce, 0xf6,
  0xfe, 0xfa, 0xe5, 0xe4, 0xe4, 0xe4, 0xe4, 0xe4, 0xe5, 0xf9, 0xfd, 0xf2,
  0xf2, 0xf2, 0xf3, 0xf6, 0xcb, 0xce, 0xce, 0xce, 0xcc, 0xcd, 0xc1, 0xc7,
  0xc1, 0xcc, 0xc9, 0xcc, 0xc6, 0xc5, 0xd8, 0xd9, 0xd2, 0xd7, 0x51, 0x5f,
  0x59, 0x5e, 0x5d, 0x5c, 0x5e, 0x5b, 0x5a, 0x5b, 0x5a, 0x5a, 0x44, 0x46,
  0x44, 0x58, 0x52, 0x51, 0x51, 0x50, 0x53, 0x53, 0x52, 0x5d, 0x59, 0x5a,
  0x45, 0x45, 0x5b, 0x59, 0x59, 0x58, 0x5b, 0x58, 0x5e, 0x5e, 0x59, 0x58,
  0x5a, 0x5a, 0x58, 0x5f, 0x5c, 0x5d, 0x53, 0x56, 0xd5, 0xd6, 0xd1, 0xd0,
  0xdd, 0xdf, 0xde, 0xd9, 0xc5, 0xc4, 0xc7, 0xc7, 0xc3, 0xcd, 0xc3, 0xc6,
  0xc7, 0xc5, 0xdb, 0xd9, 0xde, 0xdf, 0xdd, 0xd3, 0xd0, 0xd0, 0xd1, 0xd7,
  0x54, 0x56, 0x50, 0x52, 0x5f, 0x58, 0x45, 0x46, 0x40, 0x42, 0x42, 0x4d,
  0x4e, 0x49, 0x4a, 0x75, 0x74, 0x77, 0x77, 0x76, 0x76, 0x76, 0x77, 0x75,
  0x4a, 0x48, 0x49, 0x4d, 0x40, 0x46, 0x45, 0x58, 0x5c, 0x52, 0x50, 0xd4,
  0xd2, 0xdf, 0xd8, 0xc5, 0xc1, 0xc3, 0xc2, 0xcc, 0xce, 0xce, 0xcf, 0xcf,
  0xce, 0xc9, 0xcf, 0xcc, 0xcc, 0xcc, 0xcc, 0xcc, 0xcc, 0xcd, 0xc0, 0xc6,
  0xc6, 0xc6, 0xc4, 0xda, 0xd8, 0xd9, 0xdf, 0xdc, 0xdf, 0xdf, 0xdd, 0xd3,
  0xd3, 0xd3, 0xd3, 0xd0, 0xd1, 0xd6, 0xd7, 0xd5, 0x55, 0xd5, 0x55, 0x57,
  0x57, 0x57, 0x57, 0x56, 0x57, 0x54, 0x54, 0x57, 0x57, 0x54, 0x55, 0x54,
  0x57, 0x57, 0x57, 0x57, 0x56, 0x51, 0x51, 0x50, 0x53, 0x53, 0x53, 0x52,
  0x5d, 0x52, 0x53, 0x5d, 0x5f, 0x5f, 0x5e, 0x58, 0x5b, 0x59, 0x5e, 0x5f,
  0x5c, 0x52, 0x53, 0x50, 0x51, 0x51, 0x51, 0x56, 0x57, 0x57, 0x54, 0x54,
  0x55, 0x55, 0x55, 0xd5, 0xd5, 0xd4, 0xd5, 0x55, 0x54, 0x54, 0x54, 0x54,
  0x54, 0x54, 0x54, 0x56, 0x51, 0x51, 0x50, 0x50, 0x53, 0x50, 0x51, 0x56,
  0x56, 0x56, 0x57, 0x56, 0x50, 0x50, 0x50, 0x52, 0x5c, 0x5e, 0x5c, 0x52,
  0x52, 0x53, 0x51, 0x57, 0x57, 0x56, 0x51, 0x56, 0x51, 0x53, 0x50, 0x56,
  0x54, 0xd5, 0xd4, 0xd1, 0xd0, 0xd3, 0xd2, 0xdc, 0xdf, 0xdf, 0xdf, 0xde,
  0xd9, 0xd9, 0xd9, 0xd8, 0xda, 0xdb, 0xdb, 0xda, 0xda, 0xdb, 0xd9, 0xd9,
  0xde, 0xdf, 0xdc, 0xdd, 0xd2, 0xd2, 0xd3, 0xd0, 0xd1, 0xd6, 0xd7, 0xd4,
  0xd5, 0x55, 0x54, 0x57, 0x56, 0x56, 0x56, 0x56, 0x51, 0x50, 0x52, 0x52,
  0x5d, 0x5c, 0x5c, 0x5c, 0x5c, 0x5c, 0x5d, 0x52, 0x53, 0x50, 0x50, 0x51,
  0x51, 0x51, 0x56, 0x56, 0x57, 0x57, 0x56, 0x57, 0x57, 0x54, 0x54, 0x54,
  0x54, 0x54, 0x54, 0x54, 0x54, 0x54, 0x54, 0x57, 0x57, 0x54, 0x55, 0xd5,
  0xd5, 0xd5, 0xd4, 0xd5, 0xd4, 0xd4, 0xd5, 0xd5, 0xd5, 0xd5, 0x55, 0x55,
  0x55, 0x55, 0x54, 0x54, 0x54, 0x54, 0x54, 0x57, 0x57, 0x54, 0x54, 0x57,
  0x54, 0x54, 0x54, 0x56, 0x56, 0x56, 0x56, 0x51, 0x56, 0x57, 0x55, 0xd5,
  0xd5, 0xd7, 0xd6, 0xd7, 0xd4, 0xd4, 0xd4, 0xd4, 0xd5, 0xd5, 0xd7, 0xd1,
  0xd0, 0xd3, 0xd2, 0xd2, 0xd3, 0xd1, 0xd6, 0xd7, 0xd4, 0xd5, 0x55, 0x55,
  0xd5, 0xd5, 0xd5, 0xd7, 0xd6, 0xd6, 0xd7, 0xd7, 0xd6, 0xd6, 0xd7, 0xd7,
  0xd6, 0xd1, 0xd1, 0xd6, 0xd6, 0xd7, 0xd4, 0x55, 0x57, 0x57, 0x56, 0x51,
  0x50, 0x50, 0x51, 0x51, 0x51, 0x51, 0x56, 0x56, 0x51, 0x50, 0x51, 0x50,
  0x50, 0x50, 0x51, 0x57, 0x54, 0x54, 0x55, 0xd5, 0xd5, 0x55, 0x55, 0xd5,
  0xd5, 0x55, 0x55, 0xd5, 0xd4, 0xd7, 0xd7, 0xd6, 0xd1, 0xd6, 0xd6, 0xd6,
  0xd6, 0xd7, 0xd4, 0xd4, 0xd4, 0xd4, 0xd4, 0xd5, 0xd5, 0xd5, 0x55, 0x54,
  0x54, 0x55, 0x55, 0x54, 0x55, 0x55, 0x55, 0x54, 0x54, 0x55, 0xd5, 0xd5,
  0x55, 0xd5, 0xd4, 0xd7, 0xd4, 0xd7, 0xd6, 0xd6, 0xd6, 0xd7, 0xd7, 0xd7,
  0xd4, 0xd4, 0xd4, 0xd4, 0xd4, 0xd5, 0xd4, 0xd4, 0xd5, 0x55, 0x54, 0x54,
  0x54, 0x57, 0x56, 0x51, 0x51, 0x50, 0x53, 0x50, 0x51, 0x51, 0x51, 0x51,
  0x56, 0x57, 0x57, 0x57, 0x54, 0x54, 0x55, 0x55, 0xd5, 0xd4, 0xd4, 0xd7,
  0xd7, 0xd6, 0xd6, 0xd7, 0xd4, 0xd5, 0x55, 0x54, 0x54, 0x54, 0x54, 0x54,
  0x55, 0x55, 0x55, 0x55, 0x55, 0x55, 0x55, 0x55, 0xd5, 0xd4, 0xd6, 0xd1,
  0xd0, 0xd3, 0xd3, 0xd3, 0xd0, 0xd1, 0xd6, 0xd7, 0xd4, 0xd4, 0xd5, 0xd4,
  0xd4, 0xd4, 0xd7, 0xd7, 0xd7, 0xd7, 0xd4, 0xd5, 0x55, 0x54, 0x57, 0x57,
  0x57, 0x57, 0x56, 0x57, 0x57, 0x57, 0x57, 0x57, 0x57, 0x56, 0x56, 0x56,
  0x56, 0x51, 0x56, 0x57, 0x54, 0x54, 0x57, 0x57, 0x54, 0xd5, 0xd5, 0x55,
  0x55, 0xd5, 0xd4, 0xd4, 0xd4, 0xd7, 0xd4, 0xd5, 0xd5, 0xd4, 0xd5, 0x55,
  0xd5, 0x55, 0x57, 0x57, 0x55, 0x55, 0x57, 0x56, 0x56, 0x54, 0x55, 0x54,
  0x57, 0x57, 0x54, 0xd5, 0xd5, 0x55, 0x55, 0x55, 0xd5, 0xd4, 0xd4, 0xd4,
  0xd5, 0xd4, 0xd7, 0xd4, 0xd4, 0xd7, 0xd7, 0xd4, 0xd5, 0xd4, 0xd4, 0xd4,
  0xd5, 0x55, 0x54, 0x54, 0x54, 0x57, 0x57, 0x56, 0x56, 0x56, 0x56, 0x56,
  0x56, 0x56, 0x56, 0x57, 0x57, 0x57, 0x54, 0x54, 0x55, 0xd5, 0xd5, 0xd5,
  0xd5, 0xd5, 0xd5, 0xd5, 0x55, 0x55, 0x55, 0x55, 0x55, 0xd5, 0xd5, 0xd5,
  0xd5, 0xd5, 0x55, 0x54, 0x54, 0x54, 0x54, 0x55, 0xd5, 0xd4, 0xd7, 0xd6,
  0xd1, 0xd6, 0xd6, 0xd7, 0xd4, 0xd4, 0xd5, 0xd5, 0xd5, 0xd5, 0xd5, 0xd5,
  0xd4, 0xd4, 0xd4, 0xd4, 0xd4, 0xd5, 0xd5, 0xd5, 0x55, 0x54, 0x57, 0x57,
  0x57, 0x57, 0x55, 0xd5, 0xd5, 0xd5, 0xd5, 0xd4, 0xd7, 0xd4, 0x54, 0x56,
  0x56, 0x57, 0x55, 0x55, 0x54, 0x57, 0x54, 0xd5, 0xd4, 0xd5, 0x54, 0x57,
  0x57, 0x54, 0xd5, 0xd5, 0x55, 0x54, 0x55, 0x55, 0xd5, 0xd5, 0x55, 0x54,
  0x55, 0x54, 0xd4, 0x55, 0xd5, 0x57, 0x53, 0x50, 0x50, 0xd7, 0xd1, 0xd6,
  0x50, 0x52, 0x56, 0x57, 0xd0, 0xde, 0xd2, 0xd5, 0x56, 0xd7, 0xd3, 0xd1,
  0xd4, 0x56, 0xd4, 0xd0, 0x54, 0x5c, 0x5f, 0x57, 0xd7, 0xdd, 0xc4, 0x57,
  0x5b, 0x45, 0xd5, 0xd2, 0xda, 0xc9, 0x52, 0x4f, 0x4b, 0xd8, 0xc4, 0x40,
  0x4c, 0x51, 0xc0, 0xdf, 0x50, 0x59, 0xd6, 0xd2, 0x52, 0x53, 0x55, 0xd7,
  0xde, 0x51, 0x4c, 0x45, 0xc5, 0xd9, 0x5b, 0x42, 0x79, 0x5b, 0x5f, 0xc9,
  0xc6, 0x57, 0x5e, 0x66, 0x61, 0xc6, 0xef, 0xe9, 0xd9, 0x1f, 0x00, 0x13,
  0x97, 0xef, 0x6f, 0x00, 0x06, 0xdc, 0x84, 0x85, 0xff, 0x6b, 0x17, 0x63,
  0x6d, 0x6d, 0xed, 0x82, 0x80, 0x94, 0x73, 0x4f, 0x94, 0x85, 0x92, 0xcf,
  0x7a, 0xfb, 0x98, 0x9a, 0xe6, 0x15, 0x12, 0x7c, 0xfe, 0x69, 0x1c, 0x19,
  0x1f, 0x6c, 0xd0, 0xdd, 0x53, 0xcf, 0xe0, 0x64, 0x7a, 0xed, 0x97, 0x9d,
  0x64, 0x4a, 0x92, 0x82, 0x84, 0xe7, 0x75, 0x44, 0x94, 0x97, 0xf4, 0x7a,
  0x5a, 0xef, 0xee, 0x63, 0x11, 0x64, 0xdc, 0x77, 0x14, 0x6c, 0x69, 0xe5,
  0xf4, 0x1e, 0x00, 0x1a, 0xca, 0xfc, 0x6d, 0x6f, 0xe5, 0x94, 0xf8, 0x6f,
  0x15, 0xec, 0xe7, 0xf0, 0xcd, 0xf6, 0x92, 0xe3, 0xf8, 0x76, 0xc7, 0x94,
  0x5f, 0xd8, 0x5a, 0x70, 0xd1, 0x42, 0x59, 0x4e, 0x74, 0x71, 0x67, 0x6a,
  0x11, 0x68, 0x6b, 0x1e, 0x12, 0x67, 0x40, 0x78, 0x67, 0x66, 0x78, 0x70,
  0xd4, 0x71, 0x45, 0xc9, 0xeb, 0x96, 0xf1, 0xf9, 0xea, 0xee, 0xfb, 0x56,
  0x77, 0x75, 0xdf, 0xf3, 0x78, 0x71, 0xf4, 0xe4, 0x4f, 0x62, 0x7e, 0x55,
  0xce, 0x77, 0x64, 0xf5, 0xe6, 0xfc, 0xf6, 0x49, 0x7a, 0xce, 0x95, 0xf1,
  0x74, 0xfd, 0x9d, 0x92, 0xe4, 0xfa, 0x96, 0x95, 0xe7, 0x91, 0xe0, 0xd4,
  0xee, 0xe8, 0x44, 0xc3, 0x94, 0xf2, 0x71, 0xd5, 0x66, 0x62, 0x65, 0x64,
  0x6d, 0x11, 0x14, 0x7d, 0x5a, 0x6c, 0x64, 0xe5, 0xc2, 0xde, 0xf9, 0xcb,
  0x48, 0xd2, 0xd8, 0x70, 0xd1, 0xe3, 0xe4, 0xd6, 0x59, 0xcc, 0xd8, 0xc9,
  0xf6, 0xdf, 0x56, 0xc4, 0xfd, 0x73, 0x65, 0xdd, 0xf1, 0xd5, 0x51, 0xf3,
  0xc1, 0x5a, 0x5c, 0x7c, 0x7c, 0xd8, 0xf1, 0x5e, 0x77, 0xda, 0xe7, 0xe3,
  0xf3, 0xd8, 0xd0, 0x4c, 0x60, 0x6e, 0x61, 0x63, 0x6b, 0x17, 0x6c, 0x68,
  0x16, 0x68, 0x15, 0x1c, 0x16, 0x6f, 0x10, 0x1d, 0x68, 0x6a, 0x79, 0xf9,
  0xf9, 0xf8, 0x94, 0x96, 0xec, 0xe9, 0xef, 0xed, 0xea, 0xe6, 0xf0, 0xf1,
  0xce, 0xc0, 0xfe, 0xec, 0x94, 0x91, 0x97, 0x97, 0x95, 0xe5, 0xfc, 0xfa,
  0xcc, 0x54, 0x42, 0x67, 0x77, 0xd4, 0x67, 0x6c, 0x72, 0x51, 0x41, 0x57,
  0xc6, 0x58, 0x41, 0x61, 0x64, 0x79, 0x66, 0x61, 0x6d, 0x4a, 0xc2, 0x4c,
  0x68, 0x14, 0x7f, 0x74, 0x46, 0x44, 0x7f, 0x58, 0xc7, 0xf2, 0x47, 0x79,
  0x5f, 0xf2, 0xf0, 0x72, 0x4b, 0x5a, 0x4b, 0x66, 0x6d, 0x59, 0x77, 0x62,
  0x79, 0x4b, 0x5e, 0xd1, 0xe4, 0x5c, 0x43, 0xf1, 0x6d, 0x46, 0xfe, 0x6d,
  0x10, 0xeb, 0x85, 0xf2, 0x43, 0xe1, 0xf2, 0x9d, 0x9d, 0xf6, 0xff, 0x9f,
  0x92, 0xfe, 0xe6, 0xf3, 0xf3, 0xea, 0x4c, 0x67, 0x9f, 0x9a, 0xef, 0xee,
  0x92, 0x97, 0x87, 0x86, 0x76, 0xd1, 0x84, 0xe9, 0x16, 0x11, 0x1e, 0x12,
  0xc6, 0x14, 0x03, 0x7a, 0x9c, 0xec, 0x14, 0x1c, 0x60, 0x90, 0x97, 0x06,
  0x03, 0x62, 0x95, 0xc5, 0x01, 0x06, 0x71, 0x95, 0xc7, 0x16, 0x14, 0xde,
  0x80, 0x9b, 0x73, 0x97, 0x9c, 0xe2, 0xfe, 0x72, 0x1a, 0x67, 0x98, 0x6a,
  0x19, 0xea, 0x51, 0x7f, 0x9c, 0xe6, 0x6f, 0x9f, 0x99, 0x1c, 0x63, 0xf5,
  0x13, 0x6f, 0x5a, 0x17, 0xf0, 0x84, 0xc3, 0xfd, 0x85, 0xe3, 0xe4, 0xec,
  0x18, 0x17, 0xea, 0x1e, 0x1b, 0x90, 0x64, 0x1c, 0x9d, 0xf0, 0x1d, 0x97,
  0x97, 0x05, 0x4a, 0xe8, 0x14, 0x67, 0x16, 0x09, 0x40, 0x96, 0x1c, 0x67,
  0xe1, 0xdc, 0x99, 0x84, 0x1f, 0x11, 0x83, 0xf3, 0x1b, 0xf4, 0x64, 0x4c,
  0x90, 0x6d, 0x1d, 0x9f, 0x92, 0x15, 0x7e, 0x4b, 0x73, 0x9a, 0xf0, 0x05,
  0x94, 0x87, 0x54, 0xe3, 0x92, 0xd7, 0xe5, 0x91, 0x60, 0x6d, 0x95, 0x6b,
  0x16, 0xf9, 0x11, 0x6f, 0xec, 0x60, 0x16, 0xfd, 0x57, 0x7b, 0xf4, 0x78,
  0x70, 0x95, 0xe7, 0x78, 0xf5, 0xf6, 0x4e, 0xe2, 0xec, 0x77, 0xf3, 0xe0,
  0xe1, 0x95, 0xda, 0x72, 0xe9, 0xed, 0x17, 0x67, 0xd3, 0x63, 0xf0, 0xf1,
  0x69, 0xca, 0x9d, 0xe5, 0x64, 0xe1, 0x95, 0xc0, 0xe3, 0xe3, 0x46, 0xc1,
  0xcc, 0xc0, 0xff, 0xf1, 0x6c, 0xd1, 0xed, 0xfb, 0xe6, 0x73, 0x67, 0x77,
  0xf7, 0x42, 0x12, 0x64, 0x63, 0x6a, 0xcc, 0x6e, 0x65, 0xf9, 0x62, 0x49,
  0xed, 0x4b, 0x7e, 0xd4, 0x5a, 0x78, 0xc0, 0xf4, 0x1f, 0x65, 0xef, 0x67,
  0x4b, 0xdb, 0x6a, 0xf1, 0x94, 0x14, 0x10, 0xfd, 0x5a, 0x74, 0xfb, 0x6c,
  0x67, 0x96, 0xfa, 0x62, 0xdc, 0xfc, 0xe5, 0x94, 0xce, 0x16, 0xef, 0x9b,
  0x16, 0x6a, 0xcd, 0x58, 0xe6, 0xce, 0x1c, 0x60, 0x90, 0xea, 0x7d, 0x79,
  0xf9, 0xe9, 0xee, 0x7d, 0x1d, 0x61, 0xd8, 0xc9, 0x40, 0x1d, 0x63, 0xef,
  0xf2, 0x71, 0x7a, 0x64, 0xfc, 0xef, 0x63, 0x60, 0xfd, 0xe0, 0xe7, 0x58,
  0x6f, 0x5f, 0xee, 0xfa, 0x14, 0x14, 0xf9, 0xe1, 0xfe, 0x6d, 0x14, 0xed,
  0x95, 0x71, 0x7a, 0x4c, 0xf8, 0xeb, 0xc0, 0x67, 0xfb, 0x94, 0xfd, 0x76,
  0x15, 0x66, 0xf5, 0xf8, 0x67, 0x11, 0xc1, 0x91, 0xe0, 0x57, 0xde, 0xf8,
  0x93, 0xe1, 0x67, 0x7f, 0xf2, 0x91, 0xe0, 0x6f, 0x71, 0x97, 0x94, 0xf7,
  0x78, 0x57, 0xff, 0x95, 0x50, 0x13, 0x7b, 0xf6, 0xc5, 0x69, 0x63, 0xc6,
  0xec, 0xfa, 0x65, 0xe4, 0x96, 0xe4, 0xf5, 0xd4, 0x77, 0x58, 0xf7, 0x72,
  0x16, 0x6f, 0x7c, 0x4b, 0xd5, 0x7d, 0x75, 0xf8, 0xca, 0x42, 0xd6, 0x7f,
  0x76, 0xe7, 0x53, 0x6f, 0x57, 0xed, 0xe7, 0xf1, 0xc8, 0xf4, 0x55, 0xf5,
  0x70, 0x6c, 0x58, 0x4a, 0x72, 0x7b, 0x62, 0x73, 0xca, 0xd4, 0x7e, 0x4a,
  0x46, 0xce, 0xfc, 0x65, 0x60, 0x58, 0xf2, 0xc8, 0x51, 0x42, 0xc4, 0xee,
  0xf8, 0xdf, 0x46, 0xc6, 0xf2, 0xd0, 0x7c, 0x60, 0xf2, 0xf4, 0x61, 0x7c,
  0xd5, 0xc5, 0xfe, 0xc7, 0x7b, 0xc7, 0xfa, 0x47, 0x7d, 0x7c, 0xc0, 0xeb,
  0xe8, 0xca, 0x56, 0xe3, 0xff, 0x51, 0x5c, 0x7a, 0x75, 0x44, 0x66, 0x64,
  0x73, 0xc5, 0xc0, 0x40, 0x72, 0xc0, 0xf4, 0x52, 0x73, 0x65, 0x79, 0x65,
  0x43, 0x7b, 0x7d, 0xd6, 0x44, 0x45, 0x52, 0x57, 0x73, 0xde, 0x48, 0x64,
  0xde, 0x52, 0x5d, 0xc6, 0x50, 0xcd, 0xfc, 0xf0, 0xd3, 0xd8, 0xf1, 0xcb,
  0xfe, 0x5f, 0x74, 0xc6, 0x51, 0x5b, 0x53, 0x4d, 0x56, 0xe7, 0xf9, 0x4d,
  0xf0, 0xff, 0xf1, 0xf7, 0xd1, 0x44, 0x58, 0xd9, 0x57, 0xf0, 0xfe, 0xc1,
  0xe5, 0xf0, 0x59, 0xe5, 0xf0, 0x4b, 0x5c, 0x4f, 0x4d, 0x71, 0x63, 0x66,
  0xd3, 0xc8, 0x45, 0x57, 0x73, 0x71, 0xe1, 0xf4, 0x72, 0x47, 0x5a, 0x49,
  0x4c, 0x52, 0x4f, 0xca, 0xf0, 0x4f, 0x5d, 0x55, 0x45, 0xe3, 0xe6, 0x53,
  0xcf, 0xc4, 0x75, 0x58, 0xdc, 0x63, 0x61, 0x75, 0x65, 0xd0, 0xc7, 0x72,
  0xcb, 0xcc, 0xd5, 0xe7, 0xcb, 0x71, 0xf3, 0xfb, 0xd7, 0x4c, 0x40, 0xd3,
  0xd4, 0xd1, 0x72, 0x5c, 0xf0, 0xca, 0xc8, 0x4b, 0x73, 0xf6, 0xff, 0x42,
  0x42, 0x5c, 0x55, 0xf5, 0xc9, 0xd6, 0xfd, 0xe4, 0xfc, 0xf3, 0xf8, 0xca,
  0xf4, 0xca, 0x40, 0x71, 0x44, 0x58, 0x7c, 0x42, 0x44, 0xd4, 0xd7, 0x46,
  0x7c, 0x71, 0x4d, 0x77, 0x4e, 0x4a, 0xdb, 0xf4, 0xca, 0xc8, 0xf5, 0xfe,
  0xf6, 0xc9, 0xda, 0xcc, 0xfb, 0xca, 0x53, 0xc1, 0xc6, 0xd5, 0x4e, 0x7f,
  0x64, 0x67, 0x6d, 0x17, 0x68, 0x64, 0x70, 0x7d, 0x79, 0x71, 0xdd, 0xf4,
  0xc5, 0xdc, 0xcd, 0xfc, 0xf8, 0xc2, 0xd3, 0xc8, 0xff, 0xfe, 0xc0, 0xc6,
  0xf2, 0xe5, 0xfd, 0xdb, 0xf1, 0xff, 0xf8, 0xf5, 0x49, 0x4e, 0x43, 0x40,
  0x7b, 0x63, 0x72, 0x46, 0x41, 0x75, 0x44, 0xc3, 0xcf, 0xda, 0xdd, 0xd7,
  0xc3, 0xc1, 0x53, 0x58, 0x54, 0x5d, 0x42, 0x76, 0x7c, 0x76, 0x75, 0x5f,
  0x59, 0x5f, 0x59, 0x42, 0x43, 0xd7, 0xf6, 0xc4, 0x40, 0x56, 0x55, 0x46,
  0x51, 0x45, 0x54, 0x5a, 0xc7, 0xc0, 0x58, 0xf5, 0xc7, 0xde, 0xd0, 0x54,
  0xc8, 0xc9, 0xd8, 0x56, 0x71, 0x71, 0x7f, 0x7a, 0x65, 0x65, 0x40, 0x5c,
  0x5f, 0xc5, 0xfd, 0xfe, 0xf0, 0xf4, 0xfa, 0xe7, 0xe5, 0xf8, 0xc7, 0xdc,
  0xda, 0xf5, 0x46, 0x76, 0xd6, 0x4c, 0x79, 0x70, 0x73, 0x40, 0x5d, 0x5f,
  0x51, 0x45, 0xdd, 0x5f, 0x5b, 0xd7, 0x51, 0xdb, 0xdd, 0xd6, 0x56, 0x50,
  0xdd, 0x53, 0x59, 0x59, 0x45, 0x44, 0x5d, 0xd5, 0x56, 0xd2, 0xc7, 0xca,
  0xf5, 0xc8, 0xf3, 0xf2, 0xfd, 0xf6, 0xf4, 0xf2, 0xc2, 0xcc, 0xd0, 0x51,
  0xdc, 0x5e, 0xd3, 0xd7, 0x40, 0x5d, 0x40, 0x4a, 0x46, 0x72, 0x7f, 0x72,
  0x77, 0x4c, 0x51, 0xda, 0x57, 0xd0, 0xd0, 0xc5, 0xcd, 0xda, 0xd6, 0xd2,
  0xc2, 0xc9, 0xcd, 0xc7, 0xd9, 0xc2, 0xc6, 0x47, 0x52, 0x55, 0xd5, 0x56,
  0x71, 0x48, 0xde, 0x55, 0x58, 0x5a, 0x43, 0xde, 0xd0, 0xd7, 0xd9, 0xd8,
  0xdf, 0xd4, 0x56, 0xdd, 0xcf, 0xda, 0x54, 0x5d, 0xc1, 0xf7, 0xce, 0xde,
  0xdd, 0xd2, 0xda, 0x59, 0x4c, 0xd3, 0x58, 0x51, 0x4b, 0x73, 0xd2, 0xdc,
  0xd9, 0x55, 0x5f, 0xcc, 0xf6, 0xf1, 0xdf, 0xdc, 0xf2, 0xc0, 0x57, 0x48,
  0x49, 0x57, 0x7f, 0x60, 0x63, 0x66, 0x7f, 0x7a, 0x64, 0x7a, 0x42, 0xc0,
  0xc5, 0xc5, 0xf9, 0xe7, 0xe3, 0xfb, 0xfa, 0xe3, 0xe4, 0xf2, 0xc3, 0xdc,
  0xd3, 0xc6, 0x4d, 0x47, 0xd4, 0x41, 0x54, 0x4d, 0x77, 0xdf, 0x54, 0x51,
  0x4d, 0x4b, 0xde, 0xde, 0x59, 0x71, 0x40, 0x5c, 0x42, 0x70, 0x7b, 0x7f,
  0x5b, 0x77, 0x67, 0x72, 0x7d, 0x75, 0x4d, 0x67, 0x7a, 0xd8, 0x5a, 0x5d,
  0x59, 0x4b, 0xf5, 0x56, 0x4a, 0x4a, 0x4f, 0x40, 0x78, 0x65, 0x60, 0x63,
  0x7e, 0x6a, 0x69, 0x61, 0x6b, 0x73, 0x61, 0x64, 0xc5, 0x52, 0xf2, 0xf4,
  0xf0, 0xe1, 0xfb, 0xe1, 0xf2, 0xfd, 0xe1, 0xc8, 0xfb, 0xc8, 0xd9, 0xe5,
  0xde, 0xf4, 0xfe, 0xf4, 0xe6, 0xe0, 0xe4, 0xef, 0xe9, 0x97, 0x94, 0x95,
  0x97, 0x94, 0x96, 0xea, 0xeb, 0x94, 0x95, 0x97, 0x95, 0xeb, 0xea, 0xe9,
  0xed, 0xe7, 0xfe, 0xfe, 0xff, 0xca, 0xcc, 0xda, 0xd8, 0xcd, 0x5f, 0xd3,
  0xd8, 0xd0, 0xcb, 0x5e, 0x53, 0xd0, 0xd5, 0x40, 0x49, 0x71, 0x74, 0x72,
  0x78, 0x64, 0x67, 0x66, 0x60, 0x61, 0x6c, 0x65, 0x65, 0x60, 0x7e, 0x72,
  0x7c, 0x5e, 0x61, 0x60, 0x63, 0x17, 0x13, 0x1e, 0x04, 0x07, 0x01, 0x02,
  0x02, 0x0c, 0x0c, 0x0f, 0x0d, 0x0f, 0x03, 0x00, 0x02, 0x07, 0x06, 0x05,
  0x12, 0x1c, 0x14, 0x67, 0x7b, 0xcb, 0xfa, 0xef, 0x90, 0x93, 0x9b, 0x87,
  0x81, 0x80, 0x80, 0x80, 0x81, 0x81, 0x86, 0x84, 0x9e, 0x93, 0x95, 0xed,
  0xe7, 0xd0, 0xd3, 0x73, 0x7b, 0x4e, 0x73, 0x41, 0x5b, 0xdc, 0xf0, 0xe7,
  0xea, 0x96, 0x92, 0x9c, 0x9e, 0x9e, 0x85, 0x9a, 0x99, 0x9b, 0x9e, 0x9e,
  0x99, 0x9d, 0x90, 0x93, 0x96, 0x96, 0x96, 0x95, 0x91, 0x94, 0x95, 0x94,
  0xea, 0x97, 0x97, 0x97, 0x94, 0x91, 0x97, 0x95, 0x97, 0xe9, 0xea, 0xea,
  0xec, 0xee, 0xee, 0xe0, 0xed, 0xe5, 0xff, 0xe5, 0xf5, 0xe7, 0xfc, 0xf3,
  0xe7, 0xf4, 0xc8, 0xf5, 0x5a, 0x4c, 0x43, 0x65, 0x7b, 0x67, 0x15, 0x6e,
  0x16, 0x1d, 0x16, 0x1f, 0x1c, 0x19, 0x04, 0x06, 0x00, 0x0d, 0x09, 0x35,
  0x37, 0x36, 0x31, 0x32, 0x3c, 0x3f, 0x3e, 0x3e, 0x3f, 0x3c, 0x32, 0x36,
  0x35, 0x0c, 0x18, 0x6b, 0xff, 0x9d, 0x85, 0x8f, 0x8a, 0xb4, 0xb6, 0xb7,
  0xb7, 0xb4, 0x8a, 0x8e, 0x82, 0x85, 0x90, 0xe2, 0xd7, 0x74, 0x7b, 0x6c,
  0x6e, 0x63, 0x7b, 0x45, 0xca, 0xe4, 0x95, 0x9c, 0x85, 0x81, 0x82, 0x82,
  0x8c, 0x8f, 0x8d, 0x8c, 0x82, 0x86, 0x86, 0x9a, 0x9d, 0x93, 0xef, 0xfd,
  0xc0, 0x5e, 0x4d, 0x4a, 0x65, 0x7e, 0x78, 0x67, 0x41, 0x4f, 0xd7, 0xc2,
  0xd3, 0xf4, 0xf9, 0xe7, 0xe1, 0xff, 0xff, 0xf9, 0xca, 0xcf, 0x50, 0x41,
  0x71, 0x61, 0x63, 0x68, 0x69, 0x15, 0x14, 0x14, 0x16, 0x17, 0x16, 0x16,
  0x16, 0x17, 0x6b, 0x6f, 0x60, 0x7b, 0x77, 0x50, 0xda, 0xe5, 0xe2, 0xe9,
  0x97, 0x93, 0x9f, 0x9b, 0x85, 0x85, 0x87, 0x84, 0x85, 0x84, 0x9a, 0x85,
  0x99, 0x9e, 0x92, 0x91, 0x91, 0xef, 0xe2, 0xfb, 0xf3, 0xf0, 0xdf, 0x5d,
  0x77, 0x64, 0x60, 0x14, 0x16, 0x19, 0x06, 0x02, 0x08, 0x35, 0x36, 0x30,
  0x3d, 0x3f, 0x39, 0x39, 0x3e, 0x3c, 0x32, 0x31, 0x34, 0x0f, 0x19, 0x78,
  0xed, 0x9a, 0x82, 0x8a, 0xb7, 0xb0, 0xb2, 0xb2, 0xb0, 0xb6, 0xb4, 0x88,
  0x82, 0x98, 0xed, 0x75, 0x17, 0x1c, 0x1a, 0x01, 0x0d, 0x02, 0x03, 0x07,
  0x1e, 0x16, 0x61, 0x53, 0xe3, 0x9c, 0x87, 0x80, 0x8d, 0x8f, 0x8e, 0x89,
  0x89, 0x8e, 0x82, 0x86, 0x98, 0x9d, 0x95, 0xf9, 0x54, 0x7a, 0x6c, 0x15,
  0x16, 0x16, 0x11, 0x17, 0x14, 0x6d, 0x7e, 0x4e, 0xd8, 0xc4, 0xf9, 0xe6,
  0xed, 0xea, 0xef, 0xef, 0xef, 0xe1, 0xe6, 0xf2, 0xd9, 0x57, 0x74, 0x72,
  0x7e, 0x63, 0x69, 0x6a, 0x14, 0x14, 0x15, 0x11, 0x16, 0x17, 0x16, 0x6a,
  0x6b, 0x6e, 0x63, 0x66, 0x7d, 0x41, 0xd6, 0xf0, 0xe6, 0xec, 0x94, 0x90,
  0x9f, 0x9b, 0x9a, 0x84, 0x87, 0x81, 0x86, 0x87, 0x84, 0x85, 0x98, 0x9c,
  0x90, 0x97, 0xee, 0xe1, 0xe7, 0xf5, 0xde, 0xd6, 0x4d, 0x77, 0x71, 0x79,
  0x75, 0x79, 0x66, 0x65, 0x60, 0x6e, 0x11, 0x1e, 0x06, 0x02, 0x08, 0x35,
  0x37, 0x33, 0x3d, 0x3c, 0x3c, 0x32, 0x33, 0x31, 0x37, 0x35, 0x03, 0x1f,
  0x66, 0xfa, 0x90, 0x87, 0x8f, 0xb5, 0xb6, 0xb1, 0xb6, 0xb7, 0xb4, 0xb5,
  0x89, 0x80, 0x9f, 0xe2, 0x5e, 0x66, 0x15, 0x1f, 0x04, 0x06, 0x06, 0x04,
  0x1b, 0x1d, 0x17, 0x62, 0x52, 0xee, 0x9c, 0x87, 0x81, 0x82, 0x8f, 0x88,
  0x8b, 0x8b, 0x8e, 0x82, 0x81, 0x84, 0x9e, 0x95, 0xf3, 0x74, 0x6f, 0x14,
  0x11, 0x1d, 0x19, 0x1a, 0x1b, 0x1c, 0x11, 0x15, 0x63, 0x7e, 0x43, 0xc7,
  0xe6, 0xe9, 0x95, 0xeb, 0xe9, 0xe8, 0xed, 0xe3, 0xe5, 0xf0, 0xd3, 0x4b,
  0x7d, 0x67, 0x62, 0x6a, 0x14, 0x16, 0x16, 0x11, 0x17, 0x14, 0x14, 0x6a,
  0x69, 0x62, 0x66, 0x7a, 0x7d, 0x75, 0x43, 0x56, 0xcd, 0xf0, 0xe4, 0xe0,
  0xec, 0xea, 0x94, 0x91, 0x90, 0x90, 0x92, 0x9f, 0x9c, 0x9f, 0x9c, 0x92,
  0x92, 0x94, 0x95, 0xeb, 0xed, 0xe3, 0xfa, 0xff, 0xf0, 0xf7, 0xc2, 0xd8,
  0xc9, 0xcb, 0xc8, 0xcf, 0xc3, 0xc7, 0xc8, 0xc4, 0xd5, 0x4a, 0x6f, 0x10,
  0x1a, 0x01, 0x02, 0x08, 0x34, 0x31, 0x30, 0x31, 0x37, 0x36, 0x36, 0x37,
  0x35, 0x0c, 0x07, 0x16, 0x66, 0x42, 0xe6, 0x9e, 0x83, 0x89, 0x89, 0x8e,
  0x88, 0x8b, 0x8b, 0x88, 0x8d, 0x87, 0x92, 0x97, 0x95, 0xe1, 0x5c, 0x6c,
  0x13, 0x1d, 0x1d, 0x12, 0x1d, 0x1e, 0x1e, 0x10, 0x61, 0xdc, 0xe4, 0xef,
  0x94, 0x9f, 0x87, 0x83, 0x8d, 0x8d, 0x82, 0x83, 0x83, 0x81, 0x87, 0x9c,
  0xef, 0xf0, 0xdd, 0x42, 0x6d, 0x17, 0x1d, 0x19, 0x19, 0x1c, 0x1d, 0x1d,
  0x12, 0x14, 0x65, 0xd5, 0xf5, 0xe5, 0xe2, 0xef, 0x97, 0x90, 0x92, 0x91,
  0xea, 0xee, 0xef, 0xe1, 0xf6, 0x54, 0x7e, 0x63, 0x6e, 0x6a, 0x16, 0x12,
  0x1f, 0x18, 0x1e, 0x12, 0x10, 0x11, 0x11, 0x6a, 0x7a, 0x4c, 0x51, 0xf4,
  0xe5, 0xee, 0x94, 0x91, 0x92, 0x93, 0x92, 0x9f, 0x9e, 0x9d, 0x92, 0x90,
  0x97, 0xea, 0xeb, 0xef, 0xe6, 0xf6, 0xc3, 0xcf, 0xcf, 0xc1, 0xf5, 0xca,
  0xc4, 0xf7, 0xe5, 0xe7, 0xe4, 0xf8, 0xe6, 0xe4, 0xfa, 0xe1, 0xfa, 0xc9,
  0x73, 0x6a, 0x13, 0x1b, 0x06, 0x02, 0x09, 0x34, 0x34, 0x0a, 0x0a, 0x35,
  0x35, 0x35, 0x09, 0x0c, 0x01, 0x1c, 0x11, 0x17, 0x64, 0xfd, 0x93, 0x98,
  0x9b, 0x9a, 0x85, 0x87, 0x86, 0x81, 0x87, 0x9b, 0x92, 0x96, 0x91, 0x96,
  0xe3, 0xd1, 0x65, 0x61, 0x79, 0x65, 0x67, 0x6d, 0x15, 0x6d, 0x77, 0xf7,
  0xe1, 0xe1, 0xe0, 0x95, 0x9d, 0x85, 0x87, 0x87, 0x84, 0x84, 0x84, 0x87,
  0x84, 0x99, 0x91, 0xec, 0xe7, 0xfb, 0xd8, 0x77, 0x60, 0x6a, 0x14, 0x6a,
  0x14, 0x17, 0x17, 0x16, 0x69, 0x61, 0x52, 0xcb, 0xdb, 0xf4, 0xf5, 0xec,
  0x94, 0xe8, 0xeb, 0xe0, 0xf1, 0xcf, 0xce, 0xc3, 0x46, 0x66, 0x6e, 0x6b,
  0x15, 0x17, 0x11, 0x10, 0x1c, 0x1c, 0x10, 0x17, 0x14, 0x68, 0x62, 0x60,
  0x74, 0xdb, 0xf8, 0xe0, 0xe3, 0xea, 0x90, 0x92, 0x9d, 0x9c, 0x9d, 0x92,
  0x9d, 0x9c, 0x93, 0x97, 0xe9, 0xef, 0xe6, 0xfe, 0xf0, 0xc2, 0xd0, 0xdc,
  0xc2, 0xc8, 0xcc, 0xde, 0xcd, 0xfa, 0xe5, 0xe0, 0xed, 0xfb, 0xe5, 0xe6,
  0xf9, 0xda, 0x69, 0x12, 0x1e, 0x07, 0x03, 0x09, 0x0a, 0x0a, 0x0a, 0x35,
  0x0a, 0x0a, 0x35, 0x0b, 0x08, 0x00, 0x18, 0x1e, 0x13, 0x63, 0xf4, 0x95,
  0x93, 0x9c, 0x9a, 0x85, 0x85, 0x86, 0x80, 0x81, 0x9b, 0x9c, 0x9f, 0x98,
  0x92, 0xea, 0xfc, 0xd7, 0x4b, 0x65, 0x7d, 0x7e, 0x6d, 0x15, 0x6a, 0x7a,
  0xd1, 0xf5, 0xf6, 0xf8, 0xef, 0x90, 0x98, 0x87, 0x86, 0x87, 0x84, 0x84,
  0x86, 0x87, 0x9b, 0x93, 0x95, 0xec, 0xe4, 0xfd, 0xc6, 0x72, 0x62, 0x69,
  0x6e, 0x6f, 0x15, 0x17, 0x17, 0x15, 0x64, 0x44, 0x56, 0x57, 0x51, 0xc8,
  0xe6, 0xe2, 0xe9, 0xed, 0xf6, 0xca, 0xf0, 0xf7, 0x46, 0x60, 0x6c, 0x68,
  0x14, 0x16, 0x12, 0x1e, 0x1b, 0x19, 0x13, 0x11, 0x11, 0x16, 0x69, 0x64,
  0x50, 0xf3, 0xe4, 0xed, 0xeb, 0x93, 0x99, 0x98, 0x9b, 0x99, 0x9f, 0x9e,
  0x99, 0x98, 0x9d, 0x94, 0xea, 0xea, 0xec, 0xe0, 0xf2, 0xf7, 0xce, 0xcd,
  0xfe, 0xe7, 0xe6, 0xe7, 0xe2, 0xee, 0x94, 0x96, 0x94, 0xea, 0xef, 0xea,
  0xea, 0xe0, 0xcc, 0x69, 0x18, 0x01, 0x00, 0x0c, 0x35, 0x36, 0x37, 0x34,
  0x37, 0x37, 0x34, 0x35, 0x34, 0x34, 0x02, 0x1e, 0x12, 0x10, 0x67, 0xf9,
  0x90, 0x9c, 0x98, 0x85, 0x98, 0x99, 0x85, 0x86, 0x87, 0x99, 0x94, 0xea,
  0x97, 0xe9, 0xff, 0x75, 0x64, 0x6c, 0x6e, 0x63, 0x73, 0x48, 0x61, 0x62,
  0x4c, 0xe1, 0xe9, 0xee, 0x94, 0x9c, 0x9b, 0x84, 0x80, 0x83, 0x81, 0x9a,
  0x9b, 0x85, 0x9b, 0x93, 0xed, 0xfd, 0x54, 0x46, 0x4f, 0x70, 0x63, 0x15,
  0x69, 0x6f, 0x61, 0x7a, 0x65, 0x65, 0x4d, 0xf0, 0xec, 0xee, 0xe7, 0xe6,
  0xe1, 0xed, 0xee, 0xec, 0xe0, 0xcb, 0x5f, 0x4f, 0x72, 0x62, 0x14, 0x11,
  0x10, 0x13, 0x1d, 0x1d, 0x1c, 0x1d, 0x13, 0x16, 0x6a, 0x6c, 0x64, 0x77,
  0xd4, 0xf6, 0xe7, 0xec, 0xe9, 0x94, 0x91, 0x91, 0x91, 0x96, 0x96, 0x96,
  0x94, 0x96, 0x91, 0x94, 0xeb, 0xea, 0x97, 0x94, 0xe8, 0xeb, 0xea, 0x97,
  0x91, 0x91, 0x90, 0x96, 0x97, 0x96, 0x94, 0xea, 0xee, 0xec, 0xff, 0xc6,
  0x5f, 0x78, 0x6e, 0x1a, 0x02, 0x0f, 0x08, 0x35, 0x37, 0x31, 0x37, 0x34,
  0x36, 0x37, 0x34, 0x0a, 0x0b, 0x09, 0x06, 0x13, 0x17, 0x68, 0x5d, 0xec,
  0x96, 0x96, 0x93, 0x98, 0x99, 0x9c, 0x9d, 0x9e, 0x9e, 0x91, 0xee, 0xe9,
  0x95, 0xed, 0xff, 0xcd, 0xf4, 0xf7, 0xd9, 0xc0, 0xe7, 0xe2, 0xe7, 0xe5,
  0xee, 0x90, 0x93, 0x96, 0x9d, 0x98, 0x9b, 0x98, 0x98, 0x9b, 0x99, 0x90,
  0x91, 0x90, 0x97, 0xe9, 0xe7, 0xe5, 0xff, 0xcb, 0xc9, 0xcc, 0xd8, 0xd7,
  0x51, 0xd4, 0xc5, 0xf5, 0xfd, 0xe3, 0xe2, 0xe4, 0xfb, 0xf3, 0xfd, 0xc8,
  0xd7, 0xdc, 0x5a, 0x67, 0x62, 0x6f, 0x14, 0x12, 0x1f, 0x1d, 0x12, 0x1f,
  0x1e, 0x1d, 0x1d, 0x13, 0x17, 0x6a, 0x6e, 0x6f, 0x64, 0x4f, 0x47, 0xc9,
  0xfc, 0xfc, 0xf2, 0xe4, 0xe8, 0x95, 0xec, 0xee, 0xea, 0x95, 0x97, 0x91,
  0x93, 0x92, 0x92, 0x9c, 0x9f, 0x98, 0x99, 0x9b, 0x98, 0x99, 0x85, 0x85,
  0x9a, 0x9b, 0x99, 0x99, 0x9f, 0x97, 0x94, 0xeb, 0xf1, 0xdc, 0x4e, 0x70,
  0x62, 0x1b, 0x02, 0x0e, 0x35, 0x34, 0x37, 0x36, 0x37, 0x36, 0x31, 0x31,
  0x31, 0x37, 0x37, 0x34, 0x0e, 0x07, 0x18, 0x10, 0x61, 0xc7, 0xe5, 0xfa,
  0xee, 0x90, 0x93, 0x96, 0x91, 0x9d, 0x9d, 0x90, 0x95, 0x94, 0x94, 0xe6,
  0xf2, 0xf9, 0xe0, 0xef, 0xec, 0xee, 0x96, 0x90, 0x91, 0x90, 0x93, 0x9d,
  0x9f, 0x99, 0x9a, 0x85, 0x9b, 0x9f, 0x9d, 0x90, 0x97, 0xee, 0xe3, 0xe0,
  0xe4, 0xf9, 0xf2, 0xe7, 0xfa, 0xf0, 0xf2, 0xf4, 0xc6, 0xd1, 0x5c, 0xd3,
  0xcf, 0xf6, 0xf8, 0xf4, 0xc1, 0x5f, 0x47, 0x73, 0x67, 0x65, 0x67, 0x65,
  0x66, 0x61, 0x67, 0x63, 0x6c, 0x60, 0x63, 0x6f, 0x68, 0x6b, 0x6b, 0x15,
  0x68, 0x15, 0x11, 0x11, 0x16, 0x6a, 0x69, 0x6e, 0x61, 0x7e, 0x48, 0xf1,
  0xe0, 0xee, 0x96, 0x91, 0x92, 0x9d, 0x98, 0x85, 0x84, 0x87, 0x86, 0x86,
  0x87, 0x85, 0x9a, 0x9b, 0x98, 0x9b, 0x9b, 0x98, 0x9e, 0x99, 0x9e, 0x9e,
  0x9c, 0x92, 0x90, 0xe9, 0xec, 0xfa, 0xd3, 0x62, 0x18, 0x0c, 0x34, 0x31,
  0x33, 0x3d, 0x3f, 0x3f, 0x3f, 0x3f, 0x3c, 0x33, 0x37, 0x0b, 0x0d, 0x1a,
  0x66, 0xfc, 0x95, 0x9f, 0x84, 0x87, 0x85, 0x9a, 0x84, 0x98, 0x91, 0xe8,
  0xed, 0xe3, 0xe0, 0xec, 0xef, 0xeb, 0xea, 0xeb, 0x93, 0x9c, 0x9f, 0x9c,
  0x96, 0x97, 0x94, 0xee, 0xfa, 0xf3, 0xf6, 0xcc, 0xf4, 0xe1, 0xee, 0x95,
  0x95, 0x97, 0x93, 0x9c, 0x9c, 0x9d, 0x9d, 0x97, 0x95, 0xee, 0xe2, 0xe4,
  0xf1, 0xd5, 0x46, 0x7c, 0x60, 0x60, 0x64, 0x7c, 0x77, 0x4e, 0x5b, 0x51,
  0x40, 0x77, 0x74, 0x77, 0x7e, 0x60, 0x6d, 0x6a, 0x14, 0x11, 0x11, 0x17,
  0x16, 0x17, 0x15, 0x15, 0x69, 0x6d, 0x61, 0x67, 0x60, 0x61, 0x64, 0x78,
  0x7a, 0x79, 0x79, 0x7a, 0x74, 0xc0, 0xe1, 0xea, 0x97, 0x93, 0x9e, 0x84,
  0x81, 0x83, 0x83, 0x83, 0x80, 0x81, 0x86, 0x87, 0x85, 0x9a, 0x9b, 0x98,
  0x98, 0x9b, 0x9a, 0x9b, 0x98, 0x9c, 0x93, 0x97, 0xe9, 0xe7, 0xd2, 0x78,
  0x15, 0x05, 0x0e, 0x37, 0x33, 0x3c, 0x3c, 0x3c, 0x3d, 0x32, 0x33, 0x36,
  0x37, 0x0b, 0x02, 0x07, 0x19, 0x11, 0x60, 0x41, 0xf2, 0xe7, 0xed, 0xe2,
  0xed, 0x97, 0x9f, 0x85, 0x85, 0x85, 0x9a, 0x9e, 0x9e, 0x98, 0x99, 0x91,
  0xe0, 0xf9, 0xf9, 0xf1, 0xf1, 0xcf, 0x55, 0x55, 0xf6, 0xe6, 0xe5, 0xe5,
  0xeb, 0x97, 0x96, 0x93, 0x9f, 0x9f, 0x92, 0x92, 0x96, 0x96, 0x93, 0x9d,
  0x9d, 0x91, 0x96, 0x94, 0x95, 0xe0, 0xf0, 0x73, 0x6c, 0x6c, 0x6c, 0x69,
  0x6f, 0x60, 0x67, 0x7d, 0x4e, 0x4f, 0x7d, 0x79, 0x65, 0x63, 0x15, 0x15,
  0x6c, 0x64, 0x7f, 0x7d, 0x7e, 0x72, 0x4f, 0x46, 0x71, 0x64, 0x63, 0x62,
  0x66, 0x66, 0x79, 0x7a, 0x77, 0xd2, 0xf6, 0xf9, 0xf8, 0xe4, 0xe0, 0xe1,
  0xec, 0xe8, 0xea, 0x92, 0x9e, 0x85, 0x87, 0x86, 0x81, 0x80, 0x86, 0x86,
  0x86, 0x84, 0x87, 0x85, 0x9a, 0x98, 0x98, 0x98, 0x9f, 0x92, 0xea, 0xe1,
  0xc6, 0x53, 0x67, 0x11, 0x06, 0x0a, 0x30, 0x3f, 0x3f, 0x3c, 0x3d, 0x32,
  0x30, 0x31, 0x34, 0x35, 0x35, 0x35, 0x0a, 0x0f, 0x01, 0x1f, 0x61, 0xc8,
  0x95, 0x9f, 0x9a, 0x84, 0x87, 0x84, 0x85, 0x9b, 0x99, 0x9c, 0x99, 0x84,
  0x84, 0x85, 0x9c, 0x90, 0xe9, 0xed, 0xe4, 0xf6, 0xc2, 0xdb, 0xf9, 0xe4,
  0xe1, 0xe1, 0xe4, 0xe7, 0xed, 0xea, 0x97, 0x96, 0x91, 0x91, 0x94, 0x94,
  0x96, 0x92, 0x9d, 0x96, 0x94, 0xec, 0xe5, 0xc1, 0x58, 0x47, 0x5c, 0xd4,
  0x47, 0x54, 0x5b, 0x42, 0x70, 0x61, 0x67, 0x66, 0x64, 0x65, 0x61, 0x6c,
  0x14, 0x6e, 0x7a, 0x49, 0x76, 0x63, 0x6d, 0x66, 0x7c, 0x73, 0x61, 0x6f,
  0x62, 0x79, 0x44, 0x47, 0x71, 0x7c, 0x70, 0x5d, 0x52, 0x5d, 0x5d, 0xda,
  0xf9, 0xe1, 0xec, 0xe8, 0x94, 0x91, 0x9f, 0x98, 0x9a, 0x84, 0x87, 0x81,
  0x84, 0x85, 0x9a, 0x84, 0x81, 0x87, 0x87, 0x85, 0x9a, 0x98, 0x9f, 0x90,
  0x94, 0xed, 0xfd, 0xc6, 0x66, 0x04, 0x0a, 0x33, 0x33, 0x36, 0x34, 0x37,
  0x33, 0x32, 0x32, 0x31, 0x36, 0x36, 0x36, 0x36, 0x0b, 0x06, 0x16, 0x64,
  0x64, 0x78, 0xdf, 0xec, 0x96, 0x9f, 0x9b, 0x9b, 0x9b, 0x9e, 0x84, 0x83,
  0x82, 0x80, 0x86, 0x87, 0x84, 0x9b, 0x92, 0x94, 0xee, 0xe3, 0x94, 0x9c,
  0x9f, 0xef, 0x40, 0x7e, 0x75, 0xc6, 0xc7, 0xce, 0xf6, 0xca, 0xf6, 0xe4,
  0xef, 0xed, 0xfc, 0xc0, 0xfd, 0xe0, 0xe6, 0xf8, 0xf0, 0xc2, 0xf5, 0xf3,
  0xe6, 0xe3, 0xf3, 0xd3, 0x45, 0xcf, 0xff, 0xfb, 0xcd, 0x78, 0x63, 0x64,
  0x5c, 0xcc, 0x41, 0x6d, 0x60, 0x72, 0xd7, 0x40, 0x6d, 0x15, 0x6f, 0x74,
  0x56, 0x48, 0x62, 0x6e, 0x7e, 0x52, 0xf6, 0xfc, 0xc9, 0xc8, 0xc3, 0xff,
  0xe2, 0xeb, 0xe9, 0xea, 0x97, 0x90, 0x9d, 0x99, 0x9b, 0x85, 0x98, 0x98,
  0x85, 0x87, 0x87, 0x9a, 0x9e, 0x9c, 0x9e, 0x9f, 0x9d, 0x90, 0x97, 0xe9,
  0xeb, 0xc6, 0x14, 0x03, 0x0a, 0x0f, 0x01, 0x00, 0x36, 0x3c, 0x32, 0x34,
  0x0f, 0x34, 0x33, 0x32, 0x36, 0x0a, 0x0e, 0x00, 0x07, 0x07, 0x04, 0x11,
  0x5f, 0xd5, 0xd2, 0xf2, 0x97, 0x9d, 0x91, 0x9c, 0x86, 0x81, 0x84, 0x86,
  0x89, 0xb5, 0x82, 0x93, 0x91, 0x87, 0x83, 0x86, 0x85, 0x98, 0x97, 0xe5,
  0xff, 0x95, 0xef, 0x56, 0x49, 0xfc, 0xe2, 0x41, 0x61, 0x7d, 0xf3, 0xda,
  0x4c, 0xf0, 0xe8, 0xf0, 0x63, 0x6d, 0xf4, 0x94, 0xe1, 0xd6, 0x5f, 0xc3,
  0xfd, 0xfa, 0xe4, 0xf7, 0xd4, 0xc5, 0xe3, 0xe9, 0xd8, 0x64, 0x64, 0xc2,
  0xfa, 0xd4, 0x7b, 0x6f, 0x62, 0x66, 0x7f, 0x74, 0x66, 0x15, 0x11, 0x6f,
  0x72, 0x5f, 0x51, 0x4d, 0x73, 0x67, 0x7c, 0xcf, 0xe7, 0xe0, 0xe4, 0xe3,
  0x94, 0x91, 0x91, 0x91, 0x90, 0x9f, 0x85, 0x84, 0x9a, 0x9d, 0x99, 0x85,
  0x87, 0x84, 0x9e, 0x9d, 0x90, 0x96, 0xea, 0xc8, 0x13, 0x00, 0x03, 0x1c,
  0x15, 0x0d, 0x32, 0x3d, 0x35, 0x1b, 0x0d, 0x30, 0x3d, 0x36, 0x08, 0x08,
  0x0f, 0x06, 0x05, 0x07, 0x05, 0x6e, 0xc4, 0xd4, 0xdd, 0xec, 0x92, 0x96,
  0x94, 0x93, 0x85, 0x99, 0x9f, 0x83, 0x8f, 0x86, 0xe8, 0x95, 0x83, 0x8e,
  0x87, 0x96, 0x93, 0x99, 0x97, 0xfb, 0xe0, 0x91, 0xe1, 0x57, 0xcb, 0xe0,
  0xf7, 0x62, 0x64, 0xde, 0xf4, 0x46, 0x5a, 0xca, 0x73, 0x6c, 0x49, 0x93,
  0x91, 0x5f, 0x69, 0x5a, 0x97, 0xe2, 0x55, 0xd6, 0xff, 0xea, 0xe8, 0xe0,
  0xfe, 0xcc, 0xe7, 0x96, 0x94, 0xcd, 0x79, 0x72, 0xca, 0xf1, 0x56, 0x43,
  0x4c, 0x64, 0x6d, 0x60, 0xdc, 0xf4, 0xc6, 0x48, 0x76, 0x43, 0x53, 0xc0,
  0xf9, 0xfd, 0xff, 0xe9, 0x97, 0x95, 0xf1, 0xca, 0xe8, 0x9c, 0x93, 0x91,
  0x94, 0x94, 0x93, 0x9d, 0x9a, 0x99, 0x95, 0xe9, 0x94, 0x91, 0xde, 0x05,
  0x0f, 0x04, 0x7e, 0x6e, 0x35, 0x3f, 0x36, 0x05, 0x19, 0x37, 0x32, 0x35,
  0x03, 0x0e, 0x35, 0x0d, 0x10, 0x1e, 0x06, 0x10, 0xff, 0xe0, 0x7c, 0x79,
  0x94, 0x9a, 0x93, 0xea, 0x97, 0x92, 0x9e, 0x84, 0x8d, 0x86, 0x95, 0xe9,
  0x86, 0x8e, 0x87, 0xee, 0xe8, 0x9b, 0x92, 0xf7, 0x5c, 0xee, 0xeb, 0x59,
  0x79, 0xd1, 0xff, 0x7a, 0x14, 0x7c, 0xe1, 0xf1, 0x63, 0x17, 0x66, 0xca,
  0xf3, 0xc1, 0xd1, 0xd9, 0xf1, 0xcb, 0x5b, 0x43, 0xd9, 0xe1, 0xec, 0xe7,
  0xe5, 0xfb, 0xe5, 0xff, 0xfa, 0xec, 0xe3, 0xe5, 0xc6, 0xc0, 0xc4, 0xce,
  0xd3, 0xce, 0xcb, 0xc7, 0xd3, 0x72, 0x73, 0x7d, 0x49, 0x43, 0x71, 0x48,
  0xc7, 0xf2, 0xf9, 0xd4, 0xf2, 0xed, 0xe9, 0xf2, 0xd4, 0xec, 0x9d, 0x92,
  0xe1, 0xe7, 0x90, 0x9b, 0x99, 0x90, 0x9f, 0x92, 0x93, 0x97, 0xf1, 0x17,
  0x03, 0x12, 0xfd, 0x51, 0x0a, 0x3f, 0x34, 0x17, 0x1e, 0x31, 0x33, 0x0d,
  0x1b, 0x0b, 0x30, 0x0f, 0x10, 0x1a, 0x00, 0x10, 0xee, 0xd2, 0x1f, 0x15,
  0x9f, 0x80, 0x95, 0xf5, 0x91, 0x81, 0x84, 0x9f, 0x84, 0x84, 0x98, 0x9d,
  0x81, 0x80, 0x90, 0xfa, 0x94, 0x84, 0x93, 0x51, 0x5e, 0xeb, 0xe9, 0x41,
  0x65, 0xc4, 0xdd, 0x6c, 0x6e, 0xf3, 0xe0, 0x65, 0x12, 0x6c, 0xe6, 0xe7,
  0x47, 0x7b, 0xdf, 0xe6, 0xe4, 0xf7, 0x5d, 0x5e, 0xf3, 0xe2, 0xe2, 0xfc,
  0xe7, 0xed, 0xef, 0xe4, 0xec, 0x91, 0xe8, 0xda, 0x47, 0xff, 0xee, 0xf6,
  0x7e, 0x72, 0x5b, 0xc5, 0x43, 0x70, 0x74, 0x5d, 0x50, 0x5e, 0x73, 0x5f,
  0xf4, 0xf0, 0xf1, 0xf3, 0xe2, 0xee, 0xf8, 0xfe, 0xe8, 0x90, 0x91, 0xe9,
  0x94, 0x92, 0x9c, 0x9c, 0x9c, 0x9d, 0x90, 0xee, 0xea, 0x59, 0x1b, 0x00,
  0x16, 0xfd, 0x13, 0x31, 0x32, 0x00, 0x61, 0x02, 0x32, 0x36, 0x1f, 0x1b,
  0x34, 0x37, 0x18, 0x67, 0x07, 0x07, 0xd0, 0x92, 0x7c, 0x1b, 0xd0, 0x80,
  0x86, 0xe3, 0xe2, 0x87, 0x81, 0x9c, 0x94, 0x99, 0x9a, 0x98, 0x9a, 0x84,
  0x9c, 0xfb, 0xfc, 0x94, 0x93, 0xe2, 0xf6, 0xfd, 0xfb, 0x45, 0x68, 0x6d,
  0x51, 0xd9, 0x7d, 0x68, 0x63, 0x79, 0x66, 0x6b, 0x60, 0xcb, 0xfe, 0xc5,
  0x72, 0x75, 0xc3, 0xf5, 0xde, 0xfd, 0xeb, 0x97, 0xe3, 0xc4, 0xf2, 0x95,
  0x96, 0xe8, 0xe0, 0x97, 0x90, 0xea, 0xfc, 0xd9, 0xe5, 0xe6, 0xf8, 0xf3,
  0xf7, 0xc8, 0x45, 0x7a, 0x72, 0xd0, 0xfc, 0x56, 0x75, 0x5b, 0xfd, 0xe4,
  0xf4, 0xf7, 0xe4, 0xeb, 0xed, 0xe8, 0x97, 0x91, 0x90, 0x97, 0x96, 0x9d,
  0x99, 0x9c, 0xeb, 0xe7, 0xe2, 0xc6, 0x04, 0x0b, 0x04, 0xfd, 0x74, 0x36,
  0x3e, 0x35, 0x1c, 0x0d, 0x3d, 0x36, 0x10, 0x13, 0x37, 0x31, 0x05, 0x77,
  0x1d, 0x05, 0xe6, 0x83, 0xe0, 0x18, 0x7b, 0x8d, 0x8a, 0x85, 0x90, 0x80,
  0x8f, 0x9c, 0xf4, 0x97, 0x87, 0x87, 0x9e, 0x9e, 0x96, 0xd6, 0x6d, 0x5e,
  0xea, 0xe0, 0x55, 0x45, 0x7c, 0x11, 0x19, 0x6a, 0xd9, 0x52, 0x6f, 0x62,
  0x44, 0x72, 0x16, 0x17, 0xc4, 0x93, 0x93, 0xe1, 0x52, 0x4c, 0xfd, 0xef,
  0x95, 0xeb, 0xe8, 0x95, 0xeb, 0xf3, 0x51, 0xd9, 0xe0, 0xe9, 0xeb, 0xe9,
  0xe6, 0xc0, 0x75, 0xdf, 0xe1, 0xec, 0xd9, 0x78, 0x73, 0x5c, 0x51, 0x5a,
  0x51, 0xcb, 0xf0, 0xf6, 0xfc, 0xe5, 0xfb, 0xe0, 0x94, 0x91, 0x96, 0x95,
  0x94, 0x97, 0x97, 0x91, 0x93, 0x9f, 0x92, 0x96, 0xec, 0xe1, 0xe8, 0xf9,
  0x1c, 0x35, 0x0a, 0x6a, 0xf5, 0x01, 0x3c, 0x32, 0x03, 0x04, 0x37, 0x33,
  0x03, 0x61, 0x19, 0x09, 0x00, 0x6b, 0x6b, 0x13, 0xe0, 0x89, 0x8d, 0xc4,
  0x66, 0x9e, 0x8a, 0x8d, 0x9a, 0x83, 0x88, 0x86, 0xf4, 0x59, 0xeb, 0x9d,
  0x90, 0x92, 0x92, 0x55, 0x19, 0x05, 0x68, 0xf6, 0xc3, 0x4b, 0x60, 0x16,
  0x12, 0x13, 0x16, 0x6b, 0x57, 0x94, 0x91, 0x45, 0x11, 0x6f, 0xe6, 0x9d,
  0x92, 0x90, 0x94, 0xe5, 0xf5, 0xe7, 0xea, 0x95, 0xe9, 0xe9, 0x94, 0xe6,
  0x70, 0x72, 0xd8, 0xe7, 0xe2, 0xf2, 0xde, 0x74, 0x65, 0x79, 0xd6, 0xf3,
  0xc5, 0x77, 0x65, 0x72, 0x5f, 0xd7, 0x40, 0x42, 0xf0, 0xe1, 0xee, 0xe0,
  0xe0, 0x95, 0x90, 0x97, 0x94, 0x96, 0x90, 0x91, 0x94, 0x95, 0x9c, 0x98,
  0x93, 0xfd, 0x74, 0xf0, 0xe4, 0x11, 0x37, 0x33, 0x06, 0xc4, 0x18, 0x3d,
  0x3f, 0x0f, 0x1a, 0x37, 0x3c, 0x0e, 0x46, 0x6c, 0x00, 0x1a, 0xd5, 0x49,
  0x13, 0xf8, 0xb4, 0xb1, 0x99, 0x73, 0x96, 0x88, 0x88, 0x84, 0x85, 0x8d,
  0x80, 0xec, 0x7e, 0x7d, 0xd0, 0xdf, 0xf5, 0xe3, 0xd9, 0x1e, 0x0d, 0x00,
  0x14, 0x43, 0x7c, 0x61, 0x64, 0x72, 0x61, 0x68, 0x67, 0xf9, 0x91, 0x9f,
  0x9c, 0x96, 0xec, 0xe4, 0xe4, 0x95, 0x9c, 0x98, 0x9d, 0xeb, 0xe0, 0xe6,
  0xe4, 0xfe, 0xf0, 0xf6, 0xf0, 0xf6, 0xc1, 0x56, 0x4a, 0x7f, 0x49, 0xcb,
  0xe5, 0xc1, 0x77, 0x7f, 0x58, 0xd1, 0x4f, 0xd6, 0xe1, 0xec, 0xe4, 0xf5,
  0xf7, 0xfa, 0xe3, 0x95, 0x9d, 0x99, 0x96, 0xec, 0x95, 0x93, 0x96, 0x97,
  0x91, 0x90, 0x93, 0x96, 0xfe, 0x4e, 0x66, 0x42, 0x78, 0x02, 0x33, 0x36,
  0x18, 0x17, 0x08, 0x3d, 0x36, 0x07, 0x0d, 0x33, 0x37, 0x17, 0xe4, 0x79,
  0x6a, 0xd3, 0xe9, 0x66, 0x14, 0x9b, 0xb1, 0xb5, 0x96, 0xe6, 0x86, 0x89,
  0x84, 0xe0, 0x97, 0x9f, 0xf8, 0x6c, 0x60, 0x7a, 0x14, 0x10, 0x6e, 0x52,
  0x7b, 0x04, 0x01, 0x10, 0x43, 0xc9, 0xf8, 0xce, 0xc9, 0xf0, 0xf1, 0xe8,
  0x94, 0xed, 0x91, 0x84, 0x87, 0x99, 0xe3, 0x5d, 0xf5, 0xe2, 0xe9, 0x97,
  0xeb, 0xe7, 0xc1, 0x45, 0x75, 0x7c, 0x73, 0x75, 0xcd, 0xe6, 0xf2, 0x70,
  0x63, 0x67, 0xc2, 0xeb, 0xed, 0xe5, 0xfa, 0xd1, 0x5f, 0xcd, 0xf7, 0xe5,
  0xe5, 0xf9, 0xe2, 0xe8, 0xe4, 0xfb, 0xec, 0x96, 0x91, 0x95, 0xea, 0xea,
  0xe2, 0xe5, 0xe4, 0xee, 0x97, 0x95, 0xe5, 0x46, 0x65, 0x7f, 0x11, 0x08,
  0x32, 0x30, 0x06, 0x11, 0x0f, 0x31, 0x35, 0x04, 0x00, 0x36, 0x0a, 0x7a,
  0x90, 0xe4, 0xf7, 0x9f, 0x86, 0xe4, 0x62, 0x9c, 0xb7, 0xb5, 0x90, 0xfb,
  0x84, 0x83, 0xe4, 0x10, 0x62, 0xc8, 0x7b, 0x1c, 0x16, 0x4b, 0x63, 0x18,
  0x04, 0x14, 0x78, 0x6a, 0x13, 0x79, 0x95, 0x98, 0x9d, 0xe1, 0xe4, 0x94,
  0x9e, 0x85, 0x9f, 0x92, 0x9b, 0x9e, 0x94, 0xe2, 0xf0, 0x54, 0x77, 0x64,
  0x5c, 0xe3, 0xfd, 0x78, 0x6e, 0x66, 0x43, 0x52, 0x7c, 0x7b, 0xd4, 0xfe,
  0xe5, 0xf9, 0xcb, 0xcd, 0xe5, 0xe3, 0xe0, 0xed, 0xed, 0xff, 0xf7, 0xf2,
  0xe4, 0xe4, 0xf7, 0x50, 0xda, 0xed, 0x96, 0x94, 0xe2, 0xf8, 0xe4, 0xee,
  0xe9, 0xe2, 0xe2, 0xea, 0x97, 0x97, 0x94, 0xef, 0xd2, 0x7a, 0x73, 0x7c,
  0x05, 0x31, 0x3f, 0x34, 0x05, 0x01, 0x34, 0x35, 0x04, 0x1f, 0x0b, 0x36,
  0x1a, 0xec, 0xeb, 0xfa, 0x99, 0x89, 0x82, 0xdf, 0x5d, 0x83, 0xb4, 0x81,
  0xe3, 0x93, 0x80, 0x9d, 0x6a, 0x18, 0x15, 0x14, 0x07, 0x06, 0x68, 0xdd,
  0x61, 0x1f, 0x19, 0x63, 0x70, 0x6d, 0x71, 0xe8, 0x85, 0x80, 0x81, 0x9b,
  0x9c, 0x9d, 0x9c, 0x9e, 0x93, 0x91, 0x90, 0xee, 0xd2, 0x7f, 0x79, 0x66,
  0x17, 0x1c, 0x17, 0x5a, 0xf4, 0x4b, 0x60, 0x77, 0xda, 0xd2, 0xd4, 0xca,
  0xe3, 0x95, 0xeb, 0xee, 0xe8, 0xe2, 0xda, 0x4b, 0xdb, 0xe7, 0xe4, 0xdd,
  0x75, 0x77, 0x7c, 0x61, 0x79, 0xd5, 0xcf, 0xfa, 0x95, 0x92, 0x92, 0xef,
  0xf4, 0xf8, 0xee, 0xeb, 0x94, 0x93, 0x91, 0xeb, 0xec, 0xe2, 0xf0, 0x71,
  0x6c, 0x1d, 0x0e, 0x33, 0x32, 0x0a, 0x06, 0x02, 0x0b, 0x00, 0x6a, 0x1c,
  0x09, 0x0c, 0x4c, 0x9e, 0x92, 0x92, 0x8c, 0xb4, 0x81, 0xc4, 0xfa, 0x80,
  0x82, 0x94, 0xdc, 0x97, 0x98, 0xfb, 0x13, 0x1e, 0x10, 0x05, 0x0f, 0x02,
  0x11, 0x4c, 0x72, 0x63, 0x40, 0xe2, 0xe8, 0xe1, 0xee, 0x9f, 0x86, 0x83,
  0x83, 0x86, 0x9a, 0x9f, 0x97, 0xf5, 0x73, 0x7c, 0x78, 0x69, 0x11, 0x15,
  0x66, 0x6e, 0x1f, 0x1a, 0x10, 0x7c, 0xcc, 0xf9, 0xed, 0x96, 0x96, 0xe8,
  0xe9, 0x94, 0x97, 0xea, 0x95, 0x95, 0xec, 0xfb, 0xdb, 0x75, 0x79, 0x79,
  0x64, 0x63, 0x63, 0x67, 0x7a, 0x48, 0xc4, 0xf5, 0xcc, 0xcc, 0xe4, 0x97,
  0x93, 0x96, 0x94, 0x97, 0x93, 0x92, 0x97, 0xeb, 0x96, 0x90, 0xe9, 0xdd,
  0x7e, 0x66, 0x10, 0x0f, 0x33, 0x3f, 0x30, 0x08, 0x0f, 0x09, 0x06, 0x7e,
  0xc0, 0x13, 0x04, 0x79, 0x92, 0x9f, 0x90, 0x86, 0xb4, 0xb4, 0x84, 0x94,
  0x9b, 0x86, 0xef, 0x17, 0x16, 0x5c, 0x42, 0x12, 0x1b, 0x11, 0x16, 0x06,
  0x0c, 0x04, 0x63, 0x4d, 0x73, 0xc7, 0x93, 0x84, 0x87, 0x87, 0x87, 0x9a,
  0x98, 0x98, 0x98, 0x9c, 0x91, 0xee, 0xf0, 0x65, 0x10, 0x1c, 0x1c, 0x1a,
  0x04, 0x19, 0x17, 0x63, 0x64, 0x7f, 0xc7, 0xe3, 0xed, 0xec, 0xea, 0x91,
  0x93, 0x9d, 0x9f, 0x9f, 0x90, 0xee, 0xfa, 0xce, 0x50, 0x7e, 0x63, 0x6e,
  0x68, 0x6c, 0x63, 0x6e, 0x6d, 0x79, 0x7c, 0x72, 0xd7, 0xe0, 0x96, 0x90,
  0x9c, 0x9a, 0x99, 0x90, 0xea, 0xea, 0x97, 0x94, 0xed, 0xe6, 0xe1, 0xe0,
  0xe6, 0xc0, 0x65, 0x14, 0x1c, 0x03, 0x36, 0x3f, 0x3d, 0x35, 0x0d, 0x00,
  0x19, 0xce, 0x90, 0xff, 0x63, 0xc1, 0x99, 0x99, 0xec, 0x94, 0x82, 0x8b,
  0x83, 0x99, 0x9a, 0x84, 0xe0, 0x1d, 0x07, 0x19, 0x12, 0x1a, 0x04, 0x1d,
  0x6c, 0x6d, 0x14, 0x6b, 0x7d, 0x55, 0xf5, 0xe1, 0x94, 0x9d, 0x85, 0x81,
  0x81, 0x84, 0x9c, 0x92, 0x94, 0xf4, 0x79, 0x61, 0x67, 0x6c, 0x13, 0x1c,
  0x10, 0x10, 0x1a, 0x06, 0x1a, 0x15, 0x70, 0xd9, 0xe3, 0x90, 0x9e, 0x9e,
  0x9d, 0x92, 0x9c, 0x9c, 0x97, 0xec, 0xed, 0xe9, 0xe0, 0xf4, 0x54, 0x76,
  0x66, 0x6e, 0x16, 0x10, 0x14, 0x6f, 0x62, 0x67, 0x49, 0xcf, 0xe4, 0xef,
  0xea, 0x97, 0x96, 0x96, 0x90, 0x92, 0x9d, 0x93, 0x94, 0xe8, 0xef, 0xe3,
  0xe4, 0xff, 0xfd, 0xff, 0xc9, 0x77, 0x6d, 0x6f, 0x6e, 0x18, 0x0a, 0x32,
  0x32, 0x37, 0x0e, 0x0c, 0x1a, 0xca, 0x9d, 0xec, 0x55, 0xeb, 0x86, 0x9a,
  0xc5, 0x5a, 0x9e, 0x83, 0x98, 0xe9, 0x9f, 0x86, 0x96, 0x14, 0x05, 0x10,
  0x11, 0x06, 0x0c, 0x06, 0x15, 0x7a, 0x7e, 0xdc, 0xe9, 0x97, 0xe2, 0xf3,
  0xf8, 0xe9, 0x93, 0x9b, 0x84, 0x86, 0x87, 0x9b, 0x90, 0xe1, 0xd7, 0x7c,
  0x66, 0x14, 0x19, 0x05, 0x1f, 0x15, 0x68, 0x16, 0x10, 0x6e, 0x42, 0xdb,
  0xf6, 0xe8, 0x9c, 0x99, 0x9f, 0x9e, 0x99, 0x9e, 0x93, 0xe8, 0xff, 0xd8,
  0x41, 0x7e, 0x66, 0x62, 0x6f, 0x6c, 0x69, 0x6b, 0x6c, 0x65, 0x7f, 0x7a,
  0x7f, 0x43, 0xd8, 0xf6, 0xe5, 0xe8, 0x90, 0x9d, 0x9d, 0x9d, 0x9c, 0x93,
  0x94, 0xe3, 0xf0, 0xde, 0x5c, 0x59, 0xd2, 0xf7, 0xe5, 0xe0, 0xe1, 0xf6,
  0x5e, 0x71, 0x6d, 0x04, 0x35, 0x33, 0x33, 0x34, 0x0b, 0x0e, 0x18, 0xfd,
  0x90, 0xef, 0xe3, 0x99, 0x80, 0x9e, 0x53, 0x72, 0xec, 0x90, 0xe2, 0xe0,
  0x9f, 0x85, 0x95, 0x7d, 0x6c, 0x7b, 0x68, 0x06, 0x0f, 0x01, 0x13, 0x68,
  0x66, 0xf0, 0x93, 0x99, 0x93, 0x95, 0x97, 0x90, 0x94, 0xec, 0xe8, 0x97,
  0x94, 0x94, 0x96, 0x97, 0xee, 0xe5, 0x50, 0x6f, 0x1d, 0x19, 0x19, 0x1d,
  0x10, 0x14, 0x6c, 0x65, 0x57, 0xed, 0x93, 0x9d, 0x91, 0x96, 0x91, 0x97,
  0xe9, 0xe8, 0x94, 0xea, 0xe6, 0xfe, 0xe4, 0xe1, 0xfd, 0x4f, 0x6f, 0x17,
  0x11, 0x10, 0x16, 0x6e, 0x64, 0x7c, 0x71, 0x74, 0x41, 0xdb, 0xf4, 0xf4,
  0xfc, 0xe3, 0xe8, 0x97, 0x93, 0x92, 0x93, 0x90, 0x97, 0xe0, 0xf0, 0xcb,
  0xc7, 0xdb, 0xcb, 0xff, 0xe6, 0xef, 0xea, 0xea, 0xef, 0xfd, 0x4c, 0x6b,
  0x01, 0x37, 0x33, 0x31, 0x34, 0x35, 0x09, 0x19, 0xc2, 0xec, 0xe5, 0xea,
  0x84, 0x87, 0xe2, 0x66, 0x5b, 0xeb, 0xef, 0xcf, 0xe1, 0x99, 0x85, 0x97,
  0xf8, 0xe0, 0xf8, 0x16, 0x0d, 0x0c, 0x05, 0x1d, 0x1e, 0x17, 0xf2, 0x9c,
  0x9e, 0x9d, 0x9b, 0x84, 0x9e, 0xe0, 0xf0, 0xec, 0x95, 0xee, 0xe9, 0x96,
  0x91, 0x94, 0xe3, 0xc1, 0x65, 0x16, 0x1b, 0x07, 0x04, 0x1e, 0x11, 0x6e,
  0x78, 0xd1, 0xe3, 0x96, 0x90, 0x91, 0x93, 0x90, 0x95, 0xec, 0xe0, 0xe5,
  0xfe, 0xff, 0xcb, 0xdc, 0xdc, 0x54, 0x71, 0x62, 0x6a, 0x14, 0x15, 0x14,
  0x17, 0x6c, 0x46, 0xce, 0xca, 0xfc, 0xe0, 0xe3, 0xe4, 0xf2, 0xfe, 0xe0,
  0xee, 0xec, 0xed, 0x95, 0x91, 0x96, 0x95, 0xec, 0xe5, 0xc8, 0xd1, 0x5e,
  0x5c, 0xde, 0xf4, 0xfb, 0xe2, 0x94, 0x91, 0x97, 0xee, 0xfb, 0xd0, 0x6b,
  0x03, 0x36, 0x33, 0x31, 0x37, 0x35, 0x0c, 0x12, 0x44, 0xca, 0xe0, 0x99,
  0x81, 0x9f, 0x52, 0x7f, 0xe1, 0xe8, 0x56, 0x4d, 0x94, 0x85, 0x9d, 0xe0,
  0xec, 0x97, 0xdb, 0x1b, 0x00, 0x05, 0x1a, 0x00, 0x07, 0x7e, 0x97, 0x91,
  0x95, 0x98, 0x82, 0x81, 0x97, 0xfe, 0xe9, 0x95, 0xf7, 0x56, 0xe2, 0x93,
  0x94, 0xe4, 0xe4, 0xe1, 0xde, 0x15, 0x18, 0x18, 0x1e, 0x1b, 0x1b, 0x11,
  0x67, 0x5e, 0xf3, 0xe8, 0x92, 0x99, 0x9e, 0x93, 0x96, 0x95, 0xec, 0xe7,
  0xfa, 0xfb, 0xe5, 0xfa, 0xfe, 0xf4, 0xd4, 0x73, 0x62, 0x17, 0x10, 0x13,
  0x13, 0x11, 0x68, 0x67, 0x76, 0xd3, 0xe5, 0xe9, 0x95, 0xee, 0xe3, 0xed,
  0xec, 0xe0, 0xe1, 0xee, 0x95, 0xeb, 0xee, 0xe9, 0xed, 0xe5, 0xcc, 0x52,
  0x5f, 0x5a, 0x48, 0x58, 0xf4, 0xe6, 0xec, 0xea, 0x91, 0x93, 0xea, 0xe4,
  0xf2, 0x5b, 0x12, 0x0e, 0x36, 0x31, 0x36, 0x36, 0x37, 0x0f, 0x1c, 0x67,
  0x50, 0xe8, 0x84, 0x87, 0x97, 0xdb, 0xe5, 0x91, 0xef, 0x56, 0xf6, 0x9d,
  0x9a, 0x91, 0xee, 0x91, 0x96, 0x72, 0x04, 0x01, 0x04, 0x06, 0x02, 0x07,
  0x62, 0xf4, 0xf0, 0xec, 0x84, 0x8c, 0x80, 0x9c, 0x93, 0x9e, 0x93, 0xe4,
  0xf0, 0xec, 0xee, 0xcb, 0x52, 0xfc, 0xe3, 0x51, 0x14, 0x10, 0x15, 0x16,
  0x19, 0x1b, 0x17, 0x65, 0x7f, 0x74, 0xfa, 0x92, 0x9b, 0x9f, 0x9f, 0x98,
  0x9e, 0x97, 0xe1, 0xe6, 0xe0, 0xf2, 0x5f, 0x4d, 0x5d, 0x48, 0x60, 0x69,
  0x6e, 0x68, 0x11, 0x1d, 0x13, 0x15, 0x63, 0x78, 0x5c, 0xfd, 0xe1, 0xe3,
  0xed, 0xe8, 0x95, 0xef, 0xe4, 0xff, 0xfb, 0xe6, 0xe6, 0xe6, 0xed, 0xe8,
  0xef, 0xe1, 0xe4, 0xfb, 0xf1, 0x50, 0x4d, 0xd3, 0xf3, 0xf9, 0xfb, 0xe3,
  0x95, 0x97, 0x95, 0x95, 0xea, 0xe7, 0xc1, 0x49, 0x69, 0x07, 0x35, 0x31,
  0x31, 0x36, 0x37, 0x35, 0x03, 0x13, 0x6d, 0xd5, 0x92, 0x86, 0x9b, 0xec,
  0xe3, 0x9d, 0x9c, 0xe7, 0xf1, 0x90, 0x85, 0x93, 0xe2, 0x97, 0x9c, 0xfb,
  0x11, 0x1a, 0x1f, 0x1a, 0x02, 0x0d, 0x1f, 0x66, 0x61, 0x70, 0x94, 0x86,
  0x86, 0x9c, 0x9c, 0x84, 0x85, 0x95, 0xe7, 0xeb, 0x94, 0xe4, 0xf2, 0xe9,
  0x94, 0xf6, 0x60, 0x68, 0x63, 0x15, 0x19, 0x1b, 0x13, 0x69, 0x6c, 0x7b,
  0xf5, 0xef, 0x94, 0x91, 0x9c, 0x9b, 0x9e, 0x91, 0xea, 0xe8, 0xe6, 0xcd,
  0x50, 0x40, 0x70, 0x65, 0x67, 0x64, 0x64, 0x6d, 0x14, 0x16, 0x16, 0x11,
  0x16, 0x6b, 0x66, 0x70, 0x56, 0xf6, 0xe3, 0x94, 0x96, 0xea, 0xe0, 0xfb,
  0xf9, 0xf3, 0xc5, 0x53, 0x53, 0xdc, 0xc0, 0xf4, 0xe5, 0xe2, 0xe1, 0xf3,
  0xf4, 0xfc, 0xf8, 0xfe, 0xfc, 0xe5, 0xe3, 0xe9, 0x94, 0x90, 0x93, 0x96,
  0x94, 0xe8, 0xf9, 0x51, 0x77, 0x61, 0x1e, 0x0f, 0x37, 0x36, 0x37, 0x37,
  0x37, 0x09, 0x05, 0x11, 0x66, 0xe2, 0x85, 0x84, 0x96, 0xef, 0x9e, 0x87,
  0x93, 0xfd, 0xe2, 0x9c, 0x90, 0xe1, 0xec, 0x93, 0xea, 0x7b, 0x11, 0x6e,
  0x68, 0x04, 0x0d, 0x07, 0x15, 0x6f, 0x6a, 0xd4, 0x9f, 0x87, 0x99, 0x9f,
  0x86, 0x81, 0x9c, 0xed, 0xeb, 0x91, 0xe6, 0x46, 0xc6, 0xec, 0xe5, 0x70,
  0x67, 0x43, 0x4d, 0x6a, 0x1c, 0x11, 0x6d, 0x69, 0x15, 0x65, 0xcb, 0xe5,
  0xe6, 0xea, 0x9c, 0x9f, 0x94, 0xe2, 0xe9, 0xea, 0xe4, 0xd5, 0x53, 0xda,
  0xd7, 0x70, 0x65, 0x7f, 0x7a, 0x6e, 0x17, 0x14, 0x14, 0x11, 0x13, 0x16,
  0x6d, 0x78, 0x72, 0x47, 0xf0, 0xe0, 0xed, 0xed, 0xee, 0xe8, 0xec, 0xe6,
  0xf8, 0xfc, 0xf0, 0xc9, 0xce, 0xf6, 0xff, 0xff, 0xfd, 0xfb, 0xfa, 0xff,
  0xf7, 0xce, 0xc0, 0xc9, 0xfc, 0xe6, 0xe8, 0x96, 0x96, 0x96, 0x90, 0x93,
  0x97, 0xef, 0xe6, 0xf3, 0x53, 0x7b, 0x6c, 0x16, 0x05, 0x0e, 0x34, 0x37,
  0x34, 0x34, 0x35, 0x0c, 0x1a, 0x16, 0x79, 0xef, 0x9a, 0x9a, 0x96, 0x94,
  0x98, 0x85, 0x91, 0xe7, 0xee, 0x96, 0xee, 0xff, 0xef, 0x96, 0xf8, 0x69,
  0x16, 0x62, 0x68, 0x1a, 0x06, 0x19, 0x68, 0x6c, 0x63, 0xf4, 0x90, 0x92,
  0x90, 0x99, 0x86, 0x86, 0x9c, 0x97, 0x91, 0x96, 0xe1, 0xc2, 0xf6, 0xe4,
  0xf1, 0x58, 0x46, 0x58, 0x7e, 0x6b, 0x17, 0x14, 0x14, 0x16, 0x17, 0x61,
  0x56, 0xf0, 0xe7, 0xe8, 0x90, 0x93, 0x97, 0xea, 0xe8, 0xed, 0xf8, 0xc6,
  0xdf, 0xc4, 0xd6, 0x49, 0x77, 0x4c, 0x76, 0x66, 0x69, 0x15, 0x14, 0x16,
  0x10, 0x11, 0x15, 0x69, 0x6d, 0x7e, 0xd7, 0xfd, 0xe7, 0xe1, 0xe2, 0xec,
  0xe2, 0xe1, 0xe5, 0xf9, 0xf3, 0xf5, 0xca, 0xff, 0xe4, 0xe5, 0xfa, 0xe5,
  0xe6, 0xe7, 0xf3, 0xcd, 0xc6, 0xc5, 0xc7, 0xcc, 0xf2, 0xe7, 0xe0, 0xe3,
  0xe9, 0x97, 0x94, 0xe8, 0xe2, 0xe7, 0xf3, 0xd8, 0x57, 0x44, 0x71, 0x65,
  0x6e, 0x1c, 0x00, 0x09, 0x35, 0x35, 0x0a, 0x0b, 0x0d, 0x05, 0x10, 0x6d,
  0xf3, 0x9d, 0x98, 0x93, 0x96, 0x9d, 0x99, 0x96, 0xe3, 0xe8, 0x91, 0xe9,
  0xff, 0xec, 0x90, 0xee, 0x7d, 0x68, 0x63, 0x69, 0x19, 0x07, 0x18, 0x11,
  0x10, 0x16, 0x41, 0x95, 0x91, 0x97, 0x9d, 0x87, 0x87, 0x9e, 0x90, 0x9d,
  0x92, 0xe8, 0xe7, 0xec, 0x95, 0xe2, 0xf7, 0xf0, 0xfe, 0x51, 0x6c, 0x16,
  0x16, 0x10, 0x1c, 0x1c, 0x15, 0x65, 0x76, 0x55, 0xe7, 0xea, 0xeb, 0xe0,
  0xe5, 0xe7, 0xfb, 0xda, 0x50, 0xda, 0xca, 0xc0, 0xc3, 0xf2, 0xf9, 0xf7,
  0x5c, 0x7d, 0x66, 0x6e, 0x17, 0x10, 0x10, 0x16, 0x14, 0x6e, 0x67, 0x48,
  0xd2, 0xf6, 0xfa, 0xe7, 0xe6, 0xe4, 0xf9, 0xf0, 0xf5, 0xf5, 0xf6, 0xff,
  0xe4, 0xe1, 0xe2, 0xef, 0xef, 0xed, 0xe7, 0xfd, 0xf2, 0xfc, 0xf6, 0xc3,
  0xdf, 0xc8, 0xfe, 0xff, 0xf0, 0xfe, 0xe1, 0xe6, 0xf8, 0xf8, 0xe0, 0xed,
  0xe1, 0xfa, 0xff, 0xf2, 0xd8, 0x4e, 0x7f, 0x7f, 0x7d, 0x6c, 0x1f, 0x00,
  0x0c, 0x0e, 0x09, 0x0a, 0x09, 0x01, 0x1f, 0x10, 0x6e, 0xf5, 0x91, 0x97,
  0xe1, 0xed, 0x93, 0x90, 0xe6, 0xf3, 0x95, 0x92, 0x94, 0xee, 0x9d, 0x85,
  0x93, 0xc9, 0x46, 0x53, 0x65, 0x12, 0x18, 0x13, 0x17, 0x11, 0x6a, 0x55,
  0xe3, 0xe4, 0xfd, 0xee, 0x91, 0xeb, 0xf2, 0xf3, 0xe0, 0xe1, 0xf9, 0xe3,
  0x91, 0x93, 0x97, 0xea, 0x97, 0x95, 0xf8, 0x47, 0x78, 0x66, 0x69, 0x17,
  0x17, 0x6a, 0x6d, 0x64, 0x74, 0x57, 0xc0, 0xca, 0xcc, 0xd2, 0x57, 0x55,
  0x57, 0x5f, 0x50, 0xc7, 0xfd, 0xe7, 0xe3, 0xec, 0xed, 0xe4, 0xf5, 0x55,
  0x77, 0x67, 0x6d, 0x6f, 0x6f, 0x6d, 0x61, 0x78, 0x70, 0x74, 0x4b, 0x42,
  0x40, 0x45, 0x58, 0x58, 0x5a, 0x5c, 0xc5, 0xf0, 0xf8, 0xe7, 0xe2, 0xec,
  0xed, 0xed, 0xed, 0xe2, 0xe4, 0xf3, 0xf4, 0xf4, 0xf5, 0xf4, 0xf6, 0xf4,
  0xc2, 0xcb, 0xf6, 0xce, 0xd7, 0x51, 0xdf, 0xd8, 0xd7, 0xdc, 0xcd, 0xc0,
  0xdd, 0xdc, 0xc6, 0xd9, 0x5e, 0x4e, 0x4a, 0x76, 0x7d, 0x65, 0x6d, 0x11,
  0x19, 0x1a, 0x1a, 0x1a, 0x05, 0x19, 0x16, 0x6e, 0x6f, 0x60, 0x44, 0xce,
  0x57, 0x7d, 0x40, 0xf1, 0xf1, 0x56, 0xde, 0xe2, 0xea, 0xe6, 0xfa, 0xea,
  0x91, 0xef, 0xca, 0xf3, 0xe2, 0xfa, 0x53, 0x41, 0xc3, 0xf5, 0xd7, 0x51,
  0xf7, 0xfe, 0xcc, 0xd1, 0xcc, 0xfc, 0xf5, 0x51, 0x44, 0x5f, 0x52, 0x51,
  0xd3, 0xc5, 0xd9, 0xd7, 0xdc, 0xcd, 0xc3, 0xc5, 0xc4, 0xcc, 0xce, 0xcd,
  0xcb, 0xf6, 0xcb, 0xde, 0xd9, 0xc9, 0xca, 0xdf, 0x51, 0xd0, 0xc5, 0xdf,
  0xd7, 0xd2, 0xd9, 0xd7, 0x5f, 0x53, 0xd5, 0x50, 0x45, 0x59, 0xd4, 0xdd,
  0xd7, 0x56, 0x57, 0x56, 0x5d, 0x5e, 0x58, 0x41, 0x49, 0x4e, 0x45, 0x5d,
  0x5c, 0x5a, 0x58, 0x5e, 0x58, 0x47, 0x45, 0x5e, 0x59, 0x5e, 0x50, 0xd3,
  0xdd, 0xd1, 0xd2, 0xc7, 0xcd, 0xce, 0xf5, 0xf0, 0xfc, 0xfc, 0xfc, 0xff,
  0xf2, 0xf7, 0xf5, 0xf7, 0xf7, 0xce, 0xcc, 0xc8, 0xce, 0xc1, 0xc5, 0xc7,
  0xda, 0xd7, 0x53, 0x56, 0x54, 0x54, 0xd5, 0xdd, 0xdb, 0xde, 0xdc, 0xd8,
  0xd0, 0x45, 0x72, 0x67, 0x61, 0x62, 0x6d, 0x6d, 0x6f, 0x69, 0x69, 0x69,
  0x6c, 0x6d, 0x6e, 0x6b, 0x6a, 0x68, 0x6d, 0x62, 0x63, 0x66, 0x7b, 0x71,
  0x4d, 0x56, 0xde, 0xd6, 0x51, 0xdd, 0xcc, 0xf7, 0xf5, 0xcb, 0xf3, 0xf9,
  0xe5, 0xe7, 0xe6, 0xe6, 0xe6, 0xe1, 0xe3, 0xe2, 0xe1, 0xe5, 0xf9, 0xfd,
  0xf2, 0xf6, 0xca, 0xf5, 0xcb, 0xcb, 0xf5, 0xc9, 0xc1, 0xda, 0xd8, 0xdb,
  0xdf, 0xd1, 0xd6, 0xd7, 0xd7, 0xd3, 0xd9, 0xc3, 0xc3, 0xc6, 0xc2, 0xcc,
  0xcc, 0xc4, 0xd9, 0xc5, 0xc6, 0xc6, 0xc0, 0xc2, 0xce, 0xcf, 0xc0, 0xc7,
  0xde, 0xd4, 0x5d, 0x44, 0x40, 0x42, 0x49, 0x49, 0x49, 0x4c, 0x40, 0x41,
  0x46, 0x46, 0x41, 0x40, 0x40, 0x43, 0x43, 0x4d, 0x4d, 0x43, 0x40, 0x40,
  0x41, 0x44, 0x5e, 0x50, 0x55, 0xd6, 0xd1, 0xde, 0xdb, 0xc4, 0xcc, 0xca,
  0xf7, 0xf7, 0xf1, 0xf3, 0xfd, 0xf1, 0xf6, 0xf5, 0xc8, 0xcd, 0xd9, 0xd9,
  0xdc, 0xd0, 0xd0, 0xd6, 0xd4, 0xd6, 0xd6, 0xd7, 0xd5, 0x55, 0x5d, 0x41,
  0x74, 0x76, 0x7d, 0x7b, 0x66, 0x60, 0x60, 0x63, 0x62, 0x6d, 0x62, 0x6c,
  0x6f, 0x6c, 0x62, 0x62, 0x62, 0x62, 0x61, 0x64, 0x7b, 0x7c, 0x71, 0x4a,
  0x41, 0x5f, 0x54, 0xd1, 0xdc, 0xdb, 0xc7, 0xc8, 0xf1, 0xfd, 0xff, 0xfb,
  0xe7, 0xe0, 0xe2, 0xe2, 0xe2, 0xed, 0xe2, 0xe3, 0xe0, 0xe1, 0xe7, 0xe5,
  0xf8, 0xf9, 0xfd, 0xf7, 0xca, 0xc9, 0xcf, 0xc1, 0xdb, 0xdf, 0xdd, 0xd2,
  0xd0, 0xdd, 0xdf, 0xd2, 0xd1, 0xd0, 0xd2, 0xd2, 0xd1, 0xd5, 0xd5, 0xd5,
  0x55, 0x54, 0x57, 0xd5, 0xd5, 0xd5, 0xd6, 0xd7, 0xd6, 0xd7, 0xd6, 0xd1,
  0xd7, 0xd5, 0x51, 0x5f, 0x5e, 0x5f, 0x58, 0x47, 0x43, 0x42, 0x4d, 0x4d,
  0x43, 0x43, 0x42, 0x42, 0x43, 0x44, 0x5b, 0x5b, 0x5a, 0x5e, 0x52, 0x51,
  0x56, 0x57, 0x55, 0x55, 0x55, 0xd5, 0xd7, 0xd5, 0x55, 0x55, 0xd7, 0xd2,
  0xdd, 0xd3, 0xd3, 0xdd, 0xdd, 0xdc, 0xdf, 0xdf, 0xd2, 0xd0, 0xd7, 0x54,
  0x57, 0x54, 0x57, 0x51, 0x56, 0x50, 0x53, 0x5c, 0x58, 0x5b, 0x41, 0x4d,
  0x4e, 0x48, 0x4a, 0x75, 0x77, 0x77, 0x76, 0x77, 0x77, 0x71, 0x70, 0x72,
  0x73, 0x70, 0x76, 0x76, 0x75, 0x4a, 0x49, 0x40, 0x45, 0x5e, 0x58, 0x58,
  0x59, 0x5d, 0x56, 0x50, 0x53, 0x54, 0xd0, 0xde, 0xc7, 0xcf, 0xf5, 0xf7,
  0xf6, 0xf3, 0xfc, 0xff, 0xfc, 0xf2, 0xf2, 0xfd, 0xfc, 0xfd, 0xf2, 0xf2,
  0xf3, 0xf1, 0xf6, 0xf7, 0xf7, 0xf5, 0xce, 0xc2, 0xc1, 0xc1, 0xc1, 0xc1,
  0xc3, 0xc2, 0xc2, 0xc2, 0xc2, 0xc3, 0xc1, 0xda, 0xdc, 0xd1, 0xd7, 0xd5,
  0x54, 0x50, 0x5c, 0x5f, 0x5c, 0x52, 0x52, 0x5c, 0x5e, 0x59, 0x5f, 0x52,
  0x50, 0x51, 0x50, 0x5c, 0x5f, 0x5e, 0x5f, 0x59, 0x5a, 0x5a, 0x44, 0x58,
  0x5a, 0x44, 0x5b, 0x59, 0x5e, 0x59, 0x5f, 0x5f, 0x5f, 0x5f, 0x5c, 0x50,
  0x50, 0x53, 0x5e, 0x59, 0x5e, 0x58, 0x5b, 0x45, 0x44, 0x47, 0x41, 0x46,
  0x46, 0x5a, 0x58, 0x58, 0x5c, 0x52, 0x55, 0xd4, 0xd4, 0xd7, 0xd7, 0xd6,
  0xd1, 0xd7, 0xd1, 0xd6, 0xd5, 0x57, 0x52, 0x51, 0x50, 0x52, 0x52, 0x5c,
  0x53, 0x53, 0x53, 0x56, 0x56, 0x54, 0xd5, 0xd7, 0xd1, 0xd6, 0xd5, 0xd4,
  0xd7, 0xd6, 0xd7, 0xd4, 0xd1, 0xd6, 0xd7, 0xd7, 0xd6, 0xd0, 0xd7, 0x54,
  0x55, 0xd6, 0xd1, 0xd4, 0xd5, 0xd7, 0xd0, 0xd3, 0xd2, 0xdf, 0xd9, 0xd9,
  0xdc, 0xdd, 0xd9, 0xd9, 0xd9, 0xde, 0xd9, 0xd9, 0xdf, 0xd2, 0xdd, 0xdd,
  0xd2, 0xd1, 0xd7, 0xd6, 0xd7, 0xd7, 0xd4, 0xd4, 0xd7, 0xd7, 0xd7, 0xd4,
  0xd4, 0xd4, 0xd5, 0xd5, 0xd5, 0xd5, 0x54, 0x51, 0x50, 0x53, 0x50, 0x50,
  0x5d, 0x5c, 0x58, 0x58, 0x5b, 0x5e, 0x5c, 0x5d, 0x5d, 0x5d, 0x57, 0x55,
  0xd6, 0xd7, 0xd5, 0x55, 0x56, 0xd5, 0xd4, 0xd1, 0xd1, 0xd6, 0xd6, 0xd6,
  0xd3, 0xd3, 0xd1, 0xd7, 0xd5, 0x55, 0x55, 0x55, 0xd5, 0xd5, 0x55, 0xd4,
  0xd1, 0xdd, 0xdf, 0xdd, 0xd2, 0xd0, 0xd3, 0xd0, 0xd1, 0xd1, 0xd6, 0xd5,
  0x55, 0x55, 0xd7, 0xd5, 0x57, 0x50, 0x53, 0x53, 0x5f, 0x5e, 0x5e, 0x5c,
  0x5d, 0x5c, 0x50, 0x57, 0x55, 0x55, 0x57, 0x55, 0x55, 0x56, 0x50, 0x52,
  0x51, 0x50, 0x50, 0x51, 0x57, 0xd5, 0x55, 0x54, 0x55, 0xd4, 0xd4, 0x55,
  0x57, 0xd5, 0xd5, 0x55, 0x55, 0xd4, 0xd6, 0xd6, 0x55, 0xd5, 0xd4, 0xd4,
  0x54, 0x51, 0x57, 0x54, 0x57, 0x54, 0xd5, 0xd1, 0xd3, 0xd3, 0xdd, 0xd2,
  0xdd, 0xd0, 0xd1, 0xd3, 0xd0, 0xd1, 0xd6, 0xd6, 0xd0, 0xd1, 0xd1, 0xd1,
  0xd1, 0xd6, 0xd5, 0x55, 0xd5, 0x54, 0x57, 0x51, 0x54, 0x55, 0x57, 0x55,
  0xd5, 0xd7, 0xd4, 0x57, 0x57, 0x56, 0x51, 0x53, 0x5d, 0x51, 0x50, 0x52,
  0x52, 0x50, 0x57, 0x51, 0x53, 0x51, 0x56, 0x54, 0x51, 0x56, 0x57, 0x57,
  0x54, 0x57, 0xd4, 0xd6, 0xd4, 0xd7, 0xd7, 0xd0, 0xd0, 0xd6, 0xd1, 0xd1,
  0xd0, 0xd1, 0xd1, 0xd1, 0xd6, 0xd7, 0xd4, 0xd4, 0xd4, 0xd4, 0x55, 0x55,
  0x54, 0x54, 0x56, 0x56, 0x56, 0x54, 0x54, 0x54, 0x54, 0x55, 0xd5, 0x57,
  0x56, 0x50, 0x50, 0x53, 0x52, 0x52, 0x50, 0x50, 0x50, 0x50, 0x56, 0x57,
  0x54, 0x55, 0xd5, 0xd7, 0xd6, 0xd1, 0xd1, 0xd3, 0xd3, 0xd0, 0xd1, 0xd0,
  0xd1, 0xd1, 0xd7, 0xd7, 0xd7, 0xd6, 0xd4, 0xd5, 0x55, 0x54, 0x56, 0x51,
  0x56, 0x51, 0x56, 0x56, 0x57, 0x54, 0xd4, 0xd4, 0xd6, 0xd7, 0xd7, 0xd7,
  0xd6, 0xd6, 0xd6, 0xd6, 0xd1, 0xd0, 0xd6, 0xd6, 0xd6, 0xd7, 0xd5, 0x55,
  0x54, 0x55, 0x54, 0x57, 0x56, 0x56, 0x57, 0x54, 0x55, 0x55, 0x55, 0x54,
  0x55, 0xd4, 0xd4, 0xd4, 0xd7, 0xd6, 0xd6, 0xd4, 0x55, 0xd4, 0xd4, 0xd5,
  0x54, 0x57, 0x54, 0x55, 0x54, 0x56, 0x56, 0x56, 0x51, 0x51, 0x56, 0x56,
  0x57, 0x56, 0x54, 0xd5, 0x57, 0x56, 0x51, 0x57, 0x56, 0x52, 0x51, 0xd5,
  0x54, 0x50, 0xdc, 0xf6, 0xc9, 0x52, 0x72, 0x70, 0x5d, 0xc4, 0xda, 0xd3,
  0xd6, 0xda, 0xca, 0xf6, 0xd1, 0x75, 0x78, 0x74, 0xc0, 0xfd, 0xcf, 0x57,
  0x59, 0xd1, 0xd9, 0x56, 0x75, 0x5b, 0xdb, 0xc7, 0x51, 0x4e, 0x4b, 0xd4,
  0xdc, 0x54, 0x50, 0x5f, 0x4a, 0x48, 0x51, 0xf6, 0xfb, 0xd3, 0x79, 0x74,
  0xdc, 0xc0, 0xd2, 0x40, 0x4b, 0x49, 0x58, 0xdd, 0xd0, 0xd3, 0x75, 0x77,
  0x60, 0x1c, 0x62, 0xe1, 0xcb, 0x13, 0x00, 0x10, 0x92, 0x9c, 0x48, 0x17,
  0x62, 0x96, 0x80, 0xee, 0x6d, 0x65, 0x94, 0x84, 0xfb, 0x14, 0x70, 0xe0,
  0xf8, 0x6a, 0x15, 0xc0, 0xf0, 0x15, 0x05, 0x68, 0xeb, 0x91, 0x5b, 0x67,
  0xf0, 0x93, 0x84, 0x94, 0x72, 0x55, 0xe9, 0x9f, 0xe2, 0x6d, 0xd5, 0x93,
  0xe9, 0x5d, 0xda, 0xe8, 0xef, 0x44, 0x59, 0xfa, 0xcf, 0x65, 0x4a, 0xfc,
  0x45, 0x72, 0xd8, 0x52, 0x7f, 0x60, 0x4f, 0xd6, 0x64, 0x74, 0xcb, 0xc4,
  0x75, 0x56, 0xf1, 0x40, 0x7f, 0x5c, 0xdb, 0x7e, 0x7b, 0xfd, 0xf2, 0x4e,
  0x4c, 0xf7, 0xd0, 0x60, 0x77, 0xc9, 0x47, 0x6d, 0x71, 0xff, 0x41, 0x60,
  0x74, 0x50, 0x64, 0x67, 0xcd, 0x5c, 0x66, 0x4b, 0xff, 0xcc, 0x7b, 0x70,
  0x5e, 0x47, 0x71, 0x40, 0xc4, 0x77, 0x79, 0xdd, 0xcb, 0x64, 0x68, 0x41,
  0x45, 0x64, 0x77, 0x5f, 0x60, 0x15, 0x4c, 0x59, 0x6f, 0x69, 0x71, 0xc3,
  0xc9, 0xf0, 0xcc, 0x49, 0xd6, 0xe3, 0x97, 0xe1, 0xe7, 0x90, 0x9f, 0x9d,
  0x9f, 0x99, 0xe8, 0xf8, 0x90, 0x92, 0xe6, 0xe4, 0x96, 0xe9, 0xf6, 0xeb,
  0x90, 0xf9, 0x48, 0xd1, 0xc0, 0x47, 0x53, 0x5e, 0x60, 0x61, 0xf2, 0xe7,
  0x78, 0x63, 0xd5, 0x4e, 0x17, 0x16, 0x6e, 0x11, 0x1a, 0x18, 0x16, 0x6b,
  0x62, 0x7f, 0x65, 0x60, 0x72, 0xd9, 0x42, 0x71, 0xfc, 0xeb, 0x91, 0x9d,
  0x92, 0xe9, 0xe5, 0xec, 0xe1, 0x55, 0x64, 0x70, 0xdf, 0x79, 0x6f, 0x60,
  0x7b, 0x72, 0xd4, 0xf2, 0x73, 0x63, 0x60, 0x15, 0x15, 0x61, 0x66, 0x14,
  0x60, 0xfd, 0xe5, 0xf4, 0x75, 0x7d, 0x44, 0x40, 0x7b, 0x68, 0x68, 0x61,
  0x57, 0xf1, 0xca, 0xe6, 0xe5, 0xda, 0xd0, 0xc5, 0xc2, 0x47, 0xd8, 0xe5,
  0xe2, 0x92, 0x9b, 0x9e, 0x99, 0x85, 0x9f, 0x94, 0xed, 0xf7, 0x40, 0x62,
  0x6c, 0x67, 0x6a, 0x14, 0x6d, 0x68, 0x69, 0x64, 0x7a, 0x6d, 0x16, 0x10,
  0x1f, 0x06, 0x07, 0x18, 0x18, 0x17, 0x5e, 0xc3, 0xf3, 0xe2, 0xed, 0xca,
  0x61, 0x6f, 0x73, 0x4b, 0x40, 0xcb, 0xee, 0x9e, 0x84, 0x9a, 0x96, 0xea,
  0x9e, 0x9e, 0xf1, 0x5d, 0xef, 0xee, 0xe5, 0xe1, 0xfa, 0xfb, 0x96, 0x96,
  0xd0, 0x4e, 0xf1, 0x79, 0x10, 0x60, 0x72, 0x69, 0x65, 0xdc, 0x45, 0xc3,
  0xe9, 0xc8, 0x67, 0xd9, 0xf5, 0x16, 0x05, 0x1c, 0x1f, 0x1a, 0x1c, 0x10,
  0x11, 0x64, 0xff, 0xe5, 0x59, 0xf5, 0xee, 0xf0, 0x41, 0x52, 0xde, 0x4a,
  0xff, 0x92, 0x97, 0xea, 0x9d, 0x9e, 0x94, 0xfe, 0xd7, 0x61, 0x6b, 0x60,
  0x6f, 0x1d, 0x1f, 0x72, 0xe5, 0xdb, 0xdc, 0xe1, 0xec, 0xe7, 0xf0, 0x5e,
  0x65, 0x7b, 0x71, 0x7f, 0xdb, 0xe8, 0x91, 0x9d, 0x98, 0x98, 0x93, 0xeb,
  0xed, 0xdd, 0x6a, 0x1f, 0x11, 0x69, 0x64, 0x49, 0x47, 0xf8, 0x92, 0x9f,
  0xe6, 0xdc, 0xff, 0x55, 0x68, 0x16, 0x17, 0x62, 0x53, 0xf0, 0xcc, 0xff,
  0xe7, 0xc7, 0xda, 0x54, 0xd5, 0x5b, 0x60, 0x49, 0xf3, 0xfc, 0xfb, 0xed,
  0xe8, 0x97, 0x93, 0xe5, 0x44, 0xc5, 0x53, 0x7a, 0x6f, 0x69, 0x7f, 0x4c,
  0x7f, 0x66, 0x4a, 0xe7, 0xfc, 0x66, 0x14, 0x65, 0xd0, 0x72, 0x66, 0x7d,
  0xd5, 0xe5, 0xe1, 0xc5, 0xfd, 0x93, 0x9c, 0xf0, 0x77, 0x56, 0x57, 0x71,
  0x11, 0x17, 0x7b, 0x5c, 0x7c, 0x17, 0x67, 0xe4, 0xe6, 0x66, 0x6f, 0xc4,
  0xfa, 0x53, 0x67, 0x7e, 0x41, 0x44, 0x7e, 0x10, 0x11, 0x4f, 0x42, 0x6e,
  0x67, 0xc2, 0xe5, 0xe2, 0xfb, 0xc5, 0xe4, 0xea, 0xe2, 0x5e, 0x7c, 0xc1,
  0xe4, 0xfd, 0x40, 0x64, 0x51, 0xf1, 0x4b, 0x60, 0x7f, 0xc6, 0xca, 0x6c,
  0x17, 0x58, 0xfe, 0x78, 0x63, 0x75, 0x5a, 0xff, 0xd0, 0x6d, 0x7b, 0xe4,
  0xee, 0xd3, 0x65, 0xd3, 0xe8, 0x95, 0xc6, 0x52, 0xf2, 0xf3, 0xce, 0x4b,
  0x75, 0xd7, 0x52, 0x72, 0x61, 0x65, 0x79, 0x75, 0x72, 0x4b, 0xe0, 0xee,
  0xc8, 0xf4, 0xe3, 0x95, 0x95, 0xcf, 0x57, 0xe1, 0xe7, 0x4f, 0x72, 0x4d,
  0xd1, 0xe6, 0xfb, 0x59, 0xcc, 0x95, 0x95, 0xe5, 0xd9, 0xd3, 0xe1, 0x95,
  0xc3, 0x6d, 0x57, 0xe3, 0xca, 0x43, 0x72, 0x76, 0xf4, 0xff, 0x7e, 0x7f,
  0x54, 0x7c, 0x7e, 0x47, 0x7c, 0x6f, 0xd6, 0xe6, 0xd1, 0x5f, 0xfd, 0xe3,
  0xcc, 0xc4, 0xd3, 0x76, 0x46, 0x7f, 0x68, 0x66, 0x5a, 0x65, 0x64, 0xde,
  0xf7, 0xde, 0x47, 0x67, 0x73, 0x67, 0x1c, 0x16, 0x63, 0x13, 0x12, 0x15,
  0x1d, 0x17, 0x44, 0x7d, 0x64, 0xe5, 0xec, 0xe1, 0x91, 0x94, 0xee, 0x90,
  0x93, 0xea, 0x94, 0x91, 0x95, 0xe8, 0xe2, 0xcf, 0xf5, 0xca, 0xdc, 0x5f,
  0xd6, 0xf3, 0xdd, 0xd2, 0xc2, 0xd8, 0x49, 0xd8, 0x44, 0x6c, 0x73, 0x57,
  0x71, 0x42, 0x71, 0x68, 0xd7, 0xea, 0x58, 0x6a, 0x42, 0xcc, 0x5a, 0x71,
  0x6c, 0x14, 0x4f, 0xca, 0x61, 0x63, 0x40, 0x58, 0xf0, 0xc7, 0x64, 0x43,
  0xe5, 0xce, 0x4b, 0x5d, 0x51, 0xc7, 0xd6, 0x78, 0x71, 0xda, 0x5d, 0x6a,
  0x15, 0x45, 0xca, 0x54, 0x48, 0x4b, 0xf9, 0x9d, 0xef, 0x5a, 0xfb, 0x94,
  0xe0, 0xf3, 0xc0, 0x5f, 0xf2, 0xf2, 0x60, 0x66, 0xdb, 0x48, 0x72, 0x58,
  0x7c, 0x72, 0xe6, 0xfe, 0x50, 0xfd, 0xfb, 0xc9, 0xf7, 0x5e, 0x72, 0xc1,
  0xf1, 0xd4, 0x77, 0x46, 0xfc, 0xf8, 0x59, 0x50, 0xf4, 0xf6, 0xf4, 0xf3,
  0xcf, 0xf8, 0x95, 0xed, 0xf1, 0xe5, 0xe8, 0xe7, 0x55, 0x54, 0x5c, 0xd7,
  0x43, 0x6f, 0x15, 0x6f, 0x7a, 0x65, 0x6f, 0x67, 0x57, 0x5d, 0x74, 0x5f,
  0xdb, 0xf4, 0xe2, 0xf4, 0x72, 0xc0, 0xf4, 0x7f, 0x65, 0x70, 0x64, 0x76,
  0x4a, 0x6f, 0x64, 0xf0, 0xc5, 0x74, 0x7f, 0x71, 0xc5, 0xf4, 0x7a, 0x63,
  0x53, 0xd8, 0x5c, 0x71, 0x71, 0x5e, 0xf2, 0xc6, 0x79, 0x55, 0xe4, 0xc0,
  0x44, 0x41, 0xd2, 0xc2, 0xfe, 0xf5, 0x7c, 0xd9, 0xf8, 0x75, 0x4b, 0xd7,
  0x71, 0x76, 0x51, 0x48, 0x65, 0xd0, 0xc3, 0x41, 0xdd, 0xfd, 0xc4, 0xd9,
  0xd9, 0xc1, 0xf2, 0xc5, 0x5f, 0x56, 0xc8, 0xfc, 0xf5, 0xc7, 0xf3, 0xe4,
  0xfa, 0xc4, 0xc9, 0xf0, 0xcb, 0x54, 0x73, 0x7e, 0x4a, 0x50, 0x75, 0x7c,
  0xc1, 0xf8, 0xf7, 0xdd, 0xd1, 0xd9, 0xde, 0xd0, 0x41, 0x7d, 0x5c, 0xc7,
  0x46, 0x4d, 0x5b, 0x44, 0x55, 0xc2, 0x58, 0x71, 0x57, 0xcc, 0x47, 0x45,
  0x51, 0x53, 0xc6, 0xf0, 0xf7, 0x57, 0xd8, 0xf3, 0xce, 0xcc, 0xc6, 0x5c,
  0x5b, 0x51, 0x43, 0x70, 0x41, 0xd5, 0x4c, 0x46, 0xd6, 0xd0, 0xc6, 0xf5,
  0xd2, 0x57, 0xde, 0xd7, 0xd5, 0x58, 0x49, 0x5e, 0xd0, 0x5b, 0x74, 0x47,
  0x54, 0xd8, 0xd2, 0x58, 0x5c, 0xcd, 0xcf, 0xd1, 0xc4, 0xc2, 0xd7, 0xd1,
  0x5f, 0x4e, 0xd3, 0x5f, 0x76, 0x75, 0x5e, 0x4e, 0x75, 0x49, 0x73, 0x4a,
  0xd7, 0x54, 0x45, 0x56, 0x5c, 0x56, 0xd1, 0x56, 0x56, 0xca, 0xf5, 0xc6,
  0xf7, 0xe1, 0xe4, 0xf6, 0xfb, 0xf8, 0xf5, 0xc3, 0x54, 0x74, 0x5a, 0x40,
  0x73, 0x70, 0x4c, 0x48, 0x4e, 0x51, 0xd2, 0x59, 0xda, 0xc4, 0x58, 0x56,
  0xd6, 0x50, 0x43, 0x42, 0x44, 0x4f, 0x44, 0x5f, 0x74, 0x71, 0x59, 0xd1,
  0xd1, 0x53, 0x40, 0xd0, 0xc9, 0x5c, 0x58, 0x58, 0x5b, 0x55, 0xd4, 0xd7,
  0xd6, 0xd8, 0xde, 0xde, 0xd5, 0xdc, 0xc7, 0xf1, 0xc8, 0xc3, 0xf1, 0xfc,
  0xf0, 0xfa, 0xf3, 0xc9, 0xcd, 0xd7, 0xdf, 0x5c, 0x48, 0x76, 0x41, 0x5d,
  0x45, 0x58, 0x57, 0x5a, 0x5d, 0x57, 0x51, 0xd0, 0x5a, 0x58, 0xd6, 0x57,
  0x56, 0xde, 0xdc, 0x5b, 0x52, 0xd2, 0xdf, 0xdd, 0xdf, 0xd3, 0xdd, 0xcc,
  0xde, 0xd0, 0xf5, 0xca, 0xd0, 0x5d, 0x44, 0x59, 0x4f, 0x47, 0x74, 0x72,
  0x74, 0x7c, 0x65, 0x79, 0x73, 0x7d, 0x73, 0x7d, 0x79, 0x71, 0x5c, 0x5f,
  0x5c, 0xdd, 0xc7, 0xc7, 0xc6, 0xc4, 0xca, 0xfe, 0xf0, 0xc8, 0xd2, 0xc5,
  0xc3, 0x43, 0x40, 0x48, 0x47, 0x53, 0x47, 0x46, 0xd7, 0xda, 0xda, 0x46,
  0x54, 0xdf, 0xdd, 0xdc, 0x52, 0x5f, 0x53, 0xde, 0x75, 0x71, 0x76, 0x42,
  0x51, 0x50, 0x58, 0x52, 0xf4, 0xfd, 0xf2, 0xff, 0xe7, 0xe0, 0xed, 0xe4,
  0xfd, 0xfd, 0xff, 0xc2, 0xd0, 0x54, 0x5f, 0xf4, 0xd8, 0x51, 0x55, 0xc5,
  0xc8, 0xfd, 0xf3, 0xf1, 0xfd, 0xe7, 0xf8, 0xf1, 0xf8, 0xf7, 0xf6, 0xf7,
  0xc3, 0xdc, 0xc3, 0xdf, 0xd3, 0x40, 0x50, 0xd4, 0x56, 0xd2, 0x5b, 0x43,
  0x54, 0xd6, 0x5d, 0x4d, 0x77, 0x45, 0x70, 0x73, 0x64, 0x60, 0x61, 0x66,
  0x62, 0x6e, 0x62, 0x64, 0x7f, 0x66, 0x65, 0x65, 0x78, 0x76, 0x7c, 0x65,
  0x65, 0x4b, 0x7e, 0x78, 0x73, 0x7a, 0x7f, 0x74, 0x75, 0x75, 0x76, 0x5d,
  0x76, 0x49, 0xd6, 0x47, 0x5a, 0x4c, 0x76, 0x79, 0x5b, 0x48, 0x7c, 0x64,
  0x4a, 0x4c, 0x48, 0x59, 0x4c, 0x50, 0xfd, 0xf3, 0xf3, 0xfb, 0xe7, 0xef,
  0xe1, 0xed, 0xe5, 0xe6, 0xe1, 0xf9, 0xf1, 0xf4, 0xff, 0xf1, 0xfc, 0xfb,
  0xe6, 0xe9, 0xee, 0xea, 0x96, 0x91, 0x92, 0x90, 0x90, 0x90, 0x96, 0x96,
  0xee, 0xe2, 0xe3, 0xe5, 0xfa, 0xc1, 0xdf, 0xc6, 0xcb, 0xcb, 0xd3, 0xc2,
  0xf0, 0xe5, 0xe6, 0xf1, 0xe4, 0xe6, 0xe7, 0xe3, 0xf3, 0xc7, 0xf4, 0xc6,
  0x5e, 0x45, 0x75, 0x74, 0x73, 0x72, 0x75, 0x65, 0x70, 0x64, 0x6f, 0x65,
  0x60, 0x61, 0x66, 0x60, 0x66, 0x6f, 0x17, 0x11, 0x1b, 0x05, 0x04, 0x00,
  0x01, 0x03, 0x01, 0x01, 0x01, 0x04, 0x04, 0x18, 0x1d, 0x12, 0x11, 0x6e,
  0x63, 0x66, 0x7a, 0x7d, 0x7c, 0x7f, 0x7b, 0x61, 0x6c, 0x6c, 0x60, 0x6a,
  0x6f, 0x61, 0x60, 0x70, 0x4e, 0x52, 0xc9, 0xe5, 0xeb, 0x94, 0x91, 0x9e,
  0x98, 0x98, 0x85, 0x98, 0x9e, 0x99, 0x93, 0x90, 0x96, 0x94, 0xea, 0xe2,
  0xeb, 0xea, 0xef, 0x95, 0x97, 0x90, 0x9d, 0x9f, 0x9e, 0x9a, 0x85, 0x87,
  0x87, 0x84, 0x84, 0x99, 0x99, 0x9f, 0x96, 0x96, 0x95, 0xe9, 0x95, 0xec,
  0xea, 0x95, 0x96, 0x92, 0x92, 0x9f, 0x9d, 0x9c, 0x9d, 0x92, 0x95, 0xea,
  0xe2, 0xf9, 0xfe, 0x5e, 0x5f, 0x7f, 0x7b, 0x7a, 0x69, 0x63, 0x6e, 0x6d,
  0x6f, 0x6b, 0x6a, 0x11, 0x6a, 0x16, 0x12, 0x1d, 0x1e, 0x1b, 0x07, 0x03,
  0x0f, 0x0a, 0x34, 0x34, 0x31, 0x36, 0x30, 0x30, 0x30, 0x31, 0x37, 0x37,
  0x34, 0x08, 0x0c, 0x07, 0x1c, 0x13, 0x66, 0x58, 0xf3, 0xed, 0xed, 0xeb,
  0xea, 0xed, 0x95, 0xed, 0xfa, 0xed, 0xfa, 0xe7, 0xe1, 0xe4, 0xe8, 0xea,
  0x96, 0x9d, 0x99, 0x84, 0x86, 0x80, 0x82, 0x8c, 0x8c, 0x8c, 0x8d, 0x82,
  0x8d, 0x80, 0x81, 0x87, 0x85, 0x85, 0x9e, 0x9d, 0x96, 0x91, 0x91, 0x91,
  0x97, 0x96, 0x90, 0x93, 0x92, 0x9d, 0x9f, 0x9e, 0x99, 0x99, 0x98, 0x99,
  0x99, 0x9f, 0x9f, 0x9c, 0x93, 0x91, 0x91, 0x96, 0x90, 0x94, 0x95, 0xe2,
  0xe7, 0xe3, 0xf8, 0xfc, 0xc2, 0xda, 0xc9, 0xde, 0xc1, 0x48, 0x71, 0x7c,
  0x64, 0x7a, 0x16, 0x16, 0x1d, 0x1e, 0x19, 0x07, 0x00, 0x03, 0x09, 0x0a,
  0x36, 0x30, 0x33, 0x3f, 0x3f, 0x39, 0x39, 0x39, 0x3f, 0x3d, 0x33, 0x31,
  0x34, 0x0e, 0x01, 0x12, 0x66, 0xd2, 0x95, 0x9e, 0x9a, 0x81, 0x86, 0x81,
  0x87, 0x9b, 0x9e, 0xea, 0xe2, 0xfd, 0x5b, 0x40, 0x70, 0x7c, 0x4f, 0x59,
  0xc8, 0xe7, 0x95, 0x9f, 0x84, 0x80, 0x8c, 0x89, 0x8b, 0x8a, 0x8a, 0x8b,
  0x8a, 0x89, 0x8f, 0x82, 0x81, 0x84, 0x9c, 0x97, 0xe2, 0xf9, 0xf3, 0xd1,
  0xdc, 0xc8, 0xc8, 0xe5, 0xe4, 0xec, 0x97, 0x90, 0x9c, 0x99, 0x9b, 0x85,
  0x9b, 0x98, 0x99, 0x9c, 0x92, 0x92, 0x96, 0x95, 0xec, 0xe5, 0xfb, 0xff,
  0xf7, 0xf2, 0xcc, 0xf5, 0xf9, 0xf4, 0xe7, 0xfe, 0xf0, 0xf8, 0xfe, 0xf3,
  0xc7, 0x59, 0x7c, 0x7a, 0x6f, 0x16, 0x1c, 0x1a, 0x06, 0x00, 0x0f, 0x09,
  0x34, 0x30, 0x33, 0x3c, 0x3f, 0x3f, 0x39, 0x3e, 0x3f, 0x3c, 0x33, 0x30,
  0x34, 0x08, 0x03, 0x1b, 0x6a, 0x4c, 0xe7, 0x93, 0x9b, 0x87, 0x80, 0x80,
  0x86, 0x86, 0x85, 0x99, 0x93, 0xea, 0xe7, 0xf2, 0xcc, 0xd9, 0xc5, 0x50,
  0xca, 0xf9, 0xe7, 0x97, 0x91, 0x9e, 0x87, 0x86, 0x82, 0x8c, 0x8c, 0x89,
  0x8e, 0x89, 0x89, 0x8c, 0x82, 0x80, 0x87, 0x84, 0x9e, 0x96, 0xea, 0xe7,
  0xf6, 0xf4, 0xd9, 0xda, 0xfc, 0xf1, 0xe1, 0xe2, 0xef, 0x97, 0x97, 0x9d,
  0x9c, 0x9c, 0x9f, 0x9c, 0x92, 0x97, 0x95, 0xec, 0xe3, 0xe0, 0xfc, 0xc2,
  0xdc, 0x5e, 0x47, 0xd0, 0x47, 0xd2, 0x50, 0xd4, 0xfe, 0xcb, 0xfd, 0xff,
  0xff, 0xe7, 0xe1, 0xfd, 0xd9, 0x46, 0x64, 0x60, 0x6b, 0x13, 0x1f, 0x04,
  0x06, 0x0d, 0x0a, 0x31, 0x3d, 0x3c, 0x3f, 0x3c, 0x39, 0x39, 0x3e, 0x3c,
  0x30, 0x36, 0x34, 0x08, 0x02, 0x19, 0x60, 0xdc, 0xed, 0x9d, 0x84, 0x80,
  0x8c, 0x8d, 0x82, 0x80, 0x81, 0x87, 0x98, 0x96, 0xeb, 0xed, 0xe4, 0xfe,
  0x4d, 0x75, 0x5f, 0xc1, 0xf0, 0xfe, 0xec, 0x96, 0x9b, 0x84, 0x86, 0x81,
  0x83, 0x82, 0x8c, 0x8c, 0x8c, 0x82, 0x83, 0x83, 0x86, 0x84, 0x9f, 0x94,
  0xeb, 0xec, 0xe7, 0xfc, 0xdd, 0xd9, 0xf4, 0xf2, 0xfb, 0xe7, 0xe3, 0x95,
  0x97, 0x97, 0x96, 0x96, 0x90, 0x90, 0x97, 0xe9, 0xec, 0xe4, 0xf7, 0xde,
  0x42, 0x75, 0x4f, 0x7d, 0x75, 0x72, 0x7f, 0x75, 0x76, 0x41, 0xc7, 0xca,
  0xf6, 0xe6, 0xe6, 0xe7, 0xed, 0xe1, 0xe3, 0xe0, 0xe4, 0xfc, 0xdf, 0x47,
  0x42, 0x79, 0x66, 0x6b, 0x17, 0x18, 0x0c, 0x37, 0x30, 0x31, 0x36, 0x30,
  0x3f, 0x3f, 0x32, 0x36, 0x36, 0x30, 0x31, 0x34, 0x0c, 0x05, 0x13, 0x66,
  0x4c, 0xf2, 0x9c, 0x85, 0x87, 0x87, 0x85, 0x84, 0x81, 0x84, 0x9f, 0x97,
  0xeb, 0x93, 0x91, 0xe8, 0xf4, 0xdf, 0xf0, 0xe1, 0xe1, 0xfb, 0xfc, 0x95,
  0x90, 0x9e, 0x85, 0x9e, 0x85, 0x84, 0x86, 0x83, 0x80, 0x87, 0x81, 0x86,
  0x80, 0x87, 0x9f, 0x91, 0x97, 0x94, 0x95, 0xe5, 0xce, 0xe5, 0xe5, 0xe0,
  0xfa, 0xfd, 0xe6, 0xee, 0xeb, 0x94, 0x95, 0x94, 0xea, 0x95, 0x97, 0x97,
  0xea, 0xfc, 0xc0, 0xc2, 0x52, 0x7f, 0x61, 0x60, 0x75, 0x73, 0x65, 0x7b,
  0x71, 0xc0, 0xca, 0xcc, 0xfa, 0xed, 0xe9, 0xea, 0xe1, 0xef, 0xe9, 0xee,
  0x95, 0xed, 0xe6, 0xf4, 0x42, 0x7d, 0x61, 0x15, 0x15, 0x19, 0x03, 0x34,
  0x30, 0x30, 0x37, 0x31, 0x3d, 0x3f, 0x3f, 0x36, 0x36, 0x33, 0x31, 0x36,
  0x0b, 0x06, 0x07, 0x14, 0x7e, 0x4e, 0xe2, 0x93, 0x9a, 0x9b, 0x90, 0xea,
  0x9e, 0x98, 0x92, 0x95, 0xe6, 0x97, 0x92, 0x94, 0xe1, 0xfd, 0xe6, 0xea,
  0xed, 0xef, 0xed, 0x91, 0x9e, 0x99, 0x9a, 0x9e, 0x9a, 0x85, 0x84, 0x86,
  0x86, 0x85, 0x87, 0x87, 0x86, 0x86, 0x98, 0x9d, 0x9c, 0x9d, 0x9d, 0x96,
  0xed, 0x95, 0x97, 0x97, 0x95, 0xec, 0xec, 0x95, 0x94, 0x94, 0x96, 0x90,
  0x91, 0x91, 0x95, 0xec, 0xe0, 0xf2, 0xc3, 0x51, 0x7f, 0x7a, 0x60, 0x6c,
  0x7a, 0x66, 0x64, 0x61, 0x60, 0x76, 0xd5, 0xce, 0xe5, 0xfa, 0x95, 0x96,
  0x95, 0x93, 0xe8, 0x96, 0x93, 0xeb, 0xeb, 0xe0, 0xf7, 0xe4, 0xd3, 0x4b,
  0x72, 0x68, 0x69, 0x1e, 0x0f, 0x37, 0x30, 0x37, 0x0b, 0x31, 0x33, 0x3f,
  0x32, 0x35, 0x31, 0x31, 0x36, 0x31, 0x0c, 0x01, 0x07, 0x68, 0x11, 0x6b,
  0xf5, 0xea, 0x92, 0x96, 0xf5, 0xe8, 0x85, 0x98, 0x9c, 0xe9, 0xea, 0x98,
  0x9e, 0x90, 0x95, 0xe9, 0x97, 0x94, 0x94, 0x90, 0x97, 0x90, 0x92, 0x93,
  0x9c, 0x93, 0x96, 0x9c, 0x9e, 0x9b, 0x9a, 0x92, 0x9e, 0x9b, 0x9b, 0x98,
  0x90, 0x91, 0x92, 0x9d, 0x93, 0x97, 0xee, 0x94, 0x91, 0x97, 0xea, 0xe0,
  0xe2, 0xe9, 0xee, 0x97, 0x97, 0x95, 0x97, 0xec, 0xec, 0xe6, 0xf4, 0x55,
  0x40, 0x73, 0x70, 0x7e, 0x60, 0x62, 0x67, 0x67, 0x61, 0x66, 0x6c, 0x70,
  0xdc, 0xf2, 0xfd, 0xe4, 0xe1, 0x95, 0x92, 0x96, 0x97, 0x91, 0xeb, 0x94,
  0x94, 0xe3, 0x95, 0xe7, 0xfb, 0xc1, 0xd4, 0x75, 0x61, 0x01, 0x35, 0x34,
  0x35, 0x02, 0x37, 0x30, 0x3c, 0x32, 0x0a, 0x31, 0x32, 0x30, 0x30, 0x0b,
  0x0c, 0x0e, 0x1b, 0x1c, 0x1d, 0x73, 0xe3, 0x94, 0x9c, 0xfc, 0xe2, 0x84,
  0x85, 0x99, 0x94, 0x91, 0x87, 0x86, 0x9e, 0x92, 0x96, 0x9e, 0x92, 0x9d,
  0x9d, 0x91, 0x91, 0x94, 0x92, 0x99, 0x9d, 0x97, 0x91, 0x91, 0x9b, 0x9c,
  0x94, 0x95, 0x96, 0x9f, 0x9e, 0x93, 0x95, 0x94, 0x97, 0x9c, 0x91, 0x97,
  0x94, 0x95, 0x91, 0x94, 0x95, 0xea, 0xe8, 0xe9, 0x97, 0x95, 0x96, 0xeb,
  0xee, 0xee, 0xe0, 0xe5, 0xd6, 0x72, 0x78, 0x7a, 0x79, 0x6f, 0x69, 0x6b,
  0x6d, 0x7f, 0x7a, 0x65, 0x7a, 0xdd, 0xf0, 0xfa, 0xe4, 0xe5, 0xeb, 0x91,
  0x92, 0x93, 0x95, 0x94, 0xea, 0x96, 0x94, 0xe4, 0xe7, 0xf4, 0xf2, 0xf6,
  0x45, 0x66, 0x04, 0x0f, 0x35, 0x35, 0x01, 0x34, 0x36, 0x32, 0x3c, 0x0b,
  0x31, 0x32, 0x33, 0x33, 0x34, 0x0e, 0x08, 0x06, 0x04, 0x1b, 0x14, 0xf1,
  0xea, 0x90, 0xf9, 0xe7, 0x85, 0x84, 0x85, 0x91, 0x90, 0x87, 0x86, 0x87,
  0x98, 0x9c, 0x85, 0x9b, 0x9c, 0x9b, 0x92, 0x97, 0xee, 0x95, 0x93, 0x94,
  0xea, 0xf9, 0xed, 0x93, 0x91, 0xe2, 0xf8, 0xfa, 0x91, 0x92, 0x91, 0xef,
  0xe2, 0x97, 0x9c, 0x99, 0x9c, 0x9d, 0x91, 0x9f, 0x98, 0x9f, 0x91, 0xe9,
  0x95, 0x90, 0x9f, 0x90, 0xe9, 0xef, 0xeb, 0xee, 0xe1, 0xcf, 0x71, 0x61,
  0x7d, 0x70, 0x71, 0x66, 0x15, 0x62, 0x7d, 0x79, 0x7c, 0x7a, 0x43, 0xf5,
  0xdf, 0xf3, 0xf3, 0xe7, 0xeb, 0x95, 0x91, 0x91, 0x95, 0xe9, 0xe8, 0x96,
  0xe9, 0xe0, 0xe2, 0xe6, 0xe6, 0xe7, 0xc1, 0x6f, 0x04, 0x09, 0x35, 0x04,
  0x03, 0x37, 0x36, 0x3e, 0x35, 0x0b, 0x32, 0x31, 0x3c, 0x30, 0x0b, 0x34,
  0x02, 0x03, 0x0d, 0x07, 0x69, 0xef, 0xea, 0xfc, 0x7c, 0x97, 0x87, 0x81,
  0x98, 0xea, 0x9a, 0x84, 0x86, 0x86, 0x99, 0x85, 0x9b, 0x9d, 0x87, 0x85,
  0x9f, 0x94, 0xec, 0x93, 0x92, 0x91, 0xe1, 0xf2, 0x95, 0x96, 0xe8, 0xe5,
  0xc7, 0xe7, 0xeb, 0x95, 0xe9, 0xe5, 0xe6, 0xea, 0x9d, 0x92, 0x9d, 0x90,
  0x9f, 0x9b, 0x9b, 0x9e, 0x96, 0x90, 0x9d, 0x9f, 0x9f, 0x93, 0x96, 0xeb,
  0xe8, 0xed, 0xe3, 0xf3, 0x72, 0x67, 0x72, 0x46, 0x7c, 0x62, 0x15, 0x68,
  0x66, 0x79, 0x65, 0x7d, 0x5a, 0x71, 0xd0, 0xf6, 0xc8, 0xf9, 0xe4, 0x94,
  0x97, 0x94, 0xe8, 0xed, 0x95, 0x90, 0xef, 0xe9, 0xe3, 0xcb, 0xe2, 0xfb,
  0x4c, 0x1c, 0x02, 0x08, 0x1b, 0x01, 0x34, 0x37, 0x3f, 0x34, 0x0a, 0x30,
  0x36, 0x3d, 0x33, 0x35, 0x34, 0x03, 0x0f, 0x0e, 0x00, 0x1c, 0xfd, 0xe5,
  0xd4, 0x61, 0xe0, 0x99, 0x86, 0x9e, 0x96, 0x92, 0x9e, 0x86, 0x87, 0x84,
  0x84, 0x98, 0x85, 0x82, 0x80, 0x81, 0x98, 0x94, 0x9a, 0x98, 0x99, 0x97,
  0xe3, 0xeb, 0xea, 0x97, 0xe2, 0xda, 0xf1, 0xf2, 0xfa, 0xed, 0xf2, 0xf2,
  0xe5, 0xeb, 0x91, 0x9d, 0x97, 0x96, 0x93, 0x99, 0x85, 0x9d, 0x90, 0x91,
  0x9d, 0x99, 0x9c, 0x96, 0xeb, 0xe2, 0xeb, 0xe8, 0xe3, 0xc4, 0x7a, 0x74,
  0x4b, 0x5f, 0x7e, 0x6c, 0x69, 0x6d, 0x7e, 0x7e, 0x65, 0x65, 0x66, 0x45,
  0xcf, 0xdd, 0xc8, 0x52, 0xfb, 0xed, 0xed, 0xe8, 0xf9, 0xe2, 0xe9, 0xe9,
  0xe9, 0xe4, 0xf3, 0xf4, 0xf0, 0x66, 0x1f, 0x00, 0x02, 0x12, 0x0f, 0x0e,
  0x36, 0x33, 0x09, 0x36, 0x31, 0x36, 0x3d, 0x37, 0x36, 0x34, 0x02, 0x08,
  0x02, 0x0d, 0x12, 0xd0, 0x5e, 0x4b, 0x72, 0xe1, 0x9c, 0x98, 0x93, 0x9f,
  0x9c, 0x85, 0x86, 0x87, 0x86, 0x87, 0x98, 0x81, 0x8d, 0x82, 0x81, 0x9e,
  0x99, 0x9b, 0x85, 0x9e, 0xeb, 0xe8, 0xe3, 0x95, 0x95, 0xe3, 0xfb, 0xc0,
  0xf6, 0xe5, 0xfa, 0xf3, 0xf1, 0xf8, 0xe9, 0x96, 0x92, 0x91, 0x92, 0x91,
  0x9f, 0x9a, 0x9d, 0x9d, 0x90, 0x92, 0x9e, 0x9e, 0x96, 0x94, 0xe8, 0xe8,
  0xef, 0xed, 0xfc, 0xdd, 0x59, 0x70, 0x5b, 0x76, 0x78, 0x6d, 0x6e, 0x64,
  0x7a, 0x64, 0x78, 0x66, 0x75, 0x58, 0x77, 0xd3, 0x45, 0xf7, 0xcb, 0xf4,
  0xe7, 0xf1, 0xe7, 0xe6, 0xe4, 0xef, 0xf9, 0xe1, 0xf8, 0xf6, 0x73, 0x1f,
  0x1a, 0x01, 0x14, 0x06, 0x02, 0x0b, 0x36, 0x02, 0x35, 0x34, 0x34, 0x30,
  0x34, 0x34, 0x0a, 0x02, 0x09, 0x03, 0x0f, 0x1a, 0x67, 0x6d, 0x64, 0x14,
  0x52, 0xef, 0x94, 0x94, 0x97, 0x90, 0x9a, 0x98, 0x87, 0x86, 0x87, 0x87,
  0x84, 0x83, 0x8c, 0x80, 0x87, 0x85, 0x84, 0x80, 0x84, 0x98, 0x93, 0x97,
  0x93, 0x96, 0x95, 0xed, 0xc4, 0xd2, 0xf0, 0xc9, 0xdf, 0x55, 0x5b, 0xf0,
  0xe0, 0xe0, 0xe6, 0xe9, 0xe3, 0x95, 0x90, 0x95, 0x91, 0x97, 0x97, 0x93,
  0x9d, 0x95, 0xea, 0xe0, 0xe7, 0xe0, 0xfb, 0xf7, 0xde, 0x53, 0x5e, 0x41,
  0x43, 0x65, 0x62, 0x63, 0x6d, 0x7a, 0x67, 0x63, 0x60, 0x60, 0x7c, 0x7f,
  0x65, 0x77, 0x7c, 0x4e, 0x51, 0x5b, 0xdf, 0xc5, 0xcd, 0xf4, 0xf4, 0xe5,
  0xf9, 0xe5, 0xfa, 0xf1, 0x47, 0x62, 0x11, 0x13, 0x65, 0x1b, 0x18, 0x02,
  0x0e, 0x04, 0x09, 0x0c, 0x08, 0x35, 0x09, 0x0a, 0x0f, 0x02, 0x0f, 0x01,
  0x0f, 0x1e, 0x17, 0x17, 0x67, 0x12, 0x4a, 0xd0, 0xfb, 0xec, 0xe7, 0xee,
  0x94, 0x93, 0x85, 0x84, 0x87, 0x9a, 0x85, 0x82, 0x83, 0x82, 0x81, 0x87,
  0x80, 0x80, 0x80, 0x87, 0x84, 0x99, 0x9d, 0x9d, 0x94, 0xeb, 0xfd, 0xc0,
  0xd8, 0xd4, 0xc1, 0x5f, 0x5f, 0xdc, 0xd2, 0xe4, 0xfb, 0xe5, 0xe6, 0xe6,
  0x95, 0xe8, 0x94, 0x95, 0x94, 0x94, 0x95, 0x94, 0xef, 0xe2, 0xe1, 0xfe,
  0xe4, 0xfd, 0xcd, 0xd9, 0x44, 0x53, 0x4f, 0x73, 0x70, 0x67, 0x7b, 0x7b,
  0x7a, 0x66, 0x60, 0x6d, 0x66, 0x7f, 0x67, 0x67, 0x67, 0x64, 0x7c, 0x79,
  0x66, 0x78, 0x7f, 0x43, 0x58, 0x47, 0xd1, 0x51, 0xda, 0xf2, 0xf7, 0xde,
  0x63, 0x6e, 0x15, 0x7a, 0x68, 0x1e, 0x18, 0x02, 0x19, 0x05, 0x06, 0x01,
  0x0e, 0x02, 0x0c, 0x03, 0x05, 0x00, 0x04, 0x01, 0x04, 0x69, 0x11, 0x79,
  0x11, 0x6b, 0xd4, 0x54, 0xe2, 0xe5, 0xc8, 0xee, 0xe3, 0x9c, 0x99, 0x9c,
  0x99, 0x97, 0x87, 0x80, 0x83, 0x80, 0x9b, 0x86, 0x81, 0x80, 0x80, 0x84,
  0x85, 0x9f, 0x9c, 0x9e, 0x90, 0x97, 0xfe, 0xf4, 0xf2, 0xf6, 0xc8, 0x4d,
  0x76, 0x46, 0xd3, 0xc7, 0xc0, 0xf3, 0xf6, 0xe4, 0xe7, 0xe2, 0xe9, 0xec,
  0xe8, 0xe9, 0xef, 0xef, 0xe1, 0xe7, 0xf8, 0xf2, 0xc9, 0x51, 0xd5, 0x5b,
  0x50, 0x51, 0x74, 0x48, 0x70, 0x72, 0x4e, 0x4b, 0x4e, 0x78, 0x64, 0x65,
  0x65, 0x7a, 0x63, 0x62, 0x6f, 0x69, 0x6c, 0x6e, 0x6f, 0x6e, 0x68, 0x6c,
  0x66, 0x72, 0x71, 0x77, 0x75, 0x56, 0xf4, 0xf7, 0xc5, 0x74, 0x7e, 0x65,
  0x76, 0x4f, 0x6d, 0x17, 0x1e, 0x1c, 0x13, 0x1e, 0x19, 0x07, 0x06, 0x04,
  0x05, 0x19, 0x18, 0x05, 0x1a, 0x1b, 0x15, 0x63, 0x6d, 0x6d, 0x6a, 0x77,
  0xd8, 0xc3, 0xf9, 0xd9, 0xfc, 0xe2, 0xe8, 0x92, 0x90, 0x93, 0x96, 0x92,
  0x84, 0x84, 0x87, 0x9a, 0x9b, 0x84, 0x87, 0x86, 0x84, 0x9b, 0x99, 0x9f,
  0x9e, 0x92, 0x94, 0xe2, 0xfa, 0xe5, 0xe5, 0xcd, 0xde, 0x40, 0x42, 0x58,
  0x42, 0x51, 0x42, 0x45, 0x56, 0xd8, 0xf2, 0xca, 0xc8, 0xf0, 0xff, 0xe7,
  0xe4, 0xfb, 0xf9, 0xf0, 0xf2, 0xf2, 0xf5, 0xcc, 0xc4, 0xdb, 0xd8, 0xdf,
  0xd3, 0x50, 0x43, 0x4b, 0x40, 0x47, 0x74, 0x7f, 0x65, 0x7b, 0x7e, 0x65,
  0x66, 0x63, 0x6c, 0x6e, 0x68, 0x6e, 0x68, 0x6b, 0x68, 0x6b, 0x62, 0x60,
  0x64, 0x65, 0x78, 0x41, 0x5f, 0x53, 0x58, 0x4a, 0x4f, 0x76, 0x77, 0x77,
  0x65, 0x61, 0x6e, 0x6b, 0x6e, 0x14, 0x17, 0x10, 0x13, 0x13, 0x13, 0x11,
  0x14, 0x16, 0x15, 0x15, 0x6d, 0x7b, 0x7a, 0x76, 0x7c, 0x41, 0xc5, 0xc6,
  0xfd, 0xfd, 0xf9, 0xe1, 0xe0, 0xeb, 0xea, 0xe9, 0x95, 0xeb, 0x96, 0x91,
  0x96, 0x91, 0x96, 0x91, 0x93, 0x92, 0x90, 0x90, 0xeb, 0x96, 0x94, 0x95,
  0x90, 0xfc, 0x96, 0xf6, 0xe2, 0xfa, 0xc3, 0xe4, 0x46, 0xf3, 0x5c, 0x57,
  0xc8, 0x7d, 0xdf, 0x44, 0x4b, 0xc9, 0x49, 0xf7, 0x50, 0xda, 0xf7, 0xd1,
  0xfb, 0xdc, 0xf5, 0xf5, 0xd3, 0xf2, 0xde, 0xd9, 0xc4, 0x44, 0xc6, 0x42,
  0x57, 0x5a, 0x76, 0x4f, 0x73, 0x42, 0x7d, 0x48, 0x72, 0x65, 0x71, 0x65,
  0x7e, 0x64, 0x66, 0x7a, 0x64, 0x67, 0x66, 0x66, 0x64, 0x63, 0x67, 0x66,
  0x79, 0x78, 0x65, 0x7b, 0x7a, 0x7c, 0x78, 0x7b, 0x79, 0x7e, 0x7b, 0x65,
  0x66, 0x64, 0x63, 0x67, 0x60, 0x60, 0x60, 0x6d, 0x63, 0x61, 0x67, 0x78,
  0x79, 0x70, 0x73, 0x49, 0x5f, 0xd2, 0xd9, 0xd3, 0xc2, 0xcf, 0xf3, 0xf6,
  0xf1, 0xf9, 0xf9, 0xfe, 0xe4, 0xe5, 0xef, 0xe6, 0xe3, 0xef, 0xe8, 0x94,
  0xea, 0xe8, 0x94, 0x97, 0x97, 0x97, 0x95, 0x95, 0xe8, 0xe2, 0xec, 0xe1,
  0xf6, 0xe6, 0xc8, 0xc0, 0xe0, 0xf5, 0xd6, 0xc4, 0xd1, 0xf4, 0x51, 0x5c,
  0xc4, 0xdc, 0xf4, 0xc6, 0xc4, 0xcb, 0xde, 0x5e, 0x5a, 0xdc, 0xd7, 0xd4,
  0xf6, 0xd7, 0x59, 0x42, 0xd6, 0x4e, 0x04, 0x1a, 0x65, 0x05, 0x0d, 0x1f,
  0x66, 0x6f, 0x14, 0xe6, 0x9a, 0x99, 0x9a, 0x86, 0x8e, 0x88, 0x84, 0x84,
  0x8d, 0x9e, 0x49, 0x73, 0x5d, 0x17, 0x03, 0x0d, 0x04, 0x07, 0x09, 0x0f,
  0x18, 0x13, 0x04, 0x1e, 0x65, 0xd3, 0x49, 0x63, 0x51, 0xe4, 0x7c, 0x16,
  0x61, 0x7a, 0x19, 0x04, 0x1e, 0x19, 0x04, 0x07, 0x12, 0x16, 0x10, 0x62,
  0xdc, 0xe8, 0x95, 0x91, 0x86, 0x80, 0x87, 0x87, 0x83, 0x82, 0x98, 0x96,
  0x9e, 0x90, 0xf7, 0x57, 0xfd, 0xf4, 0x73, 0x7d, 0xf0, 0xe7, 0xc9, 0xf4,
  0xee, 0x97, 0xea, 0xe9, 0x91, 0x93, 0xe9, 0xe6, 0xe1, 0xe6, 0xc1, 0x7c,
  0x7f, 0x7d, 0x7b, 0x67, 0x7f, 0x54, 0x51, 0xdd, 0xfb, 0xe3, 0xed, 0xe4,
  0xe4, 0xe1, 0xfa, 0xc8, 0xd7, 0xd8, 0x52, 0x7f, 0x72, 0x72, 0x71, 0x75,
  0x72, 0x64, 0x7f, 0x5c, 0x59, 0x77, 0x42, 0x57, 0xc2, 0x57, 0x7d, 0x48,
  0xdc, 0x74, 0x6d, 0x63, 0x67, 0x69, 0x6a, 0x6e, 0x6c, 0x6f, 0x69, 0x6d,
  0x79, 0x7d, 0x7e, 0xd4, 0xf6, 0x43, 0x78, 0x5d, 0x59, 0x6d, 0x11, 0x13,
  0x12, 0x18, 0x01, 0x03, 0x04, 0x05, 0x01, 0x01, 0x19, 0x17, 0x16, 0x15,
  0x7a, 0xcd, 0xfa, 0xe5, 0xe1, 0x97, 0x9f, 0x9c, 0x91, 0x93, 0x99, 0x9f,
  0x90, 0x96, 0x90, 0x92, 0x9f, 0x9d, 0x91, 0x9e, 0x87, 0x99, 0x91, 0x99,
  0x85, 0x93, 0xea, 0x91, 0x96, 0xec, 0xe5, 0xf2, 0xfc, 0xfd, 0x74, 0x79,
  0xc6, 0xc0, 0x6c, 0x65, 0xc3, 0x4c, 0x6d, 0x78, 0x71, 0x60, 0x61, 0x66,
  0x67, 0x65, 0x60, 0x73, 0xdb, 0x7f, 0x14, 0x55, 0xe7, 0x6a, 0x1f, 0x50,
  0xe7, 0x14, 0x13, 0xce, 0x97, 0xc5, 0x7c, 0x97, 0x87, 0x93, 0xe7, 0x9a,
  0x82, 0x9c, 0xe6, 0x93, 0x9b, 0xfb, 0x67, 0x42, 0xdd, 0x15, 0x18, 0x10,
  0x11, 0x1b, 0x05, 0x18, 0x04, 0x06, 0x1a, 0x04, 0x0d, 0x0e, 0x0d, 0x02,
  0x0a, 0x36, 0x35, 0x0f, 0x35, 0x31, 0x0a, 0x05, 0x07, 0x0c, 0x1b, 0xf7,
  0xe0, 0xd2, 0xea, 0x80, 0x82, 0x86, 0x80, 0x8e, 0x88, 0x8e, 0x8d, 0x8d,
  0x8f, 0x89, 0x8f, 0x8d, 0x8c, 0x89, 0x89, 0x8d, 0x83, 0x82, 0x83, 0x85,
  0xeb, 0xe2, 0xea, 0xd3, 0x12, 0x19, 0x12, 0x18, 0x00, 0x02, 0x06, 0x04,
  0x06, 0x07, 0x1f, 0x6a, 0x67, 0x64, 0x7e, 0xc4, 0xed, 0xec, 0xe4, 0xe1,
  0xea, 0x97, 0xe8, 0xe9, 0x90, 0x9c, 0x92, 0x90, 0x99, 0x87, 0x84, 0x9e,
  0x9b, 0x84, 0x9b, 0x92, 0x90, 0x97, 0xea, 0xe0, 0xfd, 0xf1, 0xf3, 0xf6,
  0xc4, 0xc1, 0xcb, 0xc9, 0xf0, 0xf3, 0xcb, 0xf1, 0xf3, 0xf7, 0x54, 0x7d,
  0x7e, 0x62, 0x1e, 0x02, 0x0e, 0x09, 0x35, 0x30, 0x3c, 0x3c, 0x32, 0x32,
  0x3f, 0x3c, 0x31, 0x35, 0x34, 0x35, 0x07, 0x15, 0x15, 0x13, 0x66, 0x95,
  0x92, 0xe9, 0xe9, 0x85, 0x82, 0x86, 0x84, 0x8d, 0xb4, 0xb4, 0x8e, 0x8a,
  0xb1, 0xb3, 0xb6, 0x8a, 0xb4, 0xb1, 0xb4, 0x83, 0x84, 0x86, 0x99, 0xc9,
  0x6c, 0x64, 0x78, 0x1d, 0x03, 0x03, 0x07, 0x01, 0x0f, 0x09, 0x0f, 0x0d,
  0x09, 0x08, 0x0d, 0x06, 0x06, 0x01, 0x1b, 0x6f, 0x5a, 0x55, 0xf0, 0x90,
  0x84, 0x86, 0x80, 0x82, 0x8e, 0x89, 0x8c, 0x8d, 0x8f, 0x8c, 0x80, 0x84,
  0x85, 0x85, 0x98, 0x90, 0x95, 0x97, 0x96, 0xe9, 0xe6, 0xe0, 0xe3, 0xe5,
  0xf2, 0xcb, 0xc3, 0xdb, 0x55, 0x4f, 0x4b, 0x59, 0x45, 0x40, 0x47, 0x5d,
  0xd0, 0xdf, 0xd7, 0x7a, 0x1c, 0x07, 0x06, 0x0d, 0x0a, 0x30, 0x3c, 0x3c,
  0x3d, 0x3e, 0x39, 0x3f, 0x33, 0x30, 0x36, 0x0b, 0x04, 0x1d, 0x1c, 0x6a,
  0xf3, 0x90, 0x92, 0x91, 0x98, 0x83, 0x82, 0x80, 0x8c, 0xb5, 0xb7, 0xb5,
  0xb5, 0xb0, 0xbc, 0xb2, 0xb1, 0xb0, 0xb3, 0xb0, 0x8a, 0x8c, 0x82, 0x84,
  0xe1, 0x67, 0x6e, 0x6a, 0x1a, 0x0f, 0x08, 0x0f, 0x0c, 0x0b, 0x34, 0x35,
  0x0e, 0x09, 0x0a, 0x08, 0x0d, 0x03, 0x03, 0x01, 0x1f, 0x6c, 0x61, 0x76,
  0xe4, 0x9c, 0x87, 0x87, 0x81, 0x8f, 0x89, 0x8e, 0x8c, 0x8f, 0x8f, 0x82,
  0x84, 0x85, 0x85, 0x99, 0x91, 0xec, 0xe3, 0x95, 0x95, 0xe1, 0xe4, 0xe2,
  0xee, 0xe1, 0xf0, 0xff, 0xe1, 0xf6, 0x45, 0x5f, 0xd5, 0xd5, 0x57, 0x71,
  0x4f, 0xc3, 0xd8, 0xd3, 0xca, 0xd5, 0x62, 0x1f, 0x06, 0x01, 0x0c, 0x34,
  0x3d, 0x3e, 0x3f, 0x3c, 0x3e, 0x39, 0x3c, 0x30, 0x36, 0x35, 0x02, 0x1d,
  0x6f, 0x62, 0x4d, 0x97, 0x84, 0x98, 0x91, 0x98, 0x81, 0x83, 0x80, 0x83,
  0x88, 0xb5, 0x8a, 0xb4, 0xb0, 0xbd, 0xb3, 0xb6, 0xb6, 0xb0, 0xb1, 0x89,
  0x86, 0x85, 0x90, 0x56, 0x16, 0x1f, 0x1b, 0x00, 0x0b, 0x0a, 0x0d, 0x02,
  0x09, 0x0a, 0x0e, 0x03, 0x03, 0x0c, 0x0d, 0x06, 0x06, 0x00, 0x05, 0x11,
  0x63, 0x78, 0x5a, 0xeb, 0x87, 0x82, 0x8d, 0x89, 0xb5, 0xb4, 0xb5, 0x8a,
  0x8b, 0x88, 0x83, 0x85, 0x98, 0x9f, 0x97, 0xe6, 0xc5, 0xcf, 0xe4, 0xf3,
  0xd2, 0xcb, 0xff, 0xff, 0xff, 0xfc, 0xe4, 0xe4, 0xc9, 0x50, 0xd4, 0xc3,
  0xc6, 0x59, 0x77, 0x5c, 0xf1, 0xf1, 0xc6, 0xf4, 0xca, 0x4a, 0x16, 0x04,
  0x07, 0x03, 0x35, 0x33, 0x3c, 0x3f, 0x3c, 0x3f, 0x39, 0x3f, 0x33, 0x36,
  0x35, 0x0d, 0x1e, 0x63, 0x7e, 0xde, 0x91, 0x84, 0x85, 0x98, 0x85, 0x83,
  0x8d, 0x82, 0x8d, 0x88, 0xb5, 0xb5, 0xb4, 0xb1, 0xb3, 0xb0, 0xb7, 0xb7,
  0xb6, 0xb7, 0x8e, 0x85, 0x9d, 0xe9, 0x75, 0x11, 0x05, 0x01, 0x0d, 0x0b,
  0x0a, 0x09, 0x0f, 0x09, 0x08, 0x0f, 0x03, 0x06, 0x01, 0x01, 0x04, 0x05,
  0x1a, 0x1c, 0x6a, 0x7f, 0x58, 0xf0, 0x90, 0x86, 0x8d, 0x8e, 0x8b, 0xb4,
  0xb7, 0xb4, 0xb5, 0x88, 0x8e, 0x83, 0x84, 0x9c, 0x91, 0xef, 0xc0, 0x74,
  0x76, 0x4d, 0x74, 0x78, 0x7c, 0x43, 0x53, 0x57, 0xdb, 0xc3, 0xde, 0x55,
  0x5c, 0xd5, 0xd8, 0xd7, 0x51, 0xd0, 0xf4, 0xfb, 0xfb, 0xe6, 0xe9, 0xe8,
  0xe3, 0xfd, 0x5a, 0x6a, 0x18, 0x06, 0x0e, 0x34, 0x30, 0x3c, 0x3f, 0x3c,
  0x3f, 0x3f, 0x32, 0x31, 0x35, 0x0c, 0x07, 0x15, 0x4e, 0xf7, 0xea, 0x9f,
  0x9a, 0x84, 0x84, 0x87, 0x80, 0x83, 0x82, 0x8f, 0x88, 0x8a, 0xb5, 0xb4,
  0xb6, 0xb1, 0xb7, 0xb5, 0xb5, 0x8b, 0x82, 0x99, 0xec, 0xc6, 0x61, 0x1e,
  0x06, 0x03, 0x0c, 0x09, 0x0b, 0x08, 0x0c, 0x02, 0x02, 0x00, 0x05, 0x18,
  0x19, 0x18, 0x1c, 0x10, 0x11, 0x16, 0x6e, 0x74, 0xc0, 0xe4, 0x97, 0x85,
  0x83, 0x8f, 0x89, 0xb5, 0xb4, 0xb4, 0x8a, 0x8e, 0x8d, 0x87, 0x9d, 0xe8,
  0xf9, 0xd9, 0x71, 0x62, 0x69, 0x62, 0x61, 0x61, 0x67, 0x7f, 0x40, 0x5f,
  0x5b, 0xd5, 0xdf, 0xd4, 0x54, 0xd2, 0xca, 0xff, 0xff, 0xfa, 0xe2, 0xea,
  0x94, 0x96, 0x90, 0x92, 0x93, 0x96, 0x95, 0xec, 0xd5, 0x16, 0x05, 0x00,
  0x0e, 0x34, 0x33, 0x3f, 0x3c, 0x3d, 0x3c, 0x3c, 0x33, 0x37, 0x08, 0x02,
  0x1b, 0x63, 0x50, 0xf6, 0xe9, 0x9c, 0x84, 0x84, 0x84, 0x86, 0x82, 0x8d,
  0x8c, 0x89, 0xb5, 0xb4, 0xb4, 0xb4, 0xb6, 0xb6, 0xb5, 0x8e, 0x8c, 0x80,
  0x98, 0xe6, 0x72, 0x6b, 0x1c, 0x06, 0x0d, 0x0f, 0x0f, 0x09, 0x09, 0x0f,
  0x00, 0x06, 0x06, 0x05, 0x1c, 0x10, 0x16, 0x14, 0x68, 0x61, 0x7a, 0x77,
  0xcb, 0xe0, 0xea, 0x93, 0x98, 0x86, 0x82, 0x82, 0x82, 0x8d, 0x8c, 0x82,
  0x87, 0x98, 0x92, 0xeb, 0xf1, 0x43, 0x64, 0x6e, 0x14, 0x16, 0x16, 0x14,
  0x69, 0x62, 0x67, 0x7f, 0x46, 0xdd, 0xd8, 0xcf, 0xf1, 0xf2, 0xe5, 0xe3,
  0xef, 0xe9, 0x95, 0x92, 0x99, 0x99, 0x99, 0x9a, 0x85, 0x85, 0x99, 0x92,
  0x91, 0x94, 0xe4, 0x42, 0x6e, 0x1f, 0x03, 0x08, 0x34, 0x36, 0x33, 0x3f,
  0x3e, 0x3c, 0x32, 0x32, 0x30, 0x37, 0x0f, 0x04, 0x12, 0x64, 0xf8, 0x96,
  0x9e, 0x84, 0x83, 0x8f, 0x8e, 0x8e, 0x8b, 0xb5, 0xb4, 0xb4, 0xb4, 0xb4,
  0xb5, 0x8a, 0x8b, 0x89, 0x83, 0x9a, 0x96, 0xe6, 0x5a, 0x14, 0x1b, 0x01,
  0x0d, 0x0e, 0x08, 0x08, 0x08, 0x09, 0x0f, 0x02, 0x07, 0x19, 0x13, 0x6a,
  0x60, 0x41, 0xf5, 0xfa, 0xed, 0xeb, 0x96, 0x9f, 0x9a, 0x87, 0x86, 0x81,
  0x82, 0x8d, 0x8d, 0x82, 0x81, 0x87, 0x9a, 0x9d, 0x95, 0xe6, 0xd5, 0x67,
  0x6a, 0x16, 0x12, 0x1e, 0x1b, 0x1a, 0x1b, 0x1e, 0x12, 0x10, 0x16, 0x15,
  0x63, 0x77, 0x56, 0xc4, 0xfd, 0xe1, 0xeb, 0x96, 0x93, 0x9f, 0x98, 0x9a,
  0x84, 0x86, 0x86, 0x87, 0x84, 0x9b, 0x98, 0x9f, 0x90, 0x95, 0xe4, 0xc2,
  0x5d, 0x73, 0x6f, 0x12, 0x05, 0x03, 0x0b, 0x37, 0x31, 0x33, 0x3d, 0x39,
  0x38, 0x3f, 0x33, 0x30, 0x30, 0x35, 0x04, 0x6e, 0x42, 0xe3, 0x84, 0x8f,
  0x88, 0x8b, 0xb4, 0xb1, 0xb1, 0xb4, 0xb5, 0xb4, 0xb7, 0xb5, 0x8f, 0x8c,
  0x8c, 0x83, 0x84, 0x9c, 0x95, 0xf2, 0x7b, 0x16, 0x19, 0x06, 0x0d, 0x08,
  0x0a, 0x0a, 0x08, 0x0e, 0x0d, 0x00, 0x05, 0x16, 0x76, 0xf4, 0xe7, 0x95,
  0x9f, 0x85, 0x85, 0x84, 0x87, 0x87, 0x85, 0x98, 0x9a, 0x85, 0x98, 0x93,
  0x96, 0x91, 0x97, 0xef, 0xf0, 0xd1, 0x4f, 0x65, 0x6f, 0x17, 0x13, 0x1c,
  0x1e, 0x1e, 0x1f, 0x1d, 0x13, 0x16, 0x14, 0x6d, 0x71, 0xd6, 0xc1, 0xcb,
  0xfb, 0xef, 0xea, 0xe8, 0xe8, 0x95, 0x96, 0x96, 0x97, 0x94, 0x96, 0x96,
  0x94, 0xe9, 0xef, 0xe9, 0xec, 0xfe, 0xf6, 0xf9, 0xe5, 0xe5, 0xf7, 0xf7,
  0xe1, 0xed, 0xe3, 0xe4, 0xe5, 0xed, 0xe6, 0xde, 0x76, 0x66, 0x6a, 0x05,
  0x0e, 0x35, 0x34, 0x37, 0x33, 0x3c, 0x32, 0x36, 0x35, 0x35, 0x09, 0x1b,
  0x72, 0xf7, 0xe6, 0x9c, 0x83, 0x8d, 0x83, 0x83, 0x8f, 0x88, 0x8d, 0x81,
  0x81, 0x8d, 0x8d, 0x80, 0x87, 0x86, 0x81, 0x84, 0x9d, 0xea, 0xfa, 0x4f,
  0x6b, 0x1f, 0x04, 0x01, 0x02, 0x0d, 0x0c, 0x03, 0x04, 0x1f, 0x11, 0x68,
  0x74, 0xf9, 0xeb, 0x94, 0xea, 0x97, 0x93, 0x90, 0x94, 0x95, 0x97, 0x97,
  0x95, 0x95, 0x90, 0x92, 0x93, 0x96, 0x94, 0x97, 0xe9, 0xf6, 0x4e, 0x61,
  0x6b, 0x16, 0x1c, 0x19, 0x19, 0x1d, 0x10, 0x14, 0x66, 0x42, 0xc1, 0xf4,
  0xfd, 0xe0, 0xef, 0xe0, 0xf1, 0xde, 0xc0, 0xcc, 0x55, 0x4d, 0x58, 0xc7,
  0xf5, 0xf0, 0xf9, 0xe1, 0xe2, 0xe7, 0xfb, 0xe4, 0xe5, 0xf5, 0x50, 0x5e,
  0xdf, 0xcb, 0xf0, 0xf2, 0xe6, 0x95, 0x93, 0x9f, 0x99, 0x98, 0x98, 0x99,
  0x92, 0x91, 0x97, 0xee, 0xfe, 0xd4, 0x49, 0x79, 0x69, 0x13, 0x1a, 0x02,
  0x0b, 0x34, 0x37, 0x36, 0x33, 0x3c, 0x32, 0x37, 0x0b, 0x08, 0x03, 0x11,
  0xf4, 0xeb, 0x92, 0x80, 0x88, 0x8a, 0x89, 0x88, 0xb4, 0xb4, 0x89, 0x83,
  0x82, 0x8c, 0x80, 0x98, 0x93, 0x93, 0x97, 0xfd, 0x47, 0x7b, 0x15, 0x1e,
  0x06, 0x00, 0x02, 0x0c, 0x0f, 0x0c, 0x02, 0x07, 0x1d, 0x60, 0x59, 0xfb,
  0x91, 0x84, 0x80, 0x81, 0x81, 0x83, 0x83, 0x86, 0x85, 0x98, 0x98, 0x93,
  0xee, 0xec, 0xea, 0xed, 0xcf, 0x4c, 0x4d, 0x4e, 0x6c, 0x12, 0x18, 0x1a,
  0x04, 0x01, 0x00, 0x00, 0x06, 0x04, 0x1f, 0x15, 0x70, 0xf4, 0xed, 0x97,
  0x9f, 0x9a, 0x9b, 0x9c, 0x91, 0x97, 0xeb, 0xe1, 0xcd, 0xd0, 0xd1, 0x49,
  0x79, 0x71, 0x49, 0x77, 0x7e, 0x7b, 0x76, 0x52, 0x45, 0x4a, 0x49, 0x4e,
  0xca, 0xe6, 0xe6, 0xfb, 0xef, 0x90, 0x9d, 0x92, 0x9d, 0x9e, 0x9b, 0x9d,
  0x90, 0x92, 0x92, 0x96, 0xe9, 0xe3, 0xe3, 0xe0, 0xf9, 0xcb, 0xd5, 0x52,
  0x5a, 0x7c, 0x6c, 0x10, 0x19, 0x05, 0x0f, 0x37, 0x30, 0x30, 0x30, 0x3c,
  0x3e, 0x32, 0x08, 0x03, 0x01, 0x16, 0xee, 0x81, 0x8d, 0x8d, 0xb4, 0xb0,
  0xb7, 0x88, 0x89, 0xb5, 0x89, 0x87, 0x93, 0x9e, 0x85, 0x90, 0xe7, 0xf2,
  0xff, 0xca, 0x63, 0x11, 0x1d, 0x04, 0x02, 0x0e, 0x09, 0x0f, 0x0f, 0x0d,
  0x06, 0x1c, 0x7a, 0xe7, 0x9d, 0x84, 0x81, 0x8f, 0x8b, 0x8b, 0x8f, 0x80,
  0x86, 0x84, 0x92, 0x94, 0xee, 0xe0, 0xcc, 0x75, 0x53, 0xd9, 0x7c, 0x16,
  0x1d, 0x12, 0x1f, 0x06, 0x0d, 0x02, 0x01, 0x00, 0x00, 0x05, 0x10, 0x61,
  0x74, 0xf5, 0x91, 0x85, 0x84, 0x85, 0x85, 0x87, 0x87, 0x9b, 0x96, 0xee,
  0xe9, 0xe3, 0xc7, 0x71, 0x4b, 0x40, 0x65, 0x6c, 0x63, 0x65, 0x63, 0x16,
  0x13, 0x16, 0x17, 0x10, 0x1d, 0x10, 0x6d, 0x74, 0x54, 0xf5, 0xec, 0x92,
  0x9e, 0x9f, 0x99, 0x85, 0x9b, 0x92, 0x90, 0x9d, 0x9d, 0x95, 0xe3, 0xec,
  0xe8, 0xee, 0xe6, 0xfc, 0xf9, 0xfe, 0xf2, 0xc8, 0x48, 0x72, 0x73, 0x61,
  0x62, 0x69, 0x61, 0x63, 0x14, 0x14, 0x16, 0x17, 0x1d, 0x0c, 0x0a, 0x08,
  0x09, 0x35, 0x30, 0x32, 0x09, 0x04, 0x06, 0x1b, 0x72, 0x98, 0x86, 0x85,
  0x8d, 0xb4, 0xb4, 0x8d, 0x86, 0x8f, 0x8e, 0x86, 0x94, 0xed, 0x9f, 0x90,
  0xe1, 0xfc, 0xff, 0xe0, 0x56, 0x6f, 0x60, 0x69, 0x1f, 0x07, 0x01, 0x04,
  0x1a, 0x18, 0x1f, 0x15, 0x47, 0xe6, 0x9c, 0x85, 0x84, 0x81, 0x8d, 0x8d,
  0x81, 0x9a, 0x9b, 0x92, 0xe5, 0x5f, 0x57, 0xc3, 0x7d, 0x14, 0x68, 0x4b,
  0xd1, 0x62, 0x10, 0x6b, 0x6c, 0x17, 0x1a, 0x07, 0x1e, 0x1f, 0x05, 0x1f,
  0x6a, 0x75, 0xc9, 0xff, 0xe8, 0x98, 0x87, 0x85, 0x9c, 0x93, 0x9c, 0x90,
  0xff, 0x7d, 0x7c, 0x7c, 0x6c, 0x6a, 0x69, 0x61, 0x7a, 0x66, 0x7f, 0x4e,
  0x4f, 0x43, 0x65, 0x6d, 0x67, 0x66, 0x60, 0x6d, 0x61, 0x53, 0xcd, 0xca,
  0xe1, 0x97, 0x93, 0x93, 0x92, 0x9c, 0x9d, 0x96, 0xef, 0xe3, 0xed, 0xe7,
  0xf5, 0xc4, 0xf1, 0xe1, 0xed, 0xe0, 0xe3, 0xef, 0xe1, 0xff, 0xcb, 0xda,
  0x51, 0x77, 0x74, 0x7f, 0x67, 0x47, 0xda, 0x75, 0x70, 0xda, 0xe4, 0xc2,
  0x67, 0x67, 0x64, 0x16, 0x00, 0x35, 0x37, 0x37, 0x36, 0x33, 0x3e, 0x30,
  0x00, 0x07, 0x06, 0x14, 0x90, 0x83, 0x84, 0x81, 0x8a, 0xb7, 0x89, 0x87,
  0x80, 0x8d, 0x80, 0x98, 0x95, 0x9d, 0x84, 0x9e, 0x91, 0x97, 0x96, 0xec,
  0x70, 0x6c, 0x68, 0x1c, 0x00, 0x0e, 0x02, 0x00, 0x00, 0x07, 0x1d, 0x79,
  0xff, 0x91, 0x87, 0x83, 0x83, 0x8d, 0x8c, 0x82, 0x86, 0x9b, 0x9f, 0xe9,
  0xf1, 0xf6, 0xf4, 0x51, 0x67, 0x63, 0x4b, 0x57, 0x65, 0x17, 0x17, 0x6b,
  0x13, 0x04, 0x01, 0x1b, 0x1e, 0x06, 0x06, 0x14, 0xc4, 0xf6, 0xd3, 0xec,
  0x84, 0x81, 0x84, 0x9b, 0x9a, 0x9a, 0x9d, 0xef, 0xca, 0x55, 0x49, 0x63,
  0x11, 0x11, 0x69, 0x6c, 0x17, 0x11, 0x6e, 0x79, 0x61, 0x6a, 0x68, 0x60,
  0x66, 0x63, 0x61, 0x79, 0x43, 0xde, 0xf7, 0xe3, 0xea, 0x97, 0x93, 0x90,
  0x90, 0x92, 0x91, 0xeb, 0xe6, 0xfa, 0xf8, 0xff, 0xf2, 0xf7, 0xf6, 0xf8,
  0xe4, 0xed, 0xe3, 0xe4, 0xe6, 0xe4, 0xfb, 0xf2, 0xc3, 0xd5, 0x5a, 0xd6,
  0xc6, 0xc7, 0xc9, 0xf3, 0xe6, 0xed, 0xe0, 0xe2, 0xe2, 0xe1, 0xf9, 0xd6,
  0x71, 0x6c, 0x13, 0x18, 0x02, 0x37, 0x31, 0x36, 0x36, 0x33, 0x3f, 0x33,
  0x0c, 0x06, 0x01, 0x11, 0xef, 0x87, 0x87, 0x87, 0xb5, 0xb1, 0xb5, 0x82,
  0x8f, 0xb5, 0x88, 0x81, 0x99, 0x84, 0x86, 0x9f, 0x97, 0x97, 0xe9, 0xc8,
  0x6f, 0x13, 0x12, 0x05, 0x0d, 0x09, 0x0e, 0x0f, 0x0c, 0x01, 0x18, 0x16,
  0x65, 0xfa, 0x99, 0x84, 0x87, 0x83, 0x8c, 0x8c, 0x82, 0x81, 0x87, 0x98,
  0x97, 0xea, 0xea, 0xe3, 0xc1, 0x4e, 0x42, 0xd6, 0x72, 0x14, 0x11, 0x16,
  0x1f, 0x07, 0x01, 0x06, 0x04, 0x06, 0x06, 0x19, 0x15, 0x7d, 0xcc, 0xe5,
  0xea, 0x99, 0x84, 0x9a, 0x9f, 0x9d, 0x92, 0x94, 0xfc, 0xc3, 0xd9, 0x74,
  0x78, 0x7e, 0x76, 0x41, 0x77, 0x79, 0x73, 0x70, 0x78, 0x60, 0x6b, 0x14,
  0x14, 0x15, 0x14, 0x15, 0x63, 0x74, 0xd0, 0xca, 0xe0, 0x91, 0x9d, 0x9d,
  0x9d, 0x9c, 0x9c, 0x90, 0x94, 0xe8, 0xe3, 0xe1, 0xe6, 0xe5, 0xf3, 0xf6,
  0xfb, 0xe4, 0xff, 0xf3, 0xfb, 0xfa, 0xca, 0xd9, 0xdf, 0xd7, 0x59, 0x74,
  0x49, 0x53, 0xc5, 0xf1, 0xff, 0xe4, 0xe1, 0xe0, 0xe1, 0xf1, 0xcc, 0xcd,
  0x5e, 0x7a, 0x6f, 0x6e, 0x17, 0x1d, 0x1f, 0x07, 0x0c, 0x08, 0x0b, 0x0a,
  0x37, 0x30, 0x36, 0x35, 0x0e, 0x02, 0x04, 0x6d, 0xf3, 0x97, 0x85, 0x8c,
  0xb5, 0xb5, 0x8a, 0xb5, 0xb4, 0xb5, 0x8f, 0x80, 0x84, 0x98, 0x9f, 0x96,
  0xef, 0xe5, 0xdf, 0x41, 0x7e, 0x6d, 0x14, 0x1f, 0x04, 0x06, 0x01, 0x00,
  0x01, 0x07, 0x04, 0x1e, 0x68, 0x54, 0xe3, 0x91, 0x9b, 0x87, 0x80, 0x8d,
  0x8d, 0x83, 0x86, 0x9a, 0x9f, 0x91, 0xef, 0xf1, 0xd7, 0x4f, 0x7a, 0x64,
  0x7a, 0x66, 0x6c, 0x6a, 0x14, 0x14, 0x10, 0x1c, 0x1f, 0x19, 0x19, 0x1c,
  0x13, 0x16, 0x69, 0x7e, 0x56, 0xf1, 0xe3, 0x95, 0x91, 0x91, 0x91, 0x90,
  0x97, 0xea, 0xe3, 0xf2, 0xc1, 0x53, 0x5a, 0x5a, 0x7d, 0x7f, 0x4b, 0x4e,
  0x74, 0x7f, 0x76, 0x48, 0x79, 0x78, 0x7e, 0x78, 0x70, 0x75, 0x5c, 0xdf,
  0xca, 0xe0, 0xe8, 0xeb, 0x97, 0x90, 0x90, 0x91, 0x96, 0x97, 0x95, 0xec,
  0xe7, 0xf8, 0xfc, 0xc9, 0xd3, 0x55, 0x47, 0x4c, 0x4c, 0x70, 0x65, 0x63,
  0x6f, 0x6c, 0x6c, 0x6e, 0x69, 0x60, 0x78, 0x7a, 0x4e, 0xc6, 0xcd, 0xcf,
  0xce, 0xf3, 0xfd, 0xc3, 0xc1, 0x58, 0x73, 0x77, 0x7a, 0x64, 0x66, 0x6e,
  0x6c, 0x68, 0x68, 0x6d, 0x10, 0x12, 0x11, 0x1e, 0x1a, 0x1a, 0x1a, 0x1b,
  0x1b, 0x1d, 0x17, 0x6c, 0x49, 0xd9, 0xe7, 0x95, 0x92, 0x9a, 0x9b, 0x98,
  0x85, 0x9a, 0x9b, 0x9c, 0x96, 0x96, 0xea, 0xee, 0xe1, 0xfe, 0xe6, 0xf6,
  0xce, 0xf1, 0xda, 0xc3, 0xd6, 0x41, 0x45, 0x73, 0x71, 0x7d, 0x66, 0x7a,
  0x7b, 0x72, 0x48, 0x4d, 0xd7, 0xdf, 0xcb, 0xf9, 0xff, 0xe5, 0xe7, 0xe4,
  0xe7, 0xe4, 0xe4, 0xfa, 0xfc, 0xf0, 0xcb, 0xda, 0xd0, 0x53, 0x4e, 0x71,
  0x7c, 0x64, 0x60, 0x60, 0x60, 0x62, 0x62, 0x64, 0x7b, 0x7e, 0x48, 0x5d,
  0xd2, 0xdb, 0xcd, 0xf6, 0xf4, 0xf7, 0xf6, 0xc9, 0xc9, 0xf5, 0xcd, 0xc0,
  0xda, 0xd2, 0xda, 0xdb, 0xd7, 0xd4, 0xd4, 0xd4, 0xd6, 0x57, 0x56, 0x51,
  0x57, 0xd6, 0x56, 0xdf, 0xf5, 0xf7, 0xf5, 0xf1, 0xfe, 0xfc, 0xfc, 0xf8,
  0xf6, 0xcd, 0xc9, 0xcf, 0xc6, 0x57, 0x5b, 0x54, 0x5d, 0x47, 0x45, 0x74,
  0x74, 0x45, 0x43, 0x75, 0x4d, 0x58, 0x46, 0x42, 0x49, 0x74, 0x48, 0x4c,
  0x49, 0x4f, 0x4d, 0x58, 0x55, 0x4b, 0x5c, 0xc6, 0x4b, 0x76, 0x5c, 0x5b,
  0x43, 0x75, 0x73, 0x77, 0x75, 0x43, 0x49, 0x73, 0x44, 0x5e, 0x4e, 0x4a,
  0x4e, 0x5f, 0x43, 0x71, 0x4e, 0x4e, 0x42, 0xd1, 0x51, 0x46, 0xd0, 0xc2,
  0xc0, 0xd9, 0xc2, 0xf7, 0xc0, 0xc7, 0xcf, 0xc2, 0xc6, 0xc2, 0xcc, 0xdf,
  0x57, 0xdb, 0xc1, 0x54, 0x53, 0xd4, 0x57, 0x56, 0xd5, 0x55, 0x59, 0x54,
  0xd9, 0xd1, 0x55, 0xdf, 0xc1, 0xd2, 0x57, 0xc4, 0xce, 0xcd, 0xcd, 0xc3,
  0xc4, 0xcd, 0xf1, 0xcf, 0x5d, 0xdc, 0xf7, 0xc5, 0xde, 0xd1, 0xd5, 0xc2,
  0xd9, 0xd2, 0xd1, 0x44, 0xd5, 0xd3, 0x40, 0x5d, 0x51, 0x4b, 0x46, 0x5f,
  0x55, 0xd1, 0x4f, 0x4b, 0xd3, 0xca, 0xd7, 0x5a, 0x51, 0xd1, 0xca, 0xc0,
  0x49, 0x51, 0xf7, 0x42, 0x76, 0xda, 0x44, 0x64, 0x4e, 0xc2, 0x75, 0x77,
  0xdf, 0xde, 0xde, 0x42, 0xde, 0xe6, 0x42, 0x64, 0xe4, 0xf6, 0x67, 0x53,
  0xf2, 0x76, 0x65, 0xe4, 0xc9, 0x69, 0xc6, 0xed, 0x4a, 0x5f, 0xda, 0x42,
  0xfc, 0xd0, 0x72, 0xdc, 0x43, 0xc3, 0xf0, 0x66, 0x7e, 0xfd, 0xc0, 0x7f,
  0x74, 0xd3, 0x43, 0x5f, 0xf5, 0x79, 0x79, 0xe1, 0xcb, 0x65, 0x58, 0xfb,
  0xf9, 0x57, 0x41, 0xda, 0xf7, 0xd8, 0x5d, 0x4d, 0xd7, 0xc3, 0xdf, 0x4e,
  0x7d, 0xfd, 0xfd, 0x7b, 0x4e, 0xcb, 0xd0, 0xd2, 0x5c, 0x70, 0xdc, 0xf0,
  0xdc, 0x4c, 0x57, 0xf5, 0xc9, 0xd9, 0x49, 0xd8, 0xff, 0x5b, 0x58, 0xc6,
  0x58, 0xd5, 0xc3, 0x4d, 0x74, 0x52, 0xdd, 0x50, 0x49, 0x47, 0x53, 0xc9,
  0xce, 0x44, 0x57, 0xca, 0xcf, 0xc5, 0xdd, 0xd6, 0xc9, 0xc3, 0x58, 0xd4,
  0xc3, 0x54, 0xd3, 0xce, 0x5f, 0xd7, 0xca, 0x5d, 0x45, 0xdf, 0x54, 0x58,
  0x56, 0x45, 0x43, 0xd4, 0xd5, 0x4d, 0x44, 0x50, 0x5e, 0xde, 0xdd, 0x48,
  0x43, 0xdb, 0xd1, 0x47, 0x42, 0x76, 0x5e, 0xd9, 0x72, 0x7a, 0x51, 0x40,
  0x77, 0x56, 0x48, 0x4f, 0xc6, 0xd0, 0x5a, 0xd1, 0xcd, 0xc0, 0x54, 0xd4,
  0xc7, 0xd4, 0xd7, 0xde, 0xdd, 0xd0, 0xd4, 0xc0, 0xc6, 0x5f, 0xdc, 0xf3,
  0xd2, 0x44, 0xcf, 0xcd, 0xd5, 0xd9, 0x55, 0x5f, 0xce, 0xcf, 0xd1, 0xdf,
  0xc3, 0xf1, 0xc9, 0xd6, 0xd9, 0xf7, 0xc9, 0x58, 0xd5, 0xda, 0x5b, 0x5e,
  0x53, 0x74, 0x4f, 0xd6, 0x5b, 0x77, 0x5a, 0xda, 0xd7, 0x58, 0x5c, 0x56,
  0xdf, 0xd6, 0x5a, 0x45, 0xd0, 0xc5, 0xd4, 0x5b, 0x5b, 0xc1, 0xda, 0x44,
  0x50, 0xda, 0xd3, 0x51, 0xd1, 0xd2, 0xd0, 0xdf, 0xd3, 0x57, 0xd4, 0xd8,
  0xc7, 0xde, 0x50, 0xd0, 0xdb, 0xd2, 0x50, 0x43, 0x59, 0x5e, 0x43, 0x40,
  0x75, 0x4d, 0x51, 0x4b, 0x77, 0x51, 0x59, 0x4f, 0x46, 0x58, 0x53, 0x5d,
  0x5c, 0x5e, 0xd7, 0xc4, 0xde, 0xd0, 0xd2, 0xc1, 0xcb, 0xc6, 0xd3, 0xdb,
  0xcc, 0xc5, 0xd1, 0xd6, 0xd7, 0x57, 0xd7, 0x56, 0x5b, 0x51, 0x54, 0x5a,
  0x47, 0x51, 0xd5, 0x53, 0x59, 0x53, 0xd2, 0xda, 0xdc, 0xdc, 0xdb, 0xdb,
  0xcc, 0xc2, 0xd9, 0xc6, 0xcc, 0xdb, 0xd5, 0xdd, 0xc0, 0xdd, 0x5d, 0x53,
  0xd4, 0xd1, 0x57, 0x46, 0x41, 0x5c, 0x5f, 0x4c, 0x77, 0x4f, 0x44, 0x43,
  0x4f, 0x40, 0x53, 0x54, 0x5c, 0x50, 0xd0, 0xd2, 0xd1, 0xd2, 0xd9, 0xd6,
  0xdc, 0xc6, 0x56, 0x5d, 0xd7, 0x57, 0xd6, 0xd0, 0x55, 0xd1, 0xdc, 0xdc,
  0xd2, 0xd1, 0xdd, 0xdd, 0xd1, 0xdc, 0xd7, 0xd4, 0xd0, 0x55, 0xd5, 0xd7,
  0x53, 0x46, 0x5e, 0x54, 0x5b, 0x5a, 0x5c, 0x55, 0xd0, 0xd7, 0xd5, 0x57,
  0xd0, 0xdb, 0xd6, 0x52, 0xd0, 0xd2, 0x50, 0x53, 0x57, 0xd3, 0xd0, 0x51,
  0x55, 0xd6, 0xd7, 0x50, 0x52, 0x52, 0x40, 0x47, 0x51, 0x45, 0x4d, 0x5d,
  0x56, 0x54, 0xdd, 0xd8, 0xd6, 0xd3, 0xcc, 0xcd, 0xda, 0xdb, 0xd9, 0xc6,
  0xce, 0xdd, 0x54, 0xd2, 0xd7, 0x53, 0x52, 0x53, 0x43, 0x4c, 0x51, 0x5a,
  0x41, 0x53, 0x59, 0x57, 0xd7, 0x5a, 0x5f, 0xdc, 0xda, 0xd5, 0xd5, 0xc4,
  0xda, 0xdf, 0xdb, 0xdf, 0xdf, 0xda, 0xd7, 0x56, 0xd6, 0x52, 0x5c, 0x59,
  0x47, 0x44, 0x59, 0x44, 0x4b, 0x40, 0x58, 0x47, 0x46, 0x40, 0x5a, 0x5e,
  0x52, 0xd5, 0xd4, 0xd6, 0xd9, 0xc0, 0xcc, 0xcf, 0xc8, 0xcb, 0xcc, 0xcd,
  0xce, 0xcd, 0xc5, 0xc4, 0xc3, 0xc5, 0xd6, 0xd4, 0xd1, 0xd3, 0x55, 0x52,
  0x5b, 0x78, 0x7b, 0xc5, 0x59, 0x61, 0x76, 0x53, 0x51, 0x5e, 0x71, 0x45,
  0xd9, 0x55, 0x53, 0x54, 0xd1, 0xd6, 0xd9, 0xc1, 0x50, 0x5f, 0xf5, 0xc3,
  0x42, 0x57, 0xc9, 0xd8, 0x5a, 0x50, 0xc7, 0xdf, 0xd1, 0xdb, 0xcd, 0xf4,
  0xf5, 0xc8, 0xf7, 0xfd, 0xf2, 0xfe, 0xfa, 0xf7, 0xf4, 0xf9, 0xf6, 0xde,
  0xde, 0xd8, 0xd5, 0x41, 0x4e, 0x74, 0x71, 0x74, 0x73, 0x78, 0x72, 0x77,
  0x77, 0x4f, 0x4e, 0x44, 0x57, 0x5f, 0x5b, 0x52, 0xd5, 0x56, 0x5e, 0xd2,
  0xdc, 0x5d, 0xd5, 0xd6, 0x50, 0x59, 0x45, 0x42, 0x77, 0x77, 0x76, 0x73,
  0x7d, 0x73, 0x4a, 0x4a, 0x75, 0x4d, 0x45, 0x50, 0x56, 0x5d, 0xdd, 0xc1,
  0xd8, 0xc0, 0xcc, 0xce, 0xf5, 0xcf, 0xc3, 0xc7, 0xc6, 0xc3, 0xd8, 0xd6,
  0xdf, 0xc6, 0xc7, 0xc4, 0xc2, 0xc2, 0xc0, 0xc6, 0xdb, 0xd9, 0xdc, 0xd0,
  0xd4, 0x50, 0x50, 0xd6, 0xd6, 0x53, 0x5c, 0xd1, 0xd0, 0x5b, 0x46, 0x51,
  0xd0, 0x57, 0x5a, 0x59, 0xd7, 0xd2, 0x51, 0x57, 0xd7, 0xd0, 0xd9, 0xdb,
  0xd3, 0x54, 0xdb, 0xc1, 0x50, 0x5d, 0xd0, 0xd7, 0xd4, 0x51, 0x58, 0x57,
  0xd0, 0x57, 0x56, 0xd2, 0xdc, 0xd6, 0xd3, 0xd2, 0xd5, 0xd2, 0xde, 0xd0,
  0xd1, 0xda, 0xc5, 0xc5, 0xc7, 0xc7, 0xc5, 0xd2, 0xd5, 0x5d, 0x45, 0x45,
  0x43, 0x75, 0x48, 0x4c, 0x48, 0x4a, 0x4e, 0x4c, 0x45, 0x5a, 0x45, 0x5c,
  0x56, 0x53, 0x45, 0x5e, 0x5e, 0x40, 0x44, 0x44, 0x40, 0x47, 0x44, 0x5e,
  0x5e, 0x51, 0xd5, 0x56, 0x57, 0x52, 0x5d, 0x53, 0x57, 0x5d, 0x53, 0xd6,
  0x51, 0xd4, 0xd9, 0xd1, 0xd6, 0xc0, 0xc9, 0xca, 0xc2, 0xc9, 0xf0, 0xf5,
  0xcd, 0xd2, 0xd6, 0xd2, 0xd5, 0x59, 0x45, 0x5d, 0x52, 0x45, 0x41, 0x4c,
  0x43, 0x5b, 0x59, 0x54, 0xd0, 0xdc, 0xd9, 0xc7, 0xcc, 0xc8, 0xca, 0xf6,
  0xcf, 0xda, 0xc7, 0xc3, 0xde, 0xd5, 0xd7, 0xd8, 0xc2, 0xc1, 0xc8, 0xf4,
  0xc6, 0xd8, 0xc6, 0xc5, 0xd9, 0xd4, 0xd0, 0xde, 0xd0, 0x54, 0x5f, 0x59,
  0x46, 0x74, 0x74, 0x41, 0x42, 0x4f, 0x74, 0x70, 0x74, 0x43, 0x5b, 0x41,
  0x43, 0x4d, 0x46, 0x5c, 0x5d, 0x55, 0xdc, 0xc5, 0xcf, 0xf5, 0xcf, 0xce,
  0xcf, 0xc6, 0xc5, 0xd6, 0x57, 0x51, 0x5f, 0x44, 0x46, 0x40, 0x58, 0x5e,
  0x59, 0x5d, 0x57, 0xd0, 0x54, 0xd6, 0xde, 0xc6, 0xc1, 0xc2, 0xc1, 0xde,
  0xd3, 0x51, 0x59, 0x5f, 0x5f, 0x5d, 0x57, 0x54, 0xd1, 0xd9, 0xd8, 0xd0,
  0xd0, 0xdf, 0xde, 0xda, 0xc4, 0xc6, 0xc3, 0xc4, 0xd9, 0xde, 0xd3, 0x50,
  0x5a, 0x4f, 0x4b, 0x4c, 0x43, 0x5a, 0x44, 0x44, 0x5e, 0x44, 0x4d, 0x58,
  0x58, 0x40, 0x75, 0x74, 0x4e, 0x4d, 0x77, 0x77, 0x41, 0x5c, 0xdf, 0xc1,
  0xcc, 0xca, 0xf7, 0xf3, 0xfd, 0xf0, 0xf3, 0xfe, 0xfc, 0xf4, 0xc6, 0xda,
  0xd8, 0x55, 0x5c, 0x44, 0x47, 0x44, 0x46, 0x5b, 0x5d, 0x50, 0x5b, 0x5b,
  0x5e, 0x46, 0x48, 0x49, 0x77, 0x76, 0x70, 0x77, 0x44, 0x53, 0x5c, 0x57,
  0xd0, 0xc6, 0xc6, 0xde, 0xcd, 0xf6, 0xcf, 0xda, 0xc8, 0xf1, 0xf3, 0xf6,
  0xf4, 0xf7, 0xf1, 0xcf, 0xd0, 0xd1, 0xd5, 0xd5, 0xc4, 0xcf, 0xc0, 0xd3,
  0xde, 0xd8, 0x56, 0x44, 0x47, 0xd4, 0xd9, 0xd3, 0x57, 0xd8, 0xc9, 0xc9,
  0xdb, 0xcd, 0xc1, 0xd2, 0x51, 0x5c, 0x40, 0x4a, 0x70, 0x7f, 0x7c, 0x7a,
  0x7a, 0x79, 0x65, 0x67, 0x66, 0x61, 0x65, 0x7a, 0x7a, 0x7d, 0x72, 0x7d,
  0x70, 0x7d, 0x74, 0x54, 0xcf, 0xf6, 0xfd, 0xf3, 0xfc, 0xfe, 0xce, 0xd5,
  0x5d, 0x5c, 0x4b, 0x76, 0x7d, 0x70, 0x72, 0x7d, 0x72, 0x78, 0x7e, 0x4e,
  0x44, 0x53, 0xc6, 0xca, 0xf7, 0xfb, 0xe6, 0xe2, 0xeb, 0x94, 0x94, 0x94,
  0xea, 0xea, 0xef, 0xe0, 0xe7, 0xc8, 0xd1, 0xd7, 0x5c, 0x4b, 0x79, 0x7f,
  0x73, 0x76, 0x48, 0x52, 0xd9, 0xde, 0xd0, 0x51, 0x5d, 0xdc, 0xf4, 0xd0,
  0x5d, 0xc7, 0xdb, 0xd7, 0x53, 0x41, 0x45, 0x54, 0xc4, 0xd8, 0xc6, 0xf2,
  0xf0, 0xf6, 0xf5, 0xc6, 0x58, 0x46, 0x5e, 0x7f, 0x64, 0x7e, 0x7a, 0x78,
  0x7c, 0x7d, 0x4b, 0x77, 0x67, 0x60, 0x6e, 0x6b, 0x6b, 0x15, 0x6e, 0x62,
  0x65, 0x7d, 0xd6, 0xf1, 0xfc, 0xf8, 0xf8, 0xe5, 0xf2, 0xca, 0xc2, 0xf6,
  0xf1, 0xc6, 0xfd, 0xfe, 0xf8, 0xfb, 0xfd, 0xf3, 0xfb, 0xfc, 0xfa, 0xe4,
  0xfe, 0xf0, 0xf5, 0xf1, 0xf6, 0xc3, 0xd7, 0xc7, 0xdf, 0x40, 0x70, 0x71,
  0x64, 0x65, 0x7b, 0x62, 0x6b, 0x6e, 0x62, 0x6f, 0x64, 0x4a, 0xd8, 0xf4,
  0xf0, 0xfc, 0xca, 0xf4, 0xf8, 0xf3, 0xc8, 0xd3, 0xd5, 0xde, 0xc0, 0xc2,
  0xc1, 0xc8, 0xfe, 0xff, 0xf6, 0xfd, 0xf3, 0xce, 0xc4, 0xc5, 0xc4, 0xd7,
  0x58, 0x57, 0x57, 0x4f, 0x77, 0x73, 0x67, 0x7b, 0x79, 0x78, 0x4a, 0x52,
  0xcf, 0xcf, 0xdc, 0xdf, 0x53, 0x4f, 0x49, 0x4d, 0x4c, 0x57, 0xd4, 0x77,
  0x75, 0x45, 0x58, 0x5c, 0xdd, 0xc2, 0xc1, 0xce, 0xc6, 0x58, 0x5d, 0xd4,
  0xd3, 0x50, 0xde, 0xf9, 0xff, 0xf1, 0x59, 0x5c, 0x50, 0x5e, 0x54, 0x77,
  0x46, 0xd7, 0xd6, 0xd0, 0xdc, 0xfe, 0xfb, 0xfc, 0xf9, 0xf6, 0xf6, 0xc2,
  0xdd, 0x5e, 0x7e, 0x75, 0x4f, 0x48, 0xf3, 0xff, 0xc8, 0xcd, 0xda, 0x50,
  0x71, 0x5a, 0x4d, 0x7f, 0x64, 0x79, 0x7e, 0x65, 0x77, 0x76, 0x78, 0x70,
  0xcd, 0xfe, 0xf3, 0xe4, 0xe6, 0xf2, 0xc9, 0xda, 0xd9, 0xdd, 0xde, 0xda,
  0xc6, 0xc6, 0xc7, 0xc9, 0x57, 0x5c, 0x55, 0x55, 0xc5, 0xc8, 0xfc, 0xcd,
  0xdd, 0xd9, 0x4a, 0x64, 0x60, 0x6d, 0x6d, 0x6c, 0x62, 0x7a, 0x7c, 0x4a,
  0xd6, 0x57, 0x7c, 0x65, 0x79, 0x7f, 0x45, 0x56, 0xd7, 0xdb, 0xe1, 0xe9,
  0xe2, 0xed, 0xec, 0xe3, 0xfa, 0x45, 0x78, 0x61, 0x66, 0x4f, 0x57, 0xcd,
  0xe5, 0xe4, 0xc9, 0x51, 0x76, 0x6e, 0x15, 0x60, 0x7a, 0x64, 0x44, 0xe3,
  0xe8, 0x95, 0x93, 0x92, 0x9f, 0x98, 0x9c, 0x94, 0xe5, 0xc1, 0x78, 0x10,
  0x1d, 0x12, 0x10, 0x11, 0x6e, 0x7e, 0x62, 0x6b, 0x70, 0xd6, 0x76, 0x62,
  0x62, 0x14, 0x14, 0x6e, 0x6d, 0x60, 0x7c, 0x4f, 0x7f, 0x72, 0x4d, 0x59,
  0x77, 0x46, 0x55, 0xe7, 0x90, 0x9f, 0x84, 0x81, 0x83, 0x83, 0x81, 0x86,
  0x9f, 0xe6, 0x7f, 0x17, 0x12, 0x12, 0x16, 0x6a, 0x65, 0x52, 0xf7, 0xe9,
  0x94, 0x90, 0x92, 0xe9, 0xe6, 0xe7, 0xf4, 0x5e, 0xd6, 0xdb, 0xdc, 0x5f,
  0x59, 0x73, 0x6c, 0x6a, 0x11, 0x12, 0x13, 0x10, 0x68, 0x7e, 0xda, 0xe6,
  0x95, 0x93, 0x97, 0x94, 0xea, 0xe0, 0xf3, 0x59, 0x6c, 0x10, 0x19, 0x07,
  0x00, 0x02, 0x02, 0x06, 0x1a, 0x13, 0x6d, 0x46, 0xcf, 0xe0, 0x96, 0x96,
  0x91, 0x93, 0x9d, 0x9d, 0x9e, 0x92, 0x94, 0xed, 0xfe, 0x5d, 0x65, 0x69,
  0x69, 0x6c, 0x6c, 0x15, 0x17, 0x69, 0x72, 0xe7, 0x91, 0x84, 0x81, 0x81,
  0x87, 0x85, 0x99, 0x94, 0xdf, 0x64, 0x69, 0x10, 0x12, 0x16, 0x60, 0x75,
  0xf8, 0xe9, 0xec, 0xea, 0x97, 0xe9, 0xe1, 0xe7, 0xe6, 0xf8, 0xfa, 0xc8,
  0x42, 0x7b, 0x60, 0x64, 0x78, 0x4c, 0x52, 0x73, 0x60, 0x62, 0x6c, 0x10,
  0x1e, 0x1f, 0x1d, 0x19, 0x1a, 0x04, 0x06, 0x04, 0x1f, 0x12, 0x17, 0x66,
  0xf1, 0xef, 0xeb, 0x96, 0x95, 0xe9, 0xea, 0xe2, 0xfb, 0xf3, 0xe4, 0xe2,
  0xe7, 0xe7, 0xe1, 0xff, 0xf2, 0xf4, 0xd1, 0xdb, 0xde, 0xc6, 0xd9, 0xd5,
  0xd4, 0x52, 0x73, 0x7f, 0x70, 0x61, 0x6b, 0x68, 0x15, 0x10, 0x1c, 0x1e,
  0x1e, 0x19, 0x10, 0x69, 0x79, 0xd7, 0xf7, 0xee, 0x97, 0x95, 0xeb, 0xe3,
  0xe3, 0xe1, 0xf1, 0xe5, 0xe1, 0xec, 0x94, 0x96, 0x9d, 0x9f, 0x9b, 0x85,
  0x99, 0x9c, 0x96, 0x95, 0xe0, 0xda, 0xd1, 0xc1, 0xc3, 0xcb, 0xe4, 0xe8,
  0xe8, 0xef, 0xe9, 0x95, 0x94, 0xea, 0xe8, 0x95, 0x97, 0x95, 0xe8, 0xe9,
  0xef, 0xed, 0xe8, 0x95, 0x97, 0x96, 0x97, 0x94, 0xea, 0xeb, 0xee, 0xe1,
  0xf0, 0xde, 0xd5, 0x46, 0x77, 0x7e, 0x4c, 0x4a, 0x65, 0x68, 0x17, 0x12,
  0x1f, 0x1b, 0x01, 0x0f, 0x09, 0x0a, 0x34, 0x37, 0x34, 0x35, 0x34, 0x0a,
  0x0e, 0x02, 0x00, 0x07, 0x1f, 0x13, 0x15, 0x7c, 0x54, 0xc9, 0xe5, 0x95,
  0x93, 0x9c, 0x85, 0x81, 0x82, 0x8c, 0x8f, 0x89, 0x89, 0x8e, 0x8c, 0x83,
  0x81, 0x85, 0x9d, 0x95, 0xe4, 0xf5, 0x56, 0x4a, 0x7a, 0x6e, 0x15, 0x14,
  0x11, 0x1d, 0x1f, 0x1b, 0x07, 0x06, 0x01, 0x01, 0x01, 0x04, 0x1f, 0x10,
  0x14, 0x7a, 0xd8, 0xe5, 0xed, 0x95, 0x96, 0x90, 0x9d, 0x9e, 0x98, 0x9a,
  0x84, 0x84, 0x85, 0x9b, 0x99, 0x9c, 0x9c, 0x9c, 0x9d, 0x93, 0x9d, 0x92,
  0x91, 0x95, 0xe9, 0xe2, 0xe7, 0xf9, 0xf6, 0xdd, 0xdf, 0xf5, 0xfa, 0xe5,
  0xed, 0x97, 0x91, 0x94, 0x94, 0x91, 0x91, 0xeb, 0xe9, 0xe9, 0xe6, 0xf7,
  0xc3, 0xc1, 0x58, 0x14, 0x00, 0x0a, 0x34, 0x34, 0x31, 0x3f, 0x3e, 0x3d,
  0x33, 0x32, 0x32, 0x34, 0x0f, 0x0e, 0x08, 0x0d, 0x07, 0x1a, 0x1c, 0x6a,
  0x7f, 0xca, 0x91, 0x86, 0x8e, 0xb5, 0xb7, 0xb0, 0xb3, 0xb0, 0xb0, 0xb3,
  0xb0, 0xb7, 0x8a, 0x8b, 0x8a, 0x8a, 0x88, 0x8f, 0x83, 0x86, 0x9a, 0x97,
  0xd1, 0x6f, 0x10, 0x1a, 0x02, 0x08, 0x08, 0x09, 0x0e, 0x0c, 0x0c, 0x0c,
  0x0d, 0x01, 0x04, 0x07, 0x07, 0x1a, 0x19, 0x1e, 0x16, 0x7b, 0xf0, 0xef,
  0x97, 0x9d, 0x98, 0x9a, 0x84, 0x85, 0x98, 0x9e, 0x9e, 0x9c, 0x92, 0x92,
  0x92, 0x9c, 0x93, 0x94, 0xea, 0xea, 0xe8, 0xfa, 0xd9, 0xd5, 0x50, 0x5d,
  0x5f, 0x59, 0xd2, 0xcb, 0xf8, 0xe6, 0xe7, 0xec, 0xea, 0xe8, 0xe2, 0xe1,
  0xe2, 0x97, 0x96, 0x91, 0x93, 0x92, 0x9e, 0x9f, 0x96, 0x94, 0xe2, 0xf2,
  0x73, 0x04, 0x34, 0x30, 0x37, 0x08, 0x34, 0x3c, 0x3c, 0x36, 0x35, 0x31,
  0x32, 0x36, 0x0a, 0x36, 0x3d, 0x33, 0x35, 0x01, 0x19, 0x6f, 0xc1, 0xe9,
  0x9b, 0x81, 0x8d, 0x8f, 0x89, 0xb5, 0xb5, 0x89, 0x8b, 0xb1, 0xbc, 0xbc,
  0xb3, 0xb1, 0xb1, 0xb1, 0xb7, 0x88, 0x83, 0x85, 0x98, 0x96, 0xf8, 0xdf,
  0xd9, 0xd3, 0x7a, 0x11, 0x04, 0x00, 0x03, 0x02, 0x0f, 0x0b, 0x0b, 0x0f,
  0x0d, 0x0d, 0x01, 0x19, 0x11, 0x1c, 0x18, 0x1f, 0x6a, 0x7b, 0x71, 0xdb,
  0xe6, 0x90, 0x99, 0x9a, 0x85, 0x87, 0x86, 0x87, 0x98, 0x9f, 0x9b, 0x84,
  0x9b, 0x9c, 0x9e, 0x9e, 0x9e, 0x93, 0x96, 0xea, 0xe6, 0xfe, 0xfc, 0xcd,
  0xd7, 0xd9, 0xfd, 0xe1, 0xe4, 0xca, 0xdb, 0xcf, 0xcd, 0xf8, 0xe1, 0xe4,
  0xe7, 0xe6, 0xe0, 0xed, 0xeb, 0x96, 0x91, 0xeb, 0xe5, 0xca, 0x5d, 0x70,
  0x72, 0x12, 0x0f, 0x37, 0x08, 0x04, 0x06, 0x37, 0x32, 0x34, 0x02, 0x35,
  0x32, 0x33, 0x35, 0x0b, 0x36, 0x31, 0x0e, 0x06, 0x07, 0x1b, 0x6a, 0x43,
  0xdb, 0xc3, 0xe6, 0xe3, 0xed, 0x9b, 0x8b, 0xb5, 0x8c, 0x8d, 0xb5, 0xb3,
  0xb1, 0x8b, 0x8e, 0xb5, 0xb4, 0xb5, 0x88, 0x8e, 0x89, 0x8c, 0x84, 0x9c,
  0x92, 0x9f, 0x92, 0xf7, 0x68, 0x17, 0x67, 0x7a, 0x16, 0x04, 0x07, 0x19,
  0x1f, 0x07, 0x03, 0x00, 0x07, 0x04, 0x07, 0x04, 0x18, 0x1f, 0x19, 0x1f,
  0x14, 0x7c, 0x52, 0x54, 0x53, 0xcc, 0xed, 0x97, 0x96, 0xef, 0xe2, 0x91,
  0x9a, 0x84, 0x84, 0x9b, 0x99, 0x99, 0x9d, 0x90, 0x91, 0x94, 0xea, 0x95,
  0x96, 0x97, 0xee, 0xe8, 0xea, 0xef, 0xf8, 0xde, 0xdb, 0xf7, 0xc0, 0x55,
  0xd7, 0xc4, 0xc8, 0x50, 0x49, 0xd1, 0xcb, 0xc6, 0x45, 0x71, 0x7f, 0x70,
  0x7f, 0x61, 0x6d, 0x6f, 0x6e, 0x60, 0x1d, 0x03, 0x0f, 0x1a, 0x65, 0x12,
  0x0a, 0x36, 0x00, 0x60, 0x1e, 0x0b, 0x35, 0x06, 0x16, 0x1a, 0x01, 0x05,
  0x1f, 0x1a, 0x04, 0x16, 0x4e, 0x5f, 0x67, 0x7c, 0xc9, 0xfa, 0xe1, 0x94,
  0x92, 0x96, 0xe8, 0x9c, 0x82, 0x8f, 0x85, 0x95, 0x9f, 0x8c, 0x89, 0x86,
  0x9f, 0x9b, 0x86, 0x87, 0x9a, 0x98, 0x98, 0x9d, 0x94, 0x91, 0x90, 0xe8,
  0xdf, 0x77, 0xd5, 0xdb, 0xde, 0x42, 0x78, 0x61, 0x6e, 0x61, 0x79, 0x7b,
  0x66, 0x69, 0x6e, 0x65, 0x7a, 0x6d, 0x6a, 0x68, 0x64, 0x5f, 0x57, 0x43,
  0x52, 0xda, 0xc4, 0xd7, 0xd0, 0xfd, 0xfd, 0xda, 0xce, 0xe5, 0xe1, 0xf3,
  0xdc, 0xc2, 0xf8, 0xf1, 0xd5, 0x5c, 0x51, 0xdd, 0xd6, 0xd1, 0xdb, 0xd6,
  0x54, 0xdf, 0xd9, 0x54, 0xdc, 0xc5, 0xc6, 0xd5, 0x5a, 0xd5, 0xc3, 0xd9,
  0x40, 0x74, 0x50, 0xd8, 0xdf, 0x52, 0x4f, 0x58, 0xda, 0xd9, 0xd4, 0x5b,
  0x5c, 0x5c, 0x4e, 0x74, 0x5b, 0x58, 0x71, 0x67, 0x66, 0x44, 0x5e, 0x7a,
  0x6b, 0x6a, 0x7a, 0x70, 0x63, 0x14, 0x6b, 0x7a, 0x65, 0x6e, 0x16, 0x14,
  0x6c, 0x67, 0x7a, 0x78, 0x61, 0x6c, 0x66, 0x71, 0x53, 0x4e, 0x65, 0x75,
  0xde, 0xcb, 0xdb, 0xc4, 0xf3, 0xfa, 0xe4, 0xe1, 0xef, 0x95, 0xe9, 0xe9,
  0x95, 0x96, 0x91, 0xeb, 0xe1, 0xe0, 0xee, 0xef, 0xe7, 0xfe, 0xf8, 0xe7,
  0xf8, 0xf1, 0xc3, 0xcc, 0xf7, 0xc2, 0xf6, 0xc5, 0x54, 0x5c, 0xda, 0xdf,
  0xd6, 0x49, 0x4a, 0x56, 0xc7, 0xc4, 0x41, 0x5a, 0x5b, 0xd7, 0xc1, 0x5a,
  0x58, 0x47, 0x54, 0xdd, 0x58, 0x5e, 0x47, 0x5e, 0x47, 0x46, 0xd4, 0x5a,
  0x58, 0x40, 0x47, 0x77, 0x52, 0x55, 0x43, 0x40, 0x53, 0x55, 0x5e, 0xd3,
  0x5f, 0x41, 0xd6, 0xd3, 0xce, 0x73, 0x4b, 0x57, 0xdb, 0xce, 0x5f, 0x54,
  0xcb, 0xdb, 0xd7, 0x58, 0x47, 0xdd, 0x55, 0x58, 0x51, 0xcd, 0xc0, 0x76,
  0x74, 0xdf, 0xd4, 0x71, 0x70, 0x76, 0x41, 0x4a, 0x71, 0x77, 0x70, 0x77,
  0x7d, 0x7d, 0x48, 0x72, 0x79, 0x64, 0x7b, 0x58, 0x5b, 0x70, 0x7e, 0x4f,
  0x5b, 0x71, 0x72, 0x5f, 0x57, 0x57, 0x5b, 0xd4, 0xcf, 0xde, 0x40, 0x5f,
  0xd0, 0xf6, 0xcd, 0xdf, 0xdb, 0xdb, 0xf2, 0xf7, 0xc5, 0xde, 0xf7, 0xf3,
  0xcf, 0xf2, 0xf6, 0xcf, 0xda, 0xfd, 0xfc, 0xf4, 0x54, 0xf5, 0xf7, 0xf3,
  0xf5, 0xc3, 0xc6, 0xf0, 0xf6, 0xc7, 0xd4, 0xf5, 0xf3, 0xc1, 0x57, 0xc6,
  0xff, 0xd0, 0x45, 0x47, 0xc4, 0xfd, 0x50, 0x48, 0x77, 0xcb, 0xda, 0x47,
  0x5b, 0x53, 0x7c, 0xda, 0xd7, 0x75, 0x70, 0xdc, 0xc4, 0x75, 0x7c, 0xdd,
  0x53, 0x47, 0x42, 0x51, 0x52, 0xd2, 0xdb, 0x74, 0x74, 0x54, 0xf1, 0xd1,
  0x71, 0x5f, 0xf1, 0xc1, 0x47, 0x49, 0xd5, 0xf8, 0x43, 0x55, 0xd4, 0x52,
  0x58, 0x44, 0xd8, 0x74, 0x4f, 0xd8, 0xdc, 0xcb, 0x7d, 0x74, 0x59, 0x4f,
  0x42, 0x53, 0xcf, 0x5b, 0x70, 0x5b, 0x53, 0xf7, 0xd6, 0x7b, 0x77, 0xfd,
  0xf2, 0x75, 0x76, 0x46, 0xe6, 0xf5, 0x61, 0xfa, 0xf6, 0x53, 0x73, 0x5d,
  0xe5, 0xf7, 0x42, 0x4f, 0xff, 0xcb, 0x76, 0x5e, 0xdc, 0xde, 0xce, 0x7a,
  0x54, 0xf8, 0xd6, 0x66, 0x73, 0xf6, 0xfd, 0x74, 0x61, 0x57, 0xfd, 0x52,
  0x72, 0x46, 0xd3, 0xf1, 0x79, 0x43, 0xf6, 0xdd, 0xd8, 0x70, 0xf5, 0xd8,
  0x59, 0xc1, 0xf6, 0xc1, 0xd4, 0xc2, 0xc3, 0x71, 0x44, 0xf6, 0xff, 0xd2,
  0x40, 0xc4, 0xca, 0x45, 0xc3, 0x49, 0x4f, 0xe4, 0xf7, 0x41, 0x74, 0x49,
  0xcd, 0xf7, 0x50, 0x7c, 0x48, 0xf3, 0xd8, 0x78, 0x42, 0xe0, 0x44, 0x70,
  0x5c, 0xe2, 0xc9, 0x15, 0x6c, 0xcc, 0xe8, 0xd2, 0x60, 0x43, 0xfd, 0xf3,
  0x5a, 0x72, 0x61, 0xd6, 0xfd, 0xc1, 0x49, 0x76, 0x53, 0x4f, 0x74, 0xd9,
  0xf2, 0x74, 0x6e, 0xf1, 0xe8, 0x4d, 0x6c, 0x49, 0xe6, 0xfd, 0x77, 0x44,
  0xf0, 0x50, 0x67, 0xe1, 0xfa, 0x45, 0x7e, 0xf3, 0xe9, 0xc9, 0x77, 0x72,
  0x5b, 0xe8, 0xf8, 0x71, 0xd9, 0xd2, 0x57, 0x52, 0x55, 0xe1, 0x5d, 0x67,
  0xd6, 0xe1, 0x54, 0x65, 0x14, 0xde, 0xe1, 0xfb, 0x6e, 0x6f, 0xe6, 0xc8,
  0x6a, 0x5c, 0xfd, 0x75, 0x7d, 0xd6, 0xe6, 0x62, 0x63, 0xe0, 0xf4, 0x48,
  0x72, 0xdc, 0xe3, 0x65, 0x68, 0xe1, 0xe1, 0x41, 0x44, 0xe3, 0xd0, 0x6f,
  0xd8, 0xe9, 0x44, 0x14, 0x52, 0x94, 0x94, 0x14, 0x63, 0xf4, 0xe5, 0xf9,
  0x7a, 0xd6, 0x48, 0xe1, 0xcb, 0x50, 0x53, 0xdb, 0x45, 0x61, 0x52, 0x97,
  0xe9, 0x1e, 0x15, 0x9f, 0x98, 0x12, 0x10, 0xcd, 0x97, 0xce, 0x14, 0xdc,
  0xed, 0xfd, 0x63, 0x51, 0xf2, 0x4a, 0x7e, 0x40, 0xde, 0xd3, 0xd2, 0xcf,
  0x41, 0x6c, 0x70, 0xe5, 0xf0, 0x7f, 0x67, 0x70, 0xfe, 0x97, 0x68, 0x11,
  0xd5, 0x99, 0xf6, 0x1f, 0x54, 0x97, 0xf9, 0x6d, 0x64, 0xe8, 0xf3, 0x7e,
  0x49, 0xe0, 0xf5, 0x7e, 0xc2, 0x5e, 0xf5, 0xdc, 0x77, 0xe2, 0x70, 0x70,
  0xe4, 0xfa, 0x6b, 0x61, 0x95, 0xd9, 0x65, 0x47, 0x6d, 0xe5, 0x53, 0xe4,
  0x76, 0x13, 0xc2, 0x96, 0xf2, 0x16, 0x1c, 0x91, 0x91, 0xd9, 0x06, 0xf1,
  0x9c, 0x64, 0x14, 0xcb, 0x9e, 0x7f, 0x05, 0xfa, 0x99, 0xf1, 0x1c, 0x11,
  0x9a, 0x9d, 0x6d, 0x19, 0x58, 0x92, 0xe1, 0x4f, 0x66, 0x5c, 0xc5, 0xf2,
  0xe2, 0x14, 0x47, 0xdb, 0xf6, 0xe3, 0xd7, 0x76, 0x10, 0x53, 0xea, 0xeb,
  0x6d, 0x6c, 0x4e, 0xfe, 0x94, 0xf3, 0x13, 0x67, 0xfd, 0x90, 0xf3, 0x6e,
  0x74, 0x77, 0xe1, 0xf2, 0x75, 0xdb, 0x61, 0x71, 0xe1, 0xed, 0xc7, 0x1c,
  0x52, 0xe8, 0xc9, 0x7d, 0x61, 0x4f, 0x53, 0x95, 0xf5, 0x17, 0x56, 0xf8,
  0xf4, 0x16, 0xf2, 0xec, 0x72, 0x17, 0x91, 0x90, 0x6d, 0x18, 0x52, 0x84,
  0xf2, 0x6d, 0x66, 0xe1, 0xc4, 0xe7, 0x77, 0x69, 0x48, 0xe9, 0x94, 0x6a,
  0x62, 0xd7, 0xeb, 0x64, 0x64, 0xce, 0xf4, 0x67, 0x69, 0x97, 0x54, 0x62,
  0x11, 0x96, 0x96, 0x69, 0x19, 0xf1, 0x93, 0x7e, 0x42, 0x7a, 0xe8, 0x6b,
  0x65, 0x97, 0xfa, 0x17, 0x14, 0xe9, 0x97, 0xc6, 0x13, 0x42, 0xe7, 0x97,
  0x78, 0xd6, 0xd8, 0x7b, 0xde, 0xf5, 0xe9, 0x65, 0x72, 0xe0, 0xea, 0x73,
  0x47, 0x48, 0x43, 0x5a, 0x97, 0xcc, 0x68, 0x52, 0xe1, 0xff, 0x49, 0x71,
  0x64, 0x41, 0xec, 0xe1, 0x66, 0x64, 0x6c, 0xe7, 0xf3, 0x7e, 0x6f, 0xcd,
  0xca, 0x7c, 0x58, 0xe4, 0x4a, 0x11, 0x43, 0x9e, 0xc5, 0x69, 0x7a, 0xce,
  0xe8, 0xf3, 0x71, 0x74, 0x4d, 0x94, 0xff, 0x6e, 0x77, 0xec, 0x93, 0x6c,
  0x17, 0xe5, 0xef, 0xd9, 0x48, 0x49, 0xf7, 0x68, 0xe0, 0x4e, 0x47, 0x41,
  0x74, 0xc0, 0xda, 0xca, 0x5f, 0x66, 0x4c, 0x75, 0xeb, 0xe8, 0x15, 0x1f,
  0xe7, 0x84, 0x68, 0x13, 0xff, 0xe7, 0xc1, 0x62, 0x49, 0x72, 0x64, 0xe2,
  0xe6, 0xd7, 0x6d, 0x5a, 0xee, 0xc3, 0x66, 0x14, 0x77, 0xeb, 0x91, 0xfc,
  0x06, 0x6f, 0x86, 0x95, 0x68, 0x04, 0xfc, 0x9f, 0xec, 0x67, 0x13, 0xe5,
  0x95, 0x5f, 0xf2, 0x78, 0x78, 0xf5, 0x95, 0xf7, 0x10, 0xde, 0x5a, 0x77,
  0xef, 0xe3, 0x79, 0x16, 0xcd, 0x99, 0xf4, 0x15, 0x15, 0xf9, 0xea, 0x69,
  0x79, 0xef, 0xd8, 0x67, 0x49, 0xe5, 0x52, 0x71, 0x46, 0x75, 0xe5, 0x96,
  0x7a, 0x6c, 0xf1, 0x40, 0x67, 0xe1, 0xec, 0x6a, 0x70, 0x56, 0xd5, 0xe0,
  0xeb, 0x7f, 0x1e, 0x56, 0x94, 0xe5, 0x66, 0x6b, 0x50, 0x85, 0xe2, 0x10,
  0x6e, 0xe4, 0xdd, 0xc5, 0xee, 0xd2, 0x72, 0xcb, 0xd2, 0x61, 0xce, 0xca,
  0x68, 0x75, 0xe5, 0x92, 0x76, 0x1c, 0x41, 0xe4, 0xfd, 0xc0, 0x6d, 0x77,
  0x40, 0xc7, 0xe4, 0xf5, 0x7e, 0x11, 0xf2, 0x97, 0x73, 0x72, 0x76, 0xe4,
  0xe8, 0x62, 0x67, 0xfd, 0x7b, 0xcf, 0xe4, 0xd7, 0xcb, 0x76, 0xf8, 0x5a,
  0x78, 0xf6, 0xd4, 0x44, 0xe4, 0xc5, 0x75, 0x6d, 0xe8, 0xe4, 0x7b, 0x73,
  0x12, 0xc5, 0x96, 0x76, 0x59, 0x60, 0x7d, 0xe4, 0xc5, 0x64, 0x40, 0x4b,
  0xf8, 0xed, 0xfb, 0x6e, 0x6e, 0xf7, 0x97, 0xd0, 0x16, 0x41, 0xe5, 0xef,
  0xc7, 0xc0, 0x46, 0x74, 0xf1, 0xe7, 0x61, 0xf6, 0xf1, 0x6e, 0x56, 0xe6,
  0xec, 0x66, 0x10, 0x40, 0xf9, 0xfa, 0xf3, 0x67, 0x65, 0x63, 0xf3, 0x90,
  0x65, 0x1c, 0x7f, 0x97, 0xe5, 0x7d, 0xc6, 0x43, 0x7a, 0x77, 0xe1, 0xe8,
  0xd8, 0x6f, 0xcb, 0x95, 0x4a, 0x6b, 0xdf, 0xc4, 0x63, 0xc5, 0x93, 0xe1,
  0x6b, 0x77, 0xdf, 0x7d, 0x15, 0xdf, 0x9d, 0x91, 0x5a, 0x17, 0x69, 0x5e,
  0xe4, 0xf4, 0x72, 0xda, 0xf6, 0xe2, 0xea, 0x6d, 0x1e, 0x62, 0xe6, 0x98,
  0xef, 0x13, 0x6c, 0xec, 0xe7, 0x44, 0x50, 0x76, 0x66, 0x4d, 0x93, 0xe4,
  0x10, 0x12, 0xc1, 0x96, 0x72, 0x7e, 0xc4, 0xca, 0x58, 0x79, 0x49, 0x5b,
  0x17, 0xf3, 0xe8, 0xe3, 0xd0, 0x15, 0x7e, 0xe6, 0xe5, 0x62, 0x60, 0xc0,
  0xe5, 0xe6, 0xff, 0x66, 0x64, 0xd7, 0xe6, 0xe3, 0x55, 0xfb, 0xe7, 0x79,
  0x51, 0x94, 0xf5, 0x64, 0xcb, 0xe4, 0xda, 0xc7, 0xec, 0x4d, 0x6a, 0x5b,
  0x91, 0xd7, 0x64, 0x77, 0x78, 0x7b, 0xd7, 0xed, 0x4f, 0x10, 0x70, 0xf0,
  0x4e, 0xd9, 0x72, 0x60, 0x6b, 0xcd, 0x94, 0xfc, 0x6e, 0x15, 0xc0, 0xe3,
  0xe3, 0x70, 0x6f, 0x58, 0xff, 0xfa, 0xf2, 0x65, 0x4f, 0x52, 0xe3, 0xe7,
  0x71, 0x57, 0x74, 0x50, 0xed, 0xe8, 0xc0, 0x6c, 0x72, 0xfe, 0xf6, 0x53,
  0x52, 0xca, 0xc3, 0x43, 0xf5, 0xdb, 0x72, 0x64, 0xd2, 0xf9, 0xf0, 0x4c,
  0x41, 0x52, 0x64, 0x57, 0xc3, 0x7a, 0x6f, 0x41, 0xdb, 0xf5, 0x52, 0x66,
  0x66, 0xdb, 0xfa, 0x52, 0x63, 0x59, 0x53, 0x7c, 0xe5, 0xe3, 0x45, 0x15,
  0x4c, 0xe9, 0xd3, 0x4a, 0x5e, 0x4b, 0xc2, 0xfa, 0xcb, 0x77, 0x63, 0x7d,
  0xc2, 0xed, 0xe6, 0x78, 0x6a, 0x64, 0xfd, 0xc9, 0x7b, 0x62, 0x7d, 0xf5,
  0xf8, 0x46, 0x4e, 0x64, 0x65, 0xf5, 0xe0, 0xf3, 0x65, 0x64, 0xd9, 0xf2,
  0xfa, 0xda, 0x45, 0xda, 0xf8, 0x95, 0xe0, 0xc5, 0xd7, 0xfd, 0xe2, 0xf4,
  0xc7, 0xe1, 0xe6, 0xcc, 0xe5, 0xeb, 0xee, 0x57, 0x74, 0xfc, 0x97, 0x97,
  0xf7, 0x66, 0xc8, 0x91, 0xe8, 0x76, 0x45, 0x95, 0xee, 0xf8, 0xe4, 0xe3,
  0xfd, 0x7c, 0x44, 0x94, 0x90, 0xf7, 0x79, 0x4d, 0xc1, 0xd6, 0x48, 0x77,
  0x45, 0xd2, 0x58, 0x6c, 0x16, 0x13, 0x10, 0x16, 0x13, 0x11, 0x1e, 0x1f,
  0x1e, 0x04, 0x06, 0x04, 0x1a, 0x1a, 0x1a, 0x19, 0x05, 0x05, 0x1b, 0x05,
  0x13, 0x14, 0x16, 0x11, 0x6f, 0x78, 0x7e, 0x66, 0x5a, 0xf3, 0xe0, 0xef,
  0xe3, 0xeb, 0x97, 0x9e, 0x98, 0x99, 0x84, 0x84, 0x85, 0x85, 0x87, 0x82,
  0x80, 0x9a, 0x9a, 0x84, 0x84, 0x93, 0x93, 0x92, 0x90, 0x96, 0xec, 0xe1,
  0xf3, 0xf1, 0xc8, 0xfe, 0xf2, 0xd2, 0x7a, 0x61, 0x75, 0xd9, 0x56, 0x53,
  0x74, 0x75, 0xc6, 0xf6, 0xdc, 0x53, 0xe4, 0xf9, 0xe5, 0xe8, 0x95, 0xef,
  0xe6, 0x95, 0x92, 0x92, 0x96, 0xeb, 0xee, 0xee, 0xea, 0x94, 0xf9, 0xd7,
  0x50, 0xdf, 0x78, 0x01, 0x0a, 0x0e, 0x11, 0x6d, 0x0c, 0x33, 0x30, 0x0e,
  0x09, 0x33, 0x33, 0x08, 0x0d, 0x35, 0x36, 0x0f, 0x00, 0x0b, 0x34, 0x04,
  0x97, 0x95, 0x1d, 0x05, 0xe0, 0x83, 0x98, 0xe8, 0x81, 0xb4, 0xb5, 0x83,
  0x83, 0xb4, 0xb7, 0x8e, 0x8c, 0xb7, 0xb0, 0xb5, 0x84, 0x99, 0x83, 0x89,
  0x83, 0x9d, 0x96, 0x94, 0xe8, 0xc3, 0x4f, 0x45, 0x61, 0x14, 0x10, 0x13,
  0x17, 0x11, 0x19, 0x1a, 0x19, 0x11, 0x1c, 0x1f, 0x19, 0x16, 0x6d, 0x62,
  0x78, 0x7e, 0x67, 0x78, 0xc9, 0xea, 0x91, 0xea, 0xe3, 0x97, 0x90, 0x91,
  0x9c, 0x98, 0x9b, 0x85, 0x98, 0x9c, 0x9f, 0x99, 0x96, 0x93, 0x9f, 0x9e,
  0x99, 0x97, 0xe6, 0xf3, 0xf0, 0xf3, 0xdd, 0x7c, 0x78, 0x64, 0x07, 0x36,
  0x37, 0x06, 0x16, 0x02, 0x33, 0x33, 0x0e, 0x09, 0x3d, 0x3f, 0x0a, 0x05,
  0x0c, 0x36, 0x0c, 0x68, 0x01, 0x36, 0x03, 0x9d, 0x80, 0x50, 0x12, 0xeb,
  0x88, 0x80, 0x97, 0x80, 0xb6, 0xb1, 0x8e, 0x80, 0xb4, 0xb1, 0x89, 0x81,
  0xb5, 0xb0, 0xb4, 0x84, 0x91, 0x84, 0x83, 0x9c, 0xe2, 0xef, 0xe1, 0xdc,
  0x6a, 0x14, 0x61, 0x6b, 0x1b, 0x06, 0x1b, 0x1e, 0x1a, 0x06, 0x01, 0x04,
  0x18, 0x1a, 0x18, 0x1c, 0x12, 0x13, 0x15, 0x4e, 0xf0, 0x56, 0x72, 0xfe,
  0x96, 0x9c, 0x90, 0x91, 0x9c, 0x9b, 0x98, 0x9e, 0x9b, 0x84, 0x87, 0x84,
  0x85, 0x86, 0x86, 0x9d, 0x96, 0x9f, 0x85, 0x9b, 0x91, 0xe9, 0xe9, 0xec,
  0xfc, 0xc9, 0xdc, 0x41, 0x79, 0x12, 0x08, 0x36, 0x0b, 0x1a, 0x18, 0x35,
  0x33, 0x34, 0x09, 0x30, 0x3e, 0x31, 0x00, 0x00, 0x37, 0x34, 0x12, 0x1f,
  0x37, 0x37, 0x75, 0x82, 0x92, 0x17, 0xd1, 0x8f, 0x8c, 0xee, 0x98, 0xb1,
  0xb2, 0x8b, 0x81, 0xb7, 0xbd, 0x8a, 0x9e, 0x8f, 0xb2, 0xb1, 0x87, 0x95,
  0x84, 0x80, 0xe8, 0x74, 0xe0, 0x97, 0x58, 0x1f, 0x1c, 0x60, 0x16, 0x03,
  0x0d, 0x19, 0x13, 0x06, 0x0d, 0x01, 0x1e, 0x04, 0x00, 0x1b, 0x6e, 0x6b,
  0x19, 0x12, 0x4e, 0xf9, 0x56, 0x4d, 0xee, 0x9e, 0x9d, 0x94, 0x9d, 0x87,
  0x87, 0x9b, 0x9b, 0x87, 0x86, 0x9a, 0x99, 0x85, 0x87, 0x9a, 0x9d, 0x9d,
  0x9f, 0x9d, 0x93, 0x97, 0x97, 0xea, 0xe1, 0xf9, 0xfb, 0xf3, 0xd7, 0x76,
  0x65, 0x6e, 0x1a, 0x0e, 0x0b, 0x03, 0x07, 0x02, 0x0a, 0x0a, 0x09, 0x35,
  0x31, 0x30, 0x0a, 0x0d, 0x08, 0x09, 0x07, 0x1c, 0x03, 0x0a, 0x00, 0x47,
  0xe9, 0xc0, 0xca, 0x98, 0x86, 0x9e, 0x96, 0x80, 0xb5, 0x88, 0x8d, 0xb5,
  0xb0, 0xb4, 0x81, 0x87, 0x88, 0xb4, 0x8e, 0x86, 0x82, 0x83, 0x90, 0xd9,
  0xf0, 0xe3, 0xd5, 0x6e, 0x7a, 0xcb, 0x60, 0x06, 0x0d, 0x06, 0x1a, 0x06,
  0x06, 0x1f, 0x11, 0x05, 0x03, 0x07, 0x12, 0x12, 0x1c, 0x6c, 0xf2, 0xe5,
  0x58, 0x73, 0xdb, 0xe1, 0xe9, 0x96, 0x85, 0x87, 0x9b, 0x91, 0x90, 0x98,
  0x9b, 0x9d, 0x9d, 0x85, 0x84, 0x98, 0x92, 0x96, 0xea, 0xe9, 0xee, 0x96,
  0x97, 0xe2, 0xe4, 0xe4, 0xe6, 0xf1, 0xc6, 0xd6, 0xdd, 0xd2, 0x40, 0x71,
  0x6b, 0x04, 0x02, 0x0d, 0x04, 0x1a, 0x01, 0x0c, 0x0f, 0x0f, 0x09, 0x08,
  0x09, 0x0c, 0x0d, 0x03, 0x05, 0x1c, 0x1b, 0x01, 0x01, 0x1f, 0x7c, 0xf5,
  0xe7, 0xe9, 0x96, 0x94, 0x97, 0x93, 0x9a, 0x87, 0x84, 0x81, 0x8e, 0x88,
  0x82, 0x87, 0x87, 0x81, 0x86, 0x87, 0x86, 0x81, 0x9b, 0x91, 0x96, 0x96,
  0xe3, 0x4c, 0x7e, 0xd7, 0x5a, 0x6d, 0x17, 0x15, 0x17, 0x19, 0x05, 0x1d,
  0x14, 0x1d, 0x1b, 0x10, 0x6e, 0x6d, 0x14, 0x6a, 0x72, 0x74, 0x7c, 0x46,
  0xfb, 0xe7, 0xf2, 0xe4, 0xe8, 0x96, 0xea, 0xee, 0x90, 0x9f, 0x9f, 0x9c,
  0x92, 0x91, 0xe8, 0xee, 0x95, 0x94, 0xed, 0xe5, 0xe2, 0xe3, 0xf6, 0x59,
  0x5a, 0xdd, 0xc0, 0xd4, 0xd7, 0xd7, 0x71, 0x66, 0x61, 0x79, 0x7c, 0x7e,
  0x64, 0x64, 0x64, 0x14, 0x1c, 0x19, 0x12, 0x11, 0x10, 0x13, 0x10, 0x11,
  0x1d, 0x19, 0x18, 0x1e, 0x1f, 0x1d, 0x16, 0x69, 0x60, 0x6c, 0x15, 0x15,
  0x6e, 0x7e, 0x59, 0xd6, 0xcb, 0xe4, 0xe2, 0xe1, 0xe4, 0xe4, 0xe7, 0xe0,
  0xee, 0x91, 0x9c, 0x93, 0x94, 0xea, 0x94, 0x94, 0xeb, 0xeb, 0x94, 0x97,
  0x95, 0x95, 0x95, 0xee, 0xe4, 0xf7, 0xf6, 0xff, 0xf0, 0xce, 0xc4, 0xdf,
  0x53, 0x74, 0x76, 0x4e, 0x48, 0x4f, 0x5a, 0xd1, 0x51, 0x5f, 0x58, 0x45,
  0x59, 0x58, 0xd5, 0xc6, 0xda, 0xd7, 0x57, 0xd7, 0xd6, 0x58, 0x45, 0xd5,
  0xde, 0xd0, 0xd1, 0xc7, 0xda, 0x55, 0x58, 0x52, 0xde, 0xdc, 0x50, 0xd5,
  0xdf, 0xc5, 0xd7, 0x53, 0x51, 0x5d, 0x59, 0x5c, 0x57, 0x56, 0x56, 0x5f,
  0x44, 0x59, 0x5f, 0x5b, 0x5b, 0x52, 0xd5, 0xd2, 0xd0, 0xd7, 0x51, 0x59,
  0x43, 0x42, 0x44, 0x5f, 0x58, 0x41, 0x40, 0x40, 0x49, 0x70, 0x78, 0x7a,
  0x65, 0x7a, 0x79, 0x73, 0x71, 0x7c, 0x7a, 0x7a, 0x79, 0x7b, 0x65, 0x7b,
  0x72, 0x76, 0x77, 0x76, 0x74, 0x74, 0x71, 0x70, 0x4a, 0x44, 0x5e, 0x5c,
  0x57, 0xd2, 0xda, 0xc7, 0xc0, 0xcc, 0xf5, 0xf0, 0xfc, 0xf9, 0xfa, 0xe5,
  0xe4, 0xe4, 0xe5, 0xe5, 0xe5, 0xfa, 0xfb, 0xe5, 0xe4, 0xe5, 0xe5, 0xf8,
  0xfe, 0xfc, 0xf3, 0xf0, 0xf7, 0xf5, 0xf5, 0xca, 0xcb, 0xcf, 0xc2, 0xc7,
  0xde, 0xd0, 0x57, 0x54, 0x57, 0x52, 0x5e, 0x5a, 0x45, 0x46, 0x42, 0x4f,
  0x4c, 0x43, 0x40, 0x46, 0x45, 0x58, 0x5e, 0x5a, 0x45, 0x59, 0x5c, 0x5d,
  0x5d, 0x50, 0xd5, 0xd1, 0xd1, 0xd0, 0xd2, 0xd3, 0xd3, 0xd3, 0xdc, 0xd9,
  0xd8, 0xd8, 0xda, 0xda, 0xc5, 0xc5, 0xdf, 0xd2, 0xd0, 0xd1, 0x55, 0x52,
  0x58, 0x44, 0x47, 0x4c, 0x48, 0x75, 0x76, 0x70, 0x7d, 0x7c, 0x7f, 0x7b,
  0x7a, 0x65, 0x65, 0x65, 0x65, 0x65, 0x64, 0x64, 0x65, 0x7b, 0x78, 0x79,
  0x7c, 0x73, 0x77, 0x75, 0x75, 0x48, 0x4d, 0x47, 0x5c, 0x55, 0xde, 0xc1,
  0xce, 0xf5, 0xf4, 0xf7, 0xf6, 0xf6, 0xf1, 0xf2, 0xff, 0xfe, 0xf9, 0xf8,
  0xf8, 0xf8, 0xfe, 0xff, 0xff, 0xfe, 0xf9, 0xfe, 0xfe, 0xfe, 0xff, 0xfd,
  0xf3, 0xf3, 0xf1, 0xf7, 0xf4, 0xca, 0xc8, 0xc0, 0xd8, 0xdf, 0xdd, 0xd0,
  0x55, 0x57, 0x56, 0x52, 0x5d, 0x5d, 0x52, 0x53, 0x52, 0x52, 0x5d, 0x5d,
  0x5c, 0x5e, 0x5f, 0x5c, 0x52, 0x50, 0x51, 0x54, 0x57, 0x56, 0x53, 0x50,
  0x54, 0xd5, 0xd4, 0xd4, 0xd6, 0xd3, 0xd3, 0xd1, 0xd6, 0xd6, 0xd4, 0xd6,
  0xd0, 0xd1, 0xd7, 0x54, 0x51, 0x51, 0x5d, 0x59, 0x5b, 0x5b, 0x5e, 0x5b,
  0x5a, 0x5b, 0x44, 0x41, 0x4d, 0x43, 0x43, 0x4e, 0x49, 0x4f, 0x4d, 0x41,
  0x40, 0x43, 0x4c, 0x4f, 0x40, 0x4c, 0x49, 0x49, 0x4e, 0x43, 0x4d, 0x47,
  0x44, 0x42, 0x42, 0x4d, 0x45, 0x58, 0x58, 0x50, 0x50, 0xd4, 0xd7, 0xd4,
  0xd1, 0xd4, 0xd1, 0xd0, 0xd9, 0xc0, 0xc7, 0xc7, 0xc1, 0xce, 0xc8, 0xcc,
  0xc8, 0xc9, 0xcc, 0xc0, 0xcc, 0xcb, 0xce, 0xcc, 0xce, 0xc9, 0xcc, 0xc6,
  0xc4, 0xdb, 0xd9, 0xd9, 0xd8, 0xc5, 0xdb, 0xd8, 0xdf, 0xdc, 0xdc, 0xd3,
  0xd6, 0xd6, 0xd0, 0xd3, 0xd3, 0xdd, 0xdf, 0xdf, 0xd2, 0xd3, 0xd2, 0xd3,
  0xd0, 0xd0, 0xd2, 0xdf, 0xdc, 0xdc, 0xde, 0xd9, 0xdf, 0xd2, 0xd0, 0xd3,
  0xd6, 0xd7, 0xd4, 0xd7, 0xd1, 0xd5, 0x54, 0x51, 0x5d, 0x5e, 0x5a, 0x45,
  0x45, 0x45, 0x5b, 0x44, 0x47, 0x46, 0x43, 0x42, 0x4f, 0x4c, 0x43, 0x43,
  0x41, 0x40, 0x41, 0x44, 0x41, 0x46, 0x47, 0x5a, 0x59, 0x5b, 0x5e, 0x5d,
  0x50, 0x56, 0x50, 0x57, 0xd4, 0xd4, 0xd7, 0xd4, 0xd0, 0xd2, 0xd0, 0xd3,
  0xd2, 0xdc, 0xdd, 0xd1, 0xd0, 0xd0, 0xd6, 0xd4, 0xd5, 0xd6, 0xd7, 0xd5,
  0x54, 0x57, 0x56, 0x53, 0x52, 0x50, 0x51, 0x51, 0x52, 0x52, 0x52, 0x5c,
  0x5e, 0x5f, 0x50, 0x56, 0x56, 0x51, 0x57, 0x54, 0x56, 0x57, 0xd5, 0xd0,
  0xd2, 0xd3, 0xdc, 0xdc, 0xdc, 0xd2, 0xdd, 0xd9, 0xda, 0xdb, 0xd9, 0xda,
  0xc4, 0xc5, 0xc5, 0xc4, 0xc4, 0xc7, 0xc7, 0xc7, 0xc1, 0xc6, 0xda, 0xd8,
  0xdb, 0xda, 0xd8, 0xde, 0xd2, 0xd3, 0xd0, 0xd1, 0xd6, 0xd5, 0x55, 0x54,
  0x54, 0x55, 0x54, 0x50, 0x5c, 0x5f, 0x5e, 0x5d, 0x50, 0x5d, 0x53, 0x52,
  0x5d, 0x59, 0x59, 0x5c, 0x5d, 0x52, 0x5e, 0x5d, 0x55, 0xd1, 0x54, 0x5b,
  0x40, 0x58, 0x51, 0xd4, 0x53, 0x5c, 0x50, 0xd5, 0xd4, 0x5d, 0x5f, 0x59,
  0x52, 0x57, 0x54, 0xd6, 0xd6, 0x57, 0x52, 0x46, 0x58, 0x59, 0x57, 0x51,
  0x53, 0xd6, 0x54, 0x53, 0x50, 0x51, 0x55, 0x5c, 0x76, 0xc2, 0x57, 0x74,
  0xc5, 0xde, 0x54, 0x53, 0xd7, 0xd1, 0x75, 0x42, 0x53, 0xd9, 0xc4, 0x57,
  0xd2, 0xd4, 0x43, 0x51, 0x74, 0xcf, 0x47, 0x7c, 0x05, 0x01, 0xf0, 0xe8,
  0x90, 0x90, 0xed, 0xcf, 0x17, 0x11, 0x71, 0xe8, 0x85, 0x9f, 0xeb, 0xe9,
  0xfa, 0xfe, 0xe4, 0xe4, 0xf2, 0x42, 0x46, 0xdc, 0xdf, 0xc6, 0xfd, 0xfb,
  0xf4, 0x60, 0x13, 0x05, 0x11, 0xef, 0x96, 0xc2, 0xcd, 0xe9, 0xcc, 0x7b,
  0x65, 0xd8, 0xf5, 0x4b, 0xd8, 0xef, 0xe1, 0xde, 0xff, 0x5f, 0x6e, 0x65,
  0x5c, 0xd6, 0xc9, 0xf9, 0xf4, 0xda, 0x42, 0x7c, 0x5a, 0x55, 0x4f, 0x65,
  0x6d, 0x72, 0x42, 0x7e, 0x17, 0x1a, 0x18, 0x68, 0x58, 0xda, 0xe5, 0xc9,
  0x5d, 0x43, 0xc3, 0xd4, 0x69, 0xd2, 0x96, 0xe2, 0xc9, 0x9d, 0x84, 0xe8,
  0x55, 0xd2, 0xf4, 0x73, 0xc5, 0x92, 0x92, 0xf8, 0xf3, 0xec, 0x4d, 0x11,
  0x16, 0x7b, 0x7f, 0x6c, 0x5a, 0xfd, 0xd2, 0x77, 0x73, 0x7f, 0x69, 0x15,
  0x69, 0x78, 0x49, 0x46, 0xd5, 0xf5, 0xf4, 0xc7, 0xc1, 0xd9, 0xfb, 0xe7,
  0xf5, 0xfa, 0xe0, 0xe5, 0xdd, 0xda, 0xf1, 0xc4, 0xd3, 0xc0, 0xcc, 0x52,
  0x44, 0xd4, 0xdd, 0x40, 0x4e, 0xd5, 0xd4, 0xdd, 0xd2, 0xd3, 0x5e, 0x4f,
  0x53, 0x5c, 0xd2, 0xca, 0xc8, 0xd8, 0xcd, 0xf5, 0xd3, 0x46, 0x4b, 0x40,
  0x74, 0x71, 0xde, 0xfa, 0xf7, 0x5a, 0xc1, 0xfb, 0xf1, 0xd9, 0xf3, 0xe0,
  0xe5, 0xf7, 0xf7, 0xf9, 0xfb, 0xfa, 0xf9, 0xd2, 0x52, 0xcf, 0xf6, 0xf7,
  0xfa, 0xe0, 0xe7, 0xc8, 0xda, 0xf8, 0xfd, 0x59, 0x64, 0x79, 0x58, 0x74,
  0x73, 0x58, 0x6d, 0x01, 0x09, 0x03, 0x06, 0x0f, 0x0a, 0x0d, 0x05, 0x05,
  0x07, 0x16, 0x54, 0x65, 0x19, 0x16, 0x94, 0x87, 0x98, 0x99, 0x82, 0x8b,
  0x8f, 0x80, 0x8c, 0x88, 0x86, 0xef, 0xec, 0x99, 0x9d, 0xc9, 0x70, 0x57,
  0x59, 0x17, 0x05, 0x19, 0x1e, 0x00, 0x0e, 0x03, 0x12, 0x6a, 0x12, 0x14,
  0xc9, 0xea, 0xe2, 0xe7, 0x91, 0x98, 0x93, 0xe9, 0x96, 0x9b, 0x9b, 0x97,
  0xed, 0xe9, 0xe9, 0xff, 0x4d, 0x7c, 0x76, 0x7d, 0x66, 0x7b, 0x5d, 0x5a,
  0x62, 0x15, 0x6f, 0x6d, 0x6a, 0x6e, 0x65, 0x71, 0x76, 0x5d, 0xfb, 0xec,
  0xe1, 0xf8, 0xfb, 0xe7, 0xe6, 0xe4, 0xe7, 0xed, 0xee, 0xec, 0xe0, 0xe1,
  0xed, 0xe2, 0xe7, 0xfd, 0xf3, 0xf6, 0xc9, 0xf2, 0xe7, 0xe3, 0xe8, 0x95,
  0xee, 0xe3, 0xe9, 0x94, 0xee, 0xe6, 0xec, 0xe9, 0xf8, 0xd0, 0xd3, 0xd8,
  0x70, 0x16, 0x04, 0x0d, 0x35, 0x33, 0x3f, 0x3c, 0x30, 0x31, 0x31, 0x0a,
  0x19, 0x71, 0x45, 0xf9, 0x9f, 0x84, 0x9f, 0x9d, 0x82, 0xb7, 0xb7, 0xb4,
  0xb4, 0xb1, 0xb1, 0x88, 0x86, 0x98, 0xee, 0x6e, 0x01, 0x03, 0x01, 0x03,
  0x0f, 0x0d, 0x04, 0x1b, 0x06, 0x00, 0x1b, 0x13, 0x13, 0x14, 0x54, 0x90,
  0x84, 0x80, 0x8e, 0xb4, 0xb4, 0x8b, 0x8f, 0x8d, 0x86, 0x97, 0xff, 0xcc,
  0x5e, 0x70, 0x62, 0x15, 0x10, 0x1b, 0x06, 0x01, 0x00, 0x02, 0x0d, 0x00,
  0x1b, 0x10, 0x6d, 0x46, 0xe1, 0x91, 0x96, 0x92, 0x9a, 0x84, 0x9a, 0x9f,
  0x99, 0x85, 0x98, 0x94, 0xed, 0xe2, 0xf9, 0x72, 0x14, 0x1d, 0x19, 0x1a,
  0x07, 0x04, 0x1e, 0x10, 0x14, 0x62, 0x4d, 0xf3, 0xea, 0x96, 0x97, 0x94,
  0x94, 0x94, 0x94, 0xe8, 0xe8, 0x94, 0x91, 0x91, 0x97, 0x94, 0xeb, 0xee,
  0xe3, 0xf9, 0xfd, 0xfa, 0xfa, 0xc9, 0xca, 0xe3, 0xe3, 0xfa, 0xfd, 0xcd,
  0xc3, 0xd2, 0x4c, 0x59, 0x5e, 0x75, 0x78, 0x6b, 0x11, 0x18, 0x03, 0x0a,
  0x30, 0x3f, 0x3c, 0x33, 0x31, 0x37, 0x0e, 0x13, 0xd6, 0xef, 0x99, 0x82,
  0x8e, 0x83, 0x85, 0x86, 0x8e, 0x89, 0x82, 0x8d, 0x88, 0x88, 0x8d, 0x81,
  0x84, 0x95, 0x15, 0x03, 0x0f, 0x0f, 0x0a, 0x34, 0x0b, 0x00, 0x05, 0x19,
  0x66, 0xe9, 0x9c, 0x90, 0x96, 0x9c, 0x9b, 0x85, 0x98, 0x9a, 0x80, 0x80,
  0x87, 0x87, 0x81, 0x86, 0x9e, 0xe7, 0x77, 0x6f, 0x1c, 0x00, 0x03, 0x01,
  0x03, 0x01, 0x07, 0x1e, 0x6c, 0x6f, 0x64, 0xfc, 0xf2, 0xd5, 0xf0, 0x95,
  0x92, 0x93, 0x9f, 0x85, 0x84, 0x9a, 0x96, 0xea, 0x97, 0xe2, 0xd2, 0x73,
  0x61, 0x6b, 0x17, 0x10, 0x12, 0x12, 0x12, 0x13, 0x10, 0x17, 0x6f, 0x65,
  0x5f, 0xc6, 0xc1, 0xe5, 0xe8, 0x94, 0x94, 0xea, 0x94, 0x94, 0xee, 0xe0,
  0xe3, 0xe7, 0xf4, 0xdf, 0x52, 0xd1, 0xcf, 0xc0, 0xcc, 0xc8, 0xf4, 0xe7,
  0xe1, 0xf2, 0xf2, 0xe0, 0xef, 0xfa, 0xff, 0xec, 0xeb, 0xef, 0xed, 0xe8,
  0xed, 0xfe, 0xfc, 0xf4, 0xc9, 0xc2, 0x72, 0x6c, 0x6c, 0x68, 0x11, 0x1b,
  0x06, 0x02, 0x0a, 0x31, 0x3d, 0x32, 0x34, 0x0a, 0x37, 0x09, 0x69, 0xe8,
  0x92, 0x84, 0x8e, 0xb7, 0xb4, 0x8d, 0x83, 0xb5, 0xb4, 0x83, 0x99, 0x98,
  0x87, 0x84, 0x91, 0xe3, 0xef, 0xd5, 0x12, 0x07, 0x03, 0x0c, 0x09, 0x0a,
  0x0b, 0x0d, 0x07, 0x11, 0xcf, 0x96, 0x99, 0x86, 0x8c, 0x8c, 0x81, 0x81,
  0x80, 0x87, 0x9f, 0x95, 0xe9, 0x95, 0xe8, 0xfe, 0x47, 0x4a, 0x7f, 0x14,
  0x18, 0x04, 0x05, 0x07, 0x0d, 0x0c, 0x07, 0x1e, 0x13, 0x62, 0xd7, 0xe1,
  0x96, 0x9c, 0x9a, 0x86, 0x84, 0x92, 0x92, 0x99, 0x90, 0x94, 0x96, 0xe0,
  0xc8, 0xd0, 0x72, 0x60, 0x6e, 0x17, 0x1e, 0x04, 0x05, 0x1b, 0x18, 0x1d,
  0x11, 0x6c, 0x4c, 0xd1, 0xe4, 0x94, 0x94, 0xeb, 0xee, 0xed, 0xe0, 0xe3,
  0xe6, 0xfa, 0xfb, 0xf9, 0xfc, 0xf7, 0xc2, 0xcb, 0xd6, 0x41, 0x4c, 0x7d,
  0x49, 0xda, 0xf5, 0xf6, 0xf3, 0xe5, 0xe6, 0xe3, 0xef, 0xe7, 0xe4, 0xec,
  0xe1, 0xe4, 0xef, 0xea, 0xee, 0xef, 0x94, 0xe8, 0xe7, 0xed, 0xe9, 0xfa,
  0xf7, 0xc3, 0x41, 0x73, 0x71, 0x66, 0x13, 0x05, 0x06, 0x0c, 0x35, 0x30,
  0x3c, 0x32, 0x36, 0x36, 0x31, 0x08, 0x14, 0xc5, 0xe5, 0x9a, 0x89, 0xb4,
  0xb4, 0x89, 0x89, 0xb7, 0xb4, 0x83, 0x87, 0x86, 0x84, 0x99, 0x93, 0x94,
  0xef, 0x5d, 0x16, 0x1d, 0x1e, 0x01, 0x0c, 0x0f, 0x09, 0x08, 0x0d, 0x07,
  0x17, 0x73, 0xc6, 0x90, 0x80, 0x8d, 0x8d, 0x8e, 0x88, 0x8e, 0x80, 0x85,
  0x85, 0x9e, 0xec, 0xd0, 0x59, 0x50, 0x7c, 0x6f, 0x15, 0x17, 0x10, 0x05,
  0x01, 0x06, 0x07, 0x01, 0x06, 0x05, 0x1e, 0x16, 0x76, 0xf8, 0x97, 0x9e,
  0x98, 0x9a, 0x86, 0x86, 0x84, 0x98, 0x96, 0xe3, 0xf1, 0xdb, 0xd4, 0x75,
  0x78, 0x64, 0x6f, 0x11, 0x1d, 0x12, 0x1d, 0x19, 0x1a, 0x1a, 0x19, 0x10,
  0x69, 0x7c, 0xc2, 0xe7, 0xea, 0x90, 0x9d, 0x9e, 0x99, 0x9d, 0x96, 0xea,
  0xe3, 0xe5, 0xf6, 0x5e, 0x73, 0x76, 0x4b, 0x75, 0x42, 0xd5, 0xdc, 0xd2,
  0xca, 0xfd, 0xfb, 0xe0, 0xe3, 0xe6, 0xe6, 0xe3, 0xec, 0xee, 0xe8, 0x94,
  0x94, 0xee, 0xef, 0xea, 0x94, 0x95, 0xe8, 0xe2, 0xe1, 0xe0, 0xe4, 0xfb,
  0xfd, 0x57, 0x70, 0x7c, 0x60, 0x14, 0x13, 0x18, 0x07, 0x02, 0x0a, 0x31,
  0x33, 0x36, 0x34, 0x36, 0x31, 0x0b, 0x18, 0x64, 0xcd, 0x93, 0x83, 0x88,
  0x8b, 0x88, 0xb5, 0xb7, 0xb5, 0x8d, 0x87, 0x85, 0x98, 0x92, 0x95, 0xe3,
  0xfd, 0x4f, 0x67, 0x60, 0x15, 0x1e, 0x07, 0x00, 0x02, 0x0c, 0x0c, 0x00,
  0x05, 0x1f, 0x17, 0x5a, 0x95, 0x98, 0x87, 0x83, 0x8c, 0x8f, 0x82, 0x80,
  0x80, 0x86, 0x92, 0xe2, 0xe5, 0xff, 0xd1, 0x7c, 0x61, 0x66, 0x62, 0x15,
  0x16, 0x14, 0x11, 0x1e, 0x1a, 0x1a, 0x1b, 0x1e, 0x13, 0x14, 0x67, 0x4d,
  0xc7, 0xef, 0x93, 0x92, 0x9c, 0x98, 0x9b, 0x9f, 0x96, 0xe9, 0xed, 0xe4,
  0xd9, 0x74, 0x78, 0x67, 0x60, 0x69, 0x11, 0x1c, 0x1d, 0x13, 0x12, 0x19,
  0x1e, 0x13, 0x14, 0x6d, 0x7e, 0x51, 0xf1, 0xe6, 0xe9, 0x97, 0x91, 0x91,
  0x90, 0x96, 0xef, 0xe5, 0xe4, 0xe7, 0xfc, 0xdb, 0xde, 0xf4, 0xfd, 0xfe,
  0xe4, 0xe1, 0xe0, 0xed, 0xec, 0xed, 0xe3, 0xe6, 0xe6, 0xe7, 0xfd, 0xf1,
  0xf0, 0xf4, 0xf4, 0xf0, 0xf0, 0xf1, 0xfc, 0xe4, 0xe0, 0xe0, 0xe6, 0xe6,
  0xe2, 0xec, 0xe1, 0xf6, 0x51, 0x4b, 0x64, 0x14, 0x1c, 0x1a, 0x00, 0x0a,
  0x36, 0x30, 0x36, 0x36, 0x31, 0x31, 0x35, 0x00, 0x11, 0x7d, 0xed, 0x85,
  0x82, 0x8f, 0x89, 0xb5, 0xb4, 0x8a, 0x8f, 0x8d, 0x80, 0x84, 0x9a, 0x9a,
  0x99, 0x94, 0xff, 0xf5, 0xf4, 0x4d, 0x15, 0x19, 0x07, 0x03, 0x0c, 0x0f,
  0x0c, 0x03, 0x06, 0x1a, 0x17, 0x41, 0xe6, 0x93, 0x84, 0x80, 0x80, 0x80,
  0x83, 0x8d, 0x80, 0x85, 0x9f, 0x92, 0x91, 0xea, 0xe2, 0xe7, 0xf0, 0xd5,
  0x4b, 0x72, 0x61, 0x14, 0x1d, 0x18, 0x07, 0x00, 0x00, 0x06, 0x04, 0x1a,
  0x19, 0x16, 0x7d, 0xf4, 0xed, 0x97, 0x93, 0x9c, 0x9e, 0x9f, 0x9d, 0x93,
  0x94, 0xed, 0xe5, 0xfd, 0xf6, 0xf6, 0xce, 0x5e, 0x7f, 0x60, 0x69, 0x6a,
  0x17, 0x12, 0x1e, 0x18, 0x19, 0x1d, 0x17, 0x6d, 0x79, 0x4f, 0xc7, 0xe0,
  0x95, 0x96, 0x91, 0x97, 0x95, 0xe9, 0xec, 0xe2, 0xe0, 0xe1, 0xe7, 0xe5,
  0xe5, 0xe6, 0xec, 0xef, 0xe1, 0xe5, 0xf9, 0xfd, 0xfc, 0xff, 0xf6, 0xc8,
  0xcf, 0xc8, 0xf1, 0xfc, 0xf9, 0xfa, 0xe5, 0xfa, 0xe5, 0xe1, 0xe3, 0xe3,
  0xe0, 0xe1, 0xe5, 0xf9, 0xff, 0xf1, 0xde, 0x49, 0x64, 0x6e, 0x17, 0x12,
  0x05, 0x0c, 0x34, 0x36, 0x36, 0x37, 0x36, 0x36, 0x34, 0x09, 0x07, 0x14,
  0xd7, 0xee, 0x9e, 0x87, 0x80, 0x82, 0x8e, 0x8e, 0x8c, 0x83, 0x80, 0x81,
  0x87, 0x87, 0x81, 0x87, 0x9e, 0x91, 0xea, 0xe1, 0xcd, 0x65, 0x13, 0x07,
  0x03, 0x02, 0x02, 0x02, 0x01, 0x04, 0x1f, 0x15, 0x77, 0xfd, 0xea, 0x92,
  0x9e, 0x9e, 0x92, 0x9d, 0x9e, 0x99, 0x9e, 0x9f, 0x9d, 0x9d, 0x9f, 0x98,
  0x9b, 0x9f, 0x94, 0xe4, 0xd3, 0x79, 0x69, 0x13, 0x05, 0x01, 0x01, 0x01,
  0x06, 0x05, 0x1d, 0x16, 0x6a, 0x63, 0x73, 0xd4, 0xc9, 0xf1, 0xfc, 0xf0,
  0xf5, 0xff, 0xe2, 0x95, 0x96, 0x91, 0x90, 0x93, 0x93, 0x90, 0x96, 0xec,
  0xce, 0x70, 0x6c, 0x11, 0x1d, 0x1c, 0x1f, 0x18, 0x1f, 0x10, 0x14, 0x6d,
  0x72, 0x59, 0x5e, 0x45, 0x56, 0xd8, 0xf7, 0xf8, 0xe5, 0xfb, 0xe7, 0xe9,
  0x96, 0x90, 0x90, 0x93, 0x90, 0x94, 0xeb, 0xe8, 0xed, 0xe7, 0xff, 0xcb,
  0xc3, 0xf5, 0xf2, 0xf6, 0xc2, 0xc7, 0xc5, 0xd1, 0x5d, 0x5d, 0x54, 0x52,
  0x5a, 0x57, 0xdb, 0xcf, 0xfe, 0xe0, 0xec, 0xed, 0xed, 0xec, 0xe7, 0xc2,
  0xd6, 0x40, 0x63, 0x17, 0x10, 0x1e, 0x07, 0x0c, 0x0a, 0x35, 0x35, 0x35,
  0x0a, 0x09, 0x0f, 0x02, 0x05, 0x6e, 0xd1, 0xf7, 0xe4, 0x92, 0x85, 0x98,
  0x84, 0x83, 0x82, 0x83, 0x82, 0x8c, 0x8c, 0x82, 0x83, 0x8d, 0x83, 0x9b,
  0x94, 0xe6, 0xf5, 0x7d, 0x17, 0x1d, 0x1e, 0x04, 0x06, 0x04, 0x1a, 0x18,
  0x1e, 0x13, 0x15, 0x68, 0x6b, 0x60, 0x70, 0x5b, 0xda, 0xf2, 0xe2, 0x97,
  0x9d, 0x9b, 0x84, 0x86, 0x86, 0x87, 0x85, 0x98, 0x92, 0x95, 0xe4, 0xcd,
  0x47, 0x7a, 0x6d, 0x6e, 0x68, 0x15, 0x14, 0x14, 0x17, 0x10, 0x1d, 0x1f,
  0x1f, 0x1e, 0x1f, 0x12, 0x17, 0x62, 0x7c, 0x53, 0xf2, 0xe2, 0xea, 0x94,
  0x97, 0x96, 0x95, 0xe2, 0xe1, 0xe6, 0xf2, 0xc5, 0xc4, 0xf5, 0xdb, 0x5a,
  0x53, 0xdd, 0x4f, 0x79, 0x7c, 0x7a, 0x62, 0x6e, 0x6c, 0x66, 0x67, 0x64,
  0x4e, 0xdd, 0xc6, 0xf3, 0xe0, 0xed, 0xe3, 0xe3, 0xe3, 0xe1, 0xe6, 0xe0,
  0xec, 0xed, 0xe3, 0xe2, 0xec, 0xec, 0xe3, 0xe1, 0xe6, 0xfb, 0xf4, 0xc6,
  0xd8, 0x56, 0x43, 0x43, 0x47, 0x5a, 0x52, 0x55, 0xd8, 0xc7, 0xc2, 0xf5,
  0xf4, 0xf5, 0xcf, 0xd8, 0xc5, 0xc1, 0xd2, 0x58, 0x42, 0x46, 0x48, 0x7c,
  0x65, 0x66, 0x63, 0x6d, 0x68, 0x13, 0x04, 0x03, 0x0d, 0x0c, 0x0e, 0x0c,
  0x01, 0x04, 0x1b, 0x10, 0x63, 0x70, 0x5e, 0xfe, 0xec, 0xee, 0xeb, 0x97,
  0x97, 0x97, 0x9d, 0x85, 0x81, 0x80, 0x83, 0x83, 0x80, 0x87, 0x9b, 0x9c,
  0x97, 0xe1, 0xdf, 0x74, 0x7b, 0x63, 0x6c, 0x6c, 0x6d, 0x60, 0x65, 0x79,
  0x61, 0x68, 0x17, 0x11, 0x13, 0x10, 0x14, 0x6c, 0x65, 0x43, 0xce, 0xe4,
  0xef, 0x95, 0x97, 0x94, 0x95, 0xea, 0xed, 0xe6, 0xe7, 0xe7, 0xe3, 0xee,
  0xe9, 0xef, 0xe3, 0xe4, 0xf4, 0x54, 0x4b, 0x65, 0x69, 0x15, 0x6a, 0x6a,
  0x6a, 0x68, 0x6e, 0x6c, 0x60, 0x65, 0x7b, 0x67, 0x60, 0x6d, 0x6f, 0x6f,
  0x60, 0x7b, 0x71, 0x45, 0xc6, 0xe5, 0xe3, 0xee, 0xe8, 0xe8, 0xef, 0xe3,
  0xe4, 0xff, 0xfd, 0xff, 0xfb, 0xfa, 0xe5, 0xe7, 0xe6, 0xe6, 0xfa, 0xfc,
  0xf0, 0xce, 0xda, 0xde, 0xd3, 0xd5, 0xd3, 0xde, 0xd0, 0xc0, 0xcf, 0xc3,
  0xcb, 0xf2, 0xcd, 0xc6, 0xdf, 0xd0, 0xd9, 0xde, 0xdc, 0x5f, 0x73, 0x60,
  0x7e, 0x61, 0x14, 0x63, 0x58, 0x6d, 0x6a, 0x4c, 0x72, 0x6a, 0x78, 0x53,
  0x71, 0x4a, 0x51, 0x78, 0x7b, 0xde, 0x58, 0x72, 0x47, 0x4c, 0x7e, 0x42,
  0x4e, 0x75, 0xd9, 0xdc, 0x42, 0xc6, 0xf5, 0x45, 0x44, 0xc4, 0x45, 0x71,
  0x57, 0x57, 0x5a, 0xc1, 0xf5, 0xc0, 0xf2, 0xf2, 0xd2, 0xd9, 0xc6, 0x41,
  0x4b, 0x52, 0x44, 0x4a, 0x53, 0xd4, 0x58, 0xdf, 0xf4, 0xc3, 0xc3, 0xc8,
  0xc4, 0xdc, 0xd8, 0xd4, 0x50, 0x50, 0x5e, 0x5f, 0xd6, 0xd6, 0xd7, 0xda,
  0xcc, 0xc1, 0xce, 0xca, 0xc3, 0xcd, 0xcf, 0xc5, 0xc5, 0xcc, 0xc5, 0xc6,
  0xf7, 0xf6, 0xf4, 0xfd, 0xff, 0xf0, 0xf3, 0xf0, 0xc9, 0xc3, 0xc4, 0xd3,
  0xd3, 0xdf, 0xd4, 0x52, 0x57, 0xd5, 0x55, 0xd6, 0xd2, 0xd4, 0x55, 0x50,
  0x5e, 0x5c, 0x5a, 0x42, 0x4c, 0x4d, 0x48, 0x4f, 0x41, 0x41, 0x47, 0x59,
  0x52, 0x5c, 0x51, 0xd4, 0x56, 0x50, 0x51, 0x52, 0x52, 0x52, 0x53, 0x57,
  0xd1, 0xd3, 0xdd, 0xd9, 0xda, 0xdb, 0xde, 0xd8, 0xde, 0xd6, 0xd1, 0xd7,
  0x57, 0x50, 0x51, 0x57, 0x57, 0xd7, 0xdd, 0xd7, 0xd5, 0xd2, 0xd2, 0x52,
  0x53, 0x52, 0x58, 0x45, 0x5a, 0x45, 0x44, 0x5f, 0x5f, 0x58, 0x52, 0x56,
  0x52, 0x50, 0xd4, 0xd5, 0x55, 0xd4, 0xd4, 0x55, 0x55, 0xd6, 0xd1, 0xd0,
  0xd3, 0xd3, 0xd3, 0xd0, 0xd5, 0x50, 0x51, 0x52, 0x5d, 0x5f, 0x58, 0x45,
  0x5a, 0x5d, 0x52, 0x53, 0x54, 0xd4, 0x55, 0x56, 0x54, 0x54, 0x57, 0x56,
  0x56, 0x51, 0x53, 0x51, 0x56, 0x54, 0xd4, 0xd1, 0xd3, 0xd6, 0xd1, 0xd3,
  0xd3, 0xd2, 0xd2, 0xd2, 0xdd, 0xdc, 0xd3, 0xd0, 0xd0, 0xd0, 0xd7, 0x54,
  0x57, 0x56, 0x50, 0x53, 0x53, 0x50, 0x51, 0x52, 0x52, 0x50, 0x53, 0x53,
  0x51, 0x50, 0x50, 0x57, 0x54, 0x54, 0x55, 0xd4, 0xd5, 0x55, 0x55, 0x56,
  0x51, 0x54, 0x57, 0x51, 0x56, 0x56, 0x57, 0x54, 0xd5, 0xd6, 0xd6, 0xd7,
  0xd7, 0xd4, 0xd5, 0x57, 0x56, 0x53, 0x53, 0x53, 0x53, 0x52, 0x52, 0x51,
  0x50, 0x53, 0x53, 0x50, 0x50, 0x53, 0x56, 0x54, 0x55, 0xd5, 0xd7, 0xd1,
  0xd0, 0xdf, 0xd8, 0xd9, 0xd8, 0xdb, 0xd8, 0xd9, 0xd9, 0xd9, 0xdf, 0xde,
  0xdc, 0xdd, 0xd2, 0xd2, 0xd3, 0xd3, 0xd3, 0xd3, 0xd3, 0xd1, 0xd6, 0xd4,
  0x54, 0x57, 0x51, 0x52, 0x5d, 0x5d, 0x5f, 0x58, 0x59, 0x59, 0x5e, 0x5f,
  0x5c, 0x52, 0x53, 0x53, 0x50, 0x56, 0x54, 0xd4, 0xd4, 0xd6, 0xd1, 0xd0,
  0xd2, 0xdd, 0xdd, 0xd2, 0xd2, 0xd0, 0xd6, 0xd7, 0xd5, 0x54, 0x51, 0x53,
  0x52, 0x5d, 0x52, 0x53, 0x50, 0x51, 0x51, 0x56, 0x54, 0x55, 0xd5, 0xd5,
  0xd5, 0xd5, 0xd5, 0xd5, 0xd5, 0xd4, 0xd4, 0xd5, 0xd5, 0xd7, 0xd7, 0xd6,
  0xd6, 0xd6, 0xd7, 0xd7, 0xd5, 0xd5, 0xd5, 0xd4, 0xd5, 0x55, 0x55, 0xd5,
  0xd4, 0xd7, 0xd7, 0xd7, 0xd7, 0xd4, 0xd5, 0x55, 0x57, 0x56, 0x51, 0x51,
  0x56, 0x56, 0x57, 0x57, 0x54, 0x54, 0x54, 0x54, 0x55, 0x54, 0x57, 0x57,
  0x57, 0x56, 0x57, 0x57, 0x57, 0x57, 0x57, 0x54, 0x55, 0xd5, 0xd4, 0xd4,
  0xd4, 0xd4, 0xd4, 0xd4, 0xd5, 0xd5, 0xd5, 0xd5, 0xd5, 0xd5, 0xd5, 0xd5,
  0xd5, 0xd5, 0x54, 0x57, 0x56, 0x51, 0x50, 0x50, 0x50, 0x50, 0x51, 0x51,
  0x56, 0x57, 0x57, 0x55, 0xd4, 0xd7, 0xd7, 0xd6, 0xd6, 0xd6, 0xd1, 0xd0,
  0xd0, 0xd3, 0xd3, 0xd0, 0xd0, 0xd1, 0xd1, 0xd1, 0xd1, 0xd6, 0xd7, 0xd4,
  0xd5, 0x55, 0x54, 0x57, 0x51, 0x50, 0x53, 0x53, 0x53, 0x53, 0x53, 0x50,
  0x51, 0x56, 0x57, 0x57, 0x54, 0x54, 0x55, 0xd5, 0xd5, 0xd5, 0xd5, 0xd5,
  0xd7, 0xd1, 0xd6, 0xd1, 0xd0, 0xd0, 0xd0, 0xd1, 0xd7, 0xd7, 0xd4, 0x55,
  0x55, 0xd5, 0x54, 0x54, 0x55, 0xd4, 0xd7, 0xd7, 0xd6, 0xd1, 0xd1, 0xd6,
  0xd1, 0xd6, 0xd6, 0xd4, 0xd4, 0xd5, 0xd5, 0x57, 0x56, 0x57, 0x57, 0x57,
  0x54, 0x55, 0xd5, 0xd4, 0x55, 0xd5, 0xd5, 0xd5, 0xd4, 0x55, 0x57, 0x57,
  0x57, 0x56, 0x57, 0x54, 0x54, 0xd5, 0x55, 0x55, 0xd4, 0x55, 0x55, 0xd5,
  0x57, 0x53, 0x51, 0x50, 0x51, 0x53, 0x50, 0x54, 0x54, 0x57, 0x57, 0x54,
  0xd4, 0xd7, 0x54, 0x54, 0x55, 0x57, 0xd5, 0xd7, 0x56, 0x56, 0xd4, 0xd5,
  0xd5, 0xd7, 0x55, 0x55, 0xd5, 0x57, 0xd4, 0xd7, 0xd5, 0xd7, 0xd7, 0xd4,
  0xd6, 0xd4, 0xd7, 0xd4, 0x55, 0xd7, 0xd7, 0xd7, 0x50, 0x56, 0x55, 0x54,
  0x54, 0x54, 0x55, 0xd4, 0xd0, 0xd6, 0xd7, 0xd5, 0x57, 0x57, 0x51, 0x56,
  0x51, 0x56, 0x56, 0x54, 0xd7, 0xd3, 0xdd, 0xdc, 0xd2, 0xd0, 0xd5, 0x51,
  0x52, 0x5f, 0x5e, 0x59, 0x5f, 0x53, 0x57, 0xd7, 0xd1, 0xd1, 0xd4, 0x54,
  0x52, 0x59, 0x45, 0x5b, 0x5f, 0x52, 0x51, 0x54, 0x55, 0xd4, 0x54, 0x57,
  0xdd, 0xd9, 0xd5, 0x5f, 0x44, 0x49, 0x70, 0x67, 0x62, 0x66, 0x7e, 0x73,
  0x5c, 0xfb, 0x94, 0x92, 0x9d, 0x96, 0x95, 0xe2, 0xd2, 0x67, 0x68, 0x15,
  0x6b, 0x6f, 0x61, 0x59, 0xe4, 0xec, 0xee, 0xe9, 0xe0, 0xfd, 0xd3, 0x7f,
  0x62, 0x6f, 0x6b, 0x6c, 0x72, 0x5f, 0xcb, 0xe4, 0xe6, 0xfa, 0xff, 0xc3,
  0x52, 0x5a, 0x73, 0x79, 0x7e, 0x7a, 0x72, 0x44, 0xdb, 0xc1, 0xf3, 0xe7,
  0xf1, 0xcd, 0xf5, 0x5d, 0x75, 0x74, 0x72, 0x76, 0x7c, 0x46, 0xca, 0xcb,
  0xc5, 0xd2, 0xcb, 0xce, 0xd1, 0x42, 0x58, 0x51, 0x7f, 0x4b, 0x54, 0x41,
  0x5a, 0x47, 0x58, 0xdd, 0xda, 0xce, 0xc9, 0xd0, 0xdf, 0xda, 0x51, 0x4d,
  0x4a, 0x4c, 0x50, 0x5e, 0x58, 0xf2, 0xca, 0xd1, 0xf5, 0xc9, 0xc7, 0x59,
  0x75, 0x46, 0xd2, 0x54, 0xdd, 0xcd, 0x55, 0xc1, 0x58, 0xd4, 0xf7, 0x49,
  0xdd, 0xcc, 0x47, 0x51, 0xdd, 0x4b, 0x7f, 0x54, 0x59, 0xfd, 0xe6, 0x77,
  0xd2, 0xc7, 0x73, 0xd0, 0x5b, 0x5c, 0xd0, 0x61, 0x48, 0xe7, 0xc2, 0xe7,
  0xeb, 0x42, 0x5b, 0xd9, 0x64, 0xdd, 0x5a, 0x61, 0xe0, 0xfb, 0x5f, 0xdc,
  0xf6, 0xfc, 0xf9, 0xe4, 0x6d, 0x17, 0x60, 0x61, 0x4d, 0x4f, 0x7d, 0xe1,
  0xe8, 0xe4, 0xe3, 0xcd, 0x6f, 0xf6, 0x78, 0x1b, 0x79, 0x78, 0x48, 0x95,
  0xe4, 0xc0, 0xeb, 0xf7, 0x71, 0x7a, 0x67, 0xc5, 0xd1, 0x67, 0x5d, 0x40,
  0x56, 0xce, 0x78, 0xe8, 0x93, 0x45, 0xff, 0xd4, 0x1c, 0xca, 0x77, 0x14,
  0xea, 0x75, 0x6c, 0x9d, 0x5e, 0x66, 0x90, 0x69, 0x61, 0xeb, 0x1c, 0x66,
  0x95, 0x60, 0xff, 0xe4, 0x61, 0xef, 0xee, 0x15, 0x5a, 0xc4, 0x77, 0xe1,
  0x55, 0x71, 0x4d, 0xed, 0xe0, 0x77, 0xdb, 0xcc, 0x64, 0x71, 0xd0, 0x13,
  0x66, 0xdc, 0x7b, 0xfd, 0xd5, 0x7a, 0xee, 0xe6, 0x67, 0xe1, 0xe0, 0xc0,
  0xf0, 0x76, 0x73, 0xe3, 0xfc, 0x78, 0xfd, 0xfa, 0xfc, 0xed, 0xf1, 0x59,
  0xed, 0xc8, 0x4c, 0xee, 0x49, 0x60, 0x58, 0x6f, 0x60, 0x5e, 0x62, 0xf3,
  0xe0, 0x7f, 0xee, 0xfb, 0x10, 0x5d, 0xf5, 0x10, 0x59, 0xf4, 0x7b, 0xf1,
  0x40, 0x67, 0x94, 0x51, 0x16, 0xe0, 0xd8, 0x40, 0xec, 0xde, 0x5e, 0xea,
  0x49, 0x79, 0xe5, 0x45, 0xc2, 0xfa, 0xc9, 0xdc, 0xd9, 0x66, 0x7d, 0xd1,
  0x55, 0xcb, 0x4c, 0xf1, 0xe5, 0x4a, 0x6f, 0xdc, 0xc7, 0x60, 0x65, 0x7f,
  0xc6, 0xfd, 0xf1, 0xc2, 0xe4, 0xc8, 0x73, 0x75, 0x6f, 0x6d, 0x70, 0xc9,
  0x58, 0x7e, 0x45, 0xf4, 0xf6, 0x68, 0x6e, 0x6c, 0x6a, 0x62, 0x17, 0x6a,
  0xfe, 0xe3, 0xc3, 0x96, 0xe3, 0xfd, 0x95, 0xce, 0x74, 0xdf, 0x57, 0xd8,
  0xee, 0xe9, 0x95, 0x99, 0x98, 0x90, 0xef, 0xe6, 0xe7, 0x5e, 0x61, 0xd8,
  0xfd, 0x71, 0x71, 0x4d, 0x7f, 0x5c, 0x47, 0x66, 0x15, 0x60, 0x7c, 0x6e,
  0x7b, 0x64, 0x66, 0xfd, 0xec, 0x72, 0x76, 0xc7, 0x46, 0x71, 0x6d, 0x5a,
  0xc3, 0x76, 0xe6, 0x91, 0xfb, 0xe2, 0xe8, 0x58, 0x72, 0x15, 0x13, 0x72,
  0x73, 0x65, 0xf9, 0xe1, 0xfc, 0xd3, 0x77, 0x62, 0x17, 0x17, 0x69, 0x66,
  0x78, 0x46, 0x56, 0xc0, 0xe5, 0x94, 0xf2, 0x5e, 0xcc, 0x50, 0xd3, 0x6c,
  0x14, 0x66, 0xdf, 0xe5, 0xe2, 0xf1, 0x4b, 0xc2, 0x49, 0x7d, 0x7e, 0x66,
  0x66, 0x42, 0x51, 0x51, 0xe2, 0xe6, 0xfb, 0xed, 0xf8, 0xc5, 0xd5, 0x48,
  0x42, 0x77, 0x6c, 0x63, 0x76, 0x7f, 0x7e, 0xda, 0xc2, 0xc6, 0xe0, 0xfb,
  0x5e, 0xde, 0xd3, 0x56, 0x70, 0x72, 0xf2, 0xef, 0x95, 0x94, 0x91, 0x97,
  0x96, 0xe9, 0xed, 0xee, 0xfb, 0xe4, 0xf7, 0x7d, 0x62, 0x62, 0x7a, 0x74,
  0x50, 0xf6, 0xca, 0xf7, 0xcd, 0x4e, 0x43, 0x78, 0x17, 0x17, 0x63, 0x68,
  0x66, 0x64, 0x73, 0xf7, 0xd9, 0xcb, 0xfb, 0x58, 0x64, 0xd7, 0x45, 0x76,
  0x7e, 0x14, 0x6d, 0x54, 0x56, 0x56, 0xed, 0xe3, 0xe6, 0xc1, 0x70, 0x50,
  0x71, 0x6b, 0x10, 0x6d, 0x42, 0xe5, 0x96, 0x90, 0x9b, 0x9b, 0x97, 0xe8,
  0x51, 0x17, 0x16, 0x13, 0x1e, 0x17, 0x7e, 0x4f, 0xc6, 0xd5, 0x57, 0x5b,
  0x68, 0x10, 0x19, 0x04, 0x06, 0x00, 0x00, 0x18, 0x16, 0x6f, 0x73, 0x44,
  0xec, 0x9d, 0x9e, 0x99, 0x9a, 0x87, 0x81, 0x9b, 0x9c, 0x87, 0x8c, 0x89,
  0x82, 0x8f, 0x89, 0x80, 0x86, 0x9f, 0xe4, 0x51, 0x11, 0x10, 0x63, 0xc6,
  0xce, 0x4e, 0xf7, 0xe7, 0x56, 0x1d, 0x1f, 0x1c, 0x05, 0x05, 0x19, 0x17,
  0x61, 0x54, 0xe7, 0x93, 0xec, 0x58, 0x78, 0x11, 0x1b, 0x03, 0x03, 0x1b,
  0x66, 0xeb, 0x85, 0x99, 0x87, 0x8f, 0x9d, 0x61, 0x1d, 0x06, 0x0e, 0x0f,
  0x03, 0x04, 0x64, 0xe0, 0x9c, 0x85, 0x9b, 0x81, 0x9b, 0xe1, 0xfe, 0xfe,
  0xc3, 0x5e, 0x5b, 0x7e, 0xc8, 0xfb, 0xf7, 0x95, 0xe5, 0xc4, 0xef, 0xd3,
  0x70, 0xff, 0x62, 0x1c, 0x69, 0x15, 0x6c, 0x4d, 0x41, 0xe6, 0xeb, 0xe1,
  0x9f, 0x86, 0x93, 0xe2, 0xdf, 0x6d, 0x69, 0x19, 0x03, 0x19, 0x11, 0x05,
  0x62, 0x73, 0x64, 0xee, 0xf8, 0x10, 0x05, 0x1c, 0x1c, 0x18, 0x17, 0x71,
  0xca, 0xe4, 0x97, 0x98, 0x85, 0x86, 0x9d, 0xe3, 0xf2, 0x65, 0x67, 0xf0,
  0x52, 0x76, 0x91, 0x9a, 0xef, 0xf4, 0xf2, 0xf5, 0xe0, 0x44, 0x6c, 0xf9,
  0x94, 0xf5, 0x64, 0x1d, 0x1a, 0x62, 0xd1, 0xfb, 0xec, 0xe3, 0x9c, 0x81,
  0x85, 0xea, 0xcb, 0x59, 0x60, 0x1c, 0x1e, 0x17, 0x64, 0xfc, 0xeb, 0xde,
  0x63, 0x61, 0x64, 0x6a, 0x04, 0x01, 0x17, 0x6e, 0x1f, 0x16, 0x59, 0xf4,
  0xf9, 0xef, 0xef, 0xe3, 0xed, 0x94, 0x73, 0x1f, 0x68, 0x66, 0x62, 0x63,
  0x69, 0xf7, 0x99, 0x95, 0xf2, 0xe1, 0xf8, 0xe8, 0x90, 0xce, 0x72, 0x70,
  0xd1, 0xc3, 0x6b, 0x1f, 0x4a, 0xe0, 0xdb, 0x5e, 0x7f, 0x66, 0xf4, 0xd7,
  0x1c, 0x12, 0xdc, 0xe9, 0x4d, 0x60, 0xe0, 0x9e, 0x9d, 0x94, 0x94, 0x97,
  0x95, 0xf0, 0x6e, 0x13, 0x66, 0xf3, 0xf1, 0x63, 0xdd, 0x85, 0x9f, 0xfe,
  0xf9, 0xe1, 0x56, 0x7c, 0x60, 0x16, 0x6e, 0x67, 0x17, 0x17, 0x5f, 0x50,
  0x79, 0xdb, 0xfd, 0xeb, 0x92, 0x96, 0xe0, 0xe2, 0xe3, 0x7c, 0x6e, 0x57,
  0x95, 0x92, 0x98, 0x9b, 0x9e, 0x84, 0x87, 0xea, 0x45, 0xd4, 0x6b, 0x07,
  0x04, 0x11, 0x44, 0xe3, 0x95, 0x93, 0x9d, 0x99, 0x9f, 0xe0, 0x7d, 0x69,
  0x11, 0x19, 0x18, 0x10, 0x62, 0x71, 0xd3, 0xc7, 0xe0, 0xfd, 0x63, 0x6a,
  0x11, 0x1e, 0x04, 0x06, 0x07, 0x16, 0x6c, 0x10, 0x7a, 0xf9, 0xf6, 0xc8,
  0x5f, 0x6b, 0x6f, 0xc6, 0x7a, 0x1c, 0x13, 0x14, 0x6e, 0x5c, 0xf3, 0x71,
  0xf6, 0x9d, 0xe9, 0xdd, 0xe5, 0xe6, 0xf9, 0xe1, 0xe9, 0xed, 0xed, 0x91,
  0xef, 0xd4, 0xfb, 0xee, 0x94, 0x90, 0xec, 0xef, 0x9f, 0x90, 0xc6, 0xfd,
  0xf6, 0x41, 0xd5, 0x60, 0x62, 0x5d, 0xc8, 0xc4, 0xf5, 0xf2, 0xe5, 0xf7,
  0x6e, 0x6d, 0x73, 0x7e, 0x64, 0x62, 0x6f, 0x66, 0xd5, 0x57, 0x78, 0x45,
  0xfa, 0x5c, 0x61, 0x61, 0x13, 0x19, 0x14, 0x7c, 0x70, 0xe4, 0x97, 0xe4,
  0xe6, 0xe1, 0xc6, 0xca, 0xe7, 0x72, 0x17, 0x60, 0x64, 0x66, 0x45, 0xf4,
  0xed, 0x92, 0x92, 0x97, 0xea, 0xf9, 0xe6, 0xe6, 0x70, 0x60, 0x66, 0x60,
  0x6c, 0x6f, 0x66, 0xff, 0x92, 0xee, 0xc6, 0xe5, 0xe9, 0xfa, 0x70, 0x1d,
  0x04, 0x1f, 0x17, 0x13, 0x19, 0x6c, 0xe6, 0xe5, 0xc8, 0xe6, 0xef, 0xea,
  0xe8, 0x40, 0x7e, 0xfd, 0xf3, 0x6c, 0x12, 0x6d, 0xf2, 0xe4, 0x74, 0x59,
  0xe6, 0x91, 0x9f, 0xe4, 0xdc, 0x97, 0x96, 0xdc, 0x66, 0x62, 0x66, 0x49,
  0x4a, 0x17, 0x69, 0xff, 0xc4, 0x14, 0x16, 0x69, 0x15, 0x76, 0xd7, 0x68,
  0x67, 0xe1, 0xe1, 0x59, 0xcf, 0xe0, 0xe9, 0x91, 0xe2, 0xdd, 0xfe, 0xec,
  0x55, 0x7b, 0x5a, 0xd2, 0x5f, 0xd5, 0x77, 0xde, 0xea, 0x96, 0x95, 0xf7,
  0xc8, 0xf2, 0xd7, 0x79, 0x63, 0x60, 0x65, 0x66, 0x7b, 0xc0, 0xfb, 0xe6,
  0xf9, 0xcf, 0x5f, 0xdb, 0xd6, 0x7f, 0x50, 0xf7, 0xc2, 0x53, 0x40, 0x45,
  0x74, 0x64, 0x64, 0x69, 0x11, 0x14, 0x6a, 0x62, 0x71, 0x4f, 0xc9, 0xf1,
  0xf3, 0xe1, 0xea, 0xeb, 0xe3, 0xe4, 0x4c, 0x6d, 0x68, 0x15, 0x11, 0x10,
  0x14, 0x7c, 0x55, 0xd0, 0xe2, 0xea, 0x90, 0x99, 0x9f, 0xea, 0xfd, 0xf6,
  0xff, 0xc9, 0x75, 0x70, 0x4a, 0x70, 0x7a, 0x46, 0xf6, 0xe6, 0x95, 0xec,
  0x5f, 0x5d, 0xfe, 0xd0, 0x15, 0x14, 0x67, 0xde, 0xed, 0xef, 0x95, 0x98,
  0x87, 0x9f, 0xe2, 0x59, 0xd6, 0xd4, 0x15, 0x12, 0x6a, 0xc0, 0xe0, 0x50,
  0x58, 0xca, 0xf9, 0xf5, 0x6c, 0x1c, 0x13, 0x11, 0x1c, 0x1a, 0x11, 0xf1,
  0x90, 0x9f, 0x95, 0x9d, 0x87, 0x99, 0xfb, 0x79, 0x6d, 0x17, 0x12, 0x19,
  0x1f, 0x65, 0xef, 0xe6, 0x5b, 0x46, 0xf1, 0xdf, 0x63, 0x11, 0x17, 0x5b,
  0xed, 0xfa, 0xe2, 0x9e, 0x84, 0x9a, 0x9d, 0xec, 0xf9, 0xe4, 0x6d, 0x04,
  0x07, 0x1e, 0x1e, 0x1e, 0x17, 0x59, 0x96, 0x9a, 0x9c, 0xe9, 0x96, 0x90,
  0xe9, 0x78, 0x16, 0x17, 0x6c, 0x15, 0x12, 0x15, 0xfe, 0x98, 0x9f, 0x90,
  0x9c, 0x9e, 0x91, 0x56, 0x12, 0x13, 0x6d, 0x15, 0x1e, 0x06, 0x1d, 0x41,
  0x58, 0x7e, 0xc1, 0x95, 0x96, 0xea, 0x7c, 0x6d, 0xd5, 0xcb, 0x65, 0x13,
  0x10, 0x6c, 0x6b, 0x11, 0x6a, 0x68, 0xd4, 0x7c, 0x12, 0x1f, 0x1d, 0x10,
  0x12, 0x1c, 0x11, 0x65, 0xd9, 0xfb, 0xe2, 0x96, 0x93, 0xe8, 0xdc, 0x7d,
  0x77, 0x53, 0xcc, 0xc5, 0xd9, 0xe4, 0xe2, 0xf3, 0x51, 0xf6, 0xe7, 0xc4,
  0xd6, 0xc5, 0xd7, 0xe6, 0x90, 0x97, 0x9e, 0x80, 0x81, 0x87, 0x86, 0x86,
  0x84, 0x9e, 0x91, 0xe4, 0xf0, 0xef, 0xfd, 0xdf, 0xe9, 0x95, 0xe2, 0xef,
  0xe3, 0xeb, 0x93, 0x92, 0xeb, 0xec, 0x97, 0x97, 0xed, 0xf0, 0xfc, 0xf9,
  0xcb, 0x76, 0x17, 0x15, 0x67, 0x6b, 0x69, 0x65, 0x6d, 0x47, 0xf1, 0x74,
  0x42, 0xf3, 0xfa, 0x56, 0x66, 0x6e, 0x61, 0x65, 0x62, 0x17, 0x14, 0x63,
  0x6c, 0x60, 0x71, 0x4a, 0xf1, 0xe2, 0x44, 0x55, 0xe3, 0xff, 0xf5, 0xde,
  0x71, 0x65, 0x10, 0x1a, 0x00, 0x0c, 0x00, 0x00, 0x03, 0x00, 0x01, 0x05,
  0x18, 0x1a, 0x12, 0x16, 0x17, 0x69, 0x6b, 0x66, 0x54, 0xe7, 0xe1, 0xe3,
  0xeb, 0x95, 0x90, 0x93, 0x95, 0xed, 0xe8, 0xe8, 0xff, 0x5e, 0xd8, 0xf8,
  0xe6, 0xe0, 0xca, 0xff, 0xe8, 0x91, 0x94, 0xeb, 0x96, 0x93, 0x93, 0x94,
  0xea, 0xeb, 0x96, 0xea, 0xf3, 0xcf, 0xf1, 0xc6, 0xca, 0xf4, 0xc6, 0xfe,
  0xe5, 0xf3, 0x54, 0xf1, 0xfe, 0xdc, 0xcf, 0xcb, 0xc1, 0xe5, 0xe6, 0xf5,
  0xf0, 0xe4, 0xe5, 0xe4, 0xe3, 0xe1, 0xe4, 0xfa, 0xfa, 0xf8, 0xf7, 0xfc,
  0xfb, 0xfd, 0xfd, 0xc7, 0x50, 0xd4, 0xc9, 0xc1, 0x50, 0xde, 0xcb, 0xcc,
  0xc1, 0xdb, 0xc6, 0xf7, 0xe5, 0xe1, 0xff, 0xe5, 0xe4, 0xf8, 0xe6, 0xf5,
  0xdb, 0xe5, 0xe0, 0xe4, 0xf5, 0xf7, 0xe2, 0xf6, 0x40, 0x5d, 0x73, 0x5c,
  0xfd, 0x4a, 0x7a, 0x5d, 0x59, 0x47, 0x77, 0x63, 0x6f, 0x6f, 0x68, 0x13,
  0x1d, 0x15, 0x6f, 0x14, 0x1f, 0x0d, 0x34, 0x31, 0x3d, 0x3f, 0x3e, 0x32,
  0x35, 0x03, 0x6a, 0xe3, 0x9e, 0x8e, 0xb7, 0x88, 0x83, 0x80, 0x9e, 0xe1,
  0xd5, 0x76, 0xd9, 0xe1, 0x95, 0x94, 0x95, 0x93, 0x93, 0xe5, 0x77, 0x6a,
  0x1c, 0x1f, 0x18, 0x19, 0x60, 0xea, 0x85, 0x83, 0x89, 0xb4, 0xb4, 0xb5,
  0x8f, 0x84, 0x90, 0xe3, 0xd5, 0x64, 0x66, 0x72, 0x44, 0xd5, 0x4b, 0x65,
  0x61, 0x69, 0x10, 0x1d, 0x1d, 0x16, 0x61, 0x5e, 0xe4, 0x94, 0x98, 0x86,
  0x80, 0x83, 0x86, 0x9c, 0xea, 0xf3, 0x71, 0x62, 0x6a, 0x6a, 0x6a, 0x16,
  0x11, 0x15, 0x6b, 0x16, 0x1d, 0x19, 0x1c, 0x13, 0x1c, 0x1d, 0x69, 0x47,
  0xf7, 0xe4, 0xef, 0xeb, 0x95, 0x97, 0xe3, 0xda, 0xd4, 0x50, 0x49, 0x7d,
  0x72, 0x5c, 0xf1, 0xed, 0x95, 0xed, 0xe7, 0xe6, 0xf2, 0xf6, 0xe4, 0xe0,
  0xea, 0x94, 0xea, 0x90, 0x99, 0x9a, 0x98, 0x9c, 0x9d, 0x93, 0x95, 0xe0,
  0xfa, 0xf8, 0xc0, 0xd1, 0xdd, 0x40, 0x73, 0x67, 0x6e, 0x16, 0x13, 0x1d,
  0x1b, 0x04, 0x1a, 0x1e, 0x12, 0x15, 0x6c, 0x61, 0x6c, 0x1f, 0x0b, 0x32,
  0x32, 0x30, 0x36, 0x37, 0x0f, 0x6a, 0xee, 0x9f, 0x87, 0x8c, 0x8a, 0x89,
  0x99, 0xfe, 0xfa, 0xf5, 0x6d, 0x65, 0x56, 0xd2, 0x94, 0x91, 0xc1, 0xe6,
  0x90, 0xd3, 0x16, 0x19, 0x1b, 0x13, 0x62, 0x65, 0xd8, 0x9f, 0x82, 0x8f,
  0x8e, 0x8e, 0x89, 0x8f, 0x84, 0x94, 0xfc, 0xd6, 0xd6, 0x70, 0x61, 0x50,
  0xfa, 0xfd, 0xd7, 0x72, 0x63, 0x6e, 0x16, 0x19, 0x18, 0x16, 0x65, 0x5c,
  0xfe, 0x96, 0x9a, 0x87, 0x87, 0x85, 0x9c, 0xe9, 0xcf, 0x7e, 0x6a, 0x10,
  0x12, 0x1c, 0x13, 0x17, 0x14, 0x68, 0x60, 0x69, 0x6b, 0x6f, 0x14, 0x11,
  0x15, 0x61, 0x4e, 0xfd, 0xe2, 0xe1, 0xed, 0x97, 0xea, 0xe4, 0xf9, 0xca,
  0xd7, 0x52, 0x52, 0xd2, 0xf2, 0xe6, 0xe5, 0xfa, 0xe2, 0xe6, 0xcd, 0xce,
  0xff, 0xfe, 0xe4, 0xec, 0x95, 0x96, 0x9d, 0x9e, 0x9e, 0x99, 0x9e, 0x91,
  0xe9, 0xef, 0xe2, 0xff, 0xf4, 0xc9, 0xde, 0xd3, 0xc3, 0xf4, 0xd3, 0x4e,
  0x77, 0x61, 0x17, 0x1d, 0x1a, 0x05, 0x1a, 0x1a, 0x19, 0x1d, 0x1f, 0x1c,
  0x1d, 0x07, 0x35, 0x3d, 0x3c, 0x30, 0x37, 0x37, 0x08, 0x61, 0x97, 0x9d,
  0x83, 0x8e, 0x88, 0x8a, 0x84, 0xc9, 0x95, 0x94, 0x6d, 0x64, 0xe1, 0xff,
  0xec, 0x97, 0xf4, 0xed, 0x97, 0x15, 0x06, 0x1b, 0x1b, 0x19, 0x6d, 0x5e,
  0xec, 0x81, 0x88, 0x8b, 0xb5, 0xb4, 0x88, 0x80, 0x9f, 0xe0, 0xf6, 0xc0,
  0x52, 0x4a, 0x7c, 0x54, 0xf1, 0x41, 0x62, 0x62, 0x15, 0x1f, 0x18, 0x1b,
  0x12, 0x79, 0xc9, 0xea, 0x9b, 0x86, 0x86, 0x80, 0x83, 0x84, 0x96, 0xfd,
  0x42, 0x63, 0x15, 0x15, 0x6b, 0x6a, 0x69, 0x6b, 0x17, 0x15, 0x11, 0x19,
  0x1a, 0x05, 0x1a, 0x12, 0x62, 0x52, 0xe7, 0x97, 0x93, 0x92, 0x92, 0x94,
  0xe5, 0x56, 0x7b, 0x6d, 0x6c, 0x60, 0x79, 0x45, 0xdd, 0xd0, 0x55, 0xd2,
  0xc5, 0xd4, 0x48, 0x71, 0x50, 0xf9, 0xe0, 0xee, 0x90, 0x9e, 0x98, 0x9b,
  0x98, 0x98, 0x9c, 0x97, 0xef, 0xf8, 0xfd, 0xe4, 0xf8, 0xc8, 0xfe, 0xec,
  0xe7, 0xf2, 0xfa, 0xf1, 0xc1, 0xf0, 0xc4, 0x54, 0xf1, 0xc6, 0x72, 0x72,
  0x7a, 0x6b, 0x15, 0x15, 0x13, 0x18, 0x1a, 0x04, 0x02, 0x34, 0x3d, 0x3e,
  0x33, 0x0a, 0x37, 0x34, 0x11, 0x96, 0x9d, 0x86, 0x8c, 0x8f, 0xb5, 0x83,
  0xff, 0xe0, 0x9e, 0xfa, 0x76, 0xda, 0xc3, 0xe0, 0x91, 0xce, 0x7b, 0xd7,
  0x68, 0x06, 0x07, 0x07, 0x07, 0x6f, 0xe5, 0xef, 0x9f, 0x8c, 0xb5, 0xb4,
  0x89, 0x80, 0x84, 0x9a, 0x96, 0xd8, 0x49, 0xe1, 0xec, 0x43, 0x64, 0x75,
  0xd5, 0x7b, 0x1f, 0x04, 0x05, 0x1b, 0x1a, 0x1c, 0x62, 0xc5, 0x94, 0x9b,
  0x87, 0x81, 0x80, 0x86, 0x9b, 0x97, 0xc7, 0x71, 0x7f, 0x6d, 0x6a, 0x66,
  0x65, 0x6f, 0x6b, 0x6a, 0x69, 0x6b, 0x1d, 0x1a, 0x19, 0x10, 0x15, 0x65,
  0xc1, 0xe7, 0x94, 0x92, 0x90, 0x94, 0x95, 0xe2, 0xf3, 0xd4, 0x7d, 0x65,
  0x72, 0x71, 0x71, 0x46, 0x57, 0x56, 0x4a, 0x78, 0x7a, 0x73, 0x42, 0x42,
  0x57, 0xfa, 0xea, 0x91, 0x9d, 0x9c, 0x9d, 0x9e, 0x99, 0x93, 0x96, 0x97,
  0xef, 0xe7, 0xe2, 0xe0, 0xe5, 0xe0, 0xfa, 0xde, 0xdd, 0xd7, 0xd0, 0xd4,
  0x4a, 0x47, 0xd2, 0x56, 0xdc, 0xf7, 0x50, 0x72, 0x66, 0x14, 0x11, 0x10,
  0x1d, 0x19, 0x05, 0x06, 0x0e, 0x30, 0x3f, 0x30, 0x0b, 0x34, 0x37, 0x00,
  0x5e, 0x94, 0x9d, 0x9b, 0x82, 0xb5, 0x8d, 0x94, 0xe9, 0x99, 0x9d, 0xf9,
  0x5f, 0xf1, 0x91, 0x91, 0x57, 0x7a, 0x53, 0x61, 0x1b, 0x01, 0x00, 0x05,
  0x14, 0x6d, 0x79, 0xee, 0x80, 0x89, 0x8e, 0x8c, 0x8d, 0x8c, 0x80, 0x9d,
  0xed, 0xe9, 0xea, 0xe4, 0x5c, 0x40, 0xf7, 0xc1, 0x62, 0x1e, 0x05, 0x1e,
  0x1e, 0x06, 0x07, 0x11, 0x44, 0xe4, 0xef, 0x9d, 0x81, 0x8d, 0x80, 0x9b,
  0x96, 0xea, 0xef, 0xd7, 0x6a, 0x15, 0x76, 0x43, 0x60, 0x6f, 0x7d, 0x52,
  0x66, 0x1e, 0x07, 0x1b, 0x1d, 0x1e, 0x19, 0x17, 0x55, 0x95, 0x90, 0x96,
  0x92, 0x9a, 0x9d, 0xec, 0xe5, 0xe5, 0xf7, 0xd6, 0x74, 0x71, 0xd9, 0xfd,
  0xc4, 0x4c, 0x4f, 0x5e, 0x70, 0x62, 0x61, 0x4a, 0x55, 0xd8, 0xf2, 0xe8,
  0x9c, 0x98, 0x98, 0x9e, 0x9f, 0x9e, 0x93, 0xe9, 0xe2, 0xef, 0xec, 0xfa,
  0xf3, 0xf3, 0xf0, 0xca, 0xd5, 0x4a, 0x4b, 0x5f, 0x58, 0x75, 0x7d, 0x49,
  0x50, 0x44, 0x7c, 0x70, 0x70, 0x66, 0x6c, 0x6b, 0x17, 0x16, 0x13, 0x04,
  0x08, 0x30, 0x3d, 0x31, 0x34, 0x36, 0x34, 0x07, 0x52, 0x95, 0x91, 0x9e,
  0x83, 0x89, 0x85, 0xf3, 0xe9, 0x93, 0xe0, 0x54, 0xc6, 0x94, 0x9b, 0x93,
  0xf6, 0xfb, 0xe9, 0x75, 0x18, 0x04, 0x1b, 0x13, 0x10, 0x13, 0x7c, 0x97,
  0x84, 0x86, 0x80, 0x82, 0x82, 0x80, 0x85, 0x91, 0x94, 0x90, 0x96, 0xe0,
  0xff, 0xe3, 0xe9, 0xfe, 0x7c, 0x6f, 0x61, 0x6c, 0x1e, 0x07, 0x18, 0x17,
  0x60, 0x67, 0xd9, 0x91, 0x85, 0x99, 0x90, 0x92, 0x9f, 0x93, 0xf0, 0x7f,
  0x49, 0x5d, 0x76, 0x7b, 0x78, 0x4c, 0xdb, 0x7e, 0x11, 0x12, 0x13, 0x1e,
  0x05, 0x04, 0x18, 0x15, 0x72, 0x45, 0xce, 0xeb, 0x9d, 0x93, 0xe8, 0xe2,
  0xea, 0xef, 0xd9, 0x73, 0x5b, 0xf2, 0xf5, 0x77, 0x46, 0xf5, 0xf1, 0xdc,
  0x4e, 0x5a, 0xdb, 0xd5, 0x73, 0x43, 0xcb, 0xe7, 0xe1, 0xfa, 0x94, 0x9e,
  0x9e, 0x92, 0x92, 0x92, 0x96, 0xe9, 0xe0, 0xf7, 0xda, 0xc5, 0xdb, 0xd1,
  0xc7, 0xfa, 0xf3, 0xc0, 0xd3, 0x4b, 0x4a, 0x74, 0x65, 0x62, 0x62, 0x61,
  0x64, 0x7e, 0x7c, 0x78, 0x7b, 0x68, 0x11, 0x05, 0x35, 0x33, 0x32, 0x31,
  0x31, 0x30, 0x35, 0x1e, 0xd4, 0xe7, 0x97, 0x87, 0x8f, 0x8c, 0x9f, 0xe8,
  0x9c, 0x93, 0xfc, 0x50, 0xf2, 0x92, 0x9e, 0xe8, 0xe8, 0x9e, 0x93, 0x41,
  0x11, 0x12, 0x12, 0x1c, 0x05, 0x1b, 0x6f, 0xf3, 0x91, 0x9f, 0x87, 0x8c,
  0x8f, 0x80, 0x84, 0x98, 0x9c, 0x9d, 0xef, 0xd4, 0xcb, 0xe3, 0xe1, 0xcd,
  0x42, 0x51, 0xc5, 0x64, 0x13, 0x1d, 0x13, 0x1c, 0x19, 0x1c, 0x62, 0xfe,
  0xee, 0xe9, 0x90, 0x85, 0x86, 0x9a, 0x96, 0xec, 0xe6, 0xc9, 0x78, 0x69,
  0x66, 0x78, 0x64, 0x6d, 0x62, 0x71, 0x4a, 0x6d, 0x10, 0x10, 0x16, 0x16,
  0x11, 0x13, 0x6a, 0x5e, 0xfb, 0xe4, 0xec, 0x96, 0x9c, 0x93, 0x95, 0xea,
  0xef, 0xfe, 0x50, 0x7d, 0x70, 0x5b, 0x50, 0xd4, 0xc2, 0xf2, 0xe5, 0xe1,
  0xfa, 0xf4, 0xf6, 0xf6, 0xdc, 0xd8, 0xe4, 0xef, 0xea, 0x97, 0x91, 0x90,
  0x92, 0x92, 0xe8, 0xe7, 0xe6, 0xf9, 0xd2, 0x5c, 0x5a, 0x52, 0xda, 0x5d,
  0x42, 0x42, 0x49, 0x43, 0x7d, 0x66, 0x64, 0x7a, 0x63, 0x69, 0x17, 0x10,
  0x13, 0x1b, 0x0c, 0x34, 0x36, 0x31, 0x36, 0x33, 0x30, 0x08, 0x05, 0x16,
  0x66, 0xe7, 0x9a, 0x83, 0x80, 0x98, 0x87, 0x80, 0x9b, 0x95, 0xe5, 0xe0,
  0x97, 0xe4, 0x50, 0xfd, 0xeb, 0xe2, 0x50, 0x67, 0x78, 0x4d, 0x6c, 0x13,
  0x10, 0x69, 0x4e, 0x58, 0xda, 0x95, 0x9a, 0x81, 0x82, 0x8d, 0x8c, 0x8c,
  0x80, 0x85, 0x9d, 0x90, 0xeb, 0xc2, 0x64, 0x62, 0x67, 0x60, 0x6e, 0x15,
  0x69, 0x63, 0x61, 0x66, 0x63, 0x61, 0x66, 0x63, 0x66, 0x71, 0xcc, 0xe4,
  0xe6, 0xe3, 0x94, 0x90, 0x90, 0x97, 0xec, 0xe6, 0xfc, 0xd5, 0x78, 0x6d,
  0x6e, 0x6a, 0x11, 0x10, 0x16, 0x15, 0x6b, 0x14, 0x68, 0x63, 0x64, 0x64,
  0x66, 0x7b, 0x47, 0xda, 0xc0, 0xf5, 0xe4, 0xee, 0xe8, 0xe8, 0xeb, 0x94,
  0x94, 0x95, 0xe0, 0xfa, 0xe4, 0xf0, 0xca, 0xda, 0xc5, 0xf1, 0xca, 0xf0,
  0xf8, 0xe6, 0xe8, 0xea, 0xea, 0x95, 0x95, 0x95, 0xe9, 0xed, 0xe4, 0xe0,
  0xe3, 0xe5, 0xe7, 0xe1, 0xec, 0xe6, 0xf9, 0xf4, 0xc7, 0xd8, 0x4c, 0x66,
  0x62, 0x6c, 0x68, 0x17, 0x10, 0x1d, 0x1c, 0x19, 0x06, 0x0e, 0x35, 0x37,
  0x37, 0x36, 0x36, 0x34, 0x08, 0x00, 0x04, 0x17, 0x76, 0xee, 0x9e, 0x92,
  0x99, 0x81, 0x80, 0x80, 0x9a, 0x90, 0x91, 0x93, 0x94, 0xe4, 0xf8, 0xe6,
  0xfd, 0xc7, 0xd4, 0xfd, 0xf2, 0xd7, 0x77, 0x67, 0x49, 0x45, 0x7e, 0x63,
  0x65, 0xc5, 0xfe, 0xe7, 0xef, 0xe8, 0x91, 0x9f, 0x9b, 0x98, 0x99, 0x98,
  0x99, 0x9d, 0x91, 0xe8, 0xe6, 0xfc, 0xd2, 0x4e, 0x4e, 0x4c, 0x7c, 0x67,
  0x65, 0x73, 0x4e, 0x47, 0x4e, 0x70, 0x7d, 0x4d, 0x41, 0x74, 0x7e, 0x7c,
  0x5f, 0xcc, 0xf0, 0xf7, 0xf8, 0xfb, 0xe7, 0xe1, 0xf8, 0xf2, 0xcd, 0xcf,
  0xcd, 0x5c, 0x76, 0x7c, 0x7a, 0x64, 0x62, 0x6e, 0x6d, 0x6c, 0x62, 0x61,
  0x7e, 0x43, 0x49, 0x74, 0x45, 0xd0, 0xc2, 0xc0, 0xdc, 0xd4, 0xcd, 0xf4,
  0xf0, 0xca, 0xcd, 0xf9, 0xfb, 0xe4, 0xf8, 0xff, 0xe1, 0xe2, 0xe0, 0xe4,
  0xfb, 0xfa, 0xff, 0xce, 0xc5, 0xc5, 0xd3, 0x57, 0xd1, 0xc7, 0xc3, 0xc9,
  0xf6, 0xf9, 0xf6, 0xc2, 0xcb, 0xcb, 0xf6, 0xc3, 0xd7, 0x53, 0x42, 0x4b,
  0x61, 0x66, 0x65, 0x6e, 0x16, 0x1f, 0x19, 0x10, 0x6f, 0x10, 0x1f, 0x1d,
  0x16, 0x64, 0x6b, 0x11, 0x6f, 0x6a, 0x6a, 0x6c, 0x60, 0x76, 0x60, 0x16,
  0x15, 0x64, 0x70, 0x60, 0x15, 0x61, 0x4b, 0x52, 0xc1, 0xca, 0xf7, 0xfa,
  0xe3, 0x95, 0x91, 0xee, 0xe2, 0xef, 0x95, 0x97, 0xe2, 0xe5, 0xe6, 0xe4,
  0xe5, 0xe4, 0xfa, 0xe7, 0xfa, 0xfa, 0xe9, 0xe8, 0xef, 0xe3, 0xe1, 0xe0,
  0xe0, 0xfa, 0xf6, 0xcb, 0xc8, 0xf3, 0xca, 0xcd, 0xd3, 0xd9, 0xf0, 0xce,
  0xc3, 0xd0, 0x57, 0xcb, 0xfd, 0xe7, 0xfa, 0xf4, 0xc3, 0xf1, 0xfc, 0xcc,
  0x59, 0x74, 0x71, 0x4b, 0x4c, 0x4b, 0x71, 0x7b, 0x70, 0x4f, 0xd3, 0xd4,
  0x4b, 0x4b, 0x5a, 0xdf, 0xdd, 0x5b, 0x4e, 0x75, 0x49, 0x4c, 0x73, 0x79,
  0x65, 0x64, 0x78, 0x74, 0x42, 0x4d, 0x48, 0x42, 0xd1, 0xde, 0xcb, 0xca,
  0xf7, 0xe5, 0xe4, 0xe5, 0xe4, 0xe5, 0xe4, 0xe7, 0xf8, 0xe4, 0xe4, 0xe7,
  0xe2, 0xe3, 0xec, 0xee, 0xef, 0xe8, 0xed, 0xe0, 0xe1, 0xfc, 0xf8, 0xf4,
  0xda, 0xf1, 0x57, 0x45, 0x71, 0x61, 0x6a, 0x19, 0x05, 0x1b, 0x10, 0x1f,
  0x04, 0x1a, 0x19, 0x14, 0x1d, 0x19, 0x13, 0x1c, 0x1d, 0x12, 0x16, 0x62,
  0x16, 0x1f, 0x16, 0x60, 0x7d, 0x62, 0x6a, 0x64, 0x50, 0xc0, 0xf6, 0xfa,
  0xe1, 0xee, 0xea, 0x90, 0x92, 0x97, 0x94, 0x97, 0x90, 0x93, 0x97, 0x95,
  0x95, 0xe8, 0xe8, 0xe8, 0xec, 0xed, 0xe1, 0xee, 0x94, 0xea, 0xe8, 0xe0,
  0xe1, 0xe0, 0xe5, 0xf8, 0xc2, 0x5c, 0x46, 0x5f, 0x56, 0xd4, 0x43, 0x74,
  0x5b, 0x58, 0x57, 0xd1, 0x5f, 0xd7, 0xde, 0xf1, 0xfa, 0xf1, 0xc2, 0xdd,
  0xd9, 0xd7, 0x56, 0x5b, 0x74, 0x73, 0x72, 0x76, 0x45, 0x43, 0x76, 0x43,
  0x53, 0xd3, 0x59, 0x42, 0x53, 0xdb, 0xdf, 0x5e, 0x5a, 0x5a, 0x5d, 0x4d,
  0x72, 0x70, 0x71, 0x71, 0x71, 0x4e, 0xd5, 0xd5, 0xd4, 0xd8, 0xcb, 0xff,
  0xff, 0xf1, 0xfc, 0xf8, 0xfe, 0xe7, 0xfa, 0xe4, 0xe7, 0xf8, 0xe6, 0xe1,
  0xe5, 0xfa, 0xe5, 0xe5, 0xe1, 0xe7, 0xe4, 0xe4, 0xfe, 0xfe, 0xf9, 0xf7,
  0xcc, 0xd6, 0xd1, 0xd5, 0x42, 0x65, 0x15, 0x1c, 0x19, 0x19, 0x12, 0x1c,
  0x07, 0x04, 0x05, 0x1c, 0x12, 0x1a, 0x19, 0x19, 0x19, 0x12, 0x13, 0x14,
  0x11, 0x1e, 0x10, 0x6f, 0x7a, 0x62, 0x6a, 0x64, 0x43, 0xd9, 0xcf, 0xfc,
  0xe3, 0xef, 0x96, 0x9f, 0x9a, 0x99, 0x92, 0x92, 0x9e, 0x99, 0x9d, 0x91,
  0x96, 0x96, 0x97, 0x97, 0x94, 0xea, 0xed, 0xe3, 0xe8, 0xeb, 0xee, 0xe7,
  0xe5, 0xe0, 0xe0, 0xe4, 0xc8, 0x56, 0x45, 0x46, 0x59, 0x4a, 0x79, 0x65,
  0x7a, 0x72, 0x71, 0x73, 0x78, 0x70, 0x58, 0xde, 0xca, 0xc5, 0xc4, 0xc0,
  0xc3, 0xce, 0xdb, 0x57, 0x53, 0x59, 0x59, 0xd5, 0x53, 0x46, 0x4c, 0x43,
  0x5e, 0x5e, 0x46, 0x46, 0x5f, 0x51, 0x54, 0x56, 0x46, 0x5b, 0x5e, 0x44,
  0x59, 0x4c, 0x74, 0x76, 0x74, 0x49, 0x5e, 0x57, 0x53, 0xdd, 0xd9, 0xf7,
  0xff, 0xf1, 0xfd, 0xf9, 0xe1, 0xe2, 0xed, 0xe2, 0xe7, 0xe0, 0xe0, 0xe1,
  0xed, 0xe7, 0xe4, 0xe1, 0xe4, 0xe7, 0xe5, 0xfd, 0xfe, 0xf3, 0xc9, 0xf5,
  0xd3, 0x46, 0x41, 0x7c, 0x6d, 0x11, 0x1c, 0x1d, 0x10, 0x1d, 0x1a, 0x05,
  0x05, 0x1e, 0x1f, 0x18, 0x1f, 0x1b, 0x1b, 0x1e, 0x12, 0x17, 0x12, 0x18,
  0x1d, 0x14, 0x63, 0x6f, 0x14, 0x6f, 0x7a, 0x4f, 0xdd, 0xca, 0xfa, 0xe1,
  0xe9, 0x93, 0x9e, 0x9e, 0x9c, 0x9c, 0x98, 0x9a, 0x9a, 0x9e, 0x9d, 0x93,
  0x91, 0x90, 0x91, 0x94, 0xee, 0xe8, 0x94, 0x95, 0xee, 0xe6, 0xe1, 0xed,
  0xe2, 0xe6, 0xf9, 0xc9, 0xc1, 0xd7, 0x5b, 0x58, 0x73, 0x64, 0x67, 0x66,
  0x7b, 0x65, 0x60, 0x61, 0x67, 0x76, 0x47, 0x41, 0x5f, 0x45, 0xd5, 0xdd,
  0xd4, 0xd2, 0x5e, 0x47, 0x52, 0x5f, 0xd7, 0x59, 0x48, 0x4c, 0x4d, 0xd4,
  0x51, 0x45, 0x5e, 0x58, 0xd1, 0xda, 0xd9, 0xdd, 0xd5, 0x51, 0x57, 0x50,
  0x50, 0x59, 0x4d, 0x40, 0x58, 0x56, 0x57, 0xd6, 0xd5, 0xc5, 0xcb, 0xce,
  0xfd, 0xf1, 0xfa, 0xe6, 0xe4, 0xe0, 0xe4, 0xe4, 0xe6, 0xe7, 0xe7, 0xfb,
  0xe5, 0xfe, 0xfd, 0xfa, 0xf3, 0xfb, 0xf5, 0xd8, 0xf4, 0xdb, 0xc2, 0x5d,
  0x7c, 0x6d, 0x10, 0x13, 0x13, 0x11, 0x1f, 0x04, 0x04, 0x05, 0x1e, 0x1a,
  0x07, 0x1a, 0x05, 0x1a, 0x19, 0x1e, 0x13, 0x1f, 0x19, 0x12, 0x14, 0x6f,
  0x17, 0x16, 0x69, 0x64, 0x74, 0x43, 0x51, 0xf1, 0xfa, 0xee, 0x90, 0x9d,
  0x9e, 0x9f, 0x98, 0x84, 0x87, 0x84, 0x85, 0x9a, 0x9b, 0x9b, 0x99, 0x9e,
  0x9d, 0x90, 0x91, 0x90, 0x90, 0x96, 0xea, 0xeb, 0xea, 0xeb, 0xe8, 0xe6,
  0xfe, 0xfc, 0xce, 0xcc, 0xd6, 0x74, 0x7d, 0x64, 0x67, 0x64, 0x62, 0x6c,
  0x6c, 0x62, 0x7a, 0x7e, 0x78, 0x7e, 0x7e, 0x71, 0x75, 0x4d, 0x47, 0x4a,
  0x76, 0x74, 0x4b, 0x44, 0x74, 0x7c, 0x77, 0x49, 0x58, 0x40, 0x4f, 0x58,
  0x51, 0xde, 0xcf, 0xc0, 0xc9, 0xc0, 0xc1, 0xc2, 0xc5, 0xd2, 0x54, 0x57,
  0x55, 0x56, 0x56, 0x50, 0x5f, 0xd2, 0xd9, 0xca, 0xf4, 0xcb, 0xf1, 0xf2,
  0xfa, 0xe5, 0xfe, 0xfd, 0xf2, 0xfe, 0xfa, 0xfe, 0xf3, 0xf1, 0xf6, 0xf1,
  0xf1, 0xca, 0xcb, 0xc0, 0xd3, 0xda, 0xd9, 0xc5, 0xd5, 0x45, 0x42, 0x79,
  0x62, 0x15, 0x16, 0x14, 0x10, 0x1c, 0x1f, 0x19, 0x1d, 0x19, 0x1a, 0x1e,
  0x18, 0x19, 0x19, 0x1e, 0x11, 0x13, 0x1d, 0x12, 0x11, 0x6d, 0x68, 0x15,
  0x6f, 0x6d, 0x7e, 0x70, 0x4d, 0xc2, 0xcd, 0xfe, 0xed, 0x94, 0x93, 0x93,
  0x93, 0x9e, 0x98, 0x9b, 0x9b, 0x9b, 0x9b, 0x98, 0x99, 0x98, 0x9e, 0x9c,
  0x93, 0x90, 0x93, 0x91, 0x94, 0x95, 0xea, 0x94, 0xe8, 0xec, 0xed, 0xfa,
  0xe5, 0xfc, 0xf5, 0xc9, 0x5a, 0x42, 0x76, 0x7a, 0x78, 0x60, 0x60, 0x63,
  0x6d, 0x67, 0x67, 0x7a, 0x65, 0x67, 0x7c, 0x7c, 0x72, 0x71, 0x7d, 0x71,
  0x7d, 0x74, 0x42, 0x74, 0x42, 0x77, 0x49, 0x41, 0x48, 0x45, 0x45, 0x5c,
  0xd0, 0xd5, 0xda, 0xc5, 0xd8, 0xda, 0xdf, 0xc5, 0xd1, 0x50, 0x5a, 0x43,
  0x44, 0x41, 0x4c, 0x4d, 0x47, 0x5f, 0x51, 0x57, 0xd3, 0xdf, 0xdb, 0xc0,
  0xcc, 0xcb, 0xc9, 0xca, 0xc9, 0xf7, 0xca, 0xce, 0xc8, 0xda, 0xde, 0xde,
  0xdc, 0xda, 0xdd, 0x51, 0xd0, 0xd0, 0xd9, 0xdc, 0xd9, 0xdf, 0xd1, 0xdd,
  0x51, 0x43, 0x7a, 0x60, 0x60, 0x61, 0x6c, 0x14, 0x16, 0x11, 0x14, 0x17,
  0x11, 0x17, 0x11, 0x11, 0x16, 0x17, 0x6e, 0x6a, 0x15, 0x6a, 0x69, 0x67,
  0x61, 0x60, 0x61, 0x66, 0x73, 0x77, 0x4d, 0x57, 0x56, 0xce, 0xfe, 0xe6,
  0xe8, 0xeb, 0x97, 0x90, 0x92, 0x9e, 0x9f, 0x9e, 0x9e, 0x9f, 0x9e, 0x9f,
  0x9c, 0x92, 0x91, 0x96, 0x97, 0x94, 0xea, 0xec, 0xe3, 0xe0, 0xe1, 0xe6,
  0xe5, 0xfd, 0xf0, 0xf6, 0xc8, 0xc4, 0xd5, 0x47, 0x49, 0x73, 0x7e, 0x65,
  0x67, 0x61, 0x63, 0x63, 0x62, 0x62, 0x60, 0x61, 0x67, 0x65, 0x79, 0x73,
  0x71, 0x70, 0x74, 0x4e, 0x40, 0x4d, 0x48, 0x4f, 0x42, 0x4f, 0x4b, 0x75,
  0x49, 0x42, 0x42, 0x46, 0x5b, 0x56, 0xd4, 0xd7, 0xd3, 0xdd, 0xda, 0xc4,
  0xd9, 0xdf, 0xdf, 0xd2, 0xd0, 0x51, 0x53, 0x52, 0x50, 0x51, 0x52, 0x57,
  0x57, 0xd0, 0xd8, 0xc5, 0xc7, 0xc3, 0xc2, 0xf5, 0xf4, 0xca, 0xf4, 0xf4,
  0xf6, 0xf7, 0xf4, 0xf5, 0xcb, 0xcf, 0xcf, 0xc9, 0xcb, 0xcf, 0xc3, 0xc1,
  0xc6, 0xc0, 0xd8, 0xd7, 0x47, 0x74, 0x72, 0x7f, 0x78, 0x63, 0x6c, 0x68,
  0x6a, 0x6a, 0x14, 0x14, 0x14, 0x17, 0x14, 0x14, 0x6a, 0x6f, 0x68, 0x6f,
  0x6e, 0x62, 0x67, 0x66, 0x64, 0x64, 0x65, 0x71, 0x71, 0x4d, 0x5b, 0x5a,
  0xda, 0xcd, 0xfd, 0xe7, 0xe7, 0xef, 0xeb, 0x94, 0x91, 0x91, 0x93, 0x90,
  0x91, 0x91, 0x97, 0x97, 0x94, 0xeb, 0xe8, 0xef, 0xec, 0xe2, 0xe6, 0xe7,
  0xe4, 0xe5, 0xfb, 0xfd, 0xf2, 0xf2, 0xf0, 0xf6, 0xcf, 0xc7, 0xdc, 0x57,
  0x5a, 0x48, 0x76, 0x72, 0x7f, 0x78, 0x65, 0x64, 0x64, 0x7a, 0x78, 0x79,
  0x7f, 0x71, 0x4a, 0x4f, 0x42, 0x47, 0x59, 0x58, 0x47, 0x43, 0x41, 0x44,
  0x47, 0x41, 0x46, 0x5a, 0x5f, 0x53, 0x53, 0x53, 0x51, 0x56, 0x55, 0x56,
  0x51, 0x57, 0xd5, 0xd7, 0xd5, 0x55, 0xd5, 0x57, 0x56, 0x5d, 0x5c, 0x5d,
  0x5c, 0x53, 0x52, 0x57, 0xd5, 0xd7, 0xd2, 0xdf, 0xc4, 0xc1, 0xc7, 0xc5,
  0xdb, 0xc6, 0xc2, 0xc0, 0xc2, 0xc3, 0xce, 0xca, 0xc8, 0xcb, 0xc8, 0xc8,
  0xca, 0xc8, 0xcb, 0xce, 0xc5, 0xd1, 0x52, 0x5a, 0x40, 0x77, 0x7d, 0x7b,
  0x67, 0x61, 0x62, 0x6f, 0x69, 0x6b, 0x6a, 0x15, 0x15, 0x6b, 0x6b, 0x68,
  0x69, 0x6f, 0x6d, 0x63, 0x61, 0x66, 0x67, 0x65, 0x7e, 0x73, 0x75, 0x4f,
  0x45, 0x54, 0xd9, 0xce, 0xf4, 0xf0, 0xf9, 0xe5, 0xe1, 0xe2, 0xed, 0xee,
  0xe9, 0xeb, 0xea, 0xea, 0x95, 0x95, 0xea, 0xeb, 0xee, 0xe9, 0xee, 0xec,
  0xe2, 0xe0, 0xe0, 0xe6, 0xe7, 0xe5, 0xfe, 0xfc, 0xf0, 0xf7, 0xf5, 0xc3,
  0xc7, 0xdf, 0xd7, 0x55, 0x5c, 0x5e, 0x45, 0x4c, 0x49, 0x74, 0x75, 0x74,
  0x71, 0x70, 0x7c, 0x70, 0x77, 0x71, 0x71, 0x73, 0x77, 0x4c, 0x4d, 0x4c,
  0x75, 0x4e, 0x46, 0x46, 0x46, 0x4b, 0x4f, 0x44, 0x58, 0x5d, 0x45, 0x5b,
  0x5d, 0x5d, 0x51, 0x5a, 0x46, 0x45, 0x47, 0x58, 0x5b, 0x5a, 0x5e, 0x52,
  0x57, 0x53, 0x54, 0x57, 0x53, 0xd0, 0x55, 0xd5, 0xde, 0xd3, 0xde, 0xda,
  0xd8, 0xd8, 0xd9, 0xdf, 0xd0, 0xd9, 0xc6, 0xde, 0xd8, 0xdb, 0xda, 0xc2,
  0xc6, 0xc5, 0xdb, 0x56, 0x58, 0x58, 0x4c, 0x7f, 0x7a, 0x65, 0x61, 0x63,
  0x6f, 0x6b, 0x69, 0x6a, 0x15, 0x68, 0x14, 0x16, 0x6a, 0x6e, 0x6c, 0x60,
  0x61, 0x61, 0x7a, 0x7c, 0x7b, 0x71, 0x5e, 0x52, 0xd0, 0xdc, 0xd4, 0xda,
  0xcf, 0xfb, 0xe5, 0xf7, 0xe4, 0xe3, 0xe1, 0x1e, 0x61, 0x9c, 0x48, 0xd2,
  0xea, 0xea, 0xee, 0x73, 0x6d, 0xc0, 0xff, 0xed, 0x96, 0x97, 0x94, 0xeb,
  0x91, 0x93, 0xe6, 0xc8, 0xea, 0xe5, 0x76, 0x57, 0xe5, 0xf2, 0xfa, 0xd3,
  0x42, 0xe5, 0xf4, 0xf6, 0xe6, 0xff, 0x75, 0x57, 0xd3, 0x67, 0x6c, 0x58,
  0xc1, 0x7c, 0x7a, 0xf1, 0xe9, 0xe3, 0xf8, 0xe5, 0x97, 0x94, 0xe3, 0xe7,
  0xe1, 0xd9, 0x71, 0xd4, 0x43, 0x15, 0x17, 0x6d, 0x6c, 0x16, 0x16, 0x67,
  0x7d, 0x64, 0x78, 0xc9, 0xe5, 0xc9, 0xf2, 0xeb, 0x95, 0xed, 0xe9, 0x96,
  0x94, 0xe9, 0x94, 0x91, 0x94, 0xe9, 0x95, 0x91, 0x96, 0x91, 0x9d, 0x9c,
  0x92, 0x92, 0x9f, 0x9d, 0x96, 0x95, 0xee, 0xf5, 0x6d, 0x12, 0x13, 0x1e,
  0x0d, 0x37, 0x37, 0x35, 0x34, 0x31, 0x30, 0x36, 0x0a, 0x0f, 0x02, 0x01,
  0x1e, 0x61, 0xdc, 0xfa, 0xeb, 0x92, 0x9b, 0x85, 0x85, 0x85, 0x86, 0x81,
  0x87, 0x85, 0x84, 0x86, 0x81, 0x81, 0x87, 0x85, 0x84, 0x86, 0x9a, 0x96,
  0xe2, 0xfc, 0x58, 0x6c, 0x1c, 0x06, 0x03, 0x0d, 0x0e, 0x0b, 0x0a, 0x08,
  0x0f, 0x02, 0x01, 0x04, 0x1c, 0x68, 0x7e, 0x5d, 0xf2, 0xec, 0x95, 0x97,
  0x96, 0x91, 0x9d, 0x9f, 0x9c, 0x9d, 0x9f, 0x9a, 0x84, 0x84, 0x85, 0x85,
  0x85, 0x85, 0x99, 0x91, 0xe9, 0xe6, 0xf7, 0x5c, 0x78, 0x62, 0x69, 0x6b,
  0x14, 0x17, 0x17, 0x69, 0x61, 0x6d, 0x63, 0x41, 0xfe, 0xe4, 0xcd, 0xef,
  0x96, 0xea, 0x97, 0x90, 0x93, 0x96, 0x91, 0x9e, 0x9e, 0x9d, 0x9c, 0x99,
  0x9b, 0x9e, 0x92, 0x93, 0x96, 0xea, 0xec, 0xe5, 0xf6, 0xdf, 0x48, 0x65,
  0x63, 0x6d, 0x69, 0x1f, 0x02, 0x0e, 0x0f, 0x0e, 0x36, 0x3c, 0x3f, 0x30,
  0x31, 0x3d, 0x3f, 0x30, 0x09, 0x03, 0x01, 0x1e, 0x5b, 0x91, 0x9f, 0x85,
  0x8c, 0xb4, 0xb7, 0xb5, 0x8a, 0xb7, 0xb1, 0xb7, 0x8a, 0x89, 0x89, 0x8a,
  0x8b, 0x8f, 0x83, 0x87, 0x86, 0x86, 0x99, 0xe9, 0xf1, 0x5a, 0x67, 0x10,
  0x07, 0x02, 0x0c, 0x08, 0x34, 0x34, 0x0a, 0x08, 0x0a, 0x0a, 0x0f, 0x05,
  0x12, 0x10, 0x14, 0x79, 0xfe, 0x94, 0x96, 0x91, 0x9c, 0x85, 0x86, 0x81,
  0x81, 0x83, 0x82, 0x83, 0x82, 0x8d, 0x82, 0x81, 0x84, 0x99, 0x9d, 0x94,
  0xfa, 0x44, 0x6d, 0x17, 0x10, 0x1e, 0x05, 0x04, 0x07, 0x05, 0x1e, 0x13,
  0x16, 0x6b, 0x63, 0x76, 0xde, 0xf7, 0xf3, 0xf0, 0xff, 0xe4, 0xe2, 0xec,
  0xe1, 0xe6, 0xec, 0x95, 0x94, 0x94, 0x97, 0x96, 0x96, 0x97, 0x95, 0x96,
  0x96, 0xee, 0xe1, 0xe6, 0xe6, 0xe7, 0xf1, 0xdc, 0xdf, 0xc5, 0xc3, 0xc7,
  0x56, 0x51, 0xda, 0xd1, 0x4c, 0x72, 0x61, 0x16, 0x05, 0x03, 0x0f, 0x0b,
  0x37, 0x33, 0x3f, 0x3c, 0x30, 0x30, 0x32, 0x31, 0x09, 0x1a, 0x11, 0x7a,
  0xea, 0x87, 0x82, 0x8e, 0xb5, 0xb7, 0xb6, 0xb7, 0xb5, 0xb4, 0xb7, 0xb5,
  0x8e, 0x8f, 0x8f, 0x8e, 0x8c, 0x8d, 0x82, 0x86, 0x85, 0x9b, 0x92, 0xe0,
  0x75, 0x15, 0x1e, 0x06, 0x0d, 0x08, 0x0a, 0x35, 0x35, 0x0a, 0x09, 0x0d,
  0x01, 0x04, 0x12, 0x61, 0x44, 0xc0, 0xf8, 0xe3, 0xe9, 0x97, 0x91, 0x90,
  0x90, 0x91, 0x9c, 0x9a, 0x85, 0x84, 0x86, 0x87, 0x86, 0x81, 0x86, 0x9a,
  0x90, 0xe8, 0xe7, 0xd7, 0x62, 0x10, 0x18, 0x07, 0x01, 0x01, 0x01, 0x06,
  0x04, 0x19, 0x10, 0x6e, 0x76, 0xdd, 0xcb, 0xe5, 0xee, 0x95, 0xea, 0xe8,
  0xe9, 0xe9, 0xea, 0x94, 0x94, 0x95, 0x94, 0x96, 0x91, 0x90, 0x91, 0x96,
  0x95, 0xe8, 0xe9, 0xe0, 0xfb, 0xf3, 0xd8, 0x59, 0x52, 0xdd, 0x56, 0x48,
  0x44, 0xc6, 0xf0, 0xf2, 0xf7, 0xf4, 0xf7, 0xc8, 0x5b, 0x62, 0x12, 0x07,
  0x0f, 0x0a, 0x34, 0x30, 0x3c, 0x39, 0x3f, 0x33, 0x33, 0x30, 0x34, 0x00,
  0x16, 0x76, 0xe6, 0x9a, 0x82, 0x8c, 0x88, 0xb5, 0xb7, 0xb7, 0x8a, 0x8e,
  0x8b, 0xb4, 0x8b, 0x8c, 0x8d, 0x8e, 0x89, 0x8c, 0x83, 0x81, 0x9a, 0x93,
  0xe9, 0xc1, 0x61, 0x12, 0x07, 0x02, 0x0e, 0x08, 0x0b, 0x0b, 0x08, 0x0e,
  0x03, 0x1a, 0x13, 0x69, 0x65, 0xc5, 0xee, 0xea, 0x95, 0x97, 0x97, 0x97,
  0x95, 0x96, 0x9d, 0x9d, 0x90, 0x9d, 0x85, 0x86, 0x86, 0x87, 0x84, 0x84,
  0x85, 0x9d, 0xe9, 0xc0, 0x79, 0x69, 0x1c, 0x04, 0x01, 0x03, 0x0d, 0x0d,
  0x00, 0x04, 0x19, 0x13, 0x68, 0x74, 0xf1, 0xee, 0x97, 0x94, 0x91, 0x9d,
  0x9d, 0x92, 0x90, 0x91, 0x91, 0x96, 0x96, 0x91, 0x91, 0x96, 0x91, 0x96,
  0x95, 0xea, 0xee, 0xe4, 0xf2, 0xf5, 0xc2, 0xd0, 0x48, 0x4f, 0xd5, 0xd1,
  0xdb, 0xca, 0xf9, 0xe6, 0xe6, 0xe0, 0xe2, 0xe4, 0xf2, 0x54, 0x63, 0x10,
  0x04, 0x0f, 0x35, 0x36, 0x30, 0x32, 0x3e, 0x3e, 0x33, 0x31, 0x31, 0x35,
  0x00, 0x16, 0x5b, 0xe4, 0x9c, 0x83, 0x8e, 0x89, 0x88, 0xb5, 0xb4, 0xb5,
  0x8e, 0x89, 0xb5, 0x8b, 0x8c, 0x8d, 0x8d, 0x8d, 0x83, 0x84, 0x9e, 0x91,
  0xe6, 0x5b, 0x6e, 0x1d, 0x04, 0x03, 0x0e, 0x09, 0x09, 0x09, 0x0e, 0x02,
  0x07, 0x1e, 0x68, 0x77, 0xf4, 0xe3, 0x94, 0x9c, 0x9e, 0x9c, 0x9e, 0x9f,
  0x92, 0x90, 0x93, 0x9d, 0x92, 0x91, 0x91, 0x9d, 0x9e, 0x9f, 0x90, 0x95,
  0xe9, 0xed, 0xcd, 0x7b, 0x14, 0x19, 0x04, 0x01, 0x0d, 0x0d, 0x02, 0x03,
  0x06, 0x1a, 0x17, 0x78, 0xd0, 0xe4, 0x97, 0x9f, 0x9a, 0x85, 0x9a, 0x99,
  0x98, 0x99, 0x9d, 0x91, 0xea, 0xeb, 0xea, 0xef, 0xe2, 0xe2, 0xe3, 0xe1,
  0xe5, 0xf9, 0xe5, 0xfc, 0xc2, 0xdc, 0xd3, 0xdd, 0xc3, 0xdc, 0xd7, 0xf4,
  0xe5, 0xe1, 0xe3, 0xe3, 0xec, 0xe8, 0xe2, 0xfa, 0xd0, 0x60, 0x10, 0x04,
  0x0f, 0x34, 0x31, 0x33, 0x3d, 0x3e, 0x3e, 0x32, 0x31, 0x36, 0x0a, 0x07,
  0x63, 0xf9, 0x96, 0x85, 0x8c, 0x8a, 0xb5, 0x8a, 0xb5, 0xb4, 0xb5, 0x8f,
  0x8c, 0x8e, 0x8f, 0x83, 0x81, 0x86, 0x86, 0x84, 0x9f, 0x95, 0xe5, 0xd7,
  0x67, 0x13, 0x04, 0x00, 0x0c, 0x08, 0x0b, 0x09, 0x0f, 0x02, 0x07, 0x1c,
  0x63, 0xc2, 0xee, 0x90, 0x9e, 0x84, 0x80, 0x81, 0x84, 0x85, 0x85, 0x98,
  0x93, 0x94, 0xe8, 0xeb, 0xe8, 0xee, 0xe2, 0xe3, 0xed, 0xe4, 0xf5, 0x54,
  0x71, 0x61, 0x11, 0x18, 0x04, 0x06, 0x00, 0x03, 0x03, 0x07, 0x1b, 0x10,
  0x6c, 0x4c, 0xe7, 0x97, 0x9e, 0x9a, 0x84, 0x86, 0x87, 0x9a, 0x9e, 0x92,
  0x91, 0xef, 0xfc, 0xce, 0xdb, 0xc7, 0x52, 0x4f, 0x5f, 0xde, 0xc0, 0xdf,
  0xd7, 0xce, 0xf7, 0xf5, 0xc8, 0xcb, 0xff, 0xe6, 0xe2, 0xe3, 0xee, 0x97,
  0x93, 0x91, 0x96, 0x90, 0x91, 0xeb, 0xf6, 0x7a, 0x11, 0x04, 0x0f, 0x34,
  0x30, 0x3d, 0x3f, 0x39, 0x3e, 0x3d, 0x31, 0x37, 0x0e, 0x1a, 0x78, 0xe9,
  0x98, 0x81, 0x8e, 0x8a, 0xb4, 0xb4, 0xb5, 0xb5, 0x8b, 0x8f, 0x8c, 0x8d,
  0x80, 0x87, 0x9a, 0x9b, 0x9c, 0x91, 0xec, 0xcd, 0x72, 0x15, 0x1c, 0x07,
  0x02, 0x0e, 0x0b, 0x0b, 0x08, 0x0e, 0x02, 0x04, 0x17, 0x4c, 0xe6, 0x9c,
  0x86, 0x83, 0x8c, 0x8f, 0x8e, 0x8f, 0x80, 0x87, 0x9a, 0x9d, 0xeb, 0xf0,
  0x55, 0xd0, 0x58, 0x7c, 0x66, 0x65, 0x74, 0x78, 0x6c, 0x6b, 0x15, 0x17,
  0x1c, 0x1a, 0x05, 0x05, 0x1b, 0x1b, 0x19, 0x17, 0x66, 0x45, 0xc9, 0xe3,
  0x92, 0x9b, 0x9a, 0x85, 0x9a, 0x85, 0x9b, 0x92, 0x95, 0xe3, 0xe6, 0xf6,
  0x44, 0x46, 0x58, 0x47, 0x46, 0x46, 0xd5, 0xc4, 0xcb, 0xca, 0xce, 0xff,
  0xe7, 0xe0, 0xe7, 0xe7, 0xe8, 0x94, 0x94, 0x97, 0x96, 0x92, 0x9d, 0x91,
  0x96, 0xea, 0xe2, 0xf7, 0x60, 0x1e, 0x01, 0x09, 0x37, 0x32, 0x3c, 0x3e,
  0x39, 0x3e, 0x3c, 0x30, 0x35, 0x0d, 0x1d, 0x56, 0x92, 0x80, 0x8e, 0xb5,
  0xb7, 0xb6, 0xb6, 0xb7, 0xb5, 0x88, 0x8d, 0x81, 0x84, 0x9e, 0x91, 0xeb,
  0xe2, 0xf9, 0xc4, 0x49, 0x6c, 0x14, 0x1c, 0x04, 0x01, 0x0d, 0x0f, 0x0e,
  0x0f, 0x02, 0x07, 0x19, 0x6b, 0x55, 0x95, 0x9a, 0x80, 0x8f, 0x88, 0x8b,
  0x88, 0x89, 0x8c, 0x81, 0x9e, 0x94, 0xec, 0xf3, 0x7c, 0x68, 0x6a, 0x69,
  0x6a, 0x14, 0x16, 0x17, 0x69, 0x69, 0x14, 0x14, 0x14, 0x15, 0x14, 0x11,
  0x68, 0x6d, 0x60, 0x7f, 0x4f, 0xfc, 0xe9, 0x95, 0x97, 0x96, 0x9d, 0x9f,
  0x91, 0xea, 0xe7, 0xfa, 0xf4, 0x40, 0x73, 0x67, 0x64, 0x70, 0x7c, 0x4e,
  0xd6, 0xcd, 0xfe, 0xf9, 0xe3, 0xef, 0xef, 0xef, 0xed, 0xe9, 0xea, 0xea,
  0x95, 0x95, 0x94, 0x90, 0x93, 0x92, 0x93, 0x93, 0x90, 0x97, 0xee, 0xfb,
  0x43, 0x17, 0x04, 0x0c, 0x34, 0x30, 0x3c, 0x3e, 0x39, 0x39, 0x3f, 0x33,
  0x34, 0x0d, 0x1f, 0xd9, 0x9f, 0x82, 0x8b, 0xb4, 0xb1, 0xb0, 0xb1, 0xb7,
  0xb5, 0x88, 0x82, 0x85, 0x92, 0xea, 0xe5, 0x56, 0x7b, 0x66, 0x6d, 0x14,
  0x1d, 0x1b, 0x05, 0x06, 0x03, 0x0d, 0x0c, 0x0d, 0x03, 0x06, 0x1d, 0x62,
  0xd9, 0x96, 0x84, 0x8d, 0x8a, 0xb4, 0xb7, 0xb7, 0xb5, 0x88, 0x82, 0x9a,
  0x96, 0xfc, 0x7f, 0x16, 0x1e, 0x1a, 0x05, 0x04, 0x06, 0x04, 0x1e, 0x1d,
  0x10, 0x13, 0x17, 0x61, 0x7a, 0x79, 0x71, 0x5e, 0xf1, 0xe1, 0xe2, 0x95,
  0x93, 0x9c, 0x9f, 0x9f, 0x9e, 0x99, 0x93, 0xee, 0xe4, 0xca, 0x5c, 0x64,
  0x14, 0x10, 0x11, 0x16, 0x16, 0x14, 0x6c, 0x7d, 0xd3, 0xf3, 0xe6, 0xe9,
  0x94, 0x91, 0x90, 0x90, 0x93, 0x93, 0x91, 0x96, 0x91, 0x93, 0x93, 0x91,
  0x96, 0x90, 0x93, 0x93, 0x96, 0xef, 0xe7, 0xcb, 0x41, 0x69, 0x05, 0x0d,
  0x35, 0x31, 0x32, 0x3e, 0x39, 0x39, 0x3e, 0x32, 0x37, 0x0c, 0x1c, 0x75,
  0x93, 0x82, 0xb5, 0xb6, 0xb1, 0xb0, 0xb0, 0xb1, 0xb4, 0x8e, 0x80, 0x98,
  0xeb, 0xfc, 0x4c, 0x63, 0x17, 0x1c, 0x1f, 0x1e, 0x18, 0x05, 0x01, 0x01,
  0x01, 0x00, 0x01, 0x01, 0x04, 0x12, 0x6c, 0xc7, 0x95, 0x9b, 0x83, 0x89,
  0xb5, 0xb7, 0xb7, 0xb4, 0x8a, 0x8c, 0x86, 0x92, 0xfb, 0x61, 0x1d, 0x05,
  0x01, 0x02, 0x0d, 0x02, 0x06, 0x1a, 0x1e, 0x11, 0x6d, 0x71, 0x41, 0x58,
  0xcc, 0xe4, 0xe4, 0xe5, 0xed, 0x96, 0x92, 0x9d, 0x9f, 0x98, 0x85, 0x9a,
  0x9c, 0x97, 0xef, 0xf8, 0x5c, 0x6e, 0x10, 0x1d, 0x19, 0x05, 0x05, 0x19,
  0x10, 0x68, 0x65, 0x55, 0xe6, 0x97, 0x90, 0x9d, 0x9e, 0x98, 0x9b, 0x9f,
  0x9d, 0x92, 0x93, 0x90, 0x94, 0xea, 0x97, 0x97, 0x95, 0xe8, 0x95, 0x97,
  0xe8, 0xe5, 0xc3, 0x5a, 0x67, 0x1d, 0x06, 0x0e, 0x34, 0x30, 0x3c, 0x3f,
  0x3f, 0x3f, 0x3c, 0x30, 0x08, 0x05, 0x6e, 0xe7, 0x87, 0x88, 0xb7, 0xb6,
  0xb1, 0xb0, 0xb6, 0xb5, 0x8e, 0x80, 0x9a, 0xe8, 0xd2, 0x77, 0x67, 0x6a,
  0x12, 0x1e, 0x1f, 0x1e, 0x1b, 0x05, 0x04, 0x07, 0x06, 0x07, 0x1a, 0x1f,
  0x11, 0x61, 0xf6, 0x90, 0x84, 0x82, 0x88, 0xb5, 0xb4, 0xb4, 0xb5, 0x88,
  0x83, 0x99, 0xe8, 0xdd, 0x6e, 0x19, 0x06, 0x03, 0x03, 0x03, 0x01, 0x07,
  0x1a, 0x10, 0x62, 0x4a, 0xd1, 0xc1, 0xf0, 0xe7, 0xef, 0xeb, 0xe8, 0xe9,
  0xea, 0x96, 0x9d, 0x9c, 0x92, 0x90, 0x90, 0x91, 0xe8, 0xff, 0x5d, 0x66,
  0x15, 0x13, 0x1e, 0x1b, 0x05, 0x1a, 0x1f, 0x17, 0x64, 0x5a, 0xcd, 0xe1,
  0x96, 0x9f, 0x98, 0x9e, 0x9e, 0x9f, 0x9f, 0x9c, 0x93, 0x91, 0x97, 0x94,
  0x94, 0x94, 0x94, 0xeb, 0xec, 0xe2, 0xe3, 0xe4, 0xc3, 0x76, 0x62, 0x16,
  0x1e, 0x07, 0x0d, 0x0a, 0x36, 0x30, 0x30, 0x31, 0x31, 0x36, 0x0a, 0x01,
  0x17, 0x58, 0xe9, 0x84, 0x8f, 0x8a, 0xb5, 0xb4, 0xb4, 0x8a, 0x8d, 0x86,
  0x9a, 0x93, 0xe5, 0x7f, 0x6e, 0x6b, 0x17, 0x1c, 0x1a, 0x1a, 0x18, 0x1b,
  0x1a, 0x1a, 0x1b, 0x1e, 0x12, 0x15, 0x65, 0xd3, 0xe1, 0x91, 0x9a, 0x80,
  0x8f, 0x89, 0x88, 0x8e, 0x8f, 0x82, 0x84, 0x90, 0xff, 0x72, 0x15, 0x1f,
  0x04, 0x06, 0x06, 0x07, 0x04, 0x1b, 0x1d, 0x17, 0x63, 0x72, 0x59, 0xdb,
  0xf2, 0xe6, 0xed, 0xe9, 0x94, 0x91, 0x92, 0x9d, 0x9f, 0x9e, 0x9f, 0x9d,
  0x96, 0xee, 0xf8, 0x52, 0x67, 0x14, 0x1d, 0x18, 0x05, 0x04, 0x05, 0x1a,
  0x1c, 0x14, 0x61, 0x48, 0xcf, 0xe1, 0x95, 0x90, 0x92, 0x9c, 0x9f, 0x9f,
  0x9c, 0x9d, 0x93, 0x90, 0x96, 0x94, 0xea, 0xe9, 0xef, 0xe0, 0xe5, 0xf0,
  0xf5, 0xcf, 0xd7, 0x4c, 0x73, 0x7b, 0x61, 0x68, 0x16, 0x1d, 0x1b, 0x07,
  0x02, 0x0f, 0x09, 0x08, 0x0b, 0x08, 0x0c, 0x01, 0x1b, 0x6a, 0xd2, 0xee,
  0x9c, 0x87, 0x83, 0x8c, 0x8c, 0x82, 0x80, 0x87, 0x9e, 0xea, 0xfd, 0x51,
  0x7a, 0x15, 0x11, 0x10, 0x13, 0x1d, 0x1d, 0x13, 0x11, 0x17, 0x14, 0x6b,
  0x63, 0x79, 0x4c, 0xc6, 0xe7, 0xea, 0x93, 0x99, 0x84, 0x86, 0x81, 0x81,
  0x87, 0x85, 0x9c, 0x95, 0xf8, 0x41, 0x6d, 0x11, 0x1f, 0x18, 0x1b, 0x1b,
  0x1e, 0x10, 0x68, 0x67, 0x4b, 0xc7, 0xf9, 0xe4, 0xe0, 0xed, 0xed, 0xe3,
  0xe0, 0xed, 0xe8, 0xeb, 0xe9, 0xea, 0x95, 0xea, 0xe9, 0xe6, 0xf4, 0xd4,
  0x73, 0x62, 0x17, 0x13, 0x1d, 0x1f, 0x1f, 0x12, 0x17, 0x62, 0x72, 0x51,
  0xf3, 0xe2, 0x95, 0x97, 0x97, 0x96, 0x96, 0x96, 0x95, 0xef, 0xed, 0xe2,
  0xe6, 0xfa, 0xfb, 0xe6, 0xe0, 0xe7, 0xe4, 0xe1, 0xe0, 0xe6, 0xfb, 0xf9,
  0xfd, 0xc6, 0x52, 0x4f, 0x7e, 0x63, 0x15, 0x10, 0x1c, 0x1a, 0x07, 0x00,
  0x02, 0x0d, 0x0d, 0x02, 0x06, 0x18, 0x10, 0x60, 0xc8, 0x95, 0x9c, 0x85,
  0x86, 0x81, 0x81, 0x87, 0x9b, 0x9d, 0x95, 0xf9, 0x5c, 0x7e, 0x60, 0x68,
  0x17, 0x17, 0x14, 0x14, 0x15, 0x6a, 0x6b, 0x69, 0x6d, 0x60, 0x64, 0x73,
  0x5c, 0xcb, 0xe6, 0xeb, 0x91, 0x9f, 0x9a, 0x85, 0x85, 0x9a, 0x99, 0x93,
  0xee, 0xfc, 0x50, 0x65, 0x6a, 0x10, 0x1d, 0x1d, 0x12, 0x10, 0x15, 0x63,
  0x7d, 0x5e, 0xc2, 0xe5, 0xed, 0xef, 0xef, 0xee, 0xef, 0xe3, 0xe6, 0xe0,
  0xe3, 0xe7, 0xe5, 0xe4, 0xfa, 0xfd, 0xc0, 0x5b, 0x72, 0x61, 0x69, 0x14,
  0x11, 0x13, 0x13, 0x11, 0x14, 0x6e, 0x64, 0x4e, 0xdf, 0xff, 0xe2, 0xe8,
  0xea, 0xea, 0xeb, 0xe9, 0xec, 0xe0, 0xe5, 0xf1, 0xce, 0xcd, 0xd8, 0xd4,
  0x52, 0x59, 0x5e, 0x46, 0x4e, 0x41, 0x5e, 0x58, 0x42, 0x47, 0xc3, 0xf0,
  0xca, 0xf9, 0xe3, 0xe4, 0xe4, 0xec, 0xe9, 0xee, 0xf8, 0xf1, 0xe7, 0x55,
  0x62, 0x6e, 0x11, 0x18, 0x04, 0x01, 0x03, 0x01, 0x04, 0x04, 0x1e, 0x6f,
  0x79, 0x54, 0xed, 0x97, 0x93, 0x9f, 0x9e, 0x9f, 0x93, 0x97, 0x95, 0xec,
  0xf8, 0xf7, 0xc3, 0xdd, 0x5f, 0x74, 0x79, 0x7b, 0x67, 0x6a, 0x16, 0x15,
  0x17, 0x13, 0x16, 0x69, 0x62, 0x70, 0xc0, 0xe6, 0x95, 0x93, 0x9e, 0x9b,
  0x9a, 0x9b, 0x9c, 0x90, 0xea, 0xe7, 0xc7, 0x4b, 0x65, 0x63, 0x6e, 0x6b,
  0x68, 0x69, 0x6c, 0x66, 0x7b, 0x7f, 0x74, 0x46, 0x59, 0x52, 0xd4, 0xc7,
  0xf7, 0xff, 0xf8, 0xfa, 0xe0, 0xee, 0xe9, 0xef, 0xe3, 0xe1, 0xe7, 0xf7,
  0x50, 0x48, 0x79, 0x60, 0x6f, 0x6b, 0x6b, 0x6f, 0x6d, 0x60, 0x7b, 0x4b,
  0xd4, 0xc7, 0xcf, 0xf0, 0xfa, 0xe4, 0xe5, 0xf9, 0xfa, 0xfa, 0xf9, 0xff,
  0xff, 0xfc, 0xf0, 0xc8, 0xc1, 0xde, 0x53, 0x49, 0x73, 0x7b, 0x67, 0x66,
  0x61, 0x63, 0x61, 0x7a, 0x7c, 0x77, 0x43, 0x56, 0xd9, 0xc4, 0xc3, 0xcb,
  0xca, 0xc8, 0xcd, 0xc1, 0xc4, 0xda, 0xde, 0xd1, 0xd5, 0xd7, 0xd4, 0x57,
  0x53, 0x59, 0x44, 0x4d, 0x74, 0x71, 0x73, 0x7c, 0x7b, 0x64, 0x64, 0x78,
  0x7d, 0x73, 0x74, 0x58, 0xde, 0xce, 0xf6, 0xfe, 0xe5, 0xe4, 0xe5, 0xfb,
  0xf9, 0xf3, 0xcc, 0xd3, 0x57, 0x5c, 0x44, 0x4d, 0x48, 0x4f, 0x44, 0x59,
  0x59, 0x5f, 0x53, 0x57, 0xd4, 0xd6, 0xdd, 0xc5, 0xcc, 0xf4, 0xf2, 0xfb,
  0xe6, 0xe3, 0xe2, 0xed, 0xed, 0xed, 0xe0, 0xfa, 0xf7, 0xc2, 0xdf, 0x58,
  0x77, 0x72, 0x7f, 0x78, 0x79, 0x7b, 0x7a, 0x7b, 0x7f, 0x72, 0x72, 0x7c,
  0x71, 0x74, 0x77, 0x75, 0x4f, 0x47, 0x5c, 0x5d, 0x55, 0xc5, 0xcd, 0xcc,
  0xcf, 0xc0, 0xc4, 0xd9, 0xd5, 0x59, 0x40, 0x4e, 0x4a, 0x74, 0x74, 0x49,
  0x40, 0x59, 0x57, 0xd1, 0xd8, 0xc0, 0xc4, 0xd0, 0x50, 0x5b, 0x42, 0x74,
  0x72, 0x7c, 0x72, 0x76, 0x4f, 0x5b, 0xd4, 0xc1, 0xf5, 0xf6, 0xf0, 0xf0,
  0xf6, 0xce, 0xd8, 0xd1, 0x57, 0x5e, 0x46, 0x44, 0x5c, 0x57, 0xd7, 0xde,
  0xc6, 0xcd, 0xce, 0xc9, 0xcc, 0xc0, 0xc4, 0xde, 0xd3, 0xd2, 0xdf, 0xd8,
  0xc4, 0xcc, 0xf7, 0xf3, 0xf2, 0xfd, 0xfd, 0xf2, 0xf0, 0xf5, 0xc5, 0xd1,
  0x56, 0x59, 0x4c, 0x4a, 0x4a, 0x74, 0x74, 0x42, 0x45, 0x5a, 0x5e, 0x53,
  0x52, 0x56, 0x51, 0x47, 0x40, 0x46, 0x49, 0x48, 0x40, 0x47, 0x59, 0x50,
  0x56, 0x54, 0xd6, 0xd1, 0x53, 0x5a, 0x5a, 0x47, 0x49, 0x4b, 0x42, 0x5b,
  0x56, 0xdb, 0xc0, 0xde, 0xdc, 0xc0, 0xc6, 0x55, 0x4d, 0x75, 0x4e, 0x75,
  0x73, 0x76, 0x4d, 0x5b, 0x53, 0xd1, 0xcc, 0xf6, 0xf4, 0xca, 0xce, 0xc2,
  0xc6, 0xdf, 0x51, 0x58, 0x59, 0x50, 0x56, 0x51, 0xd5, 0xd9, 0xc3, 0xc0,
  0xc1, 0xc2, 0xc0, 0xd8, 0xd0, 0x55, 0x54, 0x56, 0x53, 0x51, 0xd6, 0xd8,
  0xc3, 0xcf, 0xc8, 0xcb, 0xcb, 0xc9, 0xc6, 0xdd, 0xd4, 0x5c, 0x46, 0x4d,
  0x4c, 0x4d, 0x43, 0x46, 0x5f, 0xd5, 0xdd, 0xd9, 0xda, 0xda, 0xdf, 0xd3,
  0xd6, 0x51, 0x5e, 0x5a, 0x45, 0x5b, 0x5f, 0x50, 0x50, 0x5c, 0x50, 0x55,
  0x57, 0x5f, 0x44, 0x47, 0x40, 0x48, 0x4a, 0x75, 0x75, 0x40, 0x5e, 0x5d,
  0xd5, 0xc5, 0xcf, 0xcd, 0xc3, 0xf5, 0xf4, 0xcc, 0xc1, 0xc4, 0xdb, 0xd8,
  0xde, 0xdc, 0xde, 0xdb, 0xc5, 0xdb, 0xd8, 0xde, 0xdc, 0xd1, 0x53, 0x5b,
  0x5b, 0x45, 0x40, 0x4d, 0x40, 0x45, 0x58, 0x5e, 0x53, 0x56, 0xd4, 0xd1,
  0xd4, 0x55, 0xd5, 0xd7, 0xd4, 0x54, 0xd5, 0xd4, 0xd4, 0xd7, 0xd1, 0xd1,
  0xd1, 0xd4, 0x54, 0x51, 0x52, 0x5c, 0x5e, 0x58, 0x59, 0x5c, 0x53, 0x55,
  0xd1, 0xdf, 0xc5, 0xda, 0xd3, 0xd4, 0xd7, 0x57, 0x5a, 0x4c, 0x4f, 0x40,
  0x41, 0x47, 0x52, 0xd4, 0xdd, 0xc4, 0xc0, 0xc3, 0xcd, 0xc1, 0xd8, 0xd1,
  0x56, 0x52, 0x58, 0x40, 0x40, 0x44, 0x5e, 0x52, 0x51, 0xd6, 0xdf, 0xdf,
  0xdd, 0xd2, 0xd0, 0xd6, 0xd6, 0xd4, 0xd5, 0xd0, 0xd8, 0xc5, 0xc1, 0xce,
  0xcb, 0xca, 0xc8, 0xc2, 0xda, 0xdd, 0x54, 0x59, 0x46, 0x42, 0x4f, 0x48,
  0x49, 0x4d, 0x44, 0x5e, 0x5d, 0x51, 0xd5, 0xd1, 0xd1, 0xd4, 0xd7, 0xd7,
  0xd5, 0xd5, 0xd7, 0xd1, 0xd3, 0xdc, 0xde, 0xde, 0xd9, 0xde, 0xd3, 0xd4,
  0x56, 0x5d, 0x58, 0x47, 0x40, 0x40, 0x47, 0x5b, 0x5f, 0x51, 0xd6, 0xd2,
  0xde, 0xda, 0xda, 0xda, 0xdb, 0xd9, 0xdc, 0xd0, 0xd7, 0xd4, 0x55, 0x57,
  0x56, 0x56, 0x50, 0x5d, 0x5e, 0x5b, 0x44, 0x46, 0x40, 0x43, 0x41, 0x45,
  0x5e, 0x51, 0xd6, 0xd9, 0xc6, 0xcc, 0xc8, 0xca, 0xca, 0xc8, 0xc2, 0xc4,
  0xde, 0xd1, 0x54, 0x53, 0x5f, 0x58, 0x5a, 0x5a, 0x5b, 0x58, 0x58, 0x58,
  0x5e, 0x5f, 0x5c, 0x5d, 0x50, 0x57, 0xd4, 0xd1, 0xdd, 0xd9, 0xda, 0xc5,
  0xc4, 0xc5, 0xdb, 0xdf, 0xd0, 0x55, 0x50, 0x5f, 0x58, 0x45, 0x44, 0x44,
  0x5a, 0x59, 0x5c, 0x50, 0x54, 0xd7, 0xd1, 0xd2, 0xdd, 0xdd, 0xdc, 0xdc,
  0xdc, 0xdd, 0xdd, 0xdc, 0xdc, 0xdd, 0xd3, 0xd0, 0xd6, 0xd5, 0x57, 0x53,
  0x5f, 0x59, 0x5a, 0x45, 0x45, 0x5a, 0x59, 0x5d, 0x50, 0x54, 0xd6, 0xd3,
  0xdd, 0xdf, 0xde, 0xde, 0xdf, 0xdd, 0xd0, 0xd1, 0xd7, 0xd4, 0x55, 0x54,
  0x57, 0x56, 0x56, 0x51, 0x50, 0x53, 0x52, 0x52, 0x52, 0x53, 0x50, 0x56,
  0x54, 0xd4, 0xd6, 0xd0, 0xdd, 0xdc, 0xdc, 0xdc, 0xd2, 0xd0, 0xd7, 0x55,
  0x56, 0x50, 0x53, 0x52, 0x5d, 0x5d, 0x52, 0x50, 0x51, 0x56, 0x57, 0x54,
  0x54, 0x54, 0xd5, 0xd5, 0xd4, 0xd4, 0xd7, 0xd1, 0xd0, 0xd3, 0xd2, 0xdd,
  0xdd, 0xd2, 0xd0, 0xd6, 0xd4, 0x55, 0x56, 0x50, 0x52, 0x52, 0x52, 0x52,
  0x53, 0x50, 0x56, 0x57, 0x54, 0x55, 0xd4, 0xd4, 0xd4, 0xd4, 0xd4, 0xd5,
  0xd5, 0xd5, 0xd5, 0xd5, 0xd5, 0xd5, 0xd5, 0xd5, 0xd5, 0x55, 0x54, 0x54,
  0x57, 0x56, 0x57, 0x56, 0x57, 0x54, 0x55, 0xd5, 0xd4, 0xd7, 0xd1, 0xd0,
  0xd3, 0xd3, 0xd0, 0xd1, 0xd1, 0xd7, 0xd5, 0x54, 0x54, 0x57, 0x51, 0x51,
  0x51, 0x51, 0x56, 0x56, 0x56, 0x57, 0x57, 0x54, 0x55, 0x55, 0xd4, 0xd7,
  0xd6, 0xd1, 0xd0, 0xd0, 0xd3, 0xd0, 0xd1, 0xd6, 0xd7, 0xd5, 0x54, 0x56,
  0x56, 0x51, 0x51, 0x51, 0x51, 0x56, 0x57, 0x54, 0x55, 0xd5, 0xd4, 0xd5,
  0xd4, 0xd4, 0xd5, 0x55, 0x55, 0x54, 0x54, 0x54, 0x54, 0x54, 0x54, 0x54,
  0x54, 0x57, 0x57, 0x57, 0x56, 0x56, 0x51, 0x51, 0x57, 0x57, 0x57, 0x54,
  0x55, 0xd5, 0xd4, 0xd7, 0xd7, 0xd7, 0xd7, 0xd7, 0xd4, 0xd4, 0xd4, 0xd5,
  0xd5, 0x55, 0x55, 0x55, 0x55, 0x54, 0x54, 0x54, 0x54, 0x54, 0x54, 0x57,
  0x57, 0x57, 0x57, 0x54, 0x54, 0x54, 0x55, 0xd5, 0xd5, 0xd4, 0xd4, 0xd4,
  0xd4, 0xd5, 0xd5, 0x55, 0x55, 0x55, 0x55, 0x55, 0xd5, 0xd5, 0xd4, 0xd7,
  0xd7, 0xd7, 0xd7, 0xd7, 0xd7, 0xd7, 0xd7, 0xd4, 0xd4, 0xd4, 0xd4, 0xd4,
  0xd4, 0xd4, 0xd4, 0xd5, 0x55, 0x55, 0x54, 0x56, 0x56, 0x51, 0x51, 0x50,
  0x50, 0x50, 0x51, 0x56, 0x54, 0x55, 0xd4, 0xd7, 0xd6, 0xd1, 0xd1, 0xd1,
  0xd1, 0xd1, 0xd6, 0xd7, 0xd4, 0xd5, 0x54, 0x57, 0x56, 0x56, 0x56, 0x51,
  0x56, 0x56, 0x57, 0x54, 0x54, 0x55, 0xd5, 0xd5, 0xd5, 0xd4, 0xd4, 0xd4,
  0xd4, 0xd4, 0xd7, 0xd7, 0xd7, 0xd7, 0xd7, 0xd4, 0xd5, 0xd5, 0x55, 0x54,
  0x57, 0x57, 0x56, 0x56, 0x56, 0x56, 0x56, 0x57, 0x57, 0x54, 0x54, 0x55,
  0x55, 0xd5, 0xd5, 0xd5, 0xd4, 0xd4, 0xd4, 0xd4, 0xd4, 0xd4, 0xd4, 0xd4,
  0xd4, 0xd5, 0xd5, 0x55, 0x55, 0x55, 0x55, 0x54, 0x54, 0x55, 0x55, 0x55,
  0x55, 0x55, 0x55, 0x55, 0x55, 0x55, 0x55, 0x55, 0x54, 0x55, 0x54, 0x54,
  0x54, 0x54, 0x55, 0x55, 0x55, 0x55, 0xd5, 0xd5, 0xd4, 0xd4, 0xd4, 0xd4,
  0xd4, 0xd4, 0xd4, 0xd5, 0xd5, 0x55, 0x55, 0x54, 0x54, 0x54, 0x55, 0x55,
  0xd5, 0xd5, 0xd5, 0xd5, 0xd5, 0x55, 0x55, 0x55, 0x55, 0x54, 0x54, 0x55,
  0x55, 0xd5, 0xd5, 0xd7, 0xd6, 0xd6, 0xd1, 0xd1, 0xd1, 0xd1, 0xd6, 0xd7,
  0xd4, 0xd5, 0x54, 0x57, 0x56, 0x56, 0x56, 0x56, 0x51, 0x56, 0x57, 0x57,
  0x57, 0x54, 0x54, 0x55, 0x55, 0x55, 0x55, 0x55, 0x55, 0x54, 0x55, 0x55,
  0xd5, 0xd5, 0xd5, 0xd5, 0xd4, 0xd4, 0xd4, 0xd4, 0xd4, 0xd4, 0xd5, 0xd5,
  0xd5, 0x55, 0x54, 0x54, 0x54, 0x54, 0x57, 0x57, 0x57, 0x57, 0x57, 0x57,
  0x54, 0x54, 0x54, 0x55, 0xd5, 0xd5, 0xd5, 0xd5, 0xd5, 0xd4, 0xd4, 0xd4,
  0xd4, 0xd4, 0xd4, 0xd7, 0xd7, 0xd6, 0xd6, 0xd7, 0xd7, 0xd7, 0xd7, 0xd4,
  0xd5, 0x55, 0x54, 0x56, 0x56, 0x51, 0x51, 0x51, 0x51, 0x57, 0x54, 0x55,
  0xd5, 0xd4, 0xd7, 0xd1, 0xd0, 0xd0, 0xd1, 0xd1, 0xd6, 0xd6, 0xd6, 0xd7,
  0xd4, 0xd5, 0x55, 0x54, 0x57, 0x57, 0x51, 0x51, 0x50, 0x50, 0x50, 0x50,
  0x53, 0x50, 0x51, 0x56, 0x56, 0x54, 0xd5, 0xd7, 0xd6, 0xd6, 0xd0, 0xd3,
  0xd2, 0xd3, 0xd3, 0xd3, 0xd0, 0xd1, 0xd6, 0xd7, 0xd4, 0xd5, 0x54, 0x54,
  0x57, 0x56, 0x56, 0x56, 0x56, 0x57, 0x57, 0x57, 0x54, 0x55, 0xd5, 0xd4,
  0xd5, 0xd5, 0xd5, 0x54, 0x54, 0x54, 0x57, 0x56, 0x51, 0x51, 0x51, 0x56,
  0x56, 0x57, 0x57, 0x54, 0xd5, 0xd5, 0xd4, 0xd4, 0xd7, 0xd7, 0xd7, 0xd7,
  0xd7, 0xd4, 0xd5, 0xd5, 0x55, 0x55, 0x54, 0x54, 0x54, 0x54, 0x54, 0x57,
  0x57, 0x56, 0x56, 0x56, 0x56, 0x56, 0x56, 0x57, 0x54, 0x55, 0xd5, 0xd7,
  0xd6, 0xd0, 0xd0, 0xd0, 0xd3, 0xd0, 0xd1, 0xd7, 0xd4, 0xd5, 0x55, 0x54,
  0x57, 0x57, 0x57, 0x54, 0x54, 0x55, 0xd5, 0xd4, 0xd5, 0xd5, 0xd5, 0x55,
  0xd5, 0x55, 0x55, 0x54, 0x55, 0xd5, 0xd5, 0xd4, 0xd4, 0xd4, 0xd4, 0xd4,
  0xd4, 0xd4, 0xd5, 0x55, 0x54, 0x54, 0x54, 0x54, 0x54, 0x54, 0x54, 0x55,
  0x54, 0x57, 0x57, 0x56, 0x56, 0x56, 0x51, 0x51, 0x56, 0x56, 0x56, 0x57,
  0x54, 0xd5, 0xd4, 0xd7, 0xd7, 0xd6, 0xd1, 0xd6, 0xd6, 0xd6, 0xd7, 0xd7,
  0xd4, 0xd4, 0xd4, 0xd5, 0xd5, 0xd5, 0xd4, 0xd5, 0xd5, 0xd5, 0x55, 0x57,
  0x54, 0x51, 0x50, 0x50, 0x53, 0x53, 0x50, 0x51, 0x57, 0x57, 0x55, 0xd4,
  0xd7, 0xd1, 0xd6, 0xd1, 0xd1, 0xd1, 0xd6, 0xd7, 0xd7, 0xd7, 0xd4, 0xd4,
  0xd5, 0xd5, 0xd5, 0x55, 0x55, 0x55, 0x54, 0x57, 0x56, 0x51, 0x51, 0x50,
  0x50, 0x51, 0x51, 0x56, 0x54, 0x55, 0xd4, 0xd7, 0xd1, 0xd1, 0xd0, 0xd3,
  0xd3, 0xd0, 0xd0, 0xd1, 0xd6, 0xd4, 0xd4, 0xd5, 0x55, 0x55, 0x57, 0x57,
  0x57, 0x57, 0x57, 0x57, 0x57, 0x57, 0x57, 0x57, 0x57, 0x54, 0x54, 0x54,
  0x54, 0x55, 0xd5, 0xd5, 0x55, 0x55, 0x55, 0x55, 0xd5, 0xd5, 0xd5, 0xd4,
  0xd4, 0xd4, 0xd4, 0xd7, 0xd4, 0xd4, 0xd4, 0xd5, 0xd5, 0xd5, 0x55, 0x54,
  0x54, 0x54, 0x54, 0x54, 0x54, 0x54, 0x55, 0x55, 0x55, 0xd5, 0xd5, 0xd5,
  0xd5, 0xd5, 0xd5, 0xd5, 0xd5, 0xd5, 0xd5, 0xd5, 0xd4, 0xd4, 0xd7, 0xd4,
  0xd4, 0xd4, 0xd4, 0xd4, 0xd4, 0x55, 0x54, 0x57, 0x56, 0x51, 0x53, 0x53,
  0x53, 0x53, 0x50, 0x51, 0x56, 0x54, 0x55, 0xd4, 0xd6, 0xd1, 0xd0, 0xd3,
  0xd3, 0xd3, 0xd3, 0xd0, 0xd6, 0xd7, 0xd5, 0x55, 0x55, 0x54, 0x57, 0x56,
  0x56, 0x56, 0x51, 0x56, 0x51, 0x51, 0x50, 0x50, 0x53, 0x52, 0x53, 0x53,
  0x50, 0x51, 0x57, 0x54, 0xd4, 0xd1, 0xd0, 0xd2, 0xdd, 0xdc, 0xdc, 0xdd,
  0xdd, 0xd3, 0xd1, 0xd7, 0xd4, 0x55, 0x54, 0x57, 0x57, 0x56, 0x57, 0x54,
  0x57, 0x54, 0x55, 0x54, 0x54, 0x54, 0x55, 0x54, 0x54, 0x54, 0x54, 0x55,
  0xd5, 0xd4, 0xd7, 0xd6, 0xd1, 0xd1, 0xd1, 0xd1, 0xd1, 0xd1, 0xd6, 0xd6,
  0xd4, 0xd5, 0x54, 0x56, 0x51, 0x50, 0x50, 0x53, 0x52, 0x52, 0x52, 0x52,
  0x52, 0x53, 0x50, 0x51, 0x56, 0x57, 0x54, 0xd5, 0xd4, 0xd7, 0xd6, 0xd1,
  0xd1, 0xd1, 0xd1, 0xd6, 0xd6, 0xd7, 0xd7, 0xd5, 0xd5, 0xd5, 0x55, 0x55,
  0x54, 0x55, 0x54, 0x54, 0x57, 0x57, 0x56, 0x56, 0x56, 0x51, 0x56, 0x56,
  0x57, 0x54, 0xd5, 0xd4, 0xd7, 0xd1, 0xd0, 0xd3, 0xd3, 0xd3, 0xd0, 0xd1,
  0xd7, 0xd5, 0x55, 0x57, 0x56, 0x51, 0x51, 0x50, 0x53, 0x53, 0x53, 0x53,
  0x53, 0x50, 0x53, 0x53, 0x53, 0x50, 0x50, 0x50, 0x51, 0x57, 0x54, 0xd5,
  0xd4, 0xd6, 0xd1, 0xd0, 0xd0, 0xd0, 0xd3, 0xd0, 0xd0, 0xd0, 0xd6, 0xd7,
  0xd5, 0x54, 0x57, 0x56, 0x56, 0x56, 0x56, 0x57, 0x57, 0x57, 0x54, 0x55,
  0xd5, 0x55, 0xd5, 0xd4, 0xd4, 0xd4, 0xd4, 0xd4, 0xd4, 0xd4, 0xd4, 0xd4,
  0xd7, 0xd7, 0xd7, 0xd7, 0xd7, 0xd7, 0xd7, 0xd5, 0xd5, 0xd5, 0x54, 0x57,
  0x56, 0x51, 0x51, 0x50, 0x50, 0x53, 0x50, 0x50, 0x51, 0x56, 0x56, 0x57,
  0x54, 0x55, 0xd5, 0xd4, 0xd4, 0xd4, 0xd4, 0xd4, 0xd4, 0xd4, 0xd5, 0xd5,
  0xd5, 0xd5, 0x55, 0xd5, 0xd5, 0xd5, 0xd5, 0xd4, 0xd4, 0xd4, 0xd5, 0xd4,
  0xd4, 0xd7, 0xd7, 0xd7, 0xd4, 0xd4, 0xd7, 0xd4, 0xd4, 0xd4, 0xd4, 0xd4,
  0xd4, 0xd4, 0xd4, 0xd7, 0xd4, 0xd5, 0x55, 0x55, 0x54, 0x57, 0x56, 0x56,
  0x56, 0x57, 0x56, 0x56, 0x56, 0x57, 0x57, 0x57, 0x57, 0x57, 0x57, 0x57,
  0x56, 0x56, 0x56, 0x56, 0x56, 0x56, 0x54, 0x54, 0x54, 0xd5, 0xd5, 0xd4,
  0xd7, 0xd6, 0xd7, 0xd7, 0xd7, 0xd7, 0xd7, 0xd7, 0xd4, 0xd4, 0xd4, 0xd5,
  0xd5, 0xd5, 0x54, 0x54, 0x54, 0x54, 0x54, 0x57, 0x56, 0x57, 0x57, 0x57,
  0x54, 0x54, 0x54, 0x55, 0x55, 0x55, 0x55, 0xd5, 0xd5, 0xd7, 0xd6, 0xd6,
  0xd6, 0xd1, 0xd1, 0xd1, 0xd6, 0xd6, 0xd6, 0xd7, 0xd7, 0xd4, 0xd5, 0xd5,
  0x54, 0x54, 0x55, 0xd5, 0x55, 0x55, 0xd5, 0xd5, 0xd4, 0xd4, 0xd4, 0xd4,
  0xd4, 0xd4, 0xd5, 0xd5, 0xd5, 0x55, 0x54, 0x57, 0x57, 0x57, 0x56, 0x56,
  0x50, 0x50, 0x51, 0x51, 0x51, 0x51, 0x56, 0x57, 0x54, 0x55, 0xd5, 0xd5,
  0xd4, 0xd7, 0xd6, 0xd6, 0xd1, 0xd0, 0xd0, 0xd1, 0xd0, 0xd1, 0xd1, 0xd6,
  0xd7, 0xd4, 0xd4, 0xd5, 0x54, 0x54, 0x54, 0x57, 0x57, 0x57, 0x57, 0x57,
  0x56, 0x57, 0x54, 0x57, 0x57, 0x54, 0x57, 0x57, 0x57, 0x57, 0x57, 0x57,
  0x57, 0x57, 0x54, 0x54, 0x54, 0x54, 0x54, 0xd5, 0xd5, 0xd5, 0xd5, 0xd5,
  0xd5, 0xd5, 0xd5, 0xd5, 0xd5, 0xd5, 0xd5, 0xd5, 0xd5, 0xd5, 0xd5, 0xd5,
  0xd5, 0xd5, 0xd5, 0xd5, 0xd5, 0xd5, 0xd5, 0xd5, 0xd4, 0xd5, 0xd5, 0xd4,
  0xd4, 0xd4, 0xd4, 0xd7, 0xd7, 0xd7, 0xd4, 0xd5, 0xd5, 0xd5, 0xd5, 0xd5,
  0x55, 0x54, 0x54, 0x54, 0x57, 0x57, 0x57, 0x54, 0x57, 0x57, 0x57, 0x56,
  0x57, 0x57, 0x57, 0x54, 0x54, 0x55, 0xd5, 0xd5, 0xd7, 0xd7, 0xd7, 0xd7,
  0xd7, 0xd6, 0xd7, 0xd4, 0xd5, 0x55, 0x54, 0x56, 0x56, 0x56, 0x51, 0x51,
  0x56, 0x56, 0x57, 0x57, 0x57, 0x54, 0xd5, 0xd5, 0xd5, 0xd4, 0xd7, 0xd7,
  0xd6, 0xd6, 0xd6, 0xd1, 0xd1, 0xd1, 0xd0, 0xd0, 0xd0, 0xd1, 0xd6, 0xd6,
  0xd7, 0xd4, 0xd5, 0x55, 0x54, 0x54, 0x57, 0x57, 0x56, 0x56, 0x56, 0x56,
  0x57, 0x57, 0x57, 0x54, 0x57, 0x57, 0x57, 0x57, 0x57, 0x57, 0x57, 0x54,
  0x54, 0x54, 0x54, 0x55, 0xd5, 0xd5, 0xd5, 0xd5, 0x55, 0x55, 0x54, 0x54,
  0x54, 0x57, 0x57, 0x57, 0x57, 0x57, 0x54, 0x54, 0x54, 0x57, 0x57, 0x54,
  0x54, 0x55, 0xd5, 0x55, 0xd5, 0xd5, 0xd5, 0xd7, 0xd7, 0xd6, 0xd6, 0xd6,
  0xd1, 0xd6, 0xd7, 0xd7, 0xd7, 0xd4, 0xd5, 0xd5, 0x55, 0x54, 0x57, 0x57,
  0x57, 0x57, 0x57, 0x57, 0x57, 0x57, 0x57, 0x57, 0x57, 0x57, 0x54, 0x54,
  0x54, 0x54, 0x54, 0x55, 0xd5, 0xd5, 0xd5, 0xd4, 0xd4, 0xd4, 0xd4, 0xd4,
  0xd5, 0xd5, 0x55, 0x54, 0x54, 0x57, 0x57, 0x57, 0x56, 0x56, 0x57, 0x54,
  0x54, 0x54, 0x54, 0x54, 0x55, 0x55, 0xd5, 0x55, 0xd5, 0xd5, 0xd4, 0xd4,
  0xd4, 0xd6, 0xd6, 0xd6, 0xd0, 0xd0, 0xd1, 0xd1, 0xd6, 0xd7, 0xd4, 0xd5,
  0x55, 0x54, 0x57, 0x56, 0x56, 0x56, 0x51, 0x51, 0x51, 0x56, 0x56, 0x56,
  0x57, 0x57, 0x57, 0x54, 0x54, 0x54, 0xd5, 0xd4, 0xd4, 0xd7, 0xd7, 0xd7,
  0xd7, 0xd7, 0xd7, 0xd7, 0xd7, 0xd4, 0xd5, 0x55, 0x54, 0x54, 0x57, 0x56,
  0x56, 0x51, 0x51, 0x51, 0x51, 0x51, 0x56, 0x56, 0x57, 0x54, 0x54, 0x55,
  0xd5, 0xd5, 0xd4, 0xd7, 0xd7, 0xd7, 0xd6, 0xd6, 0xd6, 0xd6, 0xd6, 0xd6,
  0xd7, 0xd7, 0xd7, 0xd4, 0xd4, 0xd5, 0xd5, 0xd5, 0x55, 0x55, 0xd5, 0x55,
  0xd5, 0xd5, 0xd5, 0x55, 0x55, 0xd5, 0xd5, 0xd5, 0xd5, 0xd5, 0xd4, 0xd4,
  0xd4, 0xd7, 0xd6, 0xd6, 0xd7, 0xd7, 0xd4, 0xd4, 0xd5, 0xd5, 0x55, 0x54,
  0x57, 0x57, 0x57, 0x56, 0x57, 0x57, 0x57, 0x57, 0x54, 0x54, 0x54, 0x57,
  0x54, 0x54, 0x54, 0x54, 0x54, 0x55, 0xd5, 0xd5, 0xd4, 0xd7, 0xd7, 0xd6,
  0xd1, 0xd1, 0xd1, 0xd6, 0xd7, 0xd4, 0xd5, 0x55, 0x54, 0x57, 0x56, 0x51,
  0x50, 0x50, 0x51, 0x51, 0x56, 0x56, 0x57, 0x57, 0x57, 0x54, 0x55, 0x55,
  0xd5, 0xd5, 0xd5, 0xd7, 0xd4, 0xd7, 0xd7, 0xd7, 0xd6, 0xd6, 0xd7, 0xd4,
  0xd4, 0xd5, 0x55, 0x54, 0x57, 0x57, 0x56, 0x56, 0x51, 0x51, 0x51, 0x56,
  0x56, 0x56, 0x56, 0x57, 0x54, 0x55, 0xd5, 0xd4, 0xd4, 0xd4, 0xd7, 0xd6,
  0xd6, 0xd6, 0xd1, 0xd1, 0xd6, 0xd1, 0xd6, 0xd7, 0xd7, 0xd4, 0xd4, 0xd4,
  0xd5, 0x55, 0x55, 0x55, 0x54, 0x54, 0x54, 0x54, 0x57, 0x54, 0x57, 0x57,
  0x57, 0x56, 0x57, 0x57, 0x54, 0x55, 0x55, 0x55, 0xd5, 0xd4, 0xd7, 0xd4,
  0xd4, 0xd4, 0xd5, 0xd5, 0xd5, 0xd5, 0x55, 0x55, 0x54, 0x54, 0x54, 0x55,
  0x55, 0x54, 0x55, 0x55, 0xd5, 0x55, 0x55, 0x55, 0x55, 0x55, 0x54, 0x54,
  0x54, 0x54, 0x55, 0x55, 0xd5, 0xd4, 0xd4, 0xd4, 0xd4, 0xd4, 0xd7, 0xd5,
  0xd5, 0x55, 0x55, 0x54, 0x57, 0x57, 0x56, 0x56, 0x56, 0x56, 0x56, 0x56,
  0x54, 0x54, 0x54, 0x55, 0xd5, 0x55, 0xd5, 0xd5, 0xd5, 0xd5, 0xd5, 0xd5,
  0xd5, 0xd5, 0xd5, 0xd5, 0xd5, 0xd5, 0xd5, 0xd5, 0x55, 0x55, 0x54, 0x57,
  0x57, 0x57, 0x56, 0x56, 0x56, 0x56, 0x56, 0x56, 0x56, 0x57, 0x57, 0x57,
  0x54, 0x55, 0x54, 0x54, 0x54, 0x55, 0xd5, 0xd4, 0xd5, 0xd4, 0xd4, 0xd4,
  0xd4, 0xd6, 0xd7, 0xd4, 0xd7, 0xd7, 0xd6, 0xd7, 0xd4, 0xd7, 0xd7, 0xd7,
  0xd4, 0xd5, 0xd4, 0xd5, 0x55, 0x57, 0x57, 0x54, 0x54, 0x56, 0x56, 0x57,
  0x54, 0x55, 0x55, 0x57, 0x54, 0xd7, 0xd5, 0x57, 0x55, 0xd6, 0x55, 0x56,
  0xd5, 0xd6, 0xd4, 0x57, 0x57, 0xd4, 0xd7, 0xd5, 0x57, 0x55, 0xd7, 0xd5,
  0x57, 0x55, 0xd6, 0x55, 0x51, 0x55, 0xd7, 0xd5, 0x57, 0x55, 0xd7, 0xd4,
  0x55, 0x54, 0xd5, 0xd7, 0xd5, 0x57, 0x54, 0x55, 0x54, 0x56, 0x57, 0x57,
  0x56, 0x56, 0x57, 0x54, 0x57, 0x57, 0x54, 0xd5, 0xd5, 0x55, 0x55, 0x55,
  0xd5, 0xd5, 0x55, 0x54, 0x55, 0x55, 0xd5, 0xd4, 0xd5, 0xd5, 0x55, 0xd4,
  0xd4, 0xd4, 0xd4, 0xd4, 0xd7, 0xd4, 0xd5, 0xd5, 0xd5, 0xd5, 0xd5, 0xd5,
  0xd5, 0xd5, 0xd5, 0xd5, 0x55, 0x54, 0x57, 0x57, 0x57, 0x57, 0x57, 0x56,
  0x57, 0x57, 0x54, 0x55, 0x55, 0x55, 0x55, 0xd5, 0xd4, 0xd4, 0xd4, 0xd4,
  0xd5, 0xd4, 0xd4, 0xd4, 0xd4, 0xd5, 0xd4, 0xd4, 0xd4, 0xd5, 0xd5, 0xd5,
  0xd5, 0xd5, 0x55, 0x55, 0x55, 0x55, 0x55, 0x55, 0xd5, 0xd4, 0xd5, 0xd5,
  0xd5, 0xd5, 0xd4, 0xd4, 0xd5, 0x55, 0x55, 0x55, 0x54, 0x55, 0xd5, 0xd5,
  0x55, 0x54, 0x54, 0x54, 0x54, 0x55, 0x55, 0x55, 0x55, 0x55, 0x55, 0x55,
  0x55, 0x54, 0x54, 0x54, 0xd5, 0xd5, 0xd4, 0xd5, 0xd5, 0xd5, 0xd5, 0x55,
  0x55, 0x55, 0x54, 0x55, 0x55, 0x54, 0x57, 0x57, 0x57, 0x54, 0x57, 0x57,
  0x54, 0x57, 0x57, 0x54, 0x54, 0x57, 0x54, 0x54, 0x54, 0x55, 0x55, 0x55,
  0xd5, 0xd5, 0xd5, 0xd5, 0xd4, 0xd7, 0xd7, 0xd4, 0xd4, 0xd4, 0xd4, 0xd4,
  0xd7, 0xd4, 0xd7, 0xd7, 0xd7, 0xd7, 0xd7, 0xd7, 0xd4, 0xd4, 0xd4, 0xd4,
  0xd5, 0x55, 0x55, 0x55, 0x54, 0x54, 0x54, 0x57, 0x54, 0x55, 0x54, 0x57,
  0x57, 0x57, 0x54, 0x54, 0x54, 0x55, 0x55, 0x55, 0xd5, 0xd4, 0xd5, 0xd4,
  0xd4, 0xd4, 0xd4, 0xd5, 0xd5, 0xd4, 0xd4, 0x55, 0x55, 0x55, 0x54, 0x57,
  0x54, 0x55, 0x54, 0x57, 0x54, 0xd5, 0x55, 0xd5, 0xd5, 0xd5, 0xd5, 0xd5,
  0xd4, 0xd4, 0xd5, 0xd4, 0xd4, 0xd4, 0xd5, 0xd5, 0xd4, 0xd5, 0x55, 0x55,
  0x55, 0x54, 0x57, 0x55, 0x54, 0x54, 0x54, 0x57, 0x57, 0x57, 0x57, 0x57,
  0x57, 0x54, 0x54, 0x54, 0x57, 0x54, 0x54, 0x57, 0x54, 0x55, 0x55, 0xd5,
  0xd5, 0xd5, 0xd5, 0xd5, 0x55, 0x55, 0xd5, 0xd5, 0xd5, 0x54, 0x55, 0x55,
  0x55, 0x54, 0x55, 0x55, 0x55, 0x54, 0x54, 0x54, 0x57, 0x57, 0x54, 0x55,
  0x55, 0x54, 0x54, 0x55, 0x55, 0x54, 0x54, 0x55, 0xd5, 0x55, 0x55, 0xd5,
  0xd5, 0xd5, 0xd4, 0xd4, 0xd4, 0xd4, 0xd4, 0xd4, 0xd4, 0xd4, 0xd5, 0xd5,
  0x55, 0x55, 0xd5, 0x55, 0x54, 0x54, 0x54, 0x54, 0xd5, 0xd5, 0xd5, 0xd4,
  0xd4, 0xd5, 0x55, 0x55, 0xd4, 0xd7, 0xd7, 0xd6, 0xd6, 0xd7, 0xd7, 0xd4,
  0xd7, 0xd7, 0xd7, 0xd4, 0xd4, 0x55, 0x54, 0x57, 0x56, 0x56, 0x56, 0x56,
  0x56, 0x57, 0x56, 0x56, 0x57, 0x57, 0x56, 0x57, 0x54, 0x54, 0x55, 0x55,
  0x54, 0x54, 0x54, 0x54, 0x55, 0x55, 0x55, 0xd5, 0xd5, 0xd5, 0x54, 0x54,
  0x54, 0x55, 0x55, 0x54, 0xd5, 0xd5, 0x55, 0x55, 0xd5, 0xd5, 0xd5, 0xd5,
  0xd5, 0xd4, 0xd4, 0xd5, 0xd5, 0xd5, 0xd5, 0xd4, 0xd4, 0xd4, 0xd5, 0xd5,
  0xd5, 0x55, 0x55, 0x54, 0x54, 0x54, 0x57, 0x57, 0x57, 0x57, 0x56, 0x57,
  0x54, 0x57, 0x54, 0x57, 0x54, 0x55, 0x55, 0xd5, 0xd5, 0xd5, 0x55, 0x55,
  0x55, 0x54, 0x54, 0x55, 0xd5, 0xd5, 0xd5, 0xd4, 0xd4, 0xd5, 0xd4, 0xd5,
  0x55, 0x55, 0xd5, 0xd5, 0x55, 0x55, 0x57, 0x57, 0x56, 0x56, 0x57, 0x54,
  0x54, 0x54, 0x54, 0x54, 0x57, 0x57, 0x54, 0x54, 0xd5, 0xd5, 0xd5, 0xd7,
  0xd4, 0xd4, 0xd7, 0xd7, 0xd4, 0xd7, 0xd6, 0xd6, 0xd7, 0xd4, 0xd4, 0xd5,
  0xd5, 0xd5, 0xd5, 0xd5, 0x55, 0x55, 0xd5, 0x55, 0x55, 0x55, 0xd5, 0xd5,
  0xd5, 0xd7, 0xd4, 0xd5, 0xd5, 0xd5, 0xd7, 0xd4, 0xd5, 0xd5, 0xd4, 0xd7,
  0xd5, 0x55, 0xd5, 0xd5, 0x54, 0x54, 0x55, 0x55, 0x54, 0x54, 0x55, 0x55,
  0x54, 0x54, 0x54, 0x54, 0x54, 0x54, 0x55, 0xd5, 0x55, 0x55, 0x55, 0x55,
  0x54, 0x57, 0x54, 0x55, 0x54, 0x54, 0x55, 0x55, 0x55, 0x55, 0x54, 0x55,
  0x55, 0xd5, 0xd5, 0xd5, 0xd5, 0xd5, 0xd5, 0xd5, 0xd5, 0xd5, 0xd4, 0xd4,
  0xd4, 0xd4, 0xd4, 0xd5, 0x55, 0x55, 0x55, 0x54, 0x54, 0x55, 0x55, 0x55,
  0x55, 0xd5, 0x55, 0xd5, 0xd5, 0xd4, 0xd4, 0xd4, 0xd7, 0xd4, 0xd7, 0xd5,
  0xd5, 0xd5, 0x55, 0x55, 0x54, 0x55, 0x54, 0x57, 0x54, 0x57, 0x57, 0x57,
  0x56, 0x57, 0x57, 0x54, 0x54, 0x55, 0x55, 0x55, 0xd5, 0xd5, 0xd4, 0xd7,
  0xd7, 0xd4, 0xd4, 0xd4, 0xd5, 0x55, 0x55, 0x55, 0x57, 0x55, 0x54, 0x54,
  0x54, 0x57, 0x54, 0x54, 0x55, 0x55, 0x55, 0xd4, 0xd4, 0xd4, 0xd5, 0xd5,
  0xd4, 0xd5, 0xd4, 0xd4, 0xd5, 0xd5, 0xd4, 0xd4, 0xd5, 0xd4, 0xd4, 0xd5,
  0xd4, 0xd5, 0x55, 0x55, 0x54, 0x55, 0x54, 0x54, 0x57, 0x56, 0x54, 0x57,
  0x54, 0x57, 0x57, 0x57, 0x57, 0x54, 0x54, 0x54, 0x54, 0x54, 0x55, 0x54,
  0x55, 0x55, 0x54, 0x54, 0x55, 0x55, 0xd5, 0x55, 0x55, 0x55, 0x54, 0x55,
  0x55, 0x55, 0x55, 0x54, 0x55, 0x54, 0x54, 0x54, 0x54, 0x54, 0x54, 0x55,
  0x54, 0x54, 0x55, 0x55, 0xd5, 0x55, 0xd5, 0xd5, 0xd5, 0xd4, 0xd5, 0xd4,
  0xd4, 0xd4, 0xd4, 0xd5, 0xd4, 0xd5, 0xd5, 0xd5, 0x55, 0x54, 0x54, 0x54,
  0x54, 0x54, 0x57, 0x57, 0x57, 0x57, 0x54, 0x57, 0x54, 0x54, 0x54, 0x55,
  0x55, 0xd5, 0xd5, 0xd4, 0xd5, 0xd5, 0xd4, 0xd5, 0xd5, 0x55, 0x55, 0x55,
  0x54, 0x57, 0x57, 0x56, 0x56, 0x56, 0x51, 0x56, 0x51, 0x56, 0x56, 0x57,
  0x54, 0x56, 0x57, 0x57, 0x54, 0x55, 0x54, 0x55, 0x54, 0x55, 0xd5, 0x55,
  0xd5, 0x55, 0xd5, 0xd5, 0xd4, 0xd4, 0xd5, 0xd5, 0xd5, 0xd4, 0xd4, 0xd4,
  0xd4, 0xd4, 0xd5, 0xd5, 0xd5, 0x55, 0xd5, 0xd5, 0xd5, 0xd4, 0xd5, 0xd7,
  0xd5, 0xd4, 0xd4, 0xd5, 0xd7, 0x55, 0xd5, 0xd5, 0xd5, 0xd5, 0x55, 0xd5,
  0x54, 0x55, 0xd5, 0x55, 0xd5, 0x55, 0x54, 0x55, 0x54, 0x54, 0x57, 0x57,
  0x54, 0x57, 0x54, 0x57, 0x55, 0x54, 0xd5, 0x55, 0x55, 0x55, 0x55, 0xd5,
  0xd5, 0x55, 0x55, 0xd5, 0x55, 0xd5, 0xd5, 0x55, 0x55, 0x55, 0xd5, 0xd5,
  0x55, 0xd5, 0x54, 0x55, 0x54, 0x54, 0x54, 0x57, 0x57, 0x57, 0x57, 0x57,
  0x57, 0x54, 0x54, 0x54, 0x55, 0xd5, 0xd5, 0xd4, 0xd4, 0xd4, 0xd7, 0xd4,
  0xd7, 0xd7, 0xd7, 0xd6, 0xd7, 0xd6, 0xd7, 0xd7, 0xd7, 0xd4, 0xd7, 0xd5,
  0xd5, 0xd5, 0x54, 0xd5, 0x54, 0x54, 0x54, 0x55, 0x55, 0x54, 0x55, 0x55,
  0x54, 0x55, 0x55, 0x55, 0xd5, 0x55, 0xd5, 0x55, 0xd5, 0xd5, 0x55, 0xd5,
  0xd5, 0x55, 0x55, 0x57, 0x50, 0x5d, 0x59, 0x5a, 0x45, 0x44, 0x44, 0x47,
  0x41, 0x47, 0x44, 0x5a, 0x5b, 0x58, 0x5c, 0x50, 0x56, 0x55, 0xd4, 0xd7,
  0xd6, 0xd0, 0xdf, 0xdb, 0xc5, 0xc4, 0xc7, 0xc1, 0xc0, 0xc1, 0xc3, 0xc2,
  0xc2, 0xcd, 0xce, 0xc8, 0xc9, 0xcc, 0xcc, 0xcd, 0xcd, 0xc2, 0xc2, 0xc0,
  0xc4, 0xdb, 0xde, 0xdd, 0xd0, 0x55, 0x57, 0x51, 0x51, 0x50, 0x5d, 0x5c,
  0x58, 0x5b, 0x5a, 0x5a, 0x5b, 0x45, 0x5b, 0x5b, 0x5a, 0x45, 0x44, 0x45,
  0x45, 0x45, 0x45, 0x5b, 0x58, 0x59, 0x58, 0x59, 0x5e, 0x5f, 0x5d, 0x52,
  0x50, 0x56, 0x56, 0x54, 0x57, 0x54, 0x57, 0x57, 0x54, 0x57, 0x54, 0x57,
  0x57, 0x57, 0x51, 0x51, 0x50, 0x53, 0x53, 0x52, 0x53, 0x52, 0x5d, 0x5d,
  0x5c, 0x52, 0x5d, 0x53, 0x53, 0x50, 0x51, 0x56, 0x54, 0x54, 0x55, 0xd5,
  0xd4, 0xd0, 0xd3, 0xd2, 0xd0, 0xd1, 0xd0, 0xd1, 0xdc, 0xd2, 0xdf, 0xdf,
  0xdd, 0xde, 0xdd, 0xde, 0xdd, 0xdf, 0xdb, 0xd8, 0xdb, 0xd8, 0xd9, 0xdf,
  0xd3, 0xdd, 0xdd, 0xdf, 0xdc, 0xdd, 0xd2, 0xd1, 0xd1, 0xd4, 0xd7, 0xd7,
  0xd6, 0xd0, 0xd0, 0xd3, 0xd6, 0xd5, 0x55, 0x54, 0x55, 0xd4, 0xd7, 0xd6,
  0xd5, 0x56, 0x51, 0x53, 0x52, 0x52, 0x53, 0x57, 0x57, 0x57, 0x51, 0x53,
  0x5d, 0x52, 0x53, 0x50, 0x57, 0x57, 0x57, 0x51, 0x52, 0x5c, 0x59, 0x5e,
  0x5f, 0x5c, 0x52, 0x52, 0x5d, 0x5e, 0x58, 0x59, 0x59, 0x5e, 0x5c, 0x52,
  0x52, 0x5d, 0x5c, 0x5f, 0x5f, 0x5c, 0x5c, 0x52, 0x50, 0x56, 0x57, 0x51,
  0x50, 0x53, 0x51, 0x56, 0x55, 0xd5, 0xd4, 0xd7, 0xd7, 0xd7, 0xd6, 0xd6,
  0xd1, 0xd0, 0xd3, 0xdd, 0xd2, 0xd2, 0xd0, 0xd1, 0xd1, 0xd0, 0xd3, 0xd2,
  0xd2, 0xdd, 0xd2, 0xd3, 0xd3, 0xd0, 0xd3, 0xd3, 0xd3, 0xd2, 0xd2, 0xd2,
  0xd3, 0xd0, 0xd1, 0xd7, 0xd7, 0xd6, 0xd1, 0xd1, 0xd4, 0xd4, 0x55, 0x55,
  0xd5, 0x55, 0x55, 0x55, 0xd4, 0xd4, 0x55, 0x57, 0x56, 0x57, 0x57, 0x57,
  0x55, 0x55, 0x54, 0x56, 0x56, 0x57, 0x57, 0x57, 0x54, 0x54, 0x54, 0x54,
  0x56, 0x51, 0x50, 0x51, 0x57, 0x56, 0x57, 0x57, 0x57, 0x56, 0x51, 0x51,
  0x51, 0x51, 0x56, 0x56, 0x57, 0x54, 0x57, 0x56, 0x51, 0x56, 0x56, 0x56,
  0x57, 0x57, 0x54, 0x57, 0x51, 0x56, 0x57, 0x54, 0x57, 0x56, 0x55, 0x55,
  0x55, 0xd5, 0x54, 0x55, 0xd5, 0xd7, 0xd7, 0xd4, 0xd7, 0xd6, 0xd7, 0xd7,
  0xd7, 0xd6, 0xd6, 0xd6, 0xd7, 0xd6, 0xd6, 0xd7, 0xd7, 0xd7, 0xd7, 0xd6,
  0xd1, 0xd6, 0xd6, 0xd7, 0xd6, 0xd7, 0xd4, 0xd4, 0xd7, 0xd7, 0xd4, 0x55,
  0x55, 0x54, 0x54, 0x54, 0x55, 0x55, 0x55, 0x55, 0x54, 0x55, 0x55, 0x55,
  0xd5, 0x55, 0x55, 0x55, 0x55, 0x55, 0x54, 0x54, 0x54, 0x54, 0x55, 0x55,
  0x55, 0x55, 0x54, 0x57, 0x57, 0x57, 0x57, 0x57, 0x56, 0x57, 0x54, 0x54,
  0x54, 0x57, 0x56, 0x57, 0x57, 0x54, 0x54, 0x54, 0x57, 0x57, 0x57, 0x57,
  0x57, 0x54, 0x55, 0x55, 0x55, 0x55, 0xd5, 0x55, 0x55, 0xd5, 0xd4, 0xd5,
  0xd5, 0xd5, 0xd5, 0xd5, 0xd5, 0xd4, 0xd4, 0xd7, 0xd6, 0xd7, 0xd4, 0xd4,
  0xd7, 0xd7, 0xd6, 0xd6, 0xd6, 0xd6, 0xd7, 0xd6, 0xd6, 0xd6, 0xd7, 0xd7,
  0xd7, 0xd4, 0xd4, 0xd4, 0xd5, 0xd4, 0xd4, 0xd5, 0xd5, 0x54, 0x55, 0xd5,
  0x55, 0x55, 0xd5, 0xd5, 0xd5, 0x55, 0x54, 0x54, 0x55, 0x55, 0x54, 0x54,
  0x54, 0x54, 0x57, 0x54, 0x54, 0x54, 0x54, 0x54, 0x54, 0x54, 0x55, 0xd5,
  0xd5, 0xd5, 0xd5, 0x55, 0x55, 0x55, 0x54, 0x54, 0x54, 0x54, 0x54, 0x54,
  0x54, 0x54, 0x54, 0x54, 0x55, 0x54, 0x55, 0xd5, 0xd5, 0xd5, 0xd5, 0xd5,
  0xd5, 0xd5, 0xd5, 0xd4, 0xd5, 0x55, 0x55, 0x55, 0xd5, 0xd5, 0xd5, 0x55,
  0x55, 0x55, 0xd5, 0x55, 0x55, 0x55, 0x55, 0xd5, 0xd5, 0xd5, 0xd5, 0xd5,
  0xd5, 0xd5, 0x55, 0xd5, 0xd5, 0x55, 0x55, 0xd5, 0xd4, 0xd5, 0xd5, 0xd5,
  0xd5, 0xd5, 0xd4, 0xd4, 0xd4, 0xd5, 0xd4, 0xd4, 0xd5, 0xd5, 0xd4, 0xd7,
  0xd4, 0xd7, 0xd7, 0xd4, 0xd4, 0x55, 0xd5, 0xd5, 0xd4, 0xd5, 0xd5, 0xd5,
  0xd5, 0xd5, 0x55, 0x55, 0x55, 0xd5, 0xd5, 0xd5, 0x55, 0xd5, 0xd5, 0x55,
  0x55, 0x54, 0x54, 0x55, 0x54, 0x54, 0x54, 0x57, 0x57, 0x54, 0x57, 0x54,
  0x54, 0x54, 0x57, 0x54, 0x54, 0x54, 0x57, 0x57, 0x57, 0x57, 0x57, 0x54,
  0x54, 0x54, 0x54, 0x54, 0x54, 0x55, 0x54, 0x55, 0xd5, 0x55, 0x55, 0x54,
  0x55, 0x54, 0x54, 0x55, 0xd5, 0xd5, 0xd4, 0xd4, 0xd5, 0xd5, 0xd5, 0xd5,
  0xd5, 0xd4, 0x55, 0x55, 0x55, 0x54, 0x54, 0x55, 0x55, 0x54, 0x55, 0x55,
  0x55, 0x54, 0x54, 0x55, 0x55, 0x55, 0xd5, 0x55, 0xd5, 0xd5, 0xd5, 0xd5,
  0x55, 0x55, 0x55, 0x55, 0x55, 0x54, 0x55, 0x55, 0xd5, 0x55, 0x54, 0x55,
  0x55, 0x55, 0x55, 0x55, 0x55, 0x54, 0x55, 0x55, 0x54, 0x54, 0x54, 0x54,
  0x54, 0x55, 0x55, 0x54, 0x54, 0x55, 0x55, 0x55, 0x55, 0xd5, 0xd5, 0x55,
  0x55, 0x54, 0x54, 0x54, 0x54, 0x54, 0x54, 0x55, 0x55, 0x55, 0x55, 0x54,
  0x54, 0x55, 0x54, 0x55, 0x55, 0xd5, 0x55, 0x55, 0x54, 0x54, 0x54, 0x54,
  0x54, 0x55, 0xd5, 0x55, 0xd5, 0xd5, 0x55, 0x55, 0x55, 0xd4, 0xd4, 0xd5,
  0xd4, 0xd5, 0xd5, 0xd5, 0xd4, 0xd4, 0xd4, 0xd4, 0xd4, 0xd4, 0xd4, 0xd4,
  0xd4, 0xd4, 0xd4, 0xd4, 0xd4, 0xd5, 0xd5, 0xd5, 0xd5, 0x55, 0x55, 0x55,
  0x55, 0x55, 0x54, 0x54, 0x54, 0x54, 0x54, 0x57, 0x57, 0x54, 0x54, 0x57,
  0x54, 0x54, 0x54, 0x54, 0x54, 0x55, 0x54, 0x54, 0x55, 0xd5, 0x55, 0xd5,
  0xd5, 0xd5, 0xd5, 0xd5, 0xd4, 0xd7, 0xd7, 0xd7, 0xd4, 0xd4, 0xd4, 0xd4,
  0xd4, 0xd5, 0xd5, 0xd5, 0x55, 0x55, 0xd5, 0x55, 0x55, 0x55, 0x55, 0xd5,
  0x55, 0x55, 0x54, 0x55, 0x54, 0x55, 0x55, 0xd5, 0xd5, 0x55, 0xd5, 0x55,
  0xd5, 0x55, 0x55, 0xd5, 0xd5, 0xd5, 0xd5, 0xd4, 0xd4, 0xd5, 0xd5, 0x55,
  0x55, 0xd5, 0xd5, 0xd5, 0x55, 0x55, 0x55, 0x54, 0x54, 0x54, 0x55, 0x55,
  0x55, 0x54, 0x54, 0x54, 0x54, 0x54, 0x54, 0x55, 0x55, 0x55, 0x55, 0x55,
  0x55, 0x54, 0x54, 0x55, 0x55, 0x55, 0x55, 0x55, 0x55, 0x55, 0x55, 0x55,
  0x55, 0x55, 0x55, 0xd5, 0xd5, 0x55, 0xd5, 0xd5, 0xd5, 0xd4, 0xd4, 0xd5,
  0xd4, 0xd4, 0xd4, 0xd4, 0xd4, 0xd5, 0xd5, 0xd4, 0xd4, 0xd4, 0xd4, 0xd5,
  0xd4, 0xd4, 0xd5, 0xd5, 0x55, 0x55, 0xd5, 0x55, 0x55, 0x54, 0x55, 0x55,
  0x54, 0x55, 0x55, 0xd5, 0xd5, 0xd5, 0xd5, 0xd5, 0xd5, 0xd5, 0xd5, 0xd5,
  0xd5, 0xd4, 0xd4, 0xd4, 0xd4, 0xd5, 0xd5, 0xd5, 0xd5, 0xd5, 0xd4, 0xd5,
  0x55, 0x55, 0x54, 0x55, 0x54, 0x54, 0x54, 0x54, 0x55, 0x54, 0x54, 0x54,
  0x54, 0x54, 0x54, 0x54, 0x54, 0x54, 0x55, 0x55, 0x54, 0x55, 0x55, 0x55,
  0x55, 0x55, 0x55, 0xd5, 0xd5, 0x55, 0x55, 0xd5, 0xd5, 0xd5, 0xd5, 0x55,
  0xd5, 0xd5, 0xd5, 0xd5, 0xd5, 0xd5, 0xd5, 0xd5, 0xd5, 0xd5, 0xd5, 0xd5,
  0x55, 0xd5, 0xd5, 0x55, 0xd5, 0x55, 0x54, 0x54, 0x54, 0x55, 0x55, 0x55,
  0x55, 0x54, 0x54, 0x54, 0x54, 0x54, 0x57, 0x54, 0x57, 0x54, 0x54, 0x57,
  0x57, 0x54, 0x55, 0x55, 0x55, 0x55, 0x55, 0xd5, 0xd5, 0xd5, 0xd5, 0xd5,
  0x55, 0xd5, 0xd5, 0xd5, 0x55, 0xd5, 0xd5, 0x54, 0x54, 0x54, 0x55, 0x54,
  0x54, 0x54, 0x54, 0x54, 0x54, 0x55, 0x55, 0x55, 0x55, 0x55, 0x55, 0x54,
  0x55, 0xd5, 0x55, 0x55, 0x55, 0xd5, 0xd5, 0xd5, 0xd5, 0xd5, 0xd4, 0xd4,
  0xd4, 0xd5, 0xd4, 0xd4, 0xd4, 0xd5, 0xd5, 0xd4, 0xd7, 0xd4, 0x55, 0x55,
  0xd5, 0x55, 0x55, 0x55, 0x54, 0x54, 0x54, 0x54, 0x54, 0x54, 0x54, 0x55,
  0x54, 0x55, 0x54, 0x55, 0x54, 0x54, 0x55, 0xd5, 0xd5, 0x55, 0xd5, 0xd5,
  0xd4, 0xd5, 0xd5, 0xd5, 0xd5, 0xd5, 0xd5, 0x55, 0xd5, 0x55, 0x55, 0x55,
  0x55, 0x55, 0x55, 0x55, 0x55, 0x54, 0x55, 0xd5, 0x55, 0xd5, 0x54, 0x55,
  0x55, 0x55, 0x55, 0xd5, 0xd5, 0x55, 0x55, 0x55, 0x55, 0xd5, 0xd5, 0x55,
  0xd5, 0xd5, 0xd5, 0xd5, 0x55, 0x55, 0xd5, 0x55, 0x55, 0xd5, 0xd5, 0x55,
  0x55, 0xd5, 0xd5, 0xd5, 0xd4, 0xd4, 0xd4, 0xd4, 0xd5, 0xd5, 0xd4, 0xd4,
  0x55, 0x55, 0xd5, 0xd5, 0xd5, 0xd5, 0xd5, 0x55, 0x54, 0x54, 0x54, 0x54,
  0x55, 0x55, 0x55, 0x55, 0x55, 0x55, 0xd5, 0xd5, 0xd5, 0xd4, 0xd5, 0xd5,
  0xd5, 0xd5, 0xd5, 0xd5, 0x55, 0x55, 0x55, 0xd5, 0xd5, 0xd5, 0xd4, 0xd5,
  0xd5, 0xd5, 0xd5, 0xd5, 0x55, 0xd5, 0xd5, 0xd5, 0xd5, 0x55, 0x55, 0xd5,
  0x55, 0xd5, 0x55, 0x55, 0xd5, 0x55, 0x54, 0x54, 0x54, 0x55, 0x55, 0x55,
  0xd5, 0x55, 0x55, 0x55, 0x55, 0x55, 0x55, 0xd5, 0x55, 0xd5, 0xd5, 0xd5,
  0xd5, 0x55, 0xd5, 0xd5, 0xd5, 0xd5, 0xd5, 0xd5, 0xd5, 0xd5, 0xd5, 0xd5,
  0xd4, 0xd4, 0xd4, 0xd5, 0xd4, 0xd5, 0xd5, 0xd5, 0xd5, 0xd5, 0xd5, 0x55,
  0xd5, 0xd5, 0xd5, 0x55, 0x55, 0x55, 0x55, 0x55, 0x54, 0x55, 0x55, 0x55,
  0x55, 0x55, 0x55, 0x55, 0x55, 0x55, 0x55, 0xd5, 0xd5, 0xd5, 0xd5, 0xd5,
  0xd5, 0xd5, 0xd5, 0xd5, 0xd5, 0xd5, 0xd5, 0xd5, 0xd5, 0xd5, 0xd5, 0xd5,
  0xd5, 0xd5, 0xd5, 0x55, 0x55, 0x55, 0x55, 0x55, 0x55, 0x55, 0x55, 0x55,
  0x55, 0x55, 0x55, 0x55, 0x55, 0x55, 0x55, 0x55, 0x55, 0xd5, 0xd5, 0xd5,
  0xd5, 0xd5, 0xd5, 0xd5, 0xd5, 0xd5, 0xd5, 0xd5, 0xd5, 0xd5, 0xd5, 0xd5,
  0x55, 0xd5, 0xd7, 0xd5, 0x51, 0x51, 0xd6, 0xdc, 0xd0, 0x54, 0x50, 0xd4,
  0xdf, 0xdb, 0xd1, 0x45, 0x42, 0x53, 0xc5, 0xc6, 0x55, 0x5f, 0xd5, 0xde,
  0x57, 0x4f, 0x46, 0xd9, 0xf4, 0xc2, 0x5f, 0x4e, 0x41, 0x55, 0xd9, 0xd7,
  0x44, 0x4a, 0x5f, 0xc0, 0xc0, 0x53, 0x4c, 0x50, 0xdc, 0x5e, 0x41, 0xd0,
  0xc3, 0x54, 0xda, 0xcd, 0x53, 0xc1, 0x46, 0x65, 0xcb, 0xe7, 0x72, 0x65,
  0xf4, 0xf4, 0x54, 0x46, 0xd6, 0xf4, 0x4a, 0x61, 0x51, 0xed, 0xf9, 0x71,
  0x5e, 0xc6, 0x77, 0x40, 0xc9, 0x64, 0x17, 0x61, 0xcf, 0x7e, 0x35, 0x30,
  0x77, 0x87, 0x17, 0x15, 0x8f, 0xb5, 0x87, 0x96, 0x9c, 0x9b, 0xc9, 0x67,
  0x93, 0x99, 0x56, 0x49, 0xe4, 0xe3, 0xf7, 0x4a, 0xc1, 0xff, 0x65, 0x66,
  0x5b, 0x73, 0x74, 0x71, 0x68, 0x79, 0xfc, 0xd7, 0x61, 0x6c, 0x65, 0x5a,
  0x5a, 0x7d, 0x7d, 0x64, 0x62, 0x74, 0xd3, 0x62, 0x69, 0xff, 0xff, 0x6d,
  0x72, 0xf6, 0x7c, 0x7c, 0xe7, 0xe7, 0x75, 0x7c, 0xfe, 0xda, 0x63, 0xd6,
  0x94, 0xd5, 0x48, 0xe0, 0xe6, 0x69, 0x60, 0xef, 0xcf, 0xf7, 0xee, 0xc8,
  0x7a, 0x4e, 0xf7, 0xe4, 0xea, 0xc9, 0x63, 0x54, 0xf0, 0x4e, 0xde, 0xe7,
  0xf7, 0x14, 0x65, 0xe4, 0xcf, 0x66, 0x62, 0x92, 0x16, 0x04, 0x6b, 0x1d,
  0x69, 0x85, 0xe0, 0x0e, 0x6b, 0x80, 0x86, 0x15, 0x04, 0x92, 0x9f, 0xea,
  0xe1, 0x8c, 0x17, 0x35, 0x80, 0x84, 0x71, 0xfa, 0xcd, 0xeb, 0x70, 0x67,
  0x51, 0x78, 0x67, 0x97, 0xed, 0xdc, 0x61, 0x65, 0x18, 0x1b, 0x1f, 0xe8,
  0xf8, 0x31, 0x30, 0x7e, 0x8e, 0x0f, 0x09, 0x98, 0xfe, 0xfd, 0xe3, 0x8b,
  0x94, 0x0d, 0x86, 0xb5, 0x87, 0x98, 0xf0, 0xe7, 0x58, 0x98, 0xb4, 0x80,
  0x01, 0x19, 0xf9, 0x85, 0x8c, 0xf1, 0x02, 0x12, 0x95, 0xeb, 0x18, 0xc5,
  0xc6, 0x37, 0x17, 0x85, 0x83, 0x09, 0x36, 0x78, 0xdb, 0x83, 0xfb, 0x01,
  0x06, 0x17, 0x8a, 0x82, 0x00, 0x1c, 0x97, 0x4f, 0x63, 0x98, 0x99, 0x1e,
  0x09, 0xef, 0xbc, 0xcc, 0x36, 0x60, 0xe0, 0x94, 0x96, 0xd3, 0x5e, 0x07,
  0x10, 0x85, 0xef, 0xe7, 0xf6, 0x0d, 0x1f, 0x82, 0x96, 0x01, 0x1f, 0xd3,
  0x98, 0x74, 0x05, 0xda, 0xe6, 0x07, 0x69, 0x84, 0x87, 0xe1, 0x03, 0x0e,
  0xc3, 0x85, 0xea, 0x58, 0x17, 0x64, 0x7c, 0x70, 0x73, 0x84, 0x91, 0x05,
  0x1e, 0x84, 0xb7, 0x91, 0x35, 0x6d, 0x83, 0xe2, 0x97, 0x86, 0xeb, 0x00,
  0x68, 0x85, 0x81, 0x17, 0x0c, 0x6f, 0x86, 0x8c, 0x6d, 0x02, 0x06, 0xf9,
  0x4d, 0x06, 0x86, 0xe5, 0x0c, 0x15, 0x17, 0xfb, 0x80, 0xe8, 0x0b, 0x18,
  0x9a, 0xb5, 0x6d, 0x30, 0x07, 0x8d, 0x9b, 0x6a, 0x0e, 0x7e, 0x8d, 0xfc,
  0x1c, 0x8d, 0x89, 0x00, 0x0d, 0x80, 0xb1, 0xcc, 0x11, 0x8b, 0x8e, 0x4f,
  0xe7, 0xf1, 0x74, 0x15, 0xd5, 0x87, 0x9e, 0xe3, 0x10, 0x14, 0x13, 0x70,
  0x92, 0x9f, 0x76, 0x6b, 0x1a, 0x7a, 0xfd, 0x78, 0x0c, 0x1c, 0x91, 0xeb,
  0x7a, 0x1a, 0x03, 0x05, 0xf6, 0x90, 0xe2, 0x1d, 0x04, 0x07, 0x9f, 0x81,
  0x69, 0x63, 0x16, 0x10, 0x84, 0x9f, 0x11, 0x0e, 0x05, 0x80, 0x87, 0x17,
  0x09, 0x40, 0x98, 0x1e, 0x64, 0x92, 0x1d, 0x01, 0x9c, 0x81, 0x56, 0x03,
  0x0d, 0x93, 0x86, 0x57, 0x02, 0x76, 0x83, 0x1e, 0x06, 0x84, 0x8f, 0x60,
  0x15, 0xb5, 0x8f, 0x0a, 0x18, 0x8a, 0xb1, 0x8d, 0x04, 0x11, 0x93, 0x05,
  0x17, 0x84, 0xef, 0x13, 0x4c, 0x81, 0xe7, 0x33, 0x30, 0x9c, 0x8f, 0x87,
  0xe7, 0x1e, 0x03, 0x07, 0x06, 0x86, 0x88, 0x00, 0x09, 0xb7, 0x89, 0x06,
  0x0b, 0x07, 0xd0, 0x84, 0xb2, 0xb7, 0x0e, 0x30, 0x10, 0x8e, 0xb0, 0x93,
  0x0d, 0x06, 0x9f, 0x8d, 0x6b, 0x31, 0x0f, 0xea, 0xb5, 0x8a, 0x96, 0x35,
  0x38, 0x17, 0x88, 0xb6, 0x87, 0x12, 0x00, 0x65, 0xea, 0x85, 0xd2, 0x06,
  0xfa, 0xb6, 0x86, 0xe9, 0x12, 0x35, 0xe1, 0x87, 0x8a, 0x8b, 0x44, 0x1b,
  0x1c, 0xe2, 0x82, 0x84, 0xe1, 0xf2, 0x5b, 0x68, 0x4d, 0xde, 0x6d, 0x6b,
  0x79, 0x96, 0xb5, 0x82, 0x34, 0x37, 0x17, 0x9a, 0x8c, 0x9a, 0xda, 0x08,
  0x30, 0x54, 0x8f, 0x78, 0x34, 0x07, 0x9f, 0x8d, 0x1f, 0x31, 0x30, 0x0e,
  0x83, 0x8b, 0xcb, 0x0d, 0x35, 0x68, 0x6f, 0x06, 0x6d, 0x64, 0x68, 0x10,
  0x4d, 0x87, 0x14, 0x33, 0x0f, 0x8f, 0x8c, 0x12, 0x74, 0x56, 0x02, 0x12,
  0x96, 0x84, 0x7a, 0x04, 0x90, 0x8f, 0x9a, 0x1e, 0x0d, 0x58, 0x9c, 0x8b,
  0x92, 0x68, 0xe8, 0xf1, 0x4f, 0xb5, 0xbd, 0xe9, 0x00, 0x9b, 0xbf, 0x8f,
  0x10, 0xfc, 0x8d, 0x8c, 0x91, 0x1a, 0x1e, 0x5f, 0x9d, 0x85, 0xfb, 0x69,
  0x17, 0x19, 0x1b, 0x15, 0x6b, 0x72, 0xd6, 0x68, 0x15, 0x01, 0x0d, 0x15,
  0x64, 0x63, 0x11, 0x04, 0x61, 0x15, 0x04, 0x10, 0xf8, 0x78, 0x10, 0x6b,
  0x7b, 0x93, 0x7a, 0x07, 0x90, 0x8b, 0x1a, 0x0c, 0x96, 0x8d, 0xc6, 0x69,
  0x97, 0xee, 0x10, 0x57, 0x9a, 0x7c, 0xd3, 0x84, 0x9c, 0x7c, 0x5f, 0x87,
  0x4d, 0x0f, 0xe8, 0xbd, 0x9b, 0x05, 0x0d, 0x9c, 0x9d, 0x11, 0xee, 0x9c,
  0x07, 0x02, 0x84, 0x8e, 0x7a, 0x04, 0x11, 0xe9, 0x83, 0x93, 0x13, 0x0c,
  0x05, 0x85, 0x8c, 0xf8, 0x37, 0x00, 0x99, 0xfe, 0x70, 0x86, 0x90, 0x08,
  0x02, 0x84, 0x8d, 0x14, 0x10, 0xeb, 0x8c, 0xe0, 0x17, 0x14, 0x1a, 0x00,
  0x76, 0x83, 0x9e, 0x06, 0x36, 0x1e, 0xf7, 0x41, 0x01, 0x07, 0x65, 0x9b,
  0xfc, 0x68, 0xfe, 0x95, 0xda, 0x61, 0x95, 0x86, 0x90, 0x74, 0x14, 0x80,
  0x89, 0xf8, 0x14, 0xf6, 0xc1, 0x92, 0x9d, 0xe1, 0x6b, 0xe5, 0x9f, 0xc7,
  0xe7, 0x91, 0x4c, 0x13, 0xd6, 0xee, 0x90, 0x05, 0x11, 0xeb, 0x17, 0x1b,
  0x11, 0xc0, 0x6b, 0x07, 0xff, 0x84, 0x64, 0x0d, 0x1a, 0x99, 0x95, 0x1f,
  0xf8, 0x96, 0x75, 0x14, 0x64, 0x6d, 0x1a, 0x7e, 0x9b, 0x95, 0x11, 0x1b,
  0x71, 0x6e, 0x1c, 0x84, 0x9e, 0x6c, 0x77, 0x94, 0x83, 0x6a, 0x05, 0xef,
  0x86, 0x99, 0xd0, 0x7c, 0x63, 0x11, 0x94, 0x96, 0xe6, 0xc5, 0xf8, 0xfa,
  0x6d, 0xdf, 0x92, 0xf9, 0xe4, 0x9c, 0x8e, 0x86, 0x19, 0x51, 0x8d, 0x84,
  0x97, 0xe2, 0x95, 0xe9, 0x90, 0x9a, 0xc4, 0x6f, 0x92, 0x83, 0xf3, 0x13,
  0x99, 0x94, 0x66, 0x60, 0xce, 0x9d, 0x10, 0x06, 0x51, 0xff, 0xe1, 0x7e,
  0x65, 0x05, 0x02, 0xdc, 0xdb, 0x0f, 0x1c, 0xe5, 0x70, 0x13, 0x1a, 0x18,
  0x18, 0x63, 0xe1, 0xf0, 0xcb, 0x68, 0x13, 0x73, 0x1c, 0x14, 0x96, 0xec,
  0x6e, 0x40, 0x95, 0x67, 0x0d, 0x1f, 0xe3, 0x87, 0x97, 0xc2, 0x6f, 0x1d,
  0x6f, 0xf0, 0x7d, 0x4f, 0xe2, 0xed, 0x90, 0x7c, 0x05, 0x1c, 0x04, 0x61,
  0xe4, 0x84, 0xe6, 0x01, 0x05, 0xf4, 0x66, 0x18, 0x4f, 0x9a, 0xc7, 0x4a,
  0x94, 0xc8, 0x10, 0x13, 0x90, 0x91, 0x19, 0x76, 0x98, 0xe3, 0x19, 0x05,
  0xe5, 0x85, 0x6c, 0x5e, 0xeb, 0x10, 0x5f, 0x80, 0x81, 0x64, 0x6b, 0x90,
  0x90, 0x60, 0xfa, 0x87, 0xf9, 0x10, 0x5d, 0x96, 0xff, 0x67, 0x65, 0x40,
  0x94, 0x83, 0x87, 0xff, 0x13, 0xd0, 0x85, 0x9b, 0xeb, 0xf1, 0xe9, 0xe9,
  0x7d, 0xda, 0xef, 0xef, 0xfb, 0xf5, 0xd7, 0x92, 0x9b, 0x6e, 0x1d, 0x11,
  0x77, 0x96, 0xc5, 0x15, 0x1d, 0x1c, 0x5a, 0x49, 0x1f, 0x13, 0xce, 0x56,
  0x14, 0x7f, 0x9a, 0xd1, 0x06, 0x05, 0x93, 0x98, 0x4f, 0x15, 0x1d, 0xc7,
  0x90, 0x5b, 0x70, 0x68, 0x66, 0x90, 0x95, 0x4c, 0x6e, 0x7f, 0xe7, 0xc8,
  0xce, 0x52, 0xf6, 0x7c, 0x14, 0x5e, 0xeb, 0x94, 0x16, 0x1f, 0xc5, 0xe5,
  0x61, 0x67, 0x66, 0x63, 0x49, 0x7d, 0x43, 0x1d, 0x17, 0xfe, 0x63, 0x6b,
  0x7d, 0xee, 0xe8, 0x11, 0x6a, 0xe9, 0x95, 0xe5, 0x58, 0x15, 0xdb, 0xed,
  0xe1, 0x94, 0x77, 0x15, 0x59, 0xdb, 0xf5, 0x74, 0x5e, 0x41, 0x66, 0xd7,
  0xd9, 0xf1, 0x6b, 0x10, 0x53, 0xd9, 0xf8, 0x61, 0x1d, 0x6c, 0xcd, 0x91,
  0xee, 0x5c, 0x78, 0xd1, 0xc5, 0x74, 0x75, 0xe7, 0x91, 0x47, 0x6e, 0xf0,
  0xe6, 0x65, 0x12, 0x4a, 0xe1, 0xf4, 0xd1, 0x76, 0x6e, 0x6e, 0xe6, 0xe4,
  0x51, 0xca, 0xf8, 0xe7, 0xd4, 0x77, 0xfa, 0xeb, 0x91, 0xe9, 0xf2, 0xe3,
  0x96, 0xeb, 0xe4, 0xe6, 0xea, 0xea, 0xee, 0xec, 0xe5, 0xfc, 0xe5, 0xc7,
  0xf7, 0xe1, 0xf1, 0xf5, 0xdf, 0x7f, 0x72, 0xf0, 0xe4, 0x74, 0x47, 0xf4,
  0xd9, 0x42, 0x7c, 0xc4, 0xfe, 0xf0, 0xce, 0xc9, 0x74, 0x4e, 0xfe, 0x5b,
  0x74, 0xd7, 0xf1, 0xe6, 0xd1, 0x6d, 0x44, 0x5d, 0x7e, 0x74, 0xc3, 0xff,
  0x7a, 0x63, 0x76, 0xd9, 0x64, 0x63, 0x51, 0x6c, 0x62, 0x58, 0x4b, 0x60,
  0x5a, 0x71, 0x1e, 0x04, 0x1e, 0x61, 0x66, 0x13, 0x13, 0x17, 0x19, 0x05,
  0x1a, 0x18, 0x12, 0x14, 0x7f, 0x79, 0x11, 0x1c, 0x16, 0x15, 0x65, 0xe0,
  0x91, 0xe4, 0x5c, 0xcf, 0xff, 0xe0, 0xe0, 0x94, 0x9e, 0x90, 0x95, 0xec,
  0xec, 0xea, 0x91, 0x94, 0x94, 0x97, 0xeb, 0xe3, 0xe2, 0xe0, 0xe7, 0xef,
  0x96, 0xe8, 0xe7, 0xe7, 0xe0, 0xe1, 0xe9, 0x96, 0x95, 0xec, 0xe0, 0xec,
  0x97, 0x94, 0xe9, 0xe2, 0x94, 0x94, 0xe8, 0xe3, 0xe4, 0xe3, 0xeb, 0x97,
  0x97, 0x91, 0x93, 0x95, 0xfd, 0xf7, 0xe8, 0x97, 0x94, 0xe6, 0xf9, 0xe0,
  0xcd, 0x48, 0xd2, 0xc6, 0x51, 0x73, 0x65, 0x6d, 0x6d, 0x6b, 0x11, 0x12,
  0x1e, 0x11, 0x13, 0x09, 0x3d, 0x3f, 0x35, 0x06, 0x0d, 0x36, 0x31, 0x35,
  0x0a, 0x35, 0x0a, 0x07, 0x7c, 0x4c, 0x71, 0xdf, 0xe7, 0xc2, 0x54, 0x94,
  0x82, 0xb7, 0x8b, 0x85, 0x93, 0x92, 0x85, 0x81, 0x87, 0x9b, 0x9d, 0xe2,
  0x54, 0x4e, 0xd0, 0xd5, 0x7d, 0x7a, 0x71, 0xd2, 0x75, 0x69, 0x6e, 0x77,
  0xed, 0x95, 0xe3, 0xed, 0xed, 0x97, 0x93, 0x92, 0x9f, 0x98, 0x99, 0x94,
  0xeb, 0x96, 0x91, 0x97, 0xe2, 0xfb, 0xf3, 0xf5, 0xf9, 0xe7, 0xf4, 0xda,
  0xf5, 0xf0, 0x41, 0x77, 0xcf, 0xc8, 0xdc, 0xc7, 0xe6, 0xe0, 0xfe, 0xc2,
  0xf8, 0xef, 0xe8, 0xe2, 0xe3, 0xe2, 0xe3, 0xe3, 0xe1, 0xe7, 0xfa, 0xef,
  0xe6, 0xc9, 0xca, 0xf6, 0xe6, 0xe6, 0xe4, 0xdc, 0x76, 0x47, 0x65, 0x6f,
  0x69, 0x68, 0x10, 0x19, 0x1f, 0x1c, 0x0d, 0x33, 0x3f, 0x34, 0x12, 0x11,
  0x0e, 0x36, 0x0f, 0x1b, 0x06, 0x0c, 0x1f, 0xea, 0x9c, 0xe6, 0xda, 0xe0,
  0xe8, 0xf3, 0xd3, 0x98, 0xb4, 0xb4, 0x9a, 0x70, 0x7d, 0xe3, 0x96, 0x94,
  0xe2, 0xe2, 0xe0, 0x71, 0x16, 0x10, 0x62, 0x52, 0xd1, 0x7e, 0x78, 0xce,
  0xfb, 0x71, 0x6d, 0xcd, 0x99, 0x87, 0x9c, 0xec, 0xea, 0x9e, 0x9a, 0x9d,
  0x90, 0x9f, 0x9a, 0x9d, 0xed, 0xe2, 0x97, 0xef, 0x4e, 0x61, 0x75, 0xda,
  0x53, 0x6f, 0x16, 0x15, 0x66, 0x64, 0x71, 0x72, 0x46, 0xc6, 0xe1, 0xe9,
  0xe6, 0xfe, 0xe5, 0xee, 0x95, 0x91, 0x96, 0xef, 0xfb, 0xf3, 0xfa, 0xea,
  0x96, 0xeb, 0xfa, 0xcd, 0xc6, 0xf4, 0xc0, 0xd5, 0xfc, 0xec, 0xef, 0xfc,
  0xf4, 0xc1, 0x5e, 0x72, 0x40, 0xda, 0x51, 0x6c, 0x1f, 0x1d, 0x11, 0x07,
  0x34, 0x32, 0x34, 0x19, 0x14, 0x03, 0x37, 0x0a, 0x00, 0x00, 0x0f, 0x1b,
  0xe7, 0x9f, 0xe7, 0x66, 0xd1, 0x95, 0xed, 0xcb, 0x9c, 0x8b, 0xb4, 0x87,
  0x54, 0x79, 0xe6, 0x93, 0x96, 0x95, 0xea, 0xe7, 0x72, 0x15, 0x6e, 0x43,
  0xc4, 0x59, 0x70, 0x5f, 0xf1, 0xc8, 0x77, 0x76, 0xfe, 0x90, 0x9d, 0xeb,
  0xe2, 0xea, 0x91, 0x94, 0x95, 0x90, 0x9c, 0x96, 0xe6, 0xf8, 0xed, 0xeb,
  0xe5, 0x5a, 0x77, 0x75, 0x43, 0x4b, 0x7d, 0x64, 0x63, 0x62, 0x63, 0x72,
  0x40, 0x51, 0xf5, 0xe0, 0xe3, 0xe5, 0xf8, 0xe6, 0xe9, 0xea, 0xe8, 0xeb,
  0xea, 0xe0, 0xf6, 0xf1, 0xe3, 0xeb, 0xef, 0xfe, 0xcb, 0xf4, 0xe6, 0xe5,
  0xf0, 0xc9, 0xf6, 0xe4, 0xe7, 0xe2, 0xe6, 0xe5, 0xfd, 0xc0, 0x50, 0x5b,
  0x77, 0x64, 0x68, 0x16, 0x15, 0x14, 0x02, 0x33, 0x3f, 0x35, 0x17, 0x10,
  0x08, 0x36, 0x0f, 0x06, 0x0f, 0x09, 0x10, 0x9d, 0x9f, 0x5d, 0x7b, 0xe9,
  0x91, 0xf5, 0xd8, 0x87, 0xb7, 0xb5, 0x90, 0x7b, 0xd0, 0x97, 0xea, 0xf9,
  0xe0, 0x95, 0xfd, 0x15, 0x1c, 0x6b, 0x48, 0x67, 0x15, 0x62, 0xcc, 0xee,
  0xe6, 0x5f, 0x4b, 0xe7, 0x9d, 0x9c, 0xe8, 0xe3, 0x93, 0x98, 0x90, 0xe5,
  0xe6, 0x91, 0x93, 0xed, 0xf9, 0xe2, 0xeb, 0xf4, 0x6c, 0x14, 0x7f, 0xd9,
  0x56, 0x65, 0x6c, 0x64, 0x72, 0x7b, 0x7a, 0x5b, 0xfc, 0xe4, 0xe7, 0xe4,
  0xe5, 0xf9, 0xca, 0xca, 0xf9, 0xe8, 0x95, 0xe1, 0xfb, 0xc3, 0xf4, 0xe6,
  0xe5, 0xf9, 0xf6, 0xf3, 0xfd, 0xfa, 0xe4, 0xe4, 0xe7, 0xe7, 0xe1, 0xef,
  0xea, 0x95, 0xea, 0xe9, 0xef, 0xe1, 0xf2, 0xf5, 0xce, 0xd5, 0x7a, 0x6e,
  0x69, 0x6b, 0x04, 0x37, 0x3f, 0x33, 0x00, 0x17, 0x06, 0x34, 0x35, 0x03,
  0x00, 0x09, 0x02, 0xc6, 0x87, 0x9d, 0xd3, 0xe4, 0x9b, 0x9d, 0xc0, 0xe1,
  0x8e, 0xb6, 0x8c, 0xe7, 0x53, 0xee, 0xeb, 0xd5, 0x77, 0xf2, 0xec, 0xd5,
  0x15, 0x68, 0x79, 0x64, 0x11, 0x11, 0x7a, 0xe6, 0x97, 0xeb, 0xfb, 0x74,
  0x77, 0xff, 0x97, 0x96, 0x94, 0x90, 0x98, 0x9c, 0xe3, 0xf9, 0xef, 0x97,
  0xee, 0xe0, 0xea, 0xe8, 0xd2, 0x6a, 0x16, 0x67, 0xc3, 0xd7, 0x66, 0x15,
  0x6f, 0x72, 0x70, 0x61, 0x61, 0x5f, 0xe5, 0xf8, 0xc6, 0xca, 0xe4, 0xe4,
  0xc5, 0x46, 0xc1, 0xe3, 0xe8, 0xe7, 0xc3, 0xf6, 0xe4, 0xfc, 0x5b, 0x7b,
  0x5a, 0xfb, 0xe1, 0xe4, 0xfa, 0xef, 0xee, 0xe0, 0xe3, 0x94, 0x9c, 0x9f,
  0x93, 0x95, 0x95, 0xea, 0xe3, 0xf4, 0xcd, 0xe5, 0xca, 0x7e, 0x13, 0x05,
  0x02, 0x37, 0x3d, 0x30, 0x09, 0x07, 0x0d, 0x35, 0x08, 0x02, 0x03, 0x0f,
  0x06, 0x40, 0x93, 0x90, 0xee, 0x93, 0x85, 0x99, 0xe9, 0x91, 0x82, 0x8b,
  0x8d, 0x92, 0xea, 0x97, 0xe2, 0x59, 0x65, 0x58, 0xc0, 0x4b, 0x64, 0x7b,
  0x4c, 0x7a, 0x15, 0x17, 0x60, 0xf0, 0xe8, 0x96, 0x95, 0xe9, 0xea, 0x94,
  0x97, 0xef, 0xeb, 0x91, 0x9c, 0x9d, 0x91, 0x94, 0xef, 0xe5, 0xc5, 0xdc,
  0xcc, 0xda, 0x5e, 0x76, 0x65, 0x67, 0x66, 0x63, 0x6f, 0x68, 0x7a, 0x57,
  0xf7, 0xde, 0x51, 0xd2, 0xd8, 0xd8, 0xd8, 0xe4, 0xe2, 0xfa, 0xd1, 0x47,
  0xda, 0xcd, 0xd7, 0x42, 0x52, 0xca, 0xf2, 0xcc, 0xd1, 0xdb, 0xf4, 0xf2,
  0xf9, 0xe5, 0xee, 0x95, 0x94, 0x94, 0x95, 0x96, 0x96, 0x97, 0x91, 0x90,
  0x91, 0x94, 0xee, 0xfd, 0xd6, 0x7e, 0x62, 0x6a, 0x13, 0x04, 0x08, 0x31,
  0x32, 0x33, 0x34, 0x08, 0x08, 0x08, 0x0f, 0x02, 0x02, 0x0d, 0x06, 0x68,
  0xf6, 0xeb, 0x93, 0x85, 0x81, 0x86, 0x99, 0x99, 0x84, 0x86, 0x85, 0x9e,
  0x9c, 0x9e, 0x90, 0xe6, 0x5b, 0x66, 0x6f, 0x68, 0x62, 0x7d, 0x47, 0x5f,
  0x75, 0x77, 0x4d, 0x58, 0xcf, 0xe5, 0xec, 0x94, 0x93, 0x9e, 0x9f, 0x90,
  0x95, 0xe8, 0xea, 0xe8, 0xea, 0x95, 0x96, 0x94, 0xe0, 0xcd, 0x49, 0x7e,
  0x64, 0x7e, 0x72, 0x45, 0xd7, 0x5e, 0x49, 0x78, 0x70, 0x5f, 0xd6, 0xde,
  0xf7, 0xe6, 0xed, 0xe0, 0xe2, 0xed, 0xe1, 0xc8, 0x70, 0x72, 0xd1, 0xca,
  0xc8, 0xc4, 0xd2, 0xd1, 0x58, 0x71, 0x72, 0x4c, 0xc0, 0xe4, 0xed, 0xe9,
  0xeb, 0xeb, 0xea, 0xe9, 0xe8, 0xea, 0x95, 0x96, 0x91, 0x9d, 0x9f, 0x9c,
  0x91, 0xef, 0xfa, 0xc0, 0x40, 0x60, 0x15, 0x11, 0x1b, 0x0e, 0x30, 0x3d,
  0x33, 0x36, 0x34, 0x34, 0x0b, 0x00, 0x1a, 0x05, 0x04, 0x1f, 0x6e, 0x7e,
  0xc6, 0x96, 0x81, 0x8c, 0x82, 0x81, 0x80, 0x80, 0x87, 0x93, 0xec, 0xee,
  0x95, 0xee, 0xfe, 0xc4, 0x58, 0x64, 0x14, 0x12, 0x1c, 0x16, 0x6b, 0x6d,
  0x7f, 0x44, 0xf2, 0xe2, 0xe8, 0xee, 0xe6, 0xe3, 0xeb, 0x94, 0x97, 0x96,
  0x91, 0x90, 0x97, 0xee, 0xe1, 0xfa, 0xf0, 0xc4, 0x52, 0x50, 0xd5, 0x5f,
  0x4c, 0x73, 0x71, 0x5e, 0x5c, 0x4f, 0x70, 0x4d, 0xde, 0xf4, 0xff, 0xe5,
  0xe2, 0xe3, 0xe4, 0xe5, 0xe5, 0xfa, 0xfd, 0xd3, 0x5a, 0x50, 0x55, 0x5e,
  0x49, 0x76, 0x44, 0x44, 0x5a, 0x43, 0x5f, 0xc8, 0xe4, 0xe2, 0xef, 0xea,
  0x94, 0x94, 0x97, 0x97, 0x97, 0x90, 0x93, 0x9d, 0x9e, 0x9e, 0x9c, 0x91,
  0xe8, 0xe6, 0xf5, 0x44, 0x63, 0x16, 0x12, 0x05, 0x0c, 0x36, 0x3d, 0x3d,
  0x32, 0x30, 0x36, 0x34, 0x0c, 0x04, 0x1c, 0x1f, 0x12, 0x63, 0x56, 0xfb,
  0xee, 0x9c, 0x80, 0x8c, 0x8c, 0x8c, 0x8f, 0x8f, 0x81, 0x92, 0xe0, 0xe7,
  0xf3, 0x5b, 0x64, 0x67, 0x70, 0x79, 0x62, 0x17, 0x16, 0x14, 0x14, 0x68,
  0x63, 0x5a, 0xe4, 0xea, 0x92, 0x9c, 0x92, 0x93, 0x96, 0xea, 0xe9, 0xed,
  0xe1, 0xed, 0xe9, 0xe9, 0xec, 0xe1, 0xe1, 0xe5, 0xc7, 0x70, 0x61, 0x61,
  0x65, 0x73, 0x7d, 0x74, 0x50, 0x57, 0x56, 0x50, 0xd7, 0xc7, 0xd0, 0x44,
  0xd4, 0xf6, 0xe7, 0xe1, 0xe5, 0xfb, 0xe4, 0xf2, 0x54, 0x7c, 0x61, 0x60,
  0x66, 0x64, 0x7f, 0x49, 0xd2, 0xf5, 0xf3, 0xe5, 0xe1, 0xe2, 0xe3, 0xed,
  0xec, 0xea, 0x91, 0x96, 0x96, 0x9d, 0x9b, 0x84, 0x9b, 0x9c, 0x9d, 0x93,
  0x90, 0xe2, 0xf4, 0x5f, 0x64, 0x15, 0x1c, 0x19, 0x01, 0x0a, 0x30, 0x3c,
  0x3d, 0x33, 0x33, 0x30, 0x34, 0x01, 0x17, 0x6d, 0x64, 0xc0, 0x94, 0x93,
  0x96, 0x90, 0x84, 0x82, 0x82, 0x82, 0x8c, 0x89, 0x8e, 0x81, 0x9f, 0xe8,
  0xfe, 0x67, 0x10, 0x1f, 0x1f, 0x10, 0x17, 0x17, 0x6b, 0x61, 0x79, 0x71,
  0x79, 0x72, 0x4a, 0x59, 0xf1, 0xe1, 0xef, 0x97, 0x93, 0x92, 0x9f, 0x98,
  0x9b, 0x9e, 0x92, 0x95, 0xe0, 0xe5, 0xcd, 0x54, 0x4e, 0x75, 0x49, 0x40,
  0x59, 0x41, 0x72, 0x7a, 0x65, 0x66, 0x78, 0x7c, 0x7e, 0x72, 0x5f, 0xf6,
  0xe3, 0xee, 0xec, 0xe3, 0xe3, 0xe1, 0xff, 0xd3, 0x4d, 0x71, 0x7c, 0x7c,
  0x7e, 0x70, 0x75, 0x4f, 0x41, 0xd7, 0xc2, 0xc0, 0xd8, 0xd8, 0xc0, 0xfa,
  0xe2, 0xec, 0xee, 0xe8, 0x96, 0x92, 0x9d, 0x9f, 0x9d, 0x93, 0x91, 0x97,
  0xea, 0xee, 0xe6, 0xfd, 0xc2, 0x4f, 0x6c, 0x16, 0x1d, 0x06, 0x08, 0x30,
  0x32, 0x32, 0x33, 0x33, 0x32, 0x37, 0x02, 0x1e, 0x11, 0x61, 0xe7, 0x9c,
  0x99, 0x9c, 0x9c, 0x84, 0x81, 0x84, 0x85, 0x86, 0x8d, 0x82, 0x86, 0x9a,
  0x9a, 0x9e, 0xee, 0x4e, 0x15, 0x10, 0x1e, 0x07, 0x03, 0x03, 0x04, 0x13,
  0x6f, 0x60, 0x4c, 0xfe, 0xeb, 0x96, 0x90, 0x93, 0x92, 0x93, 0x90, 0x9c,
  0x9b, 0x84, 0x85, 0x9b, 0x98, 0x9a, 0x9e, 0x91, 0xe7, 0x57, 0x7c, 0x6f,
  0x11, 0x12, 0x12, 0x10, 0x15, 0x6d, 0x7c, 0x50, 0xf6, 0xf3, 0xf2, 0xe4,
  0xef, 0xe9, 0xe3, 0xe5, 0xe7, 0xe3, 0xe2, 0xf8, 0xf1, 0xf2, 0xfb, 0xff,
  0xc8, 0xd7, 0x46, 0x4d, 0x73, 0x65, 0x78, 0x73, 0x4d, 0x40, 0x44, 0xcf,
  0xe4, 0xed, 0xec, 0xe0, 0xee, 0x95, 0xea, 0xef, 0xe2, 0xeb, 0xeb, 0xea,
  0xec, 0xe2, 0xec, 0xcf, 0x42, 0x62, 0x6b, 0x16, 0x1c, 0x19, 0x07, 0x0d,
  0x0b, 0x34, 0x34, 0x37, 0x36, 0x31, 0x34, 0x0c, 0x00, 0x04, 0x11, 0xd1,
  0x90, 0x9c, 0x9f, 0x85, 0x81, 0x82, 0x87, 0x98, 0x99, 0x9f, 0x93, 0xeb,
  0xed, 0xe8, 0xe8, 0xe6, 0xcf, 0xdd, 0xc0, 0x5a, 0x62, 0x11, 0x1d, 0x13,
  0x11, 0x12, 0x13, 0x6f, 0xd1, 0xef, 0x91, 0x99, 0x87, 0x80, 0x80, 0x86,
  0x87, 0x84, 0x99, 0x94, 0xe5, 0xf6, 0xc8, 0x53, 0x64, 0x62, 0x64, 0x4c,
  0x75, 0x7b, 0x7a, 0x75, 0xdc, 0x56, 0x59, 0x51, 0xc9, 0xfb, 0xf3, 0xff,
  0xe3, 0xea, 0x95, 0xeb, 0xe8, 0x97, 0x91, 0xea, 0xe4, 0xf1, 0xff, 0xf3,
  0xdd, 0x77, 0x7c, 0x75, 0x4b, 0x70, 0x7b, 0x71, 0x5c, 0x52, 0x5c, 0x43,
  0x58, 0x5b, 0x4e, 0x76, 0x72, 0x5a, 0xd1, 0xdb, 0xdd, 0xcb, 0xfb, 0xe3,
  0xe2, 0xe4, 0xf0, 0xf4, 0xd1, 0x70, 0x6e, 0x16, 0x10, 0x19, 0x06, 0x0f,
  0x0b, 0x0b, 0x35, 0x37, 0x37, 0x35, 0x0c, 0x03, 0x07, 0x19, 0x62, 0xe6,
  0x95, 0x90, 0x99, 0x86, 0x8d, 0x82, 0x86, 0x87, 0x85, 0x9a, 0x93, 0xef,
  0xe3, 0xe1, 0xf0, 0x57, 0x46, 0xdc, 0xf1, 0xd7, 0x7f, 0x7f, 0xd1, 0xf1,
  0xf7, 0x56, 0xcd, 0xe1, 0x95, 0x94, 0x94, 0x91, 0x9c, 0x9e, 0x92, 0x93,
  0x90, 0x96, 0xed, 0xf5, 0x5e, 0x5b, 0x7d, 0x62, 0x6b, 0x6b, 0x61, 0x7a,
  0x7a, 0x73, 0x56, 0xfc, 0xe0, 0xe6, 0xe0, 0xef, 0xeb, 0xe9, 0xe0, 0xe6,
  0xe7, 0xe6, 0xff, 0xcb, 0xca, 0xf7, 0xf6, 0xc5, 0xd6, 0xdc, 0xcb, 0xc9,
  0xdd, 0x56, 0xdc, 0xc4, 0x5e, 0x77, 0x7c, 0x77, 0x4a, 0x72, 0x65, 0x66,
  0x79, 0x7d, 0x7a, 0x7d, 0x7d, 0x45, 0xd4, 0x54, 0xc4, 0xce, 0xf2, 0xf6,
  0xc7, 0xd9, 0xd5, 0x5a, 0x72, 0x61, 0x62, 0x6f, 0x6c, 0x6b, 0x14, 0x6b,
  0x14, 0x17, 0x12, 0x1f, 0x1e, 0x18, 0x19, 0x1b, 0x19, 0x18, 0x1c, 0x11,
  0x15, 0x67, 0x79, 0x45, 0xfc, 0xe6, 0x94, 0x96, 0x97, 0x93, 0x91, 0x91,
  0x94, 0xe2, 0xe7, 0xf7, 0xde, 0x56, 0x43, 0x4b, 0x74, 0x49, 0x59, 0xdb,
  0xfd, 0xe5, 0xe3, 0xec, 0xea, 0x97, 0x96, 0x97, 0x94, 0xea, 0xeb, 0xe2,
  0xf8, 0xf1, 0xc0, 0xc7, 0xd0, 0x55, 0xd0, 0xdb, 0xc7, 0xd9, 0xc6, 0xf1,
  0xf8, 0xf8, 0xfa, 0xfa, 0xfa, 0xe4, 0xff, 0xf4, 0xcb, 0xc2, 0xcf, 0xda,
  0xd6, 0xdf, 0xde, 0xc1, 0xdb, 0xd0, 0xc2, 0xf5, 0xce, 0xcb, 0xcf, 0xc9,
  0xca, 0xf5, 0xc7, 0xd6, 0x54, 0x5f, 0x77, 0x78, 0x67, 0x60, 0x62, 0x6c,
  0x62, 0x62, 0x63, 0x61, 0x64, 0x7a, 0x71, 0x45, 0x5f, 0xd2, 0xc0, 0xca,
  0xf5, 0xf5, 0xf4, 0xc1, 0xda, 0xdd, 0x46, 0x4c, 0x73, 0x7b, 0x67, 0x63,
  0x63, 0x68, 0x6b, 0x17, 0x10, 0x10, 0x13, 0x13, 0x11, 0x16, 0x68, 0x6c,
  0x67, 0x48, 0x51, 0xf4, 0xf1, 0xfd, 0xe6, 0xe0, 0xe2, 0xec, 0xe7, 0xf9,
  0xf4, 0xd9, 0xd2, 0x58, 0x42, 0x48, 0x7c, 0x75, 0x5f, 0xd4, 0xc2, 0xce,
  0xfc, 0xe3, 0xee, 0xea, 0xea, 0xeb, 0x95, 0xea, 0xe9, 0xed, 0xe0, 0xe4,
  0xfd, 0xc9, 0xd8, 0xd2, 0x53, 0x46, 0x46, 0x44, 0x5b, 0x5e, 0x59, 0xd4,
  0xc6, 0xc9, 0xf1, 0xf7, 0xf3, 0xe5, 0xe4, 0xe4, 0xfa, 0xf9, 0xfb, 0xf0,
  0xcf, 0xc4, 0x55, 0x54, 0x5d, 0x41, 0x5e, 0x59, 0x45, 0x58, 0x5d, 0x53,
  0x57, 0xc2, 0xde, 0x58, 0xd4, 0xc4, 0xd1, 0x58, 0x42, 0x71, 0x72, 0x77,
  0x79, 0x66, 0x7b, 0x73, 0x7e, 0x7c, 0x75, 0x73, 0x4d, 0x5c, 0x43, 0x40,
  0xd6, 0xd3, 0x51, 0xde, 0xd3, 0x5f, 0xd4, 0xd1, 0x5e, 0x50, 0x5f, 0x44,
  0x41, 0x42, 0x4d, 0x4b, 0x4c, 0x5b, 0x4e, 0x74, 0x4e, 0x71, 0x75, 0x76,
  0x78, 0x78, 0x7e, 0x7e, 0x7c, 0x78, 0x7c, 0x7d, 0x7d, 0x4e, 0x75, 0x4f,
  0x59, 0x5e, 0xd7, 0xde, 0xc3, 0xca, 0xc6, 0xc8, 0xca, 0xca, 0xf2, 0xf6,
  0xf7, 0xf4, 0xf7, 0xf6, 0xf4, 0xf4, 0xf4, 0xf5, 0xf0, 0xf6, 0xf1, 0xfd,
  0xf2, 0xf3, 0xff, 0xfe, 0xf2, 0xf0, 0xcc, 0xc0, 0xc4, 0xdb, 0xde, 0xd4,
  0x57, 0x56, 0x5f, 0x51, 0x53, 0x5c, 0x51, 0x57, 0x51, 0x59, 0xd1, 0xde,
  0xde, 0xdf, 0xc5, 0xc2, 0xc9, 0xc8, 0xcd, 0xc6, 0xdb, 0xcd, 0xcd, 0xc5,
  0xdb, 0xde, 0xd6, 0xd0, 0x55, 0x51, 0xd4, 0x55, 0x41, 0x49, 0x41, 0x5b,
  0x4d, 0x75, 0x75, 0x71, 0x4d, 0x41, 0x71, 0x77, 0x4c, 0x45, 0x58, 0x42,
  0x40, 0x56, 0xd8, 0x54, 0x44, 0x5d, 0xd5, 0xdd, 0xd6, 0x43, 0x46, 0xd1,
  0x53, 0x46, 0x4f, 0x42, 0x5a, 0x44, 0x43, 0x4a, 0x5a, 0xdd, 0x5a, 0x75,
  0x41, 0x5a, 0x50, 0x53, 0x5f, 0x41, 0x44, 0x50, 0x45, 0x47, 0x44, 0x49,
  0x4d, 0x4a, 0x71, 0x74, 0x4f, 0x42, 0x71, 0x4a, 0x5f, 0x56, 0xd5, 0x56,
  0xdd, 0xc2, 0xc8, 0xc8, 0xca, 0xfc, 0xf8, 0xfe, 0xf3, 0xf0, 0xf9, 0xfa,
  0xfe, 0xf1, 0xf7, 0xf3, 0xf6, 0xcf, 0xcb, 0xcd, 0xc4, 0xc3, 0xdc, 0xd4,
  0xd8, 0xcc, 0xc7, 0xdd, 0xdc, 0xdb, 0xc2, 0xc9, 0xdb, 0xd6, 0xd9, 0xc3,
  0xcd, 0xc7, 0xde, 0xd2, 0xc4, 0xc6, 0xd9, 0x56, 0x52, 0x52, 0x40, 0x4c,
  0x4f, 0x4c, 0x5f, 0x44, 0x74, 0x45, 0xd6, 0xd0, 0x59, 0x55, 0xd4, 0xd6,
  0xc9, 0xd2, 0x58, 0xd5, 0xd4, 0x45, 0x74, 0x4f, 0x42, 0x4b, 0x49, 0x74,
  0x4a, 0x47, 0x58, 0x48, 0x4e, 0x43, 0x53, 0xd8, 0x57, 0x5f, 0x50, 0xd5,
  0xda, 0x54, 0x59, 0x51, 0x53, 0xd4, 0x5c, 0x43, 0x44, 0x47, 0x45, 0x5b,
  0x41, 0x55, 0x54, 0x53, 0x54, 0x50, 0xd2, 0xd3, 0xdc, 0xd2, 0x57, 0xd3,
  0x5d, 0x43, 0x52, 0x5b, 0x4d, 0x74, 0x74, 0x4d, 0x4f, 0x4f, 0x71, 0x71,
  0x75, 0x49, 0x5a, 0x5d, 0xd5, 0xd5, 0x50, 0xde, 0xcd, 0xcc, 0xc2, 0xc9,
  0xf6, 0xf0, 0xfd, 0xca, 0xcf, 0xca, 0xca, 0xcd, 0xde, 0xd9, 0xda, 0xdf,
  0xd7, 0x5f, 0xdb, 0xf7, 0xd8, 0x56, 0x51, 0xc7, 0xc8, 0xdc, 0xd5, 0xd1,
  0xcd, 0xf5, 0xdd, 0xd1, 0xd8, 0xcc, 0xcc, 0xd1, 0xd7, 0xd5, 0xc3, 0xc3,
  0x5c, 0xd5, 0xc6, 0xc0, 0xcf, 0xdc, 0x57, 0xc7, 0xf4, 0xde, 0x40, 0xd6,
  0xcc, 0xd4, 0x53, 0x57, 0x54, 0xc5, 0xd0, 0x47, 0x41, 0xdd, 0xc7, 0x59,
  0x47, 0x42, 0x44, 0xd4, 0x47, 0x77, 0x41, 0x52, 0x5c, 0x48, 0x4c, 0x4f,
  0x4b, 0x47, 0x71, 0x72, 0x40, 0x47, 0x47, 0x5f, 0x5f, 0x51, 0xdf, 0xda,
  0x50, 0x51, 0xc2, 0xc8, 0xda, 0xd3, 0xd1, 0x55, 0x50, 0x42, 0x77, 0x77,
  0x4f, 0x49, 0x71, 0x70, 0x49, 0x41, 0x41, 0x4c, 0x5b, 0xdc, 0xde, 0x50,
  0x58, 0x5f, 0xd7, 0xd1, 0x5c, 0x42, 0x5f, 0xd3, 0x50, 0x46, 0x4c, 0x47,
  0x5d, 0x59, 0x40, 0x46, 0xdd, 0xc7, 0xdf, 0xdb, 0xcd, 0xf2, 0xfb, 0xff,
  0xf4, 0xf1, 0xfc, 0xf1, 0xce, 0xc0, 0xc3, 0xc0, 0xc0, 0xdb, 0x5f, 0x53,
  0xc0, 0xd9, 0x41, 0x43, 0x57, 0xda, 0xc4, 0x5f, 0x5e, 0xc5, 0xcb, 0xce,
  0xda, 0xf5, 0xf3, 0xf2, 0xfd, 0xf5, 0xf7, 0xf9, 0xf1, 0xdb, 0xc3, 0xc8,
  0xd8, 0xd9, 0xde, 0x57, 0x50, 0xdf, 0xd9, 0x59, 0x54, 0xd0, 0x5e, 0xd4,
  0xd2, 0x55, 0x54, 0xd5, 0x55, 0x5e, 0x45, 0x50, 0x55, 0x59, 0x4e, 0x44,
  0x5c, 0x45, 0x4f, 0x40, 0x4a, 0x4d, 0x52, 0x77, 0x74, 0x44, 0x41, 0x47,
  0x4a, 0x49, 0x4b, 0x4c, 0x5d, 0x74, 0x4a, 0x52, 0x44, 0x48, 0x49, 0x46,
  0x44, 0x5d, 0x56, 0x58, 0x49, 0x50, 0x52, 0x4b, 0x4e, 0x74, 0x71, 0x71,
  0x79, 0x65, 0x67, 0x7b, 0x78, 0x66, 0x7b, 0x79, 0x7e, 0x48, 0x4a, 0x74,
  0x51, 0xcc, 0xca, 0xc6, 0xf5, 0xfc, 0xfc, 0xe4, 0xfe, 0xf4, 0xf9, 0xe4,
  0xfd, 0xf2, 0xfd, 0xf2, 0xff, 0xfc, 0xf6, 0xf1, 0xf9, 0xf9, 0xf6, 0xf7,
  0xf6, 0xf6, 0xf1, 0xc9, 0xda, 0xdc, 0xdb, 0xc6, 0xd0, 0x50, 0xd5, 0xdf,
  0xcc, 0xc9, 0xc8, 0xf6, 0xf1, 0xfe, 0xfc, 0xf3, 0xe5, 0xfa, 0xf2, 0xca,
  0xf0, 0xe4, 0xfa, 0xf3, 0xf7, 0xcc, 0xc9, 0xf2, 0xf0, 0xd2, 0x5d, 0xde,
  0xce, 0xd3, 0x43, 0x75, 0x4f, 0x41, 0x48, 0x78, 0x79, 0x44, 0x4d, 0x7e,
  0x79, 0x72, 0x49, 0x75, 0x73, 0x78, 0x7c, 0x47, 0x4a, 0x7f, 0x77, 0x75,
  0x49, 0x4a, 0x7b, 0x64, 0x7a, 0x7b, 0x62, 0x17, 0x17, 0x17, 0x10, 0x1d,
  0x18, 0x19, 0x1d, 0x12, 0x13, 0x11, 0x62, 0x4b, 0x50, 0xc2, 0xf8, 0xed,
  0x94, 0x94, 0x95, 0xea, 0x95, 0x94, 0xe9, 0xe7, 0xf9, 0xf9, 0xe5, 0xfc,
  0xcd, 0xc9, 0xff, 0xe7, 0xe7, 0xfb, 0xe7, 0xed, 0xef, 0xe2, 0xe1, 0xe1,
  0xe0, 0xe1, 0xfa, 0xf3, 0xf0, 0xfd, 0xf1, 0xc1, 0xd9, 0xc2, 0xf4, 0xcb,
  0xc0, 0xc3, 0xf1, 0xfc, 0xf1, 0xf5, 0xf5, 0xf2, 0xfd, 0xce, 0xc1, 0xcb,
  0xf9, 0xe5, 0xfc, 0xff, 0xe4, 0xec, 0xe9, 0xe3, 0xe1, 0xe0, 0xe2, 0xe0,
  0xf0, 0xc0, 0xc7, 0xc5, 0xd4, 0x70, 0x7f, 0x4e, 0xd4, 0xdf, 0x42, 0x4b,
  0xd4, 0xf5, 0xf0, 0xd6, 0x42, 0x41, 0x49, 0x7f, 0x6f, 0x6a, 0x6f, 0x6e,
  0x16, 0x1a, 0x01, 0x02, 0x0f, 0x0b, 0x37, 0x36, 0x37, 0x34, 0x35, 0x08,
  0x03, 0x1e, 0x62, 0xcd, 0x95, 0x9a, 0x83, 0x8f, 0x8e, 0x8f, 0x8c, 0x82,
  0x86, 0x98, 0x97, 0xe6, 0xf5, 0x74, 0x62, 0x6a, 0x6a, 0x6f, 0x6c, 0x63,
  0x7e, 0x46, 0xcb, 0xfa, 0xe6, 0xec, 0xea, 0x96, 0x90, 0x96, 0x91, 0x90,
  0x93, 0x90, 0x94, 0x94, 0x97, 0x94, 0xee, 0xfa, 0xff, 0xf3, 0xcf, 0xdd,
  0x4f, 0x4d, 0xd5, 0xc1, 0xf7, 0xc0, 0xf5, 0xe7, 0xe3, 0xee, 0xec, 0xed,
  0xe8, 0xe8, 0xea, 0xe8, 0xec, 0xec, 0xed, 0xef, 0xef, 0xed, 0xe2, 0xe1,
  0xe7, 0xe1, 0xe2, 0xed, 0xe6, 0xfe, 0xff, 0xe4, 0xe4, 0xca, 0xd1, 0xd6,
  0xcb, 0xf3, 0xd9, 0x5a, 0x49, 0x4f, 0x4d, 0x66, 0x15, 0x14, 0x14, 0x10,
  0x01, 0x35, 0x36, 0x31, 0x30, 0x3d, 0x3e, 0x3e, 0x33, 0x34, 0x0e, 0x06,
  0x66, 0x93, 0x82, 0x88, 0xb5, 0xb6, 0xb3, 0xb0, 0xb7, 0x8c, 0x86, 0x9a,
  0x91, 0xf4, 0x6d, 0x17, 0x15, 0x17, 0x13, 0x1d, 0x17, 0x63, 0x6c, 0x17,
  0x10, 0x15, 0x7e, 0x76, 0x7e, 0x7d, 0xcd, 0x96, 0x9b, 0x87, 0x81, 0x8c,
  0x8b, 0x8b, 0x8f, 0x82, 0x81, 0x85, 0xea, 0x75, 0x14, 0x10, 0x1d, 0x1b,
  0x04, 0x1a, 0x10, 0x60, 0x48, 0xdc, 0xe5, 0xeb, 0x97, 0x94, 0xea, 0xeb,
  0xef, 0xe7, 0xfc, 0xf6, 0xfe, 0xe6, 0xe6, 0xe4, 0xe7, 0xe6, 0xe1, 0xe3,
  0xe6, 0xfc, 0xf4, 0xc0, 0xdf, 0xd3, 0x50, 0x51, 0xd6, 0xc0, 0xce, 0xd2,
  0xcb, 0xe5, 0xfa, 0xfc, 0xf2, 0xf9, 0xf8, 0xc0, 0x4f, 0x62, 0x16, 0x13,
  0x1d, 0x01, 0x34, 0x32, 0x3c, 0x32, 0x32, 0x39, 0x39, 0x33, 0x08, 0x04,
  0x10, 0xf1, 0x80, 0xb5, 0xb7, 0xb4, 0xb6, 0xb3, 0xb3, 0xb5, 0x81, 0x9e,
  0x9d, 0x94, 0xf7, 0x60, 0x16, 0x6a, 0x69, 0x14, 0x11, 0x10, 0x15, 0x6a,
  0x1d, 0x05, 0x06, 0x18, 0x16, 0x15, 0x60, 0xd0, 0x91, 0x83, 0x8b, 0xb5,
  0xb4, 0xb6, 0xb6, 0xb7, 0x88, 0x81, 0x93, 0xfb, 0x60, 0x18, 0x00, 0x02,
  0x03, 0x01, 0x04, 0x19, 0x17, 0x41, 0xe4, 0xee, 0xeb, 0xe8, 0xeb, 0xe8,
  0xe3, 0xe5, 0xf2, 0xf1, 0xf8, 0xe6, 0xef, 0xeb, 0x95, 0x94, 0x97, 0x94,
  0xef, 0xf9, 0xca, 0xc3, 0x56, 0x72, 0x60, 0x60, 0x7c, 0x53, 0xc6, 0xcc,
  0xf6, 0xe5, 0xed, 0xee, 0xed, 0xe1, 0xe0, 0xe0, 0xe4, 0xce, 0x40, 0x7b,
  0x6f, 0x14, 0x1e, 0x0e, 0x31, 0x32, 0x32, 0x30, 0x3d, 0x3e, 0x3d, 0x0a,
  0x05, 0x6a, 0xd8, 0x85, 0x8a, 0xb6, 0xb7, 0xb7, 0xb1, 0xb3, 0xb7, 0x81,
  0x96, 0xec, 0xe7, 0xd2, 0x6b, 0x1e, 0x1c, 0x10, 0x11, 0x13, 0x12, 0x13,
  0x10, 0x1c, 0x1a, 0x07, 0x1b, 0x11, 0x6f, 0x65, 0xdd, 0x94, 0x81, 0x8b,
  0xb4, 0xb7, 0xb7, 0xb7, 0xb4, 0x89, 0x86, 0x95, 0x43, 0x16, 0x05, 0x00,
  0x0d, 0x0c, 0x03, 0x07, 0x18, 0x13, 0x6f, 0x57, 0xe7, 0xe0, 0xe5, 0xfd,
  0xe5, 0xe3, 0xe2, 0xe1, 0xfa, 0xe7, 0xee, 0x94, 0x97, 0x95, 0xeb, 0xe8,
  0xe3, 0xf6, 0x5d, 0x70, 0x7e, 0x65, 0x61, 0x66, 0x7a, 0x4a, 0xc0, 0xe5,
  0xe3, 0xe9, 0x97, 0x91, 0x96, 0x94, 0x95, 0x95, 0xef, 0xfa, 0xf5, 0xd0,
  0x49, 0x64, 0x6c, 0x6e, 0x1d, 0x0f, 0x31, 0x3d, 0x32, 0x33, 0x3d, 0x3e,
  0x32, 0x08, 0x1e, 0x61, 0xe7, 0x80, 0xb6, 0xb0, 0xb6, 0xb7, 0xb1, 0xb1,
  0x8b, 0x9e, 0xf0, 0xd5, 0x5b, 0x63, 0x1c, 0x1a, 0x1f, 0x10, 0x16, 0x16,
  0x17, 0x15, 0x6a, 0x11, 0x19, 0x1b, 0x12, 0x67, 0xd2, 0xf5, 0xe0, 0x9e,
  0x8c, 0xb5, 0xb5, 0x8b, 0x89, 0x8e, 0x8d, 0x9a, 0xe0, 0x72, 0x15, 0x1c,
  0x07, 0x03, 0x00, 0x05, 0x1c, 0x12, 0x11, 0x60, 0xd8, 0xe0, 0xe0, 0xf3,
  0xcb, 0xfc, 0xe6, 0xe1, 0xe4, 0xe6, 0xe9, 0x97, 0x91, 0x97, 0x94, 0x95,
  0xec, 0xf3, 0x41, 0x7f, 0x78, 0x66, 0x6f, 0x6b, 0x6c, 0x7d, 0x5b, 0xda,
  0xfa, 0xef, 0x95, 0x94, 0x94, 0x97, 0x95, 0xe9, 0xef, 0xee, 0xea, 0x94,
  0x97, 0x95, 0xee, 0xed, 0xe7, 0xf6, 0x4e, 0x11, 0x00, 0x34, 0x32, 0x3f,
  0x3f, 0x3e, 0x3e, 0x3d, 0x35, 0x05, 0x4f, 0x92, 0x8c, 0xb6, 0xb3, 0xb0,
  0xb6, 0xb7, 0xb4, 0x8f, 0x92, 0xde, 0x67, 0x60, 0x6e, 0x10, 0x1d, 0x13,
  0x14, 0x15, 0x10, 0x1c, 0x1f, 0x1e, 0x05, 0x06, 0x01, 0x05, 0x17, 0x4d,
  0xe6, 0x92, 0x81, 0x88, 0xb7, 0xb7, 0xb4, 0x88, 0x82, 0x9b, 0xfb, 0x68,
  0x19, 0x04, 0x01, 0x03, 0x03, 0x04, 0x17, 0x7f, 0x5b, 0xdf, 0xfe, 0xed,
  0xed, 0xe5, 0xf2, 0xf1, 0xf4, 0xc1, 0xd9, 0xf2, 0xe8, 0x90, 0x93, 0x96,
  0x96, 0x96, 0xea, 0xf2, 0x72, 0x6e, 0x16, 0x12, 0x1f, 0x1c, 0x16, 0x66,
  0x50, 0xf0, 0xe3, 0x96, 0x9e, 0x99, 0x92, 0x94, 0xe8, 0xe2, 0xfa, 0xf4,
  0xcf, 0xfd, 0xe0, 0x95, 0x90, 0x9c, 0x98, 0x9b, 0x9c, 0xe8, 0xce, 0x65,
  0x1e, 0x0e, 0x31, 0x3c, 0x39, 0x3e, 0x3e, 0x3d, 0x36, 0x02, 0x62, 0x97,
  0x80, 0x8a, 0xb6, 0xb1, 0xb7, 0x8a, 0x8f, 0x81, 0x9c, 0xfa, 0x7c, 0x69,
  0x6c, 0x7a, 0x7f, 0x79, 0x67, 0x60, 0x62, 0x14, 0x1c, 0x1a, 0x07, 0x01,
  0x01, 0x07, 0x13, 0x43, 0xeb, 0x9b, 0x80, 0x89, 0xb5, 0xb4, 0x8a, 0x8c,
  0x87, 0x91, 0xc7, 0x17, 0x05, 0x06, 0x00, 0x0d, 0x0f, 0x00, 0x10, 0x4c,
  0xcc, 0xfc, 0xee, 0x92, 0x9c, 0x91, 0xe9, 0xe9, 0xeb, 0xec, 0xe5, 0xfd,
  0xe2, 0x96, 0x90, 0xe8, 0xf8, 0xf3, 0xfe, 0xdc, 0x63, 0x13, 0x1c, 0x12,
  0x13, 0x10, 0x15, 0x79, 0xf4, 0xed, 0xea, 0x96, 0x9d, 0x99, 0x9e, 0x91,
  0xed, 0xe7, 0xe4, 0xfd, 0xc4, 0xd7, 0xc7, 0xfe, 0xe1, 0xec, 0x97, 0x92,
  0x9c, 0x93, 0x94, 0xe0, 0xc5, 0x62, 0x05, 0x08, 0x31, 0x3d, 0x3c, 0x3c,
  0x3d, 0x31, 0x08, 0x05, 0x76, 0x93, 0x83, 0x8b, 0xb4, 0xb4, 0x8a, 0x8f,
  0x81, 0x98, 0x95, 0xfd, 0x4f, 0x64, 0x67, 0x79, 0x7e, 0x78, 0x64, 0x62,
  0x14, 0x1c, 0x1a, 0x07, 0x06, 0x01, 0x07, 0x1e, 0x61, 0xe6, 0x9e, 0x83,
  0x88, 0xb5, 0xb4, 0xb5, 0x89, 0x81, 0x92, 0xf6, 0x66, 0x12, 0x04, 0x00,
  0x01, 0x07, 0x05, 0x1b, 0x19, 0x13, 0x6d, 0x4e, 0xc0, 0xf0, 0xfa, 0xe9,
  0x90, 0x9f, 0x9e, 0x9a, 0x87, 0x87, 0x9a, 0x9d, 0x96, 0xe9, 0xfd, 0x73,
  0x17, 0x1f, 0x1e, 0x1d, 0x12, 0x12, 0x10, 0x6d, 0x46, 0xc5, 0xf6, 0xe6,
  0xea, 0x97, 0x94, 0xe9, 0xee, 0x95, 0x96, 0x94, 0xec, 0xe3, 0xec, 0xe9,
  0xed, 0xe4, 0xfe, 0xe4, 0xe2, 0xec, 0xe2, 0xe0, 0xe6, 0xfb, 0xde, 0x62,
  0x19, 0x02, 0x35, 0x31, 0x3d, 0x3f, 0x3d, 0x31, 0x0b, 0x06, 0x6e, 0x94,
  0x83, 0x8a, 0xb4, 0xb7, 0xb4, 0x8b, 0x82, 0x98, 0xea, 0xf6, 0x71, 0x69,
  0x17, 0x14, 0x6f, 0x61, 0x62, 0x6b, 0x17, 0x10, 0x1c, 0x1b, 0x04, 0x04,
  0x18, 0x17, 0x77, 0xe2, 0x98, 0x82, 0x8a, 0xb4, 0xb5, 0x8a, 0x8e, 0x80,
  0x9c, 0xdb, 0x11, 0x05, 0x06, 0x06, 0x00, 0x01, 0x05, 0x1d, 0x11, 0x17,
  0x60, 0xd7, 0xfe, 0xca, 0x54, 0xf7, 0xea, 0x9c, 0x98, 0x98, 0x9b, 0x84,
  0x87, 0x85, 0x92, 0xef, 0xf4, 0x70, 0x17, 0x1b, 0x04, 0x1b, 0x1c, 0x12,
  0x10, 0x6f, 0x56, 0xe6, 0xef, 0xec, 0xee, 0x95, 0x94, 0xeb, 0xed, 0xec,
  0xea, 0x94, 0x95, 0x95, 0x96, 0x93, 0x91, 0xeb, 0xe1, 0xfa, 0xf8, 0xf9,
  0xf9, 0xfe, 0xf0, 0xc7, 0x51, 0x70, 0x6a, 0x04, 0x08, 0x36, 0x33, 0x3d,
  0x3f, 0x3d, 0x36, 0x0f, 0x18, 0x7d, 0x92, 0x8e, 0xb7, 0xb7, 0xb7, 0xb5,
  0x88, 0x82, 0x99, 0xe9, 0xf4, 0x77, 0x6f, 0x14, 0x6a, 0x6d, 0x6d, 0x15,
  0x12, 0x18, 0x04, 0x06, 0x01, 0x01, 0x07, 0x18, 0x6e, 0xfb, 0x98, 0x82,
  0x8b, 0xb4, 0xb7, 0xb4, 0x8b, 0x8d, 0x85, 0xea, 0x7d, 0x1c, 0x07, 0x00,
  0x00, 0x06, 0x1a, 0x1c, 0x16, 0x69, 0x63, 0x66, 0x65, 0x78, 0x61, 0x6c,
  0x64, 0xfd, 0x93, 0x9a, 0x87, 0x80, 0x8d, 0x8d, 0x81, 0x9a, 0x96, 0xf7,
  0x62, 0x1f, 0x04, 0x06, 0x04, 0x18, 0x1c, 0x17, 0x65, 0xf5, 0xe2, 0xe9,
  0xef, 0xe3, 0xe6, 0xe5, 0xfe, 0xfb, 0xe3, 0x95, 0x90, 0x9d, 0x9c, 0x9e,
  0x98, 0x9f, 0x96, 0xed, 0xf8, 0xf6, 0xcd, 0xd3, 0x57, 0xd1, 0xdb, 0xd6,
  0x46, 0x7f, 0x14, 0x07, 0x08, 0x36, 0x33, 0x3d, 0x3d, 0x33, 0x34, 0x03,
  0x10, 0xf3, 0x87, 0x8b, 0xb7, 0xb7, 0xb4, 0x8b, 0x8c, 0x84, 0x96, 0xfa,
  0x54, 0x7f, 0x60, 0x66, 0x7c, 0x73, 0x61, 0x17, 0x1f, 0x04, 0x00, 0x0d,
  0x0d, 0x03, 0x06, 0x1c, 0x71, 0x97, 0x86, 0x8e, 0xb5, 0xb7, 0xb7, 0xb5,
  0x8f, 0x86, 0x93, 0xfc, 0x64, 0x16, 0x1c, 0x19, 0x1b, 0x19, 0x12, 0x16,
  0x11, 0x12, 0x1c, 0x12, 0x12, 0x1c, 0x1d, 0x68, 0xd3, 0xea, 0x9e, 0x86,
  0x8d, 0x89, 0x88, 0x8d, 0x87, 0x9c, 0xef, 0x59, 0x15, 0x1e, 0x1b, 0x1f,
  0x1d, 0x1d, 0x16, 0x60, 0x40, 0xd1, 0x56, 0x5b, 0xd4, 0xc9, 0xf0, 0xf2,
  0xe5, 0xe9, 0x91, 0x9c, 0x9f, 0x98, 0x85, 0x85, 0x99, 0x90, 0xeb, 0xed,
  0xe6, 0xff, 0xc0, 0x54, 0xd2, 0xf5, 0xca, 0x52, 0x7c, 0x6f, 0x1e, 0x0d,
  0x34, 0x30, 0x3d, 0x3c, 0x3c, 0x33, 0x35, 0x06, 0x6b, 0xe7, 0x84, 0x89,
  0xb5, 0x8a, 0x89, 0x8f, 0x82, 0x84, 0x9d, 0x97, 0x94, 0xe8, 0xe3, 0xfa,
  0xf0, 0xd6, 0x66, 0x12, 0x07, 0x0c, 0x08, 0x0a, 0x0b, 0x0f, 0x01, 0x12,
  0x52, 0x90, 0x81, 0x8f, 0x8a, 0xb5, 0xb5, 0x8e, 0x80, 0x85, 0x9c, 0xe8,
  0xf4, 0x5e, 0x4f, 0x75, 0x65, 0x15, 0x1d, 0x19, 0x18, 0x05, 0x06, 0x03,
  0x00, 0x1a, 0x11, 0x63, 0x47, 0xe7, 0x90, 0x85, 0x81, 0x83, 0x83, 0x81,
  0x84, 0x9e, 0x97, 0xed, 0xff, 0xdd, 0x7e, 0x6e, 0x68, 0x6f, 0x6c, 0x69,
  0x6a, 0x15, 0x6e, 0x63, 0x66, 0x7f, 0x5e, 0xf1, 0xe3, 0xe8, 0x94, 0x93,
  0x9e, 0x9b, 0x9b, 0x9e, 0x9d, 0x92, 0x93, 0x96, 0x95, 0xeb, 0xef, 0xe0,
  0xe5, 0xfc, 0xcf, 0x5e, 0x7a, 0x68, 0x12, 0x06, 0x09, 0x37, 0x31, 0x30,
  0x32, 0x33, 0x37, 0x0e, 0x04, 0x17, 0xdc, 0x9d, 0x81, 0x83, 0x83, 0x83,
  0x82, 0x83, 0x86, 0x84, 0x85, 0x84, 0x9a, 0x9d, 0x96, 0xef, 0xf4, 0x65,
  0x13, 0x07, 0x0d, 0x0e, 0x09, 0x0e, 0x02, 0x07, 0x13, 0x77, 0xe2, 0x92,
  0x9a, 0x81, 0x83, 0x83, 0x81, 0x87, 0x87, 0x87, 0x9a, 0x9f, 0x92, 0x90,
  0xea, 0xf0, 0x7d, 0x15, 0x1c, 0x04, 0x00, 0x0d, 0x02, 0x00, 0x07, 0x19,
  0x13, 0x6d, 0xdc, 0xe2, 0x97, 0x93, 0x9c, 0x99, 0x9b, 0x9b, 0x9e, 0x9f,
  0x9c, 0x93, 0x94, 0xef, 0xe4, 0xf6, 0xd7, 0x7e, 0x6e, 0x15, 0x14, 0x14,
  0x15, 0x6a, 0x6c, 0x7b, 0x40, 0xd8, 0xff, 0xe3, 0xe8, 0x94, 0x96, 0x90,
  0x9d, 0x9c, 0x9f, 0x9c, 0x92, 0x90, 0x90, 0x93, 0x90, 0x97, 0xe9, 0xe6,
  0xf0, 0xd0, 0x70, 0x6a, 0x1a, 0x0c, 0x35, 0x36, 0x30, 0x33, 0x33, 0x31,
  0x34, 0x0e, 0x06, 0x11, 0x54, 0xeb, 0x92, 0x9e, 0x9b, 0x84, 0x86, 0x86,
  0x81, 0x80, 0x83, 0x83, 0x80, 0x86, 0x87, 0x98, 0x97, 0xca, 0x60, 0x13,
  0x05, 0x06, 0x00, 0x03, 0x00, 0x07, 0x19, 0x17, 0x60, 0x4f, 0xca, 0xe7,
  0xe2, 0xed, 0xe8, 0x96, 0x93, 0x92, 0x9d, 0x9e, 0x9b, 0x9a, 0x99, 0x92,
  0x95, 0xe1, 0xf6, 0x5a, 0x66, 0x6a, 0x17, 0x17, 0x16, 0x10, 0x13, 0x16,
  0x17, 0x17, 0x17, 0x68, 0x60, 0x7e, 0x4b, 0x50, 0xf4, 0xe2, 0x95, 0x97,
  0x97, 0x96, 0x91, 0x96, 0xeb, 0xe2, 0xe1, 0xe7, 0xfc, 0xcd, 0xc7, 0xc0,
  0xc2, 0xc1, 0xd6, 0x59, 0x5e, 0x56, 0xd5, 0xd3, 0xc7, 0xf7, 0xfe, 0xfb,
  0xe4, 0xe0, 0xe9, 0xea, 0x95, 0xea, 0xe8, 0xeb, 0xea, 0xe9, 0xe3, 0xfa,
  0xca, 0x5e, 0x61, 0x10, 0x1a, 0x06, 0x02, 0x0e, 0x08, 0x08, 0x0e, 0x0c,
  0x03, 0x06, 0x1b, 0x10, 0x15, 0x62, 0x78, 0x41, 0xc2, 0xfc, 0xe0, 0x95,
  0x93, 0x98, 0x84, 0x81, 0x80, 0x83, 0x83, 0x80, 0x87, 0x9b, 0x92, 0x94,
  0xe3, 0xf0, 0xd1, 0x41, 0x48, 0x77, 0x7c, 0x65, 0x66, 0x60, 0x6f, 0x15,
  0x17, 0x16, 0x16, 0x16, 0x17, 0x6b, 0x62, 0x65, 0x4b, 0xd0, 0xf4, 0xfc,
  0xfa, 0xe6, 0xe3, 0xe0, 0xe1, 0xe6, 0xe5, 0xf9, 0xf2, 0xc8, 0xda, 0xd6,
  0x50, 0x51, 0x52, 0x5b, 0x45, 0x5f, 0x52, 0x53, 0x50, 0x53, 0x52, 0x51,
  0x57, 0x50, 0x5c, 0x5b, 0x46, 0x42, 0x4d, 0x43, 0x41, 0x47, 0x46, 0x44,
  0x5a, 0x46, 0x46, 0x46, 0x41, 0x5c, 0x50, 0x51, 0xd5, 0x57, 0xd7, 0xc5,
  0xcd, 0xf4, 0xf7, 0xf6, 0xf1, 0xf0, 0xf2, 0xf2, 0xfc, 0xf9, 0xf9, 0xf9,
  0xfe, 0xfc, 0xfc, 0xfd, 0xf3, 0xf7, 0xc8, 0xc2, 0xc1, 0xd9, 0xd6, 0x56,
  0x5f, 0x41, 0x75, 0x76, 0x70, 0x7d, 0x78, 0x64, 0x67, 0x66, 0x61, 0x61,
  0x61, 0x66, 0x66, 0x66, 0x67, 0x64, 0x65, 0x78, 0x7e, 0x7c, 0x72, 0x71,
  0x71, 0x71, 0x77, 0x74, 0x75, 0x49, 0x43, 0x45, 0x5f, 0x50, 0xd1, 0xc4,
  0xce, 0xf5, 0xf6, 0xf3, 0xf2, 0xf2, 0xff, 0xf9, 0xfb, 0xfa, 0xfb, 0xfb,
  0xfb, 0xf9, 0xfd, 0xf0, 0xf5, 0xcf, 0xc6, 0xdb, 0xd9, 0xdf, 0xdf, 0xd8,
  0xda, 0xc6, 0xcd, 0xc9, 0xf5, 0xca, 0xcb, 0xce, 0xc3, 0xc7, 0xd8, 0xdc,
  0xd3, 0xd4, 0x56, 0x50, 0x5d, 0x59, 0x5a, 0x47, 0x40, 0x42, 0x4d, 0x4d,
  0x4d, 0x40, 0x44, 0x5e, 0x51, 0xd4, 0xd1, 0xd0, 0xd0, 0xd6, 0xd7, 0xd5,
  0x56, 0x51, 0x56, 0x57, 0x54, 0x54, 0xd5, 0xd6, 0xd1, 0xd0, 0xd6, 0xd7,
  0xd7, 0xd4, 0xd5, 0xd5, 0xd4, 0xd1, 0xd2, 0xd2, 0xdc, 0xd9, 0xdb, 0xda,
  0xdb, 0xd8, 0xdf, 0xdd, 0xd3, 0xd3, 0xd0, 0xd0, 0xd6, 0xd5, 0x55, 0x55,
  0x55, 0x55, 0x54, 0x57, 0x51, 0x5c, 0x5a, 0x46, 0x4d, 0x48, 0x77, 0x71,
  0x73, 0x72, 0x7d, 0x7f, 0x7f, 0x7d, 0x73, 0x70, 0x76, 0x75, 0x4e, 0x40,
  0x45, 0x5e, 0x51, 0xd7, 0xdc, 0xda, 0xc6, 0xcd, 0xc8, 0xcb, 0xc8, 0xc9,
  0xce, 0xcc, 0xc0, 0xc4, 0xda, 0xdb, 0xda, 0xda, 0xc5, 0xc6, 0xc2, 0xcc,
  0xcf, 0xce, 0xce, 0xc9, 0xc9, 0xce, 0xcf, 0xcf, 0xcc, 0xcc, 0xcd, 0xc2,
  0xc2, 0xc3, 0xc1, 0xc5, 0xde, 0xd2, 0xd7, 0x57, 0x50, 0x5c, 0x5f, 0x5f,
  0x5f, 0x5c, 0x5f, 0x5f, 0x5e, 0x58, 0x45, 0x41, 0x43, 0x4c, 0x4e, 0x4e,
  0x4f, 0x4d, 0x40, 0x44, 0x58, 0x5c, 0x53, 0x51, 0x56, 0x57, 0x56, 0x57,
  0x54, 0x55, 0x55, 0x55, 0xd5, 0xd4, 0xd7, 0xd5, 0x54, 0x56, 0x50, 0x53,
  0x52, 0x52, 0x50, 0x57, 0xd5, 0xd6, 0xd2, 0xd9, 0xc4, 0xc6, 0xc0, 0xc3,
  0xc2, 0xc2, 0xc3, 0xc1, 0xc6, 0xc4, 0xda, 0xd9, 0xdd, 0xd1, 0xd4, 0x56,
  0x52, 0x59, 0x45, 0x46, 0x43, 0x4d, 0x4c, 0x4c, 0x42, 0x40, 0x46, 0x44,
  0x5a, 0x5b, 0x58, 0x58, 0x5b, 0x5a, 0x45, 0x45, 0x45, 0x45, 0x44, 0x44,
  0x44, 0x45, 0x45, 0x5a, 0x5a, 0x5b, 0x59, 0x59, 0x5e, 0x5f, 0x52, 0x56,
  0x55, 0xd7, 0xd0, 0xdc, 0xd9, 0xdb, 0xc5, 0xc6, 0xc0, 0xc2, 0xc2, 0xc2,
  0xcd, 0xcf, 0xcf, 0xcc, 0xcc, 0xcc, 0xcc, 0xcc, 0xcc, 0xcc, 0xcc, 0xc2,
  0xc0, 0xc6, 0xc5, 0xdb, 0xde, 0xd2, 0xd1, 0xd5, 0x54, 0x57, 0x56, 0x51,
  0x50, 0x50, 0x51, 0x56, 0x56, 0x57, 0x57, 0x57, 0x57, 0x57, 0x54, 0x54,
  0x55, 0x55, 0x57, 0x56, 0x56, 0x51, 0x50, 0x5d, 0x5f, 0x5e, 0x5e, 0x5e,
  0x5f, 0x5c, 0x5d, 0x53, 0x50, 0x51, 0x56, 0x54, 0x55, 0x55, 0x55, 0x55,
  0xd5, 0xd4, 0xd4, 0xd5, 0xd5, 0x55, 0x57, 0x51, 0x52, 0x5f, 0x59, 0x5b,
  0x45, 0x47, 0x47, 0x47, 0x47, 0x47, 0x47, 0x45, 0x5b, 0x58, 0x58, 0x5e,
  0x5f, 0x5d, 0x53, 0x50, 0x51, 0x56, 0x57, 0x54, 0x54, 0x55, 0x55, 0x55,
  0x55, 0xd5, 0xd5, 0xd5, 0xd4, 0xd4, 0xd4, 0xd7, 0xd6, 0xd1, 0xd0, 0xd3,
  0xd2, 0xd2, 0xd2, 0xd2, 0xdd, 0xdc, 0xdf, 0xde, 0xd9, 0xd8, 0xda, 0xda,
  0xda, 0xda, 0xda, 0xda, 0xda, 0xda, 0xda, 0xc5, 0xc5, 0xc4, 0xc5, 0xda,
  0xdb, 0xd9, 0xdf, 0xd2, 0xd1, 0xd5, 0x54, 0x56, 0x56, 0x51, 0x51, 0x56,
  0x56, 0x57, 0x54, 0x54, 0x54, 0x54, 0x57, 0x51, 0x50, 0x50, 0x50, 0x51,
  0x51, 0x51, 0x51, 0x56, 0x56, 0x56, 0x56, 0x56, 0x50, 0x53, 0x5d, 0x5c,
  0x5c, 0x5c, 0x5c, 0x5d, 0x52, 0x53, 0x51, 0x56, 0x54, 0x54, 0x54, 0x57,
  0x56, 0x51, 0x50, 0x52, 0x5c, 0x5e, 0x59, 0x58, 0x5b, 0x5b, 0x5b, 0x5b,
  0x5b, 0x5b, 0x58, 0x59, 0x5f, 0x5c, 0x52, 0x53, 0x51, 0x54, 0xd5, 0xd4,
  0xd7, 0xd1, 0xd3, 0xdd, 0xdc, 0xdc, 0xdf, 0xdf, 0xdc, 0xdc, 0xdc, 0xdd,
  0xdd, 0xd2, 0xd3, 0xd0, 0xd0, 0xd3, 0xd3, 0xd3, 0xd0, 0xd0, 0xd0, 0xd0,
  0xd3, 0xd3, 0xd0, 0xd0, 0xd0, 0xd0, 0xd0, 0xd0, 0xd1, 0xd6, 0xd4, 0xd5,
  0xd5, 0xd4, 0xd7, 0xd7, 0xd6, 0xd1, 0xd1, 0xd1, 0xd1, 0xd6, 0xd7, 0xd5,
  0x55, 0x57, 0x54, 0x54, 0x55, 0x55, 0x55, 0x55, 0xd5, 0xd5, 0xd5, 0x54,
  0x57, 0x56, 0x51, 0x51, 0x56, 0x57, 0x55, 0xd5, 0xd4, 0xd7, 0xd1, 0xd0,
  0xd1, 0xd7, 0xd5, 0x54, 0x51, 0x53, 0x52, 0x5d, 0x5d, 0x52, 0x50, 0x57,
  0xd5, 0xd6, 0xd1, 0xd0, 0xd0, 0xd1, 0xd6, 0xd7, 0xd5, 0x54, 0x56, 0x50,
  0x50, 0x50, 0x50, 0x50, 0x53, 0x52, 0x5d, 0x5c, 0x5c, 0x5c, 0x5c, 0x5f,
  0x5f, 0x5c, 0x52, 0x51, 0x57, 0x55, 0xd4, 0xd6, 0xd1, 0xd3, 0xd2, 0xdd,
  0xd2, 0xd3, 0xd1, 0xd1, 0xd6, 0xd7, 0xd4, 0xd5, 0x55, 0x55, 0x55, 0x55,
  0xd5, 0xd5, 0xd5, 0xd5, 0xd5, 0xd4, 0xd4, 0xd4, 0xd7, 0xd7, 0xd7, 0xd7,
  0xd4, 0xd7, 0xd7, 0xd5, 0x55, 0x54, 0x57, 0x57, 0x56, 0x56, 0x56, 0x57,
  0x54, 0xd5, 0xd4, 0xd6, 0xd0, 0xd0, 0xd0, 0xd0, 0xd0, 0xd0, 0xd1, 0xd6,
  0xd7, 0xd5, 0x55, 0x55, 0x55, 0x54, 0x54, 0x57, 0x57, 0x57, 0x57, 0x54,
  0x54, 0x55, 0xd5, 0xd5, 0xd4, 0xd4, 0xd4, 0xd4, 0xd5, 0x54, 0x57, 0x56,
  0x51, 0x51, 0x50, 0x50, 0x51, 0x56, 0x55, 0xd4, 0xd6, 0xd1, 0xd3, 0xd3,
  0xd3, 0xd0, 0xd0, 0xd1, 0xd1, 0xd6, 0xd7, 0xd7, 0xd7, 0xd6, 0xd7, 0xd4,
  0xd5, 0x55, 0x57, 0x51, 0x50, 0x53, 0x52, 0x52, 0x52, 0x53, 0x51, 0x57,
  0x54, 0x54, 0x55, 0xd5, 0xd5, 0xd5, 0xd5, 0x55, 0x54, 0x57, 0x56, 0x56,
  0x56, 0x56, 0x56, 0x51, 0x51, 0x56, 0x56, 0x56, 0x56, 0x56, 0x57, 0x57,
  0x55, 0xd4, 0xd7, 0xd7, 0xd6, 0xd6, 0xd6, 0xd6, 0xd7, 0xd4, 0xd5, 0x54,
  0x57, 0x56, 0x56, 0x56, 0x56, 0x51, 0x51, 0x56, 0x57, 0x54, 0x55, 0xd5,
  0xd5, 0xd4, 0xd4, 0xd4, 0xd4, 0xd4, 0xd4, 0xd5, 0x55, 0x55, 0x55, 0x55,
  0x55, 0x55, 0x55, 0xd5, 0xd4, 0xd7, 0xd6, 0xd6, 0xd1, 0xd1, 0xd1, 0xd1,
  0xd1, 0xd1, 0xd6, 0xd6, 0xd7, 0xd4, 0xd5, 0x55, 0x54, 0x54, 0x57, 0x57,
  0x57, 0x54, 0x55, 0xd5, 0xd4, 0xd6, 0xd1, 0xd1, 0xd0, 0xd0, 0xd0, 0xd3,
  0xd3, 0xd3, 0xd0, 0xd0, 0xd0, 0xd1, 0xd6, 0xd7, 0xd5, 0x54, 0x56, 0x51,
  0x53, 0x53, 0x52, 0x52, 0x53, 0x50, 0x51, 0x57, 0x54, 0x55, 0xd5, 0xd5,
  0xd5, 0xd5, 0xd5, 0xd5, 0x55, 0x55, 0x55, 0x54, 0x54, 0x54, 0x57, 0x57,
  0x56, 0x51, 0x50, 0x50, 0x53, 0x53, 0x53, 0x50, 0x51, 0x56, 0x57, 0x54,
  0xd5, 0xd5, 0xd4, 0xd4, 0xd4, 0xd5, 0xd5, 0xd5, 0xd5, 0xd5, 0xd5, 0xd5,
  0xd5, 0xd5, 0xd5, 0xd5, 0xd5, 0xd5, 0xd5, 0xd4, 0xd4, 0xd7, 0xd7, 0xd7,
  0xd7, 0xd7, 0xd4, 0xd5, 0xd5, 0x55, 0x54, 0x57, 0x57, 0x56, 0x56, 0x51,
  0x56, 0x56, 0x56, 0x54, 0x54, 0x54, 0xd5, 0xd4, 0xd6, 0xd1, 0xd1, 0xd0,
  0xd3, 0xd0, 0xd3, 0xd7, 0xd6, 0xd1, 0xd6, 0xd1, 0xd7, 0x54, 0xd7, 0x55,
  0xd7, 0xd4, 0x54, 0xd5, 0xd4, 0xd5, 0xd3, 0xd4, 0xd5, 0x55, 0x54, 0xd5,
  0x55, 0x51, 0x55, 0xd4, 0x54, 0x55, 0x5d, 0x5c, 0x53, 0x5b, 0x59, 0x59,
  0x58, 0x58, 0x52, 0x51, 0x51, 0x5c, 0x58, 0x77, 0x65, 0x72, 0x65, 0x59,
  0xda, 0x57, 0x44, 0x71, 0x65, 0x60, 0x62, 0x79, 0x74, 0x4e, 0x41, 0x44,
  0x59, 0xd4, 0x51, 0x58, 0x5a, 0x45, 0x5f, 0xd6, 0xd5, 0xd0, 0xc6, 0xc8,
  0xf5, 0xfd, 0xf9, 0xf1, 0xdb, 0x59, 0x5c, 0x54, 0xd3, 0xdb, 0xdc, 0xc5,
  0xcc, 0xc1, 0xc3, 0xdf, 0x53, 0x58, 0x54, 0xcd, 0xf0, 0xf9, 0xe1, 0xec,
  0xe0, 0xe7, 0xe6, 0xe7, 0xe7, 0xe4, 0xe4, 0xe1, 0xe6, 0xe1, 0xe7, 0xfd,
  0xf1, 0xcb, 0xc9, 0xc3, 0xd6, 0xd7, 0xd2, 0xd1, 0x5c, 0x44, 0x4f, 0x74,
  0x75, 0x71, 0x77, 0x76, 0x7c, 0x7d, 0x79, 0x7d, 0x77, 0x76, 0x4b, 0x77,
  0x4e, 0xd3, 0xc4, 0xca, 0xf0, 0xf2, 0xff, 0xfb, 0xff, 0xf4, 0xf0, 0xfb,
  0xe7, 0xe1, 0xe1, 0xe1, 0xe7, 0xe3, 0xe9, 0xe1, 0xe5, 0xe0, 0xe2, 0xee,
  0xea, 0xea, 0xe0, 0xf8, 0xe1, 0xe9, 0xea, 0xef, 0xe4, 0xf6, 0xf3, 0xf2,
  0xc8, 0xd6, 0x46, 0x76, 0x4e, 0x50, 0xd6, 0x52, 0x77, 0x64, 0x66, 0x60,
  0x16, 0x05, 0x07, 0x1f, 0x6b, 0x14, 0x1a, 0x00, 0x00, 0x06, 0x01, 0x01,
  0x04, 0x1b, 0x1a, 0x06, 0x06, 0x1b, 0x16, 0x6b, 0x17, 0x17, 0x62, 0x43,
  0xdf, 0xd0, 0xc4, 0xe4, 0xea, 0x97, 0x97, 0x97, 0x96, 0x93, 0x9d, 0x9d,
  0x92, 0x9d, 0x9c, 0x9c, 0x91, 0xee, 0xe2, 0xe9, 0xee, 0xf8, 0xd1, 0x57,
  0xd2, 0x48, 0x69, 0x11, 0x6e, 0x43, 0x49, 0x14, 0x1f, 0x10, 0x62, 0x60,
  0x6b, 0x6e, 0x74, 0x45, 0x7c, 0x7b, 0x5a, 0xf9, 0xe3, 0xfa, 0xf4, 0xe7,
  0x97, 0x9d, 0x91, 0xe9, 0x94, 0x9e, 0x9a, 0x9e, 0x9d, 0x9e, 0x85, 0x85,
  0x9b, 0x99, 0x9f, 0x9d, 0x9c, 0x93, 0xea, 0xe1, 0xec, 0xea, 0x94, 0x94,
  0xea, 0xe8, 0xe7, 0xf5, 0xfc, 0xed, 0xfc, 0xd7, 0xdd, 0xfd, 0x74, 0x06,
  0x36, 0x35, 0x15, 0xe7, 0x12, 0x31, 0x3d, 0x37, 0x0e, 0x08, 0x08, 0x01,
  0x05, 0x09, 0x31, 0x35, 0x10, 0x71, 0x1c, 0x04, 0x7e, 0x92, 0x96, 0x42,
  0x45, 0x92, 0x83, 0x8f, 0x89, 0x8a, 0x8e, 0x87, 0x9b, 0x8d, 0xb4, 0xb7,
  0x8a, 0x82, 0x87, 0x9c, 0x93, 0x9c, 0x85, 0x99, 0xe4, 0x63, 0x15, 0x7e,
  0x46, 0x69, 0x04, 0x06, 0x1d, 0x6c, 0x10, 0x07, 0x00, 0x1a, 0x16, 0x15,
  0x62, 0x72, 0x70, 0x6e, 0x14, 0x7d, 0xe2, 0x97, 0xed, 0xce, 0xf3, 0x95,
  0x9c, 0x92, 0x94, 0x90, 0x9b, 0x9e, 0x95, 0xe2, 0x96, 0x99, 0x9c, 0x97,
  0x97, 0x93, 0x91, 0xef, 0xe7, 0xef, 0x94, 0x95, 0xed, 0xe7, 0xe4, 0xe1,
  0xe0, 0xe1, 0xe4, 0xfb, 0xf0, 0xd4, 0x76, 0x58, 0xc3, 0x6d, 0x0c, 0x36,
  0x09, 0x72, 0xe4, 0x01, 0x3c, 0x3c, 0x0a, 0x06, 0x0d, 0x0f, 0x05, 0x1c,
  0x08, 0x30, 0x0e, 0xcd, 0xeb, 0x15, 0x18, 0xda, 0x9e, 0xe6, 0x69, 0xf5,
  0x82, 0x8b, 0x81, 0x99, 0x87, 0x80, 0x9b, 0x9d, 0x83, 0xb5, 0x8a, 0x86,
  0x97, 0x91, 0x99, 0x9a, 0x9f, 0x92, 0x97, 0xf1, 0x6f, 0x1f, 0x16, 0x77,
  0x71, 0x12, 0x01, 0x1b, 0x69, 0x14, 0x07, 0x00, 0x17, 0xd2, 0x5b, 0x6f,
  0x63, 0xc7, 0xf6, 0xc5, 0xfb, 0x9f, 0x87, 0x92, 0xfe, 0xe5, 0x9e, 0x86,
  0x98, 0x90, 0x90, 0x9f, 0x90, 0xe3, 0xe7, 0xee, 0x96, 0xeb, 0xff, 0xd8,
  0xdb, 0xf5, 0xcd, 0xc9, 0xe4, 0xe9, 0xec, 0xc3, 0x4f, 0x57, 0xfa, 0xef,
  0xe9, 0xeb, 0xe8, 0xed, 0xfd, 0xd7, 0x50, 0xf4, 0xf9, 0x79, 0x01, 0x35,
  0x0c, 0x65, 0xf5, 0x06, 0x32, 0x32, 0x08, 0x06, 0x0c, 0x09, 0x01, 0x1a,
  0x0e, 0x37, 0x00, 0xf1, 0xe8, 0x6b, 0x1d, 0xe5, 0x87, 0x91, 0x45, 0xeb,
  0x8e, 0x8a, 0x86, 0x9a, 0x8d, 0x8f, 0x85, 0x9d, 0x83, 0x8a, 0x8c, 0x93,
  0xe3, 0x95, 0x91, 0xe8, 0xe0, 0xe5, 0xd3, 0x69, 0x1d, 0x1c, 0x16, 0x14,
  0x1d, 0x1a, 0x18, 0x11, 0x69, 0x11, 0x19, 0x10, 0x46, 0xe7, 0xf6, 0x40,
  0x51, 0xe7, 0xeb, 0x96, 0x9e, 0x85, 0x9f, 0xea, 0xea, 0x9c, 0x84, 0x99,
  0x97, 0xec, 0xec, 0xe6, 0xf2, 0xcf, 0xfc, 0xe7, 0xf3, 0x48, 0x7b, 0x73,
  0x45, 0x46, 0x52, 0xf5, 0xfa, 0xf3, 0x56, 0xd1, 0xf6, 0xe0, 0xe9, 0x97,
  0x94, 0xe8, 0xec, 0xe2, 0xe8, 0x94, 0x97, 0xeb, 0xe4, 0xc4, 0x73, 0x1e,
  0x09, 0x08, 0x12, 0xcd, 0x16, 0x31, 0x3e, 0x31, 0x00, 0x06, 0x0f, 0x0c,
  0x01, 0x02, 0x35, 0x0e, 0x63, 0xe8, 0xc2, 0x6b, 0x74, 0x9c, 0x84, 0x97,
  0xe2, 0x87, 0x88, 0x89, 0x83, 0x86, 0x86, 0x99, 0x93, 0x9a, 0x8d, 0x83,
  0x95, 0x4b, 0x7a, 0xd5, 0xfc, 0xfe, 0xd1, 0x6e, 0x1c, 0x05, 0x1a, 0x18,
  0x1c, 0x15, 0x6e, 0x11, 0x1b, 0x16, 0x5e, 0xf9, 0x52, 0x73, 0xe0, 0x9e,
  0x9f, 0xeb, 0xeb, 0x99, 0x85, 0x9b, 0x9e, 0x84, 0x84, 0x90, 0xed, 0xea,
  0x9e, 0x92, 0xe5, 0x44, 0x46, 0xd2, 0x4c, 0x7b, 0x66, 0x73, 0x7f, 0x6f,
  0x6b, 0x63, 0x5d, 0xda, 0x5f, 0xd7, 0xe4, 0xea, 0xe7, 0xf7, 0xe5, 0x91,
  0x9f, 0x93, 0x96, 0x97, 0x90, 0x97, 0x94, 0x91, 0x96, 0xea, 0xfd, 0x5f,
  0x79, 0x11, 0x02, 0x35, 0x02, 0x15, 0x6b, 0x08, 0x3f, 0x3d, 0x09, 0x07,
  0x00, 0x03, 0x04, 0x05, 0x02, 0x02, 0x6d, 0x91, 0x90, 0xf3, 0xfb, 0x9e,
  0x86, 0x9a, 0x93, 0x9a, 0x82, 0x8d, 0x81, 0x85, 0x99, 0x97, 0xfb, 0xf8,
  0x96, 0x9c, 0xed, 0x7c, 0x15, 0x68, 0x67, 0x65, 0x79, 0x67, 0x6c, 0x14,
  0x16, 0x11, 0x16, 0x64, 0xcb, 0xca, 0x76, 0x74, 0xed, 0x92, 0x95, 0xc8,
  0xec, 0x9a, 0x87, 0x9c, 0xea, 0x96, 0x9d, 0x93, 0x94, 0x96, 0x91, 0xef,
  0xc1, 0x40, 0x57, 0xcd, 0x54, 0x78, 0x62, 0x64, 0x77, 0x71, 0x67, 0x6d,
  0x62, 0x66, 0x79, 0x49, 0xda, 0xf5, 0xd1, 0x52, 0xf0, 0xec, 0xe9, 0xe6,
  0xfb, 0xe9, 0x96, 0x94, 0xed, 0xee, 0x96, 0x92, 0x94, 0xee, 0xee, 0xeb,
  0xe1, 0xcc, 0x5a, 0x75, 0x11, 0x02, 0x35, 0x09, 0x1e, 0x6a, 0x02, 0x30,
  0x33, 0x0a, 0x06, 0x04, 0x00, 0x07, 0x1c, 0x19, 0x1a, 0x6b, 0xe4, 0x97,
  0xe6, 0xf9, 0x9d, 0x83, 0x86, 0x93, 0x97, 0x9b, 0x81, 0x81, 0x99, 0x97,
  0xe1, 0xc9, 0xc2, 0xe7, 0xed, 0xf8, 0x41, 0x64, 0x64, 0x7f, 0x79, 0x7b,
  0x7d, 0x72, 0x70, 0x4f, 0xd6, 0x50, 0x73, 0x7c, 0xf6, 0x90, 0x9c, 0xe6,
  0x64, 0x7b, 0xe9, 0x84, 0x9a, 0xed, 0xd4, 0xfa, 0x96, 0x91, 0xe3, 0xe5,
  0xe1, 0xed, 0xe5, 0xf1, 0xf4, 0xde, 0x73, 0x7a, 0xd2, 0xe3, 0xe6, 0x4b,
  0x68, 0x6e, 0x42, 0xf3, 0xfd, 0x47, 0x65, 0x67, 0x5f, 0xff, 0xe5, 0xf1,
  0xca, 0xe7, 0xe9, 0x97, 0xea, 0xef, 0xec, 0xe8, 0xeb, 0x94, 0x95, 0xed,
  0xe0, 0xe1, 0xed, 0x95, 0x95, 0xe6, 0x56, 0x7b, 0x7b, 0x6e, 0x1a, 0x0f,
  0x09, 0x03, 0x1b, 0x07, 0x09, 0x34, 0x34, 0x09, 0x00, 0x07, 0x1a, 0x1e,
  0x19, 0x18, 0x16, 0x73, 0xc8, 0xf2, 0xfc, 0x94, 0x84, 0x87, 0x9e, 0x97,
  0x94, 0x9d, 0x9b, 0x99, 0x93, 0xec, 0xf5, 0xd7, 0xc2, 0xf0, 0xce, 0xd1,
  0x40, 0x47, 0x59, 0x44, 0x4e, 0x73, 0x77, 0x50, 0xf1, 0xf2, 0xf0, 0xc2,
  0xca, 0xfc, 0xe3, 0x96, 0x91, 0xea, 0xcd, 0x71, 0xcc, 0x93, 0x98, 0x97,
  0xdf, 0x74, 0xff, 0xea, 0xe0, 0xd3, 0x4d, 0x57, 0xf4, 0xf6, 0xc5, 0x5e,
  0x49, 0x70, 0x56, 0xfc, 0xfb, 0xd2, 0x7f, 0x79, 0x5e, 0xf3, 0xcf, 0x76,
  0x60, 0x7b, 0x5a, 0xce, 0xcb, 0x45, 0x52, 0xf4, 0xe0, 0xef, 0xed, 0xe3,
  0xe0, 0xe0, 0xed, 0xee, 0xe9, 0xee, 0xed, 0xe9, 0x91, 0x91, 0x94, 0x94,
  0x95, 0x94, 0xeb, 0xe3, 0xf0, 0x5a, 0x13, 0x03, 0x0c, 0x03, 0x07, 0x01,
  0x09, 0x35, 0x0b, 0x09, 0x0e, 0x0f, 0x03, 0x05, 0x1a, 0x19, 0x17, 0x7e,
  0x4e, 0x71, 0xcc, 0x97, 0x9a, 0x9b, 0x92, 0x93, 0x9c, 0x9f, 0x92, 0x93,
  0x94, 0xea, 0xe2, 0xe0, 0xe2, 0xe4, 0xd6, 0x74, 0x47, 0xdd, 0xf1, 0xcf,
  0x55, 0x5a, 0x48, 0x53, 0xf0, 0xe7, 0xfa, 0xf1, 0xf0, 0xe5, 0xee, 0xee,
  0xef, 0xe4, 0xe7, 0xe8, 0x94, 0xef, 0xcb, 0x4c, 0xd4, 0xe9, 0xea, 0xe7,
  0x58, 0x4a, 0xc7, 0xf6, 0xd2, 0x40, 0x56, 0xc9, 0xf2, 0xce, 0xc9, 0xc9,
  0xd3, 0x44, 0xd1, 0xc8, 0xfc, 0xc7, 0x4f, 0x74, 0x5c, 0xdc, 0xd5, 0x4e,
  0x76, 0x5c, 0xda, 0xd4, 0x46, 0x4c, 0x59, 0xf6, 0xe6, 0xee, 0xec, 0xed,
  0xee, 0xea, 0x97, 0x95, 0xeb, 0xe8, 0x94, 0x94, 0x91, 0x91, 0x91, 0x96,
  0x94, 0x97, 0xed, 0xfd, 0x53, 0x62, 0x18, 0x02, 0x09, 0x0e, 0x0c, 0x09,
  0x35, 0x35, 0x0b, 0x08, 0x08, 0x08, 0x0c, 0x01, 0x04, 0x19, 0x15, 0x7f,
  0x4f, 0x5b, 0xf6, 0x97, 0x98, 0x98, 0x9c, 0x9f, 0x9b, 0x9b, 0x92, 0x96,
  0xe9, 0xee, 0xee, 0xe3, 0xe3, 0xe4, 0xf4, 0x56, 0x51, 0x53, 0x55, 0x4f,
  0x43, 0xc2, 0xf2, 0xf7, 0xc6, 0xda, 0xcd, 0xf7, 0xfe, 0xed, 0xe8, 0xef,
  0xe6, 0xe0, 0xef, 0xee, 0xe4, 0xfb, 0xe3, 0xe8, 0xe1, 0xc6, 0x46, 0xd1,
  0xfb, 0xf6, 0xd1, 0x52, 0xc5, 0xf2, 0xc3, 0x5b, 0xd3, 0xcd, 0xf0, 0xf4,
  0xcc, 0xc1, 0xdf, 0x53, 0x5b, 0x55, 0xd7, 0x54, 0x47, 0x57, 0xc1, 0xc4,
  0x5f, 0x77, 0x4b, 0xd4, 0xc6, 0xd6, 0x5f, 0xd4, 0xc8, 0xf7, 0xf2, 0xff,
  0xe3, 0xea, 0xe8, 0xee, 0xeb, 0x95, 0x95, 0xea, 0xeb, 0x91, 0x9c, 0x9c,
  0x9c, 0x9d, 0x9d, 0x93, 0x93, 0x94, 0xef, 0xfa, 0xdf, 0x65, 0x10, 0x06,
  0x0c, 0x08, 0x0b, 0x0b, 0x08, 0x0a, 0x0a, 0x0a, 0x0b, 0x08, 0x09, 0x0c,
  0x00, 0x1a, 0x10, 0x6c, 0x47, 0xf8, 0xe2, 0xeb, 0x96, 0x9c, 0x98, 0x99,
  0x98, 0x9b, 0x85, 0x9b, 0x9d, 0x96, 0x95, 0xe2, 0xf8, 0xf0, 0xf1, 0xc0,
  0x43, 0x7c, 0x74, 0x41, 0x77, 0x7b, 0x73, 0xd5, 0xc1, 0xc0, 0xc5, 0xf1,
  0xe4, 0xe7, 0xe4, 0xe0, 0xe3, 0xe2, 0xef, 0xec, 0xe8, 0xea, 0xee, 0xee,
  0xe0, 0xe1, 0xe7, 0xfa, 0xf0, 0xd6, 0x43, 0x43, 0x5a, 0x74, 0x7d, 0x4a,
  0xc1, 0xf7, 0xdc, 0x44, 0x5d, 0xd0, 0x45, 0x7a, 0x78, 0x42, 0x53, 0x4a,
  0x70, 0x58, 0xd0, 0x56, 0x73, 0x71, 0x5f, 0x52, 0x48, 0x76, 0x74, 0xd5,
  0x55, 0x55, 0xda, 0xc1, 0xf5, 0xf7, 0xfe, 0xe1, 0xee, 0xee, 0xe8, 0xea,
  0x97, 0x96, 0x91, 0x90, 0x92, 0x9e, 0x99, 0x9a, 0x9a, 0x98, 0x99, 0x9c,
  0x92, 0x93, 0x95, 0xe1, 0xc1, 0x78, 0x17, 0x07, 0x0f, 0x35, 0x34, 0x34,
  0x34, 0x37, 0x34, 0x35, 0x08, 0x09, 0x08, 0x0e, 0x00, 0x04, 0x1c, 0x6a,
  0xdc, 0xeb, 0x97, 0x90, 0x9e, 0x84, 0x87, 0x9b, 0x99, 0x85, 0x85, 0x9e,
  0x90, 0x91, 0x93, 0x95, 0xf9, 0xf1, 0xf6, 0xc8, 0x48, 0x64, 0x7e, 0x73,
  0x65, 0x62, 0x65, 0x4c, 0x45, 0x77, 0x46, 0xcf, 0xf9, 0xfe, 0xfb, 0xed,
  0xeb, 0xea, 0xee, 0xea, 0x97, 0x95, 0xef, 0xe9, 0x94, 0xea, 0xe6, 0xe7,
  0xe0, 0xe7, 0xc2, 0x44, 0x5f, 0x55, 0x7f, 0x62, 0x64, 0x5d, 0xd2, 0x7c,
  0x7c, 0x5a, 0xc4, 0x43, 0x78, 0x71, 0x76, 0x7a, 0x62, 0x66, 0x48, 0x52,
  0x7b, 0x7a, 0x71, 0x71, 0x7e, 0x67, 0x73, 0x54, 0xd6, 0xd4, 0xc6, 0xf1,
  0xe5, 0xe4, 0xfb, 0xfa, 0xe6, 0xe0, 0xec, 0xea, 0x97, 0x90, 0x92, 0x93,
  0x92, 0x9d, 0x9e, 0x9c, 0x92, 0x92, 0x9f, 0x98, 0x9e, 0x9f, 0x93, 0x91,
  0x97, 0xe9, 0xe4, 0xf5, 0x52, 0x60, 0x12, 0x06, 0x0f, 0x34, 0x36, 0x36,
  0x36, 0x34, 0x37, 0x34, 0x08, 0x0c, 0x0c, 0x0e, 0x02, 0x1e, 0x16, 0x10,
  0x60, 0xe7, 0x9f, 0x9d, 0x90, 0x85, 0x82, 0x81, 0x9f, 0x9c, 0x87, 0x84,
  0x91, 0xea, 0x92, 0x9f, 0xe8, 0xc7, 0xf3, 0xe4, 0x54, 0x6e, 0x6b, 0x72,
  0x4b, 0x63, 0x62, 0x5c, 0xc9, 0x59, 0x76, 0xc6, 0xe3, 0xe1, 0xf2, 0xe0,
  0x91, 0x92, 0x97, 0x97, 0x9c, 0x9f, 0x97, 0xef, 0x94, 0x97, 0xe6, 0xf5,
  0xfb, 0xec, 0xfb, 0x45, 0x44, 0xd9, 0x50, 0x65, 0x64, 0x4d, 0x53, 0x60,
  0x6b, 0x68, 0x63, 0x66, 0x6e, 0x61, 0x78, 0x4e, 0x72, 0x7b, 0x78, 0x78,
  0x65, 0x66, 0x64, 0x7c, 0x7c, 0x48, 0x42, 0x41, 0xdf, 0xcc, 0xc0, 0xcf,
  0xce, 0xf4, 0xf3, 0xf7, 0xfe, 0xe5, 0xe3, 0xef, 0xe8, 0xe9, 0x94, 0x97,
  0x96, 0x97, 0x97, 0x91, 0x96, 0x96, 0x94, 0x97, 0x96, 0x97, 0xee, 0xed,
  0xef, 0xec, 0xe1, 0xf8, 0xf3, 0xf7, 0xdb, 0x41, 0x7f, 0x62, 0x6a, 0x1d,
  0x1a, 0x07, 0x02, 0x0e, 0x0b, 0x08, 0x0c, 0x0d, 0x0d, 0x03, 0x07, 0x1c,
  0x1f, 0x1e, 0x11, 0x64, 0x7a, 0x63, 0x7b, 0xf2, 0xe2, 0xfa, 0xf2, 0xe9,
  0x90, 0x97, 0xed, 0xec, 0x97, 0x95, 0xe3, 0xff, 0xe2, 0xee, 0xe5, 0xf6,
  0xe5, 0xe2, 0xe3, 0xff, 0xe5, 0xe0, 0xfa, 0xc2, 0xd2, 0xce, 0xca, 0xdf,
  0x5f, 0xcd, 0xe1, 0xe2, 0xfa, 0xfb, 0xe1, 0xe3, 0xe6, 0xe7, 0xe3, 0xe2,
  0xfb, 0xf2, 0xe7, 0xe3, 0xe7, 0xf6, 0xcb, 0xf8, 0xe7, 0xf0, 0xc2, 0xc0,
  0xca, 0xc6, 0xd7, 0xdf, 0xc2, 0xdd, 0x41, 0x49, 0x4c, 0x49, 0x79, 0x7a,
  0x64, 0x7a, 0x72, 0x7e, 0x7d, 0x7b, 0x60, 0x67, 0x64, 0x7a, 0x79, 0x64,
  0x7d, 0x71, 0x73, 0x4f, 0x4a, 0x43, 0x47, 0x42, 0x58, 0x5a, 0x53, 0xd3,
  0xdb, 0xcb, 0xf1, 0xfd, 0xfb, 0xe4, 0xe7, 0xe0, 0xe2, 0xef, 0xef, 0xee,
  0xe8, 0xe9, 0xe9, 0xe8, 0xe8, 0xe8, 0xeb, 0xea, 0x95, 0xeb, 0xe8, 0xef,
  0xed, 0xed, 0xe3, 0xe3, 0xe7, 0xf9, 0xf4, 0xd7, 0x5a, 0x7c, 0x6c, 0x14,
  0x1d, 0x1f, 0x1e, 0x1e, 0x1e, 0x1a, 0x04, 0x04, 0x04, 0x04, 0x07, 0x07,
  0x04, 0x07, 0x04, 0x1b, 0x13, 0x13, 0x13, 0x16, 0x69, 0x78, 0x4e, 0x41,
  0x47, 0x53, 0xc6, 0xfd, 0xe2, 0xe8, 0xee, 0xee, 0xea, 0x91, 0x92, 0x9d,
  0x92, 0x91, 0x97, 0x97, 0x96, 0x97, 0xe8, 0xe0, 0xe4, 0xe6, 0xed, 0xed,
  0xe0, 0xf8, 0xf2, 0xf2, 0xff, 0xf9, 0xfd, 0xce, 0xc5, 0xc6, 0xf4, 0xfd,
  0xfd, 0xf7, 0xc2, 0xce, 0xfd, 0xfb, 0xf9, 0xf6, 0xce, 0xf4, 0xfd, 0xf8,
  0xfe, 0xf2, 0xf4, 0xcf, 0xc3, 0xc0, 0xc6, 0xd3, 0x5b, 0x4c, 0x48, 0x49,
  0x48, 0x7f, 0x67, 0x61, 0x60, 0x67, 0x66, 0x66, 0x67, 0x66, 0x64, 0x67,
  0x66, 0x65, 0x64, 0x7a, 0x7e, 0x7f, 0x75, 0x74, 0x4a, 0x5c, 0x56, 0xdc,
  0xde, 0xc6, 0xf0, 0xf0, 0xfc, 0xf8, 0xfa, 0xe7, 0xe1, 0xe3, 0xed, 0xec,
  0xec, 0xef, 0xec, 0xe9, 0xe9, 0xee, 0xe8, 0xe9, 0xee, 0xef, 0xef, 0xef,
  0xed, 0xe3, 0xe6, 0xfb, 0xf2, 0xcc, 0xdd, 0x43, 0x7e, 0x61, 0x15, 0x11,
  0x13, 0x12, 0x12, 0x19, 0x1a, 0x05, 0x05, 0x05, 0x04, 0x05, 0x04, 0x04,
  0x05, 0x1a, 0x1c, 0x12, 0x1c, 0x12, 0x17, 0x6c, 0x66, 0x64, 0x72, 0x4a,
  0x5c, 0xc6, 0xf9, 0xe3, 0xef, 0xe8, 0xea, 0x96, 0x93, 0x9d, 0x92, 0x93,
  0x90, 0x90, 0x90, 0x93, 0x91, 0x94, 0xea, 0xe8, 0xea, 0xea, 0xe9, 0xed,
  0xe0, 0xe0, 0xe0, 0xe0, 0xe6, 0xfa, 0xfc, 0xf3, 0xfc, 0xff, 0xfc, 0xf0,
  0xc2, 0xde, 0xdc, 0xd9, 0xc4, 0xd1, 0x5d, 0x58, 0x50, 0xde, 0xdb, 0xd2,
  0xd6, 0x57, 0xd6, 0xdd, 0xd0, 0xd4, 0x41, 0x75, 0x74, 0x75, 0x48, 0x71,
  0x7d, 0x7f, 0x78, 0x78, 0x78, 0x65, 0x7b, 0x65, 0x7a, 0x78, 0x79, 0x7c,
  0x7e, 0x7e, 0x7d, 0x73, 0x71, 0x77, 0x74, 0x75, 0x4d, 0x5c, 0xd4, 0xd2,
  0xdb, 0xce, 0xf1, 0xfe, 0xe5, 0xe7, 0xe1, 0xe3, 0xec, 0xee, 0xee, 0xe9,
  0xee, 0xef, 0xe9, 0xe9, 0xee, 0xef, 0xec, 0xe2, 0xe2, 0xe0, 0xe1, 0xe6,
  0xfa, 0xfb, 0xfe, 0xf1, 0xf7, 0xc2, 0xd7, 0x5e, 0x74, 0x7d, 0x66, 0x68,
  0x17, 0x10, 0x10, 0x10, 0x1d, 0x1f, 0x18, 0x18, 0x19, 0x18, 0x19, 0x1b,
  0x1b, 0x18, 0x19, 0x12, 0x11, 0x16, 0x16, 0x17, 0x69, 0x63, 0x67, 0x7a,
  0x7b, 0x76, 0x41, 0xd9, 0xf2, 0xfa, 0xe4, 0xe0, 0xee, 0x97, 0x91, 0x91,
  0x91, 0x91, 0x93, 0x92, 0x92, 0x93, 0x91, 0x96, 0x97, 0x97, 0x97, 0x95,
  0xe9, 0xed, 0xe0, 0xe3, 0xe3, 0xe6, 0xe5, 0xfd, 0xf0, 0xf3, 0xf3, 0xf6,
  0xc3, 0xd3, 0x56, 0x50, 0x55, 0x53, 0x47, 0x49, 0x76, 0x4a, 0x41, 0x44,
  0x45, 0x4c, 0x4f, 0x44, 0x5d, 0xd4, 0xd5, 0x5c, 0x59, 0x45, 0x58, 0x58,
  0x46, 0x49, 0x76, 0x71, 0x76, 0x76, 0x70, 0x7e, 0x7b, 0x7b, 0x79, 0x7c,
  0x7e, 0x79, 0x79, 0x7e, 0x7d, 0x72, 0x73, 0x73, 0x73, 0x77, 0x74, 0x4d,
  0x41, 0x5a, 0x53, 0x54, 0xda, 0xcc, 0xf4, 0xf3, 0xfd, 0xe5, 0xe7, 0xe6,
  0xe0, 0xe6, 0xe1, 0xe0, 0xe0, 0xe3, 0xe6, 0xe6, 0xe4, 0xe7, 0xe7, 0xe5,
  0xfa, 0xfe, 0xfc, 0xfe, 0xfc, 0xfc, 0xf2, 0xf6, 0xf7, 0xf4, 0xf4, 0xcf,
  0xc4, 0xd6, 0x5d, 0x5a, 0x4e, 0x76, 0x7a, 0x63, 0x6e, 0x69, 0x69, 0x69,
  0x15, 0x17, 0x16, 0x11, 0x16, 0x16, 0x11, 0x10, 0x12, 0x10, 0x11, 0x17,
  0x14, 0x14, 0x14, 0x15, 0x6e, 0x60, 0x60, 0x61, 0x66, 0x7b, 0x4b, 0x59,
  0xd8, 0xc0, 0xc9, 0xfd, 0xe4, 0xec, 0xe9, 0xe9, 0xe8, 0xeb, 0x94, 0x97,
  0x97, 0x97, 0x94, 0x94, 0x97, 0x97, 0x96, 0x94, 0xeb, 0xee, 0xef, 0xee,
  0xec, 0xe0, 0xe4, 0xfe, 0xfc, 0xfc, 0xf3, 0xf7, 0xc1, 0xd3, 0x57, 0x51,
  0x50, 0x5b, 0x4d, 0x77, 0x71, 0x75, 0x4a, 0x4b, 0x77, 0x76, 0x77, 0x4a,
  0x4c, 0x42, 0x4d, 0x4b, 0x4a, 0x4c, 0x44, 0x59, 0x44, 0x4e, 0x48, 0x49,
  0x4e, 0x4e, 0x75, 0x71, 0x73, 0x7d, 0x72, 0x70, 0x7d, 0x7f, 0x79, 0x7f,
  0x7d, 0x7c, 0x72, 0x7e, 0x7f, 0x7d, 0x7d, 0x76, 0x71, 0x71, 0x74, 0x4a,
  0x45, 0x52, 0x50, 0xd4, 0xd1, 0xc7, 0xc9, 0xf7, 0xf0, 0xf2, 0xfe, 0xe5,
  0xe7, 0xe1, 0xe0, 0xe3, 0xe3, 0xe3, 0xe3, 0xe2, 0xe0, 0xe1, 0xe1, 0xe1,
  0xe1, 0xe7, 0xe5, 0xf8, 0xfe, 0xfc, 0xfc, 0xf2, 0xf4, 0xc9, 0xc5, 0xdf,
  0xd2, 0x54, 0x5d, 0x4d, 0x4a, 0x76, 0x7c, 0x7e, 0x61, 0x6d, 0x6f, 0x69,
  0x6f, 0x6b, 0x15, 0x14, 0x17, 0x14, 0x14, 0x14, 0x14, 0x16, 0x17, 0x14,
  0x15, 0x69, 0x68, 0x69, 0x68, 0x6e, 0x60, 0x66, 0x65, 0x65, 0x64, 0x7c,
  0x76, 0x45, 0x56, 0x54, 0xde, 0xc2, 0xfd, 0xe5, 0xe7, 0xe1, 0xe1, 0xe2,
  0xe9, 0xea, 0x94, 0x95, 0x95, 0x95, 0x95, 0x97, 0x94, 0x95, 0xe8, 0xef,
  0xef, 0xef, 0xec, 0xed, 0xe3, 0xe0, 0xe1, 0xe1, 0xe1, 0xe4, 0xfa, 0xff,
  0xfc, 0xfe, 0xf2, 0xf1, 0xca, 0xc2, 0xc1, 0xd9, 0xdd, 0xd7, 0x52, 0x5b,
  0x42, 0x41, 0x46, 0x43, 0x4f, 0x74, 0x4a, 0x48, 0x48, 0x4b, 0x77, 0x70,
  0x73, 0x73, 0x72, 0x7c, 0x78, 0x64, 0x67, 0x67, 0x67, 0x67, 0x66, 0x61,
  0x61, 0x61, 0x66, 0x67, 0x64, 0x67, 0x64, 0x65, 0x7b, 0x7e, 0x7f, 0x7d,
  0x73, 0x71, 0x75, 0x48, 0x4c, 0x43, 0x45, 0x53, 0xd6, 0xd8, 0xc7, 0xcc,
  0xf5, 0xf6, 0xfd, 0xfe, 0xfb, 0xe5, 0xe5, 0xe4, 0xe7, 0xe6, 0xe6, 0xe7,
  0xe7, 0xe7, 0xe7, 0xe7, 0xe4, 0xe5, 0xfb, 0xf8, 0xf9, 0xfe, 0xfd, 0xf0,
  0xf7, 0xf4, 0xc8, 0xc9, 0xc3, 0xda, 0xdf, 0xd6, 0xd6, 0xd4, 0x50, 0x5d,
  0x58, 0x45, 0x47, 0x47, 0x40, 0x4a, 0x76, 0x7d, 0x7c, 0x7f, 0x78, 0x7b,
  0x67, 0x66, 0x66, 0x61, 0x61, 0x63, 0x6d, 0x6f, 0x6e, 0x6f, 0x6f, 0x6c,
  0x6c, 0x6f, 0x6c, 0x62, 0x61, 0x66, 0x66, 0x64, 0x65, 0x7c, 0x76, 0x4a,
  0x47, 0x59, 0x54, 0xde, 0xc6, 0xf5, 0xf4, 0xf6, 0xf0, 0xf3, 0xf9, 0xfb,
  0xe5, 0xe5, 0xe5, 0xe7, 0xe6, 0xe1, 0xe0, 0xe1, 0xe0, 0xe1, 0xe0, 0xe3,
  0xe3, 0xe0, 0xe6, 0xe6, 0xe6, 0xe7, 0xe7, 0xe5, 0xf9, 0xfc, 0xf3, 0xf0,
  0xf1, 0xf5, 0xc9, 0xc2, 0xc1, 0xc7, 0xda, 0xdb, 0xd8, 0xdc, 0xd0, 0xd6,
  0xd6, 0xd5, 0x51, 0x5f, 0x5a, 0x5a, 0x47, 0x4d, 0x4e, 0x75, 0x77, 0x71,
  0x70, 0x73, 0x72, 0x7d, 0x7f, 0x7e, 0x7e, 0x7e, 0x79, 0x79, 0x7b, 0x78,
  0x78, 0x79, 0x7e, 0x7e, 0x7c, 0x7c, 0x7d, 0x73, 0x70, 0x76, 0x77, 0x75,
  0x49, 0x4c, 0x47, 0x5b, 0x5d, 0x57, 0xd5, 0xd3, 0xdc, 0xdb, 0xc6, 0xc3,
  0xcf, 0xc9, 0xf5, 0xf7, 0xf6, 0xf0, 0xf1, 0xf0, 0xf2, 0xf2, 0xfd, 0xfd,
  0xf2, 0xf2, 0xf3, 0xf2, 0xfd, 0xf2, 0xfd, 0xf3, 0xf3, 0xf3, 0xf0, 0xf0,
  0xf7, 0xf5, 0xca, 0xc8, 0xc9, 0xcd, 0xc0, 0xc6, 0xc5, 0xda, 0xde, 0xdd,
  0xd1, 0xd5, 0x54, 0x51, 0x56, 0x51, 0x53, 0x5f, 0x45, 0x46, 0x41, 0x42,
  0x48, 0x76, 0x72, 0x7c, 0x7f, 0x7f, 0x7e, 0x79, 0x7b, 0x7a, 0x65, 0x65,
  0x64, 0x67, 0x61, 0x61, 0x61, 0x67, 0x67, 0x67, 0x64, 0x7b, 0x7d, 0x77,
  0x74, 0x76, 0x71, 0x77, 0x4f, 0x59, 0x53, 0x5d, 0x59, 0x5d, 0xdd, 0xcb,
  0xf0, 0xf6, 0xce, 0xcf, 0xf5, 0xf3, 0xff, 0xf9, 0xf8, 0xfb, 0xfb, 0xf8,
  0xf2, 0xfd, 0xfb, 0xfa, 0xfe, 0xf4, 0xcb, 0xf0, 0xf3, 0xfd, 0xf1, 0xcf,
  0xc9, 0xf6, 0xfa, 0xe6, 0xfe, 0xf6, 0xc6, 0xdf, 0xf4, 0xff, 0xc9, 0x65,
  0x12, 0x1d, 0x63, 0xe1, 0x99, 0x98, 0x95, 0x4d, 0x6a, 0x6d, 0x5a, 0xfa,
  0x95, 0xea, 0xe6, 0x58, 0x7a, 0x4e, 0xd9, 0xe5, 0xfe, 0xd3, 0x6d, 0x16,
  0x15, 0x64, 0x7d, 0xd2, 0xf6, 0x42, 0x64, 0x6d, 0x62, 0x42, 0x4b, 0xc2,
  0x4a, 0x15, 0x62, 0x7d, 0x56, 0xd1, 0xc2, 0xce, 0x79, 0x77, 0x6b, 0x19,
  0x11, 0x16, 0xf2, 0xe0, 0xee, 0xe6, 0xcd, 0xfe, 0xed, 0x97, 0x90, 0x94,
  0xee, 0xec, 0xef, 0xe8, 0x95, 0xee, 0xe9, 0xf2, 0xcf, 0xc9, 0xf0, 0xc0,
  0x41, 0xdf, 0x77, 0x4b, 0x57, 0x5a, 0x70, 0x52, 0x54, 0xd0, 0x51, 0x72,
  0x71, 0x78, 0x64, 0x4e, 0xd7, 0x55, 0xda, 0xf4, 0xc5, 0xd8, 0x58, 0xdf,
  0xde, 0xf4, 0xc0, 0xc3, 0xf2, 0xfd, 0xcc, 0x79, 0x7e, 0x54, 0x95, 0x96,
  0xe8, 0xd3, 0x74, 0x7b, 0x64, 0x6e, 0x15, 0x14, 0x14, 0x69, 0x6b, 0x15,
  0x13, 0x10, 0x17, 0x14, 0x1e, 0x00, 0x0d, 0x06, 0x13, 0x6a, 0x11, 0x1d,
  0x16, 0x7a, 0xdc, 0xf5, 0xd4, 0x79, 0x60, 0x41, 0xe9, 0x9e, 0x92, 0x95,
  0x94, 0x9b, 0x81, 0x86, 0x85, 0x98, 0x98, 0x9d, 0x93, 0x99, 0x85, 0x98,
  0x93, 0x93, 0x9c, 0x92, 0x94, 0xed, 0xe1, 0xf5, 0x70, 0x61, 0x64, 0x72,
  0x61, 0x6a, 0x17, 0x17, 0x17, 0x10, 0x11, 0x13, 0x18, 0x07, 0x06, 0x04,
  0x05, 0x05, 0x1b, 0x1c, 0x17, 0x6a, 0x67, 0x4a, 0x4b, 0x7b, 0x66, 0x40,
  0xca, 0xe7, 0xe8, 0x91, 0x9c, 0x9e, 0x9a, 0x87, 0x84, 0x9a, 0x9e, 0x99,
  0x99, 0x9c, 0x9d, 0x9c, 0x9c, 0x93, 0x90, 0x92, 0x92, 0x97, 0xed, 0xe6,
  0xfa, 0x56, 0x7e, 0x7b, 0x77, 0x74, 0x7c, 0x74, 0xd6, 0xc7, 0xca, 0xe7,
  0x94, 0x91, 0x92, 0x98, 0x84, 0x81, 0x81, 0x81, 0x81, 0x86, 0x85, 0x98,
  0x9f, 0x94, 0xf3, 0x5a, 0x6d, 0x18, 0x0c, 0x34, 0x31, 0x30, 0x3d, 0x3e,
  0x3f, 0x3c, 0x3f, 0x3c, 0x32, 0x30, 0x32, 0x3d, 0x33, 0x36, 0x34, 0x0a,
  0x03, 0x1d, 0x62, 0x51, 0x96, 0x80, 0x8e, 0x8e, 0x88, 0xb4, 0xb1, 0xb1,
  0xb0, 0xb3, 0xb3, 0xb3, 0xb2, 0xb2, 0xb3, 0xb1, 0xb6, 0xb7, 0x8a, 0x82,
  0x84, 0x9f, 0x94, 0xcd, 0x60, 0x17, 0x12, 0x1e, 0x04, 0x00, 0x0c, 0x0f,
  0x0e, 0x0b, 0x34, 0x37, 0x37, 0x34, 0x35, 0x08, 0x0c, 0x00, 0x1a, 0x16,
  0x61, 0x71, 0x52, 0xf8, 0xee, 0xec, 0xe2, 0x91, 0x87, 0x82, 0x8d, 0x8d,
  0x8c, 0x8f, 0x8f, 0x8d, 0x87, 0x90, 0xec, 0xe3, 0xe5, 0x4a, 0x14, 0x14,
  0x61, 0x6c, 0x11, 0x1c, 0x1c, 0x1e, 0x04, 0x07, 0x07, 0x00, 0x00, 0x05,
  0x19, 0x1b, 0x1d, 0x7c, 0xf6, 0xf8, 0xe3, 0x97, 0x9d, 0x98, 0x84, 0x84,
  0x85, 0x81, 0x82, 0x8f, 0x8e, 0x88, 0x8b, 0xb5, 0xb5, 0x8b, 0x8e, 0x8f,
  0x8d, 0x81, 0x85, 0x99, 0x9d, 0x96, 0x91, 0x97, 0xe2, 0xfd, 0xe1, 0xed,
  0xff, 0xd2, 0xd0, 0x73, 0x69, 0x13, 0x19, 0x04, 0x0d, 0x35, 0x31, 0x32,
  0x3c, 0x3c, 0x3f, 0x3e, 0x3e, 0x3f, 0x3d, 0x31, 0x34, 0x0b, 0x0a, 0x0e,
  0x01, 0x1a, 0x19, 0x6b, 0x46, 0xfe, 0xea, 0x9b, 0x8d, 0x8a, 0xb4, 0xb6,
  0xb1, 0xb3, 0xb3, 0xb2, 0xb2, 0xb3, 0xb0, 0xb7, 0xb7, 0xb7, 0xb4, 0x8b,
  0x8f, 0x82, 0x81, 0x9b, 0x93, 0xec, 0xd6, 0x6e, 0x1c, 0x19, 0x18, 0x01,
  0x0e, 0x0a, 0x09, 0x09, 0x08, 0x0e, 0x0c, 0x0c, 0x03, 0x01, 0x07, 0x07,
  0x18, 0x12, 0x11, 0x17, 0x66, 0xc9, 0xeb, 0x94, 0x90, 0x9f, 0x84, 0x83,
  0x82, 0x82, 0x86, 0x9a, 0x9a, 0x9a, 0x99, 0x90, 0xe6, 0xcb, 0xf5, 0xf7,
  0xd9, 0x42, 0x67, 0x14, 0x13, 0x11, 0x16, 0x1f, 0x05, 0x05, 0x05, 0x04,
  0x1b, 0x1d, 0x12, 0x1c, 0x15, 0x64, 0x7a, 0x4d, 0xf3, 0xf9, 0xf3, 0xed,
  0x90, 0x92, 0x9d, 0x98, 0x98, 0x9a, 0x84, 0x80, 0x83, 0x86, 0x87, 0x81,
  0x80, 0x80, 0x81, 0x87, 0x85, 0x98, 0x9e, 0x9f, 0x9d, 0x96, 0xe8, 0xe3,
  0xe6, 0xe1, 0xe5, 0xf0, 0xdd, 0x72, 0x60, 0x6c, 0x17, 0x1c, 0x04, 0x02,
  0x0b, 0x36, 0x33, 0x3d, 0x3c, 0x3f, 0x3e, 0x3f, 0x3c, 0x32, 0x36, 0x34,
  0x0a, 0x0e, 0x02, 0x04, 0x1c, 0x16, 0x6d, 0x7c, 0xdf, 0xe3, 0x9f, 0x81,
  0x8c, 0x88, 0xb5, 0xb6, 0xb0, 0xb3, 0xb2, 0xb0, 0xb1, 0xb6, 0xb4, 0x8a,
  0x88, 0x8c, 0x81, 0x87, 0x9a, 0x98, 0x9f, 0x90, 0xe9, 0xfb, 0x45, 0x60,
  0x15, 0x1f, 0x04, 0x03, 0x0d, 0x0d, 0x0d, 0x02, 0x03, 0x00, 0x06, 0x1b,
  0x13, 0x14, 0x6a, 0x69, 0x62, 0x78, 0x41, 0xd6, 0xc2, 0xfc, 0xe0, 0x95,
  0x90, 0x99, 0x87, 0x86, 0x86, 0x86, 0x87, 0x85, 0x98, 0x93, 0xea, 0xe7,
  0x54, 0x7f, 0x61, 0x6c, 0x14, 0x13, 0x1c, 0x1f, 0x1c, 0x12, 0x1f, 0x1a,
  0x05, 0x05, 0x05, 0x05, 0x1a, 0x19, 0x19, 0x12, 0x68, 0x65, 0x5d, 0xf9,
  0xee, 0x94, 0x90, 0x98, 0x85, 0x85, 0x9a, 0x85, 0x84, 0x87, 0x81, 0x81,
  0x86, 0x81, 0x83, 0x83, 0x81, 0x81, 0x86, 0x85, 0x99, 0x9c, 0x90, 0x94,
  0xe3, 0xff, 0xc9, 0xd0, 0xd7, 0x51, 0x58, 0x4d, 0x70, 0x7c, 0x66, 0x15,
  0x10, 0x19, 0x07, 0x0d, 0x35, 0x36, 0x33, 0x3d, 0x3c, 0x3f, 0x3f, 0x3f,
  0x3d, 0x31, 0x37, 0x35, 0x0f, 0x01, 0x19, 0x10, 0x6a, 0x7d, 0xd4, 0xc9,
  0xe4, 0x95, 0x9e, 0x87, 0x83, 0x8e, 0x8a, 0xb7, 0xb1, 0xb0, 0xb0, 0xb1,
  0xb6, 0xb7, 0xb4, 0x8b, 0x8c, 0x81, 0x84, 0x98, 0x92, 0x97, 0xea, 0xe2,
  0xff, 0xd2, 0x77, 0x64, 0x6a, 0x1d, 0x05, 0x01, 0x03, 0x02, 0x0c, 0x0c,
  0x0d, 0x03, 0x06, 0x05, 0x12, 0x14, 0x64, 0x5b, 0xc3, 0xfa, 0xe2, 0xe8,
  0x94, 0x94, 0x94, 0x96, 0x93, 0x9c, 0x9f, 0x9e, 0x99, 0x99, 0x99, 0x9e,
  0x9e, 0x92, 0xea, 0xe4, 0xc8, 0xd3, 0x72, 0x15, 0x10, 0x12, 0x1e, 0x1b,
  0x1a, 0x18, 0x18, 0x1a, 0x19, 0x1f, 0x1e, 0x1d, 0x13, 0x13, 0x10, 0x17,
  0x6d, 0x66, 0x64, 0x45, 0xf5, 0xe4, 0xeb, 0x90, 0x9c, 0x9e, 0x9a, 0x84,
  0x84, 0x84, 0x84, 0x84, 0x85, 0x9a, 0x9a, 0x9b, 0x99, 0x9e, 0x9e, 0x9c,
  0x9c, 0x92, 0x90, 0x97, 0xee, 0xe3, 0xe2, 0xf8, 0xce, 0xc6, 0xde, 0xd9,
  0x45, 0x71, 0x77, 0x64, 0x6e, 0x15, 0x12, 0x1a, 0x06, 0x0c, 0x0a, 0x36,
  0x31, 0x30, 0x32, 0x3d, 0x32, 0x33, 0x31, 0x37, 0x0a, 0x0c, 0x01, 0x1e,
  0x15, 0x60, 0x53, 0xfb, 0xee, 0x94, 0x92, 0x85, 0x86, 0x83, 0x8f, 0x88,
  0xb5, 0xb7, 0xb6, 0xb1, 0xb1, 0xb6, 0xb7, 0xb7, 0xb5, 0x8e, 0x83, 0x84,
  0x99, 0x96, 0xe6, 0xf4, 0x58, 0x78, 0x62, 0x15, 0x17, 0x10, 0x1c, 0x1b,
  0x04, 0x07, 0x06, 0x00, 0x03, 0x03, 0x03, 0x01, 0x07, 0x19, 0x12, 0x15,
  0x79, 0xd9, 0xe6, 0xeb, 0x90, 0x9f, 0x9e, 0x99, 0x98, 0x98, 0x98, 0x9f,
  0x9d, 0x93, 0x91, 0x96, 0x97, 0x95, 0xe9, 0xe7, 0xf9, 0xfd, 0xc0, 0x71,
  0x63, 0x6e, 0x16, 0x1c, 0x1b, 0x05, 0x04, 0x07, 0x07, 0x05, 0x05, 0x19,
  0x10, 0x16, 0x6b, 0x61, 0x4b, 0xd3, 0xd1, 0xc7, 0xf8, 0xe1, 0xed, 0xea,
  0x97, 0x91, 0x9c, 0x9b, 0x85, 0x84, 0x84, 0x86, 0x86, 0x87, 0x87, 0x84,
  0x9a, 0x99, 0x9d, 0x90, 0x96, 0x95, 0xeb, 0xef, 0xe6, 0xe5, 0xe6, 0xe1,
  0xf8, 0xf6, 0xf6, 0xf7, 0xd8, 0x40, 0x75, 0x79, 0x6f, 0x17, 0x12, 0x1a,
  0x06, 0x0d, 0x08, 0x34, 0x36, 0x31, 0x30, 0x33, 0x33, 0x30, 0x31, 0x34,
  0x0a, 0x0e, 0x03, 0x04, 0x13, 0x69, 0x72, 0xf7, 0xe2, 0x96, 0x9f, 0x85,
  0x81, 0x82, 0x8e, 0x88, 0x8a, 0xb4, 0xb7, 0xb7, 0xb7, 0xb7, 0xb4, 0xb5,
  0x8a, 0x8e, 0x83, 0x87, 0x9b, 0x90, 0xed, 0xf4, 0x40, 0x66, 0x68, 0x16,
  0x1d, 0x19, 0x1b, 0x05, 0x07, 0x06, 0x07, 0x06, 0x00, 0x01, 0x06, 0x07,
  0x05, 0x1e, 0x13, 0x15, 0x66, 0x58, 0xf1, 0xed, 0x97, 0x92, 0x99, 0x9a,
  0x85, 0x85, 0x84, 0x85, 0x9b, 0x9f, 0x90, 0x94, 0xeb, 0xe2, 0xff, 0xd3,
  0x4c, 0x4c, 0x73, 0x62, 0x68, 0x17, 0x10, 0x12, 0x1f, 0x18, 0x05, 0x04,
  0x05, 0x05, 0x05, 0x1b, 0x1f, 0x10, 0x15, 0x61, 0x48, 0xdd, 0xf2, 0xe2,
  0x95, 0x91, 0x9d, 0x9f, 0x99, 0x99, 0x9a, 0x85, 0x84, 0x9a, 0x9a, 0x85,
  0x84, 0x85, 0x85, 0x9a, 0x9b, 0x99, 0x9f, 0x9d, 0x91, 0x97, 0xea, 0xed,
  0xe5, 0xf8, 0xfe, 0xf4, 0xc3, 0xcd, 0xc4, 0xc4, 0xd2, 0x50, 0x4b, 0x60,
  0x69, 0x16, 0x1b, 0x01, 0x0f, 0x35, 0x36, 0x30, 0x33, 0x3d, 0x3d, 0x3d,
  0x32, 0x31, 0x37, 0x0a, 0x0f, 0x00, 0x1e, 0x6a, 0x67, 0xc5, 0xe6, 0xe9,
  0x96, 0x9f, 0x84, 0x86, 0x83, 0x8f, 0x88, 0xb5, 0xb7, 0xb6, 0xb1, 0xb1,
  0xb1, 0xb6, 0xb7, 0xb5, 0x8e, 0x80, 0x85, 0x9d, 0xe9, 0xc7, 0x70, 0x62,
  0x14, 0x11, 0x1d, 0x1c, 0x19, 0x1b, 0x1a, 0x04, 0x04, 0x04, 0x06, 0x01,
  0x01, 0x06, 0x07, 0x05, 0x1e, 0x11, 0x6e, 0x74, 0xf2, 0xe9, 0x91, 0x9e,
  0x85, 0x87, 0x81, 0x81, 0x86, 0x84, 0x9b, 0x99, 0x9e, 0x93, 0x95, 0xe3,
  0xe6, 0xe7, 0xfd, 0xde, 0x44, 0x76, 0x66, 0x6e, 0x14, 0x12, 0x19, 0x05,
  0x06, 0x06, 0x01, 0x06, 0x07, 0x06, 0x1a, 0x1d, 0x14, 0x60, 0x7c, 0x57,
  0xf3, 0xec, 0x94, 0x97, 0x91, 0x93, 0x9c, 0x9e, 0x9f, 0x99, 0x99, 0x99,
  0x9a, 0x9a, 0x85, 0x85, 0x84, 0x85, 0x9a, 0x9a, 0x9b, 0x9e, 0x93, 0x97,
  0x94, 0xe8, 0xe2, 0xe0, 0xf9, 0xf0, 0xfb, 0xfb, 0xfe, 0xf3, 0xcb, 0xc1,
  0x41, 0x64, 0x6b, 0x1d, 0x04, 0x0d, 0x35, 0x36, 0x30, 0x32, 0x3c, 0x3f,
  0x3c, 0x3d, 0x30, 0x36, 0x34, 0x09, 0x00, 0x19, 0x6a, 0x63, 0x5f, 0xf8,
  0xe0, 0x94, 0x92, 0x9b, 0x84, 0x81, 0x8c, 0x89, 0xb5, 0xb6, 0xb1, 0xb0,
  0xb0, 0xb3, 0xb3, 0xb1, 0xb7, 0x88, 0x82, 0x86, 0x9f, 0xeb, 0xc9, 0x73,
  0x60, 0x15, 0x11, 0x1d, 0x1f, 0x1e, 0x1b, 0x05, 0x04, 0x04, 0x07, 0x01,
  0x03, 0x03, 0x00, 0x01, 0x07, 0x1a, 0x1c, 0x15, 0x73, 0xca, 0xe2, 0x91,
  0x99, 0x84, 0x87, 0x86, 0x86, 0x84, 0x9a, 0x9f, 0x90, 0x96, 0x95, 0xe0,
  0xf4, 0xdd, 0xd9, 0xcc, 0x57, 0x78, 0x60, 0x6f, 0x68, 0x15, 0x1d, 0x1a,
  0x04, 0x07, 0x04, 0x07, 0x07, 0x05, 0x19, 0x13, 0x68, 0x7e, 0xd9, 0xf8,
  0xed, 0x97, 0x9d, 0x9e, 0x99, 0x98, 0x9e, 0x9e, 0x9a, 0x9a, 0x98, 0x9e,
  0x99, 0x85, 0x84, 0x84, 0x87, 0x84, 0x87, 0x87, 0x84, 0x9a, 0x9f, 0x93,
  0x97, 0xee, 0xe4, 0xf9, 0xf9, 0xf5, 0xc6, 0xf6, 0xfe, 0xf9, 0xcb, 0x51,
  0x40, 0x66, 0x17, 0x18, 0x03, 0x0b, 0x37, 0x31, 0x33, 0x3c, 0x3e, 0x3f,
  0x3c, 0x33, 0x36, 0x34, 0x09, 0x03, 0x1b, 0x16, 0x68, 0x76, 0xca, 0xfa,
  0xe1, 0x94, 0x9f, 0x9a, 0x87, 0x83, 0x8e, 0xb5, 0xb7, 0xb1, 0xb1, 0xb1,
  0xb0, 0xb1, 0xb6, 0xb5, 0x8f, 0x83, 0x84, 0x93, 0xed, 0xc6, 0x48, 0x67,
  0x6f, 0x68, 0x15, 0x6a, 0x14, 0x10, 0x12, 0x1c, 0x1e, 0x1a, 0x06, 0x00,
  0x00, 0x00, 0x01, 0x07, 0x1a, 0x1c, 0x6a, 0x76, 0xf0, 0xef, 0x91, 0x99,
  0x85, 0x85, 0x85, 0x85, 0x98, 0x9d, 0x91, 0x97, 0xe8, 0xe5, 0xf0, 0xf8,
  0xff, 0xf7, 0xc6, 0xd5, 0x54, 0x45, 0x67, 0x6b, 0x11, 0x1f, 0x1b, 0x07,
  0x01, 0x01, 0x01, 0x07, 0x05, 0x1e, 0x17, 0x67, 0x44, 0xf4, 0xe1, 0x95,
  0x93, 0x92, 0x93, 0x92, 0x93, 0x92, 0x9d, 0x92, 0x9d, 0x9f, 0x98, 0x85,
  0x85, 0x87, 0x86, 0x86, 0x86, 0x87, 0x84, 0x9a, 0x9f, 0x91, 0x95, 0xec,
  0xe1, 0xe7, 0xf9, 0xf1, 0xf9, 0xfa, 0xfa, 0xfb, 0xc9, 0x54, 0x7f, 0x6a,
  0x1e, 0x00, 0x08, 0x37, 0x30, 0x32, 0x3c, 0x3f, 0x3e, 0x3c, 0x30, 0x36,
  0x34, 0x0e, 0x01, 0x1e, 0x15, 0x66, 0x5b, 0xf6, 0xfb, 0xed, 0x97, 0x92,
  0x98, 0x87, 0x83, 0x8f, 0xb5, 0xb7, 0xb6, 0xb1, 0xb1, 0xb1, 0xb6, 0xb7,
  0x8a, 0x8d, 0x87, 0x98, 0x96, 0xf9, 0x5a, 0x7f, 0x63, 0x69, 0x6b, 0x14,
  0x15, 0x14, 0x11, 0x1d, 0x1e, 0x1b, 0x04, 0x01, 0x03, 0x03, 0x00, 0x06,
  0x05, 0x1e, 0x16, 0x7e, 0xf2, 0xee, 0x90, 0x99, 0x84, 0x87, 0x85, 0x9a,
  0x98, 0x9f, 0x93, 0xeb, 0xe1, 0xed, 0xec, 0xe6, 0xf0, 0xf6, 0xf9, 0xfa,
  0xcd, 0x77, 0x66, 0x69, 0x14, 0x1c, 0x04, 0x06, 0x07, 0x07, 0x07, 0x04,
  0x18, 0x11, 0x6c, 0x65, 0x5f, 0xfe, 0xef, 0xea, 0x95, 0x97, 0x96, 0x96,
  0x96, 0x96, 0x94, 0x97, 0x9d, 0x99, 0x9e, 0x98, 0x84, 0x86, 0x87, 0x87,
  0x87, 0x9a, 0x98, 0x9f, 0x91, 0xeb, 0xec, 0xe3, 0xe1, 0xf9, 0xfa, 0xe2,
  0xe2, 0xe3, 0xe2, 0xe7, 0xf3, 0xd7, 0x66, 0x10, 0x04, 0x0c, 0x35, 0x30,
  0x32, 0x3d, 0x3f, 0x3e, 0x3f, 0x32, 0x36, 0x34, 0x0a, 0x02, 0x1a, 0x16,
  0x68, 0x64, 0x52, 0xf4, 0xff, 0xe6, 0x97, 0x9f, 0x85, 0x81, 0x8c, 0x8a,
  0xb4, 0xb6, 0xb0, 0xb1, 0xb6, 0xb6, 0xb7, 0x8a, 0x82, 0x84, 0x9c, 0xea,
  0xfe, 0x41, 0x65, 0x60, 0x62, 0x6f, 0x14, 0x15, 0x6b, 0x11, 0x19, 0x05,
  0x05, 0x06, 0x02, 0x0d, 0x0d, 0x03, 0x06, 0x1b, 0x13, 0x6a, 0x4a, 0xe1,
  0x91, 0x9e, 0x9a, 0x87, 0x86, 0x87, 0x85, 0x9b, 0x9e, 0x9d, 0x91, 0x95,
  0x94, 0x97, 0x97, 0x97, 0xe9, 0xe3, 0xe2, 0xe6, 0xd3, 0x63, 0x17, 0x12,
  0x18, 0x06, 0x03, 0x02, 0x02, 0x00, 0x06, 0x04, 0x1f, 0x14, 0x64, 0x5b,
  0xcf, 0xe7, 0xe8, 0xea, 0x95, 0x95, 0x97, 0x96, 0x96, 0x91, 0x93, 0x9f,
  0x9b, 0x85, 0x84, 0x87, 0x86, 0x81, 0x86, 0x87, 0x85, 0x9e, 0x92, 0x97,
  0xe8, 0xe2, 0xfa, 0xfa, 0xe7, 0xe5, 0xe1, 0xef, 0xe9, 0xed, 0xfb, 0xf3,
  0x54, 0x6c, 0x1d, 0x07, 0x0c, 0x34, 0x30, 0x32, 0x3d, 0x3f, 0x3e, 0x3f,
  0x33, 0x36, 0x35, 0x08, 0x00, 0x1e, 0x17, 0x6f, 0x7a, 0x5d, 0xf4, 0xca,
  0xe5, 0x96, 0x99, 0x84, 0x80, 0x8e, 0xb5, 0xb7, 0xb1, 0xb0, 0xb1, 0xb6,
  0xb7, 0xb5, 0x89, 0x81, 0x99, 0x97, 0xe0, 0xc3, 0x73, 0x61, 0x6d, 0x68,
  0x14, 0x17, 0x14, 0x16, 0x1d, 0x1b, 0x04, 0x07, 0x06, 0x00, 0x03, 0x03,
  0x06, 0x1a, 0x13, 0x6c, 0x75, 0xfd, 0x94, 0x9e, 0x85, 0x84, 0x87, 0x86,
  0x87, 0x85, 0x9e, 0x9c, 0x92, 0x97, 0x97, 0x94, 0xea, 0x94, 0x95, 0xec,
  0xe7, 0xfd, 0xde, 0x7e, 0x15, 0x1d, 0x1b, 0x06, 0x03, 0x03, 0x02, 0x02,
  0x01, 0x07, 0x1b, 0x10, 0x6f, 0x70, 0x5c, 0xf2, 0xef, 0xeb, 0xeb, 0x95,
  0x97, 0x96, 0x96, 0x9d, 0x9e, 0x99, 0x9a, 0x87, 0x81, 0x80, 0x83, 0x83,
  0x81, 0x81, 0x87, 0x9a, 0x9e, 0x90, 0x97, 0xe8, 0xed, 0xef, 0xef, 0xe1,
  0xe0, 0xee, 0xee, 0xe0, 0xff, 0xd9, 0x7e, 0x14, 0x1c, 0x06, 0x09, 0x37,
  0x30, 0x32, 0x3d, 0x3f, 0x3f, 0x3f, 0x32, 0x36, 0x34, 0x0a, 0x02, 0x05,
  0x13, 0x14, 0x67, 0x55, 0xf6, 0xf1, 0xe7, 0x93, 0x85, 0x86, 0x82, 0x8e,
  0xb5, 0xb6, 0xb1, 0xb1, 0xb1, 0xb6, 0xb7, 0xb5, 0x88, 0x83, 0x9a, 0x90,
  0xeb, 0xe7, 0xd0, 0x76, 0x7e, 0x66, 0x6c, 0x6a, 0x14, 0x16, 0x1c, 0x05,
  0x07, 0x06, 0x00, 0x03, 0x02, 0x03, 0x06, 0x05, 0x12, 0x6d, 0x4c, 0xff,
  0x94, 0x9f, 0x9a, 0x84, 0x84, 0x84, 0x85, 0x9b, 0x99, 0x9d, 0x90, 0x96,
  0x97, 0x97, 0x95, 0x95, 0x95, 0xed, 0xfe, 0xc1, 0x59, 0x67, 0x16, 0x1f,
  0x1a, 0x07, 0x01, 0x01, 0x01, 0x06, 0x04, 0x1f, 0x11, 0x68, 0x64, 0x58,
  0xf7, 0xfb, 0xe3, 0xee, 0xee, 0xeb, 0x97, 0x91, 0x93, 0x9c, 0x9b, 0x85,
  0x84, 0x87, 0x80, 0x80, 0x86, 0x87, 0x87, 0x9a, 0x9e, 0x92, 0x94, 0xed,
  0xe1, 0xfa, 0xfb, 0xf0, 0xf1, 0xe6, 0xe6, 0xe7, 0xe6, 0xf6, 0x57, 0x65,
  0x17, 0x1b, 0x03, 0x0b, 0x31, 0x33, 0x32, 0x3d, 0x3f, 0x3f, 0x32, 0x36,
  0x34, 0x0a, 0x0d, 0x05, 0x10, 0x14, 0x6c, 0x4f, 0xf6, 0xf3, 0xf6, 0xeb,
  0x98, 0x87, 0x83, 0x8c, 0xb5, 0xb7, 0xb6, 0xb1, 0xb1, 0xb6, 0xb7, 0xb4,
  0x88, 0x82, 0x87, 0x9c, 0x95, 0xe5, 0xde, 0x51, 0x4b, 0x64, 0x63, 0x68,
  0x6b, 0x15, 0x1d, 0x05, 0x07, 0x06, 0x00, 0x0d, 0x0c, 0x02, 0x01, 0x07,
  0x1e, 0x15, 0x7d, 0xcb, 0xec, 0x91, 0x9f, 0x98, 0x9b, 0x98, 0x98, 0x9f,
  0x92, 0x93, 0x93, 0x90, 0x97, 0x96, 0x93, 0x92, 0x90, 0x95, 0xef, 0xfa,
  0xc1, 0x70, 0x15, 0x1d, 0x1a, 0x07, 0x06, 0x00, 0x01, 0x07, 0x04, 0x18,
  0x10, 0x6e, 0x7a, 0x71, 0x59, 0xf6, 0xe4, 0xf8, 0xe5, 0xe0, 0xee, 0x94,
  0x91, 0x9d, 0x9b, 0x85, 0x86, 0x80, 0x83, 0x82, 0x82, 0x80, 0x86, 0x85,
  0x98, 0x9f, 0x94, 0xe2, 0xed, 0xe3, 0xe1, 0xe1, 0xe3, 0xe9, 0xee, 0xee,
  0xee, 0xff, 0x74, 0x6f, 0x1c, 0x00, 0x08, 0x36, 0x32, 0x3d, 0x3c, 0x3e,
  0x3e, 0x3f, 0x30, 0x37, 0x34, 0x09, 0x06, 0x1f, 0x13, 0x17, 0x64, 0x59,
  0x54, 0xd4, 0xe1, 0x9c, 0x85, 0x86, 0x8c, 0x8a, 0xb7, 0xb1, 0xb0, 0xb0,
  0xb0, 0xb1, 0xb7, 0x8a, 0x8f, 0x81, 0x98, 0x97, 0xed, 0xf1, 0x5c, 0x40,
  0x73, 0x66, 0x6c, 0x68, 0x6a, 0x13, 0x05, 0x06, 0x01, 0x03, 0x0c, 0x0f,
  0x0c, 0x03, 0x06, 0x05, 0x11, 0x78, 0xde, 0xe6, 0x96, 0x9f, 0x9b, 0x9a,
  0x9a, 0x98, 0x9e, 0x9d, 0x92, 0x92, 0x90, 0x96, 0x91, 0x9d, 0x9e, 0x92,
  0x97, 0x94, 0xec, 0xf2, 0x47, 0x6f, 0x11, 0x1e, 0x04, 0x06, 0x01, 0x01,
  0x07, 0x04, 0x1a, 0x1d, 0x68, 0x66, 0x65, 0x4c, 0xca, 0xf9, 0xfd, 0xfc,
  0xe4, 0xe0, 0xee, 0x97, 0x90, 0x92, 0x98, 0x87, 0x86, 0x81, 0x80, 0x83,
  0x80, 0x87, 0x87, 0x85, 0x9c, 0x91, 0x95, 0xef, 0xe2, 0xe6, 0xe1, 0xe4,
  0xe4, 0xe2, 0xe6, 0xf5, 0x58, 0x67, 0x10, 0x07, 0x0c, 0x34, 0x30, 0x32,
  0x3c, 0x3f, 0x39, 0x3e, 0x3d, 0x31, 0x37, 0x0a, 0x02, 0x18, 0x10, 0x15,
  0x79, 0xc2, 0xff, 0xf6, 0xe2, 0x9d, 0x85, 0x86, 0x82, 0x89, 0xb4, 0xb1,
  0xb0, 0xb0, 0xb3, 0xb0, 0xb6, 0xb4, 0x88, 0x8d, 0x84, 0x96, 0xec, 0xf3,
  0x41, 0x7b, 0x61, 0x6d, 0x69, 0x14, 0x17, 0x16, 0x19, 0x07, 0x06, 0x01,
  0x0d, 0x0f, 0x0f, 0x0d, 0x03, 0x01, 0x1b, 0x14, 0x7a, 0xd9, 0xe3, 0x91,
  0x99, 0x85, 0x85, 0x9a, 0x9a, 0x98, 0x9f, 0x9c, 0x93, 0x90, 0x96, 0x96,
  0x92, 0x92, 0x97, 0x95, 0xe8, 0xed, 0xf1, 0x4a, 0x66, 0x15, 0x1f, 0x05,
  0x04, 0x07, 0x01, 0x06, 0x04, 0x1b, 0x12, 0x6a, 0x61, 0x73, 0xd2, 0xfb,
  0xe0, 0xe2, 0xef, 0xe8, 0x95, 0x97, 0x91, 0x9d, 0x9c, 0x9e, 0x84, 0x86,
  0x81, 0x80, 0x80, 0x81, 0x86, 0x86, 0x85, 0x9f, 0x90, 0x94, 0x95, 0xe3,
  0xe4, 0xe6, 0xe5, 0xfa, 0xfe, 0xc9, 0x5d, 0x64, 0x16, 0x04, 0x02, 0x0a,
  0x31, 0x33, 0x3d, 0x3f, 0x3e, 0x3e, 0x3d, 0x31, 0x37, 0x0a, 0x02, 0x18,
  0x11, 0x6a, 0x7f, 0xc7, 0xfd, 0xf4, 0xe6, 0x91, 0x9f, 0x9a, 0x87, 0x82,
  0x8b, 0xb4, 0xb7, 0xb6, 0xb1, 0xb1, 0xb7, 0xb4, 0x8b, 0x8c, 0x87, 0x9d,
  0x94, 0xe1, 0xd9, 0x76, 0x64, 0x61, 0x60, 0x6e, 0x68, 0x6b, 0x10, 0x1e,
  0x18, 0x05, 0x06, 0x00, 0x02, 0x02, 0x03, 0x00, 0x04, 0x1c, 0x17, 0x60,
  0x56, 0xe7, 0x97, 0x93, 0x93, 0x9f, 0x99, 0x9f, 0x9c, 0x92, 0x91, 0x90,
  0x96, 0x96, 0x91, 0x90, 0x91, 0x97, 0x94, 0xea, 0xe3, 0xf7, 0x5f, 0x64,
  0x6b, 0x11, 0x1f, 0x1a, 0x05, 0x1a, 0x18, 0x1f, 0x13, 0x15, 0x60, 0x7e,
  0x5c, 0xf7, 0xfe, 0xfb, 0xe6, 0xed, 0xe9, 0xe8, 0x95, 0x96, 0x93, 0x9c,
  0x98, 0x85, 0x87, 0x86, 0x81, 0x81, 0x86, 0x86, 0x84, 0x9b, 0x9e, 0x9d,
  0x90, 0x95, 0xee, 0xed, 0xe6, 0xf3, 0x54, 0x7c, 0x6f, 0x1d, 0x07, 0x0c,
  0x35, 0x36, 0x31, 0x32, 0x3c, 0x3f, 0x3c, 0x32, 0x30, 0x36, 0x0a, 0x0d,
  0x06, 0x18, 0x11, 0x64, 0xd3, 0xd1, 0xc6, 0xee, 0x93, 0x9c, 0x99, 0x84,
  0x8d, 0x88, 0x8b, 0xb5, 0xb7, 0xb6, 0xb6, 0xb7, 0xb4, 0xb5, 0x89, 0x83,
  0x84, 0x99, 0x96, 0xe0, 0xc5, 0x75, 0x7d, 0x67, 0x6e, 0x68, 0x15, 0x10,
  0x1d, 0x1e, 0x1b, 0x04, 0x06, 0x01, 0x01, 0x00, 0x01, 0x04, 0x1a, 0x1e,
  0x17, 0x64, 0xd0, 0xff, 0xe6, 0x95, 0x92, 0x9c, 0x9c, 0x9c, 0x9c, 0x9c,
  0x91, 0x97, 0x90, 0x91, 0xea, 0xee, 0xeb, 0x94, 0xeb, 0xe1, 0xe4, 0xe4,
  0xcd, 0x45, 0x76, 0x61, 0x68, 0x17, 0x10, 0x10, 0x13, 0x10, 0x17, 0x14,
  0x6f, 0x7d, 0x41, 0x58, 0xc7, 0xfa, 0xe1, 0xe1, 0xe3, 0xea, 0x97, 0xeb,
  0x94, 0x92, 0x9d, 0x9d, 0x9c, 0x9e, 0x9b, 0x98, 0x99, 0x99, 0x9f, 0x9c,
  0x9d, 0x91, 0x94, 0xeb, 0xe0, 0xfd, 0x55, 0x73, 0x62, 0x13, 0x05, 0x01,
  0x0c, 0x0b, 0x35, 0x37, 0x36, 0x31, 0x31, 0x37, 0x34, 0x35, 0x08, 0x0d,
  0x01, 0x04, 0x1e, 0x17, 0x61, 0x65, 0x71, 0xf6, 0xe2, 0xe8, 0x94, 0x92,
  0x85, 0x86, 0x81, 0x8d, 0x89, 0x88, 0x88, 0x88, 0x8b, 0x88, 0x8f, 0x83,
  0x81, 0x87, 0x9b, 0x93, 0x95, 0xec, 0xe7, 0xc9, 0x52, 0x5a, 0x75, 0x67,
  0x6f, 0x68, 0x6a, 0x16, 0x1d, 0x1f, 0x1c, 0x19, 0x1b, 0x18, 0x1e, 0x1e,
  0x1d, 0x10, 0x15, 0x6c, 0x61, 0x74, 0xd3, 0xc0, 0xf3, 0xe7, 0xe3, 0xed,
  0xe2, 0xec, 0xe8, 0xe9, 0xed, 0xef, 0xee, 0xee, 0xe9, 0xef, 0xef, 0xef,
  0xe0, 0xe7, 0xe4, 0xf2, 0xc8, 0xda, 0x57, 0x59, 0x40, 0x4a, 0x4a, 0x77,
  0x74, 0x46, 0x58, 0x5e, 0xd1, 0xc7, 0xc8, 0xf0, 0xfc, 0xfb, 0xe6, 0xe7,
  0xe6, 0xe0, 0xe6, 0xe7, 0xe7, 0xfb, 0xe5, 0xfa, 0xfe, 0xff, 0xf2, 0xfc,
  0xf9, 0xf0, 0xf6, 0xf6, 0xcd, 0xd9, 0x55, 0x41, 0x73, 0x63, 0x15, 0x16,
  0x1c, 0x1a, 0x04, 0x06, 0x00, 0x03, 0x03, 0x00, 0x01, 0x01, 0x07, 0x1a,
  0x1f, 0x12, 0x10, 0x6a, 0x63, 0x67, 0x64, 0x48, 0xdf, 0xd9, 0xc6, 0xf2,
  0xe2, 0xeb, 0xea, 0x96, 0x9c, 0x99, 0x98, 0x9a, 0x84, 0x87, 0x84, 0x85,
  0x9a, 0x9a, 0x99, 0x9c, 0x92, 0x91, 0x94, 0xeb, 0xef, 0xe2, 0xe6, 0xfe,
  0xf4, 0xce, 0xd3, 0x58, 0x48, 0x72, 0x7b, 0x61, 0x6d, 0x6c, 0x6e, 0x68,
  0x6b, 0x6b, 0x6b, 0x6e, 0x6c, 0x62, 0x61, 0x66, 0x7a, 0x7d, 0x70, 0x74,
  0x4c, 0x45, 0x52, 0x57, 0xd6, 0xda, 0xc9, 0xf4, 0xf3, 0xf8, 0xe4, 0xe7,
  0xe4, 0xe4, 0xe4, 0xf9, 0xf1, 0xc9, 0xda, 0xd6, 0x5d, 0x47, 0x40, 0x42,
  0x42, 0x44, 0x5d, 0x55, 0xd2, 0xda, 0xc3, 0xce, 0xcb, 0xf5, 0xc8, 0xc3,
  0xda, 0xde, 0xd1, 0x56, 0x52, 0x5c, 0x5d, 0x50, 0xd4, 0xdf, 0xc7, 0xcc,
  0xca, 0xf7, 0xf0, 0xf3, 0xf3, 0xf6, 0xf4, 0xcb, 0xce, 0xc0, 0xc5, 0xd8,
  0xdc, 0xd3, 0x55, 0x5f, 0x4d, 0x76, 0x7d, 0x7b, 0x66, 0x6c, 0x69, 0x68,
  0x15, 0x17, 0x16, 0x17, 0x14, 0x14, 0x14, 0x15, 0x6f, 0x6d, 0x6d, 0x66,
  0x7c, 0x77, 0x77, 0x75, 0x5e, 0xd6, 0xd7, 0x54, 0xdb, 0xcb, 0xf4, 0xf7,
  0xfe, 0xe1, 0xe2, 0xed, 0xee, 0xea, 0x94, 0x95, 0x95, 0x95, 0xea, 0xef,
  0xe0, 0xe6, 0xe4, 0xfe, 0xf6, 0xca, 0xf5, 0xca, 0xc9, 0xcb, 0xf4, 0xf7,
  0xf4, 0xf5, 0xca, 0xcf, 0xc4, 0xd3, 0x53, 0x47, 0x49, 0x74, 0x70, 0x7f,
  0x7b, 0x7b, 0x7e, 0x7f, 0x7f, 0x7d, 0x71, 0x75, 0x49, 0x42, 0x45, 0x5a,
  0x47, 0x41, 0x47, 0x46, 0x4d, 0x4f, 0x4c, 0x43, 0x41, 0x44, 0x5d, 0x54,
  0xd1, 0xdf, 0xc7, 0xcd, 0xcf, 0xcc, 0xcd, 0xc3, 0xc6, 0xc5, 0xd8, 0xdc,
  0xd3, 0xd2, 0xdc, 0xde, 0xde, 0xda, 0xc0, 0xcd, 0xcc, 0xce, 0xc8, 0xce,
  0xc3, 0xc5, 0xd8, 0xdc, 0xd4, 0x50, 0x5d, 0x5c, 0x5d, 0x5d, 0x50, 0x54,
  0xd7, 0xd3, 0xdc, 0xd9, 0xdb, 0xdb, 0xd9, 0xdc, 0xd2, 0xd6, 0x57, 0x52,
  0x5e, 0x5b, 0x41, 0x4f, 0x4b, 0x4a, 0x74, 0x71, 0x70, 0x70, 0x71, 0x73,
  0x7c, 0x7f, 0x7d, 0x7d, 0x7f, 0x79, 0x79, 0x79, 0x78, 0x7b, 0x79, 0x7c,
  0x7d, 0x7d, 0x70, 0x4a, 0x41, 0x5a, 0x5e, 0x56, 0xd3, 0xd8, 0xc7, 0xcd,
  0xc8, 0xca, 0xf5, 0xf7, 0xf0, 0xf2, 0xf2, 0xf2, 0xf2, 0xff, 0xfe, 0xf9,
  0xfe, 0xfe, 0xff, 0xff, 0xff, 0xff, 0xfc, 0xf3, 0xf6, 0xf4, 0xf4, 0xca,
  0xce, 0xc3, 0xc7, 0xdb, 0xd9, 0xdf, 0xdc, 0xd3, 0xd1, 0xd4, 0xd5, 0xd5,
  0x55, 0x54, 0x56, 0x50, 0x50, 0x50, 0x50, 0x53, 0x53, 0x52, 0x5f, 0x5f,
  0x5c, 0x5d, 0x5e, 0x5b, 0x5a, 0x45, 0x44, 0x46, 0x41, 0x40, 0x43, 0x43,
  0x40, 0x47, 0x44, 0x45, 0x5b, 0x59, 0x5f, 0x5d, 0x53, 0x53, 0x53, 0x50,
  0x51, 0x56, 0x57, 0x54, 0x54, 0xd5, 0xd7, 0xd0, 0xd2, 0xdf, 0xde, 0xd8,
  0xdb, 0xda, 0xc4, 0xc5, 0xda, 0xdb, 0xd8, 0xd9, 0xdf, 0xd2, 0xd0, 0xd6,
  0xd4, 0x55, 0x57, 0x51, 0x53, 0x52, 0x5f, 0x5e, 0x58, 0x5a, 0x45, 0x47,
  0x46, 0x46, 0x46, 0x46, 0x47, 0x47, 0x44, 0x44, 0x44, 0x45, 0x5a, 0x45,
  0x45, 0x44, 0x45, 0x45, 0x45, 0x45, 0x5a, 0x58, 0x58, 0x5f, 0x5d, 0x53,
  0x56, 0x54, 0xd5, 0xd7, 0xd6, 0xd1, 0xd1, 0xd0, 0xd0, 0xd0, 0xd0, 0xd0,
  0xd0, 0xd0, 0xd2, 0xdd, 0xdc, 0xde, 0xd8, 0xdb, 0xc5, 0xc4, 0xc6, 0xc6,
  0xc6, 0xc6, 0xc6, 0xc6, 0xc7, 0xc7, 0xc7, 0xc4, 0xc4, 0xc4, 0xc7, 0xc7,
  0xc7, 0xc7, 0xc7, 0xc4, 0xc4, 0xc5, 0xdb, 0xd9, 0xdf, 0xdc, 0xd2, 0xd0,
  0xd6, 0xd7, 0xd5, 0x54, 0x57, 0x51, 0x53, 0x5d, 0x5f, 0x5e, 0x5b, 0x45,
  0x47, 0x46, 0x41, 0x40, 0x40, 0x41, 0x41, 0x46, 0x44, 0x5a, 0x58, 0x5e,
  0x5c, 0x52, 0x53, 0x51, 0x56, 0x57, 0x55, 0xd4, 0xd7, 0xd6, 0xd1, 0xd0,
  0xd2, 0xdd, 0xdc, 0xdf, 0xde, 0xde, 0xde, 0xde, 0xde, 0xdc, 0xd2, 0xd3,
  0xd1, 0xd7, 0x54, 0x56, 0x51, 0x53, 0x52, 0x5c, 0x5c, 0x5c, 0x5f, 0x5f,
  0x5c, 0x5c, 0x5c, 0x5c, 0x5c, 0x5c, 0x5d, 0x5d, 0x5d, 0x5d, 0x52, 0x53,
  0x50, 0x51, 0x56, 0x56, 0x54, 0xd5, 0xd4, 0xd7, 0xd6, 0xd1, 0xd0, 0xd3,
  0xd2, 0xd2, 0xd2, 0xd2, 0xdd, 0xdd, 0xdd, 0xd2, 0xd2, 0xd2, 0xd3, 0xd3,
  0xd0, 0xd0, 0xd1, 0xd6, 0xd7, 0xd7, 0xd4, 0x55, 0x55, 0x54, 0x57, 0x56,
  0x51, 0x51, 0x51, 0x50, 0x50, 0x50, 0x50, 0x51, 0x56, 0x51, 0x56, 0x57,
  0x54, 0x54, 0xd5, 0xd5, 0xd7, 0xd6, 0xd6, 0xd1, 0xd0, 0xd3, 0xd3, 0xd2,
  0xdc, 0xdd, 0xdd, 0xdd, 0xdd, 0xdd, 0xd3, 0xd0, 0xd6, 0xd7, 0xd4, 0x55,
  0x57, 0x56, 0x50, 0x53, 0x53, 0x52, 0x5d, 0x5c, 0x5c, 0x5c, 0x5c, 0x5c,
  0x5c, 0x5c, 0x5c, 0x5c, 0x5d, 0x52, 0x53, 0x50, 0x51, 0x56, 0x54, 0xd5,
  0xd4, 0xd7, 0xd1, 0xd0, 0xd3, 0xd2, 0xdd, 0xdc, 0xdc, 0xdc, 0xdd, 0xdc,
  0xdd, 0xd2, 0xd3, 0xd0, 0xd1, 0xd6, 0xd7, 0xd4, 0xd5, 0x55, 0x54, 0x54,
  0x57, 0x57, 0x56, 0x56, 0x56, 0x56, 0x51, 0x51, 0x51, 0x51, 0x50, 0x50,
  0x50, 0x50, 0x50, 0x50, 0x50, 0x51, 0x51, 0x56, 0x57, 0x54, 0x55, 0x55,
  0xd5, 0xd4, 0xd4, 0xd4, 0xd4, 0xd4, 0xd7, 0xd7, 0xd7, 0xd7, 0xd7, 0xd6,
  0xd6, 0xd6, 0xd1, 0xd1, 0xd1, 0xd1, 0xd6, 0xd7, 0xd7, 0xd4, 0xd5, 0xd5,
  0x55, 0x54, 0x54, 0x54, 0x54, 0x54, 0x57, 0x57, 0x57, 0x57, 0x56, 0x56,
  0x56, 0x56, 0x56, 0x56, 0x57, 0x57, 0x54, 0x55, 0xd5, 0xd4, 0xd7, 0xd6,
  0xd0, 0xd0, 0xd0, 0xd0, 0xd3, 0xd0, 0xd0, 0xd1, 0xd6, 0xd7, 0xd7, 0xd4,
  0xd5, 0x55, 0x54, 0x57, 0x56, 0x56, 0x51, 0x50, 0x50, 0x53, 0x53, 0x52,
  0x5d, 0x5d, 0x5d, 0x52, 0x52, 0x52, 0x53, 0x50, 0x50, 0x56, 0x57, 0x54,
  0x55, 0xd5, 0xd4, 0xd7, 0xd7, 0xd6, 0xd1, 0xd0, 0xd0, 0xd0, 0xd3, 0xd3,
  0xd3, 0xd3, 0xd3, 0xd0, 0xd1, 0xd6, 0xd7, 0xd4, 0xd5, 0xd5, 0x54, 0x54,
  0x54, 0x54, 0x57, 0x54, 0x54, 0x54, 0x54, 0x54, 0x55, 0x54, 0x54, 0x54,
  0x57, 0x57, 0x57, 0x57, 0x57, 0x57, 0x57, 0x57, 0x54, 0x54, 0x55, 0x55,
  0x55, 0xd5, 0xd5, 0xd5, 0xd5, 0xd5, 0xd5, 0xd5, 0xd5, 0xd5, 0xd5, 0xd5,
  0xd5, 0xd4, 0xd4, 0xd4, 0xd4, 0xd4, 0xd4, 0xd4, 0xd4, 0xd4, 0xd5, 0xd5,
  0x55, 0x55, 0x55, 0x54, 0x54, 0x54, 0x54, 0x55, 0x55, 0x55, 0xd5, 0x55,
  0x55, 0x55, 0x55, 0x55, 0x55, 0x55, 0x55, 0x55, 0xd5, 0xd5, 0xd4, 0xd4,
  0xd7, 0xd7, 0xd6, 0xd6, 0xd1, 0xd1, 0xd6, 0xd7, 0xd7, 0xd4, 0xd5, 0x55,
  0x54, 0x57, 0x57, 0x56, 0x56, 0x56, 0x56, 0x56, 0x56, 0x56, 0x56, 0x56,
  0x56, 0x56, 0x56, 0x56, 0x56, 0x56, 0x56, 0x57, 0x54, 0x54, 0x55, 0xd5,
  0xd4, 0xd4, 0xd7, 0xd6, 0xd6, 0xd1, 0xd1, 0xd1, 0xd1, 0xd1, 0xd6, 0xd7,
  0xd7, 0xd7, 0xd4, 0xd4, 0xd5, 0xd5, 0x55, 0x54, 0x54, 0x54, 0x57, 0x57,
  0x57, 0x56, 0x57, 0x56, 0x56, 0x56, 0x56, 0x56, 0x57, 0x57, 0x57, 0x54,
  0x54, 0x55, 0xd5, 0xd5, 0x55, 0xd5, 0xd5, 0xd5, 0xd5, 0xd5, 0xd5, 0xd5,
  0xd5, 0xd5, 0xd4, 0xd4, 0xd5, 0xd4, 0xd4, 0xd4, 0xd4, 0xd4, 0xd4, 0xd5,
  0xd5, 0xd5, 0xd5, 0xd5, 0xd5, 0xd5, 0xd5, 0xd5, 0xd5, 0xd5, 0xd5, 0x55,
  0x55, 0x55, 0x55, 0x54, 0x54, 0x54, 0x54, 0x54, 0x54, 0x54, 0x54, 0x54,
  0x54, 0x55, 0x55, 0x55, 0x55, 0x55, 0xd5, 0xd5, 0xd5, 0xd5, 0xd5, 0xd5,
  0xd4, 0xd4, 0xd4, 0xd4, 0xd4, 0xd4, 0xd4, 0xd4, 0xd5, 0xd5, 0x55, 0x54,
  0x57, 0x57, 0x57, 0x56, 0x57, 0x56, 0x51, 0x56, 0x56, 0x56, 0x56, 0x57,
  0x57, 0x57, 0x57, 0x57, 0x54, 0x54, 0x54, 0x55, 0x55, 0x55, 0xd5, 0xd7,
  0xd7, 0xd4, 0xd6, 0xd0, 0xd3, 0xd2, 0xdc, 0xdc, 0xd2, 0xd3, 0xd1, 0xd4,
  0x55, 0xd5, 0xd4, 0x55, 0xd4, 0xd6, 0xd4, 0x54, 0x55, 0x55, 0x54, 0x55,
  0x55, 0x54, 0x56, 0x57, 0x56, 0x56, 0x56, 0x50, 0x52, 0x52, 0x52, 0x56,
  0x55, 0x5f, 0x56, 0xd9, 0xde, 0x59, 0x42, 0xd3, 0xd0, 0x42, 0x54, 0xf5,
  0xc5, 0xc7, 0x44, 0xfe, 0xc4, 0x62, 0xe5, 0x4a, 0x50, 0x6c, 0x65, 0x18,
  0x11, 0xf1, 0x66, 0x94, 0x84, 0x9a, 0x9f, 0x92, 0x91, 0x58, 0x15, 0x14,
  0x1e, 0x19, 0x6c, 0xdc, 0xf3, 0xee, 0x9f, 0x9f, 0xe9, 0xc9, 0xd1, 0x7d,
  0x14, 0x11, 0x10, 0x6f, 0x78, 0x45, 0xf8, 0xe6, 0xec, 0xe6, 0xe4, 0xc8,
  0x7a, 0x60, 0x61, 0x68, 0x6a, 0x65, 0x46, 0xf6, 0xe2, 0xee, 0xe9, 0xe2,
  0xe2, 0xe5, 0x41, 0x66, 0x6e, 0x68, 0x6c, 0x7e, 0xc8, 0xe7, 0xe4, 0xfb,
  0xf7, 0xfe, 0xf2, 0x48, 0x61, 0x69, 0x61, 0x75, 0x53, 0xd4, 0xcf, 0xe6,
  0xe0, 0xfb, 0xda, 0xda, 0xc5, 0x71, 0x70, 0x43, 0x43, 0x44, 0x51, 0x7a,
  0x13, 0x75, 0xef, 0xcf, 0xe4, 0x91, 0x96, 0xee, 0xce, 0xc6, 0x4f, 0x14,
  0x6b, 0x64, 0x69, 0xd1, 0x95, 0xf0, 0xf9, 0xe8, 0xe6, 0xca, 0x48, 0x7f,
  0x79, 0x7a, 0x71, 0x76, 0x76, 0xde, 0xf6, 0xf0, 0xfe, 0xdb, 0x41, 0xd3,
  0x76, 0x6d, 0x7a, 0x74, 0x7a, 0x57, 0x4c, 0x13, 0x6f, 0xd6, 0x62, 0x48,
  0x93, 0x84, 0x87, 0x9b, 0x84, 0x9c, 0xdd, 0x78, 0x6a, 0x19, 0x11, 0x63,
  0x7d, 0xdb, 0xce, 0x95, 0xec, 0x07, 0x16, 0x7b, 0x0c, 0x01, 0x61, 0xf5,
  0xfc, 0xe0, 0x84, 0x9a, 0xfa, 0xed, 0xf8, 0x6b, 0x19, 0x03, 0x0c, 0x03,
  0x07, 0x15, 0xf8, 0x9b, 0x8a, 0xb6, 0xb7, 0x8a, 0x86, 0x97, 0x6e, 0x04,
  0x05, 0x04, 0x1a, 0x6c, 0x55, 0xfb, 0x92, 0x97, 0xff, 0xda, 0x79, 0x58,
  0x73, 0x60, 0xcc, 0x73, 0x1d, 0x64, 0x40, 0x6d, 0xd2, 0xee, 0xfc, 0xf4,
  0x93, 0x9d, 0x51, 0xce, 0xed, 0x60, 0x72, 0xf1, 0xc9, 0xe9, 0x66, 0xfd,
  0x80, 0x4d, 0x6c, 0x97, 0x75, 0x00, 0x17, 0x1c, 0x04, 0x69, 0x11, 0x6e,
  0xf4, 0xe3, 0x94, 0xec, 0x14, 0x69, 0x1d, 0x33, 0x30, 0x04, 0x0c, 0x0c,
  0xf3, 0x8c, 0x89, 0x8c, 0xb7, 0xb7, 0x99, 0xe3, 0xe5, 0x7e, 0x16, 0x70,
  0xed, 0x90, 0x9e, 0x84, 0x87, 0xee, 0xdd, 0x04, 0x36, 0x0c, 0x0d, 0x30,
  0x18, 0x9e, 0xf2, 0x99, 0xb4, 0x89, 0x86, 0x96, 0xf0, 0x61, 0x1f, 0x61,
  0xc4, 0xd6, 0xf9, 0x90, 0x84, 0x94, 0x4e, 0xc8, 0x4e, 0x1f, 0x12, 0x79,
  0x60, 0x5f, 0x91, 0x91, 0x45, 0xed, 0x98, 0x67, 0x04, 0x15, 0x43, 0x11,
  0x11, 0xe9, 0x90, 0xc5, 0x94, 0x9e, 0xe5, 0x5f, 0xf1, 0x5c, 0x12, 0x10,
  0xce, 0xd0, 0x69, 0x57, 0x95, 0xca, 0xca, 0x4b, 0x16, 0x71, 0x5f, 0x64,
  0x72, 0xd3, 0xee, 0x94, 0xe4, 0xf5, 0xcb, 0xfc, 0x7e, 0x15, 0x78, 0x53,
  0x47, 0x54, 0xf3, 0xfc, 0x5f, 0xf0, 0xf9, 0x7a, 0x44, 0xc1, 0x4f, 0x44,
  0x6f, 0x67, 0xe4, 0x74, 0x62, 0xf4, 0xdf, 0x61, 0x78, 0xdf, 0x7b, 0x14,
  0xf8, 0xec, 0xdc, 0xe1, 0xe0, 0x93, 0xd9, 0x00, 0x11, 0x65, 0x03, 0x1f,
  0xed, 0x93, 0x98, 0x98, 0x9b, 0x9e, 0xca, 0x16, 0x68, 0x46, 0x64, 0x6d,
  0xe6, 0x9e, 0x92, 0x91, 0x97, 0xd6, 0x42, 0x7f, 0x68, 0x78, 0xdb, 0x48,
  0x4a, 0x55, 0xdb, 0xf9, 0xf7, 0x7c, 0xd6, 0xca, 0x15, 0x6a, 0xce, 0xde,
  0x69, 0x7f, 0xef, 0xca, 0x6a, 0x4a, 0xfc, 0x4b, 0x64, 0xfc, 0xea, 0xc0,
  0xc7, 0xe6, 0xc3, 0x77, 0xf5, 0xec, 0xd7, 0x58, 0xec, 0xd6, 0x15, 0x63,
  0x73, 0x69, 0x1f, 0x15, 0xe5, 0xe2, 0x5a, 0xfa, 0x96, 0xe5, 0x67, 0x5a,
  0xe7, 0x6a, 0x04, 0xe7, 0xee, 0x14, 0xc8, 0x9d, 0xe5, 0x42, 0xca, 0xec,
  0x53, 0x4a, 0xf6, 0x5b, 0x5b, 0xfa, 0xed, 0xc4, 0x79, 0xe7, 0xef, 0x78,
  0x15, 0x67, 0xf1, 0xf3, 0x71, 0x56, 0xf3, 0x55, 0x64, 0x4f, 0xf7, 0x74,
  0x75, 0xf8, 0x73, 0x11, 0x73, 0xfe, 0x47, 0xd2, 0xea, 0xe8, 0x43, 0x77,
  0x95, 0xe5, 0x7c, 0xc7, 0x6c, 0x6d, 0x5f, 0x1b, 0x13, 0xec, 0xc7, 0x54,
  0x97, 0x99, 0x92, 0x5c, 0x6b, 0x7a, 0x4f, 0xcf, 0xcb, 0x66, 0xf1, 0x9d,
  0xf6, 0x61, 0xcd, 0xe4, 0x7a, 0x1e, 0x13, 0x78, 0x49, 0x76, 0x54, 0x96,
  0x97, 0x5e, 0xf8, 0xee, 0x7a, 0x17, 0x63, 0x64, 0x10, 0x15, 0xc3, 0xf6,
  0xd2, 0xf9, 0xe8, 0xed, 0xd4, 0x7d, 0x62, 0x62, 0x77, 0xfd, 0xe9, 0xed,
  0x94, 0xe3, 0x62, 0x63, 0x76, 0x7c, 0x64, 0x6d, 0xd7, 0xef, 0xe0, 0xe3,
  0x94, 0x91, 0xdf, 0x67, 0x65, 0x6a, 0x6f, 0x62, 0x6a, 0x57, 0xfc, 0x97,
  0x9b, 0x92, 0xef, 0xe5, 0x77, 0x11, 0x10, 0x67, 0x73, 0xf6, 0x9d, 0x9f,
  0x91, 0x94, 0xe1, 0x6c, 0x05, 0x18, 0x15, 0x6d, 0x7f, 0xec, 0x9d, 0xe2,
  0x5c, 0xd1, 0x5b, 0x6a, 0x1b, 0x10, 0x69, 0x7d, 0x95, 0x9f, 0x97, 0x95,
  0xef, 0xc3, 0x6d, 0x6a, 0x6e, 0x69, 0x64, 0x4f, 0xe3, 0x98, 0x9d, 0xc8,
  0xc9, 0xd4, 0x19, 0x01, 0x18, 0x05, 0x15, 0xe9, 0x95, 0x95, 0x99, 0x94,
  0x63, 0x17, 0x11, 0x04, 0x05, 0x64, 0xe4, 0xeb, 0x9d, 0x87, 0x9b, 0x96,
  0xc8, 0x11, 0x1c, 0x66, 0x53, 0xce, 0x91, 0x84, 0x9d, 0xee, 0xc6, 0x6f,
  0x76, 0x69, 0x1a, 0x60, 0xfb, 0xee, 0xee, 0xf8, 0xeb, 0xe0, 0xdc, 0x75,
  0x16, 0x72, 0xf5, 0x66, 0xc5, 0xee, 0xc6, 0xc9, 0xf3, 0xf9, 0xe2, 0xe4,
  0x4e, 0x7d, 0x46, 0x46, 0x45, 0xf1, 0xe2, 0xe5, 0xf8, 0xfa, 0x58, 0xc1,
  0xe7, 0x49, 0x79, 0x48, 0x56, 0xd7, 0x4c, 0xf0, 0x94, 0xe3, 0x5e, 0x4e,
  0x53, 0x4b, 0x6c, 0x6a, 0x64, 0x7d, 0x74, 0xe5, 0xf0, 0x7a, 0xc1, 0xeb,
  0x72, 0x17, 0x73, 0x5d, 0x67, 0x63, 0xd8, 0xe2, 0xff, 0x52, 0x66, 0x60,
  0x60, 0x6b, 0x6c, 0x63, 0x7c, 0xf7, 0xfa, 0xcd, 0x7f, 0x7a, 0x5f, 0x6b,
  0x13, 0x47, 0xec, 0xe5, 0xcd, 0xfa, 0xe3, 0x47, 0x78, 0x71, 0x6d, 0x68,
  0xd7, 0xf1, 0x55, 0xcf, 0xe8, 0xef, 0x5b, 0x5f, 0xe6, 0xd2, 0x73, 0x45,
  0xfd, 0xcb, 0x74, 0xd0, 0xdb, 0x54, 0x4f, 0x41, 0xe1, 0xc8, 0x58, 0xff,
  0xdb, 0xdc, 0xe1, 0xe7, 0xcd, 0xe0, 0x91, 0xe5, 0x48, 0xf5, 0xf5, 0x6e,
  0x10, 0x6c, 0x47, 0x58, 0x70, 0xe0, 0x91, 0xe7, 0xc7, 0xc0, 0xca, 0xdc,
  0x6c, 0x63, 0x46, 0x58, 0xc5, 0xd5, 0x7f, 0x53, 0x5a, 0x65, 0x66, 0x60,
  0x7d, 0x46, 0x64, 0x41, 0xe8, 0xee, 0xd7, 0x4b, 0xf5, 0x5f, 0x15, 0x6a,
  0x79, 0x5e, 0x5a, 0xdf, 0xe3, 0xe0, 0xe6, 0xf7, 0x48, 0xdd, 0xd9, 0x76,
  0x7d, 0x5b, 0x59, 0xdc, 0xf1, 0x5f, 0x43, 0xd1, 0x5a, 0x7b, 0x6d, 0x70,
  0xf6, 0xf6, 0xf4, 0x90, 0x93, 0xdd, 0xc3, 0xcf, 0x67, 0x65, 0x72, 0x66,
  0x63, 0xf4, 0xef, 0xff, 0xe6, 0xe2, 0x54, 0x7a, 0x77, 0x7f, 0x7d, 0xf4,
  0x57, 0x54, 0xce, 0x46, 0x48, 0x56, 0x5b, 0x7c, 0x70, 0x59, 0x45, 0xf9,
  0xfe, 0xf4, 0xe7, 0xff, 0xd1, 0xc6, 0xff, 0xf0, 0xc2, 0xfe, 0xf8, 0xe5,
  0xfe, 0xc3, 0xf8, 0xfa, 0x57, 0x7c, 0x56, 0xd4, 0x60, 0x75, 0xf4, 0x5b,
  0xdf, 0xc3, 0x4e, 0x75, 0xf3, 0xc7, 0x72, 0x48, 0x7e, 0x70, 0xfc, 0xdf,
  0x67, 0x75, 0xe4, 0x78, 0x17, 0x75, 0x5d, 0x64, 0x67, 0x57, 0xcf, 0x47,
  0xdc, 0x75, 0x67, 0xd0, 0xfc, 0x7d, 0x6e, 0x42, 0xf6, 0xc7, 0x7c, 0x40,
  0xe4, 0xc3, 0xd4, 0xf7, 0xf7, 0xfe, 0xff, 0xd6, 0x4f, 0xf5, 0xf8, 0x74,
  0x79, 0xca, 0xc5, 0x77, 0xfb, 0xe4, 0xdb, 0xe3, 0xe3, 0x70, 0x78, 0xd3,
  0x74, 0x6f, 0x43, 0xe1, 0xfc, 0xf6, 0xeb, 0xe1, 0xd9, 0xc6, 0x76, 0x64,
  0x5b, 0xc2, 0xca, 0xc8, 0xc9, 0xc4, 0xf7, 0xf5, 0x62, 0x15, 0x4d, 0x48,
  0x6c, 0x4b, 0xca, 0x53, 0x7e, 0x7d, 0x4a, 0x64, 0x7b, 0xd2, 0x5b, 0x5f,
  0xe5, 0xfa, 0xf6, 0xc1, 0x46, 0x5e, 0x72, 0x60, 0x7f, 0x5e, 0xcf, 0xd4,
  0x55, 0xf1, 0xcf, 0xd7, 0x71, 0x60, 0x66, 0x5e, 0xd8, 0xd4, 0xc9, 0xf3,
  0x5e, 0x66, 0x4c, 0xdb, 0x64, 0x7e, 0x65, 0x60, 0x41, 0x54, 0x46, 0x59,
  0x5e, 0x46, 0x42, 0xd8, 0xc8, 0xc9, 0xc5, 0xdc, 0xcd, 0xf8, 0xdb, 0x74,
  0x58, 0x40, 0x7e, 0x58, 0xf4, 0x5c, 0x73, 0xdb, 0xcb, 0xd6, 0x46, 0x7d,
  0x46, 0x59, 0x78, 0x7a, 0x56, 0xd8, 0x5f, 0xdd, 0xf3, 0xca, 0xcb, 0xf3,
  0xc7, 0xd1, 0xe1, 0xed, 0xf9, 0xe7, 0x94, 0x97, 0xe7, 0xe1, 0x95, 0xe3,
  0xfe, 0xca, 0xc4, 0xf0, 0xf7, 0x50, 0xdc, 0xfb, 0xfc, 0xf7, 0xc8, 0xf7,
  0xf9, 0xe4, 0xe4, 0xf1, 0xf3, 0xf1, 0xd7, 0xd7, 0xf0, 0xe1, 0xc9, 0xdf,
  0xff, 0xf3, 0xf9, 0xf4, 0x5c, 0xca, 0xc8, 0xdc, 0xf7, 0xdc, 0xd0, 0x5d,
  0x63, 0x6e, 0x79, 0xf4, 0xdd, 0x63, 0x65, 0x7c, 0x66, 0x63, 0x65, 0x43,
  0x56, 0x72, 0x64, 0xd9, 0xdc, 0x43, 0x77, 0x6c, 0x66, 0x75, 0x78, 0x6f,
  0x63, 0x50, 0x7d, 0x15, 0x14, 0x78, 0x51, 0x71, 0x61, 0x63, 0x64, 0x4b,
  0x17, 0x05, 0x10, 0x63, 0x14, 0x10, 0x17, 0x7b, 0x64, 0x13, 0x1d, 0x16,
  0x60, 0x7a, 0x6b, 0x62, 0x59, 0xc2, 0xcf, 0x4d, 0xce, 0xe9, 0xf9, 0xd3,
  0xfd, 0x91, 0x9b, 0x96, 0xe7, 0x94, 0x91, 0xe3, 0xe2, 0xea, 0x94, 0x97,
  0xf8, 0xd5, 0xf1, 0xe3, 0xe3, 0xc3, 0x56, 0xfe, 0xe7, 0xf7, 0xc8, 0xff,
  0xe6, 0xfc, 0xdb, 0xec, 0x96, 0x94, 0x94, 0xec, 0xe6, 0xe1, 0xf8, 0xf0,
  0xf1, 0xf1, 0xe0, 0xef, 0xe6, 0xe8, 0xe9, 0xe1, 0xe0, 0xef, 0xe8, 0xe2,
  0xea, 0x91, 0x95, 0xeb, 0xe9, 0xeb, 0xfa, 0xc0, 0xc8, 0xd1, 0xc5, 0xc7,
  0xc9, 0xf6, 0xce, 0xf2, 0x5f, 0x77, 0x72, 0x66, 0x76, 0x41, 0x77, 0x45,
  0x57, 0x79, 0x63, 0x64, 0x15, 0x11, 0x15, 0x6f, 0x61, 0x61, 0x68, 0x15,
  0x17, 0x16, 0x61, 0x63, 0x6c, 0x7d, 0x67, 0x14, 0x0c, 0x34, 0x09, 0x0c,
  0x0f, 0x0e, 0x0f, 0x04, 0x0d, 0x34, 0x0b, 0x02, 0x06, 0x04, 0x12, 0x4b,
  0xeb, 0x9d, 0xe9, 0xe7, 0x92, 0x98, 0xea, 0xee, 0x87, 0x8e, 0x82, 0x86,
  0x80, 0x81, 0x9f, 0x95, 0x92, 0x9b, 0x9b, 0x84, 0x98, 0x9c, 0x9a, 0x93,
  0xf9, 0x5e, 0xf1, 0xfa, 0x75, 0xda, 0xee, 0xea, 0xfc, 0x52, 0xd8, 0x58,
  0x71, 0x60, 0x77, 0xfb, 0xf7, 0xe5, 0xe6, 0xf0, 0xf1, 0xc2, 0x70, 0x7c,
  0xf1, 0xec, 0xed, 0xed, 0x97, 0xea, 0xf6, 0xce, 0xf2, 0xfb, 0xf4, 0xcb,
  0xfa, 0xe3, 0xe6, 0xfd, 0xc5, 0xc0, 0xeb, 0x94, 0xeb, 0x97, 0xea, 0x94,
  0xe1, 0xfa, 0xea, 0xee, 0xe3, 0xe5, 0xf8, 0xe2, 0xec, 0xff, 0xcb, 0xfc,
  0xcf, 0x46, 0x46, 0xcd, 0xf0, 0xf5, 0x44, 0x72, 0x5f, 0x45, 0x74, 0x64,
  0x69, 0x6c, 0x11, 0x1c, 0x11, 0x1d, 0x1c, 0x12, 0x1f, 0x1a, 0x0a, 0x31,
  0x31, 0x34, 0x0d, 0x35, 0x0b, 0x04, 0x0f, 0x35, 0x0c, 0x01, 0x06, 0x1d,
  0x71, 0xe3, 0x90, 0xe9, 0x96, 0x9d, 0x93, 0x84, 0x87, 0x9b, 0x82, 0xb5,
  0x8b, 0x82, 0x81, 0x86, 0x84, 0x90, 0x9d, 0x84, 0x99, 0x92, 0x90, 0x96,
  0x96, 0xfc, 0x78, 0x47, 0x44, 0xc4, 0xfa, 0x7d, 0x69, 0x64, 0x72, 0x6b,
  0x6c, 0x44, 0x41, 0x79, 0x6f, 0xcb, 0xed, 0xd7, 0xde, 0xc5, 0xe7, 0xe9,
  0xfa, 0xf2, 0xe6, 0xe4, 0xd6, 0x40, 0x74, 0xf4, 0xe3, 0xc2, 0x57, 0xc2,
  0xf8, 0xd1, 0x73, 0xd3, 0xf7, 0xe7, 0xf9, 0xf8, 0x95, 0xe1, 0xde, 0xe4,
  0xef, 0x91, 0x9e, 0xea, 0xe5, 0xed, 0x97, 0x94, 0x97, 0x93, 0x91, 0x96,
  0xe8, 0xe1, 0xed, 0x95, 0x95, 0xe1, 0xe7, 0xe0, 0xe1, 0xc3, 0x7d, 0x52,
  0xc8, 0xd0, 0x65, 0x14, 0x10, 0x19, 0x07, 0x04, 0x16, 0x1f, 0x36, 0x3e,
  0x3c, 0x36, 0x0f, 0x35, 0x31, 0x0f, 0x0c, 0x36, 0x30, 0x0b, 0x18, 0x6d,
  0x64, 0xc6, 0x98, 0x93, 0xf7, 0xee, 0x9a, 0x8c, 0x89, 0x8f, 0x89, 0xb4,
  0xb7, 0x8a, 0x8c, 0x87, 0x81, 0x83, 0x81, 0x83, 0x81, 0x9d, 0xf3, 0x65,
  0x77, 0xce, 0x67, 0x11, 0x67, 0x4e, 0x6e, 0x1d, 0x19, 0x1c, 0x13, 0x10,
  0x17, 0x7c, 0xd3, 0x4d, 0x4a, 0x47, 0xd2, 0xc0, 0xc1, 0xe5, 0xe9, 0x96,
  0x91, 0x97, 0xec, 0xe5, 0xed, 0x95, 0x93, 0x9c, 0xeb, 0xfc, 0xcd, 0xfd,
  0xf1, 0xd0, 0x4c, 0x64, 0x78, 0x67, 0x6c, 0x4c, 0x47, 0x64, 0x76, 0x5a,
  0x4f, 0xc7, 0xfc, 0xf3, 0xe2, 0x94, 0x96, 0x97, 0xef, 0xe8, 0x93, 0x93,
  0x97, 0x96, 0x93, 0x94, 0xea, 0xe9, 0xee, 0xe0, 0xf3, 0xed, 0xed, 0xfe,
  0xfb, 0xfd, 0xf1, 0xd8, 0x45, 0x4c, 0x70, 0x6b, 0x1e, 0x1a, 0x1e, 0x6a,
  0x01, 0x32, 0x39, 0x31, 0x06, 0x07, 0x30, 0x33, 0x08, 0x0e, 0x31, 0x31,
  0x0d, 0x17, 0x6f, 0x1c, 0x67, 0x97, 0x41, 0x13, 0xc9, 0x8d, 0xb7, 0x8a,
  0x81, 0x81, 0x8b, 0x89, 0x8f, 0x88, 0x89, 0x89, 0x8c, 0x83, 0x8c, 0x8c,
  0x9e, 0xfe, 0xc2, 0xe0, 0x9c, 0x94, 0x78, 0x14, 0x15, 0x16, 0x1d, 0x1b,
  0x04, 0x12, 0x12, 0x1a, 0x17, 0x67, 0x6d, 0x12, 0x19, 0x7b, 0xe6, 0xf8,
  0xdc, 0xf1, 0xef, 0x94, 0xe2, 0xe4, 0x96, 0x91, 0x95, 0x96, 0x94, 0x91,
  0x95, 0xf4, 0xf6, 0xe2, 0xe7, 0x57, 0x45, 0xc0, 0xc2, 0x47, 0x7b, 0x7e,
  0x7f, 0x79, 0x63, 0x63, 0x72, 0x44, 0x5a, 0x74, 0x4c, 0xcd, 0xe7, 0xf3,
  0x52, 0xf0, 0xec, 0x95, 0xeb, 0xeb, 0x92, 0x92, 0x95, 0x95, 0x94, 0x90,
  0x92, 0xef, 0xe2, 0x90, 0x97, 0xe9, 0xe0, 0xf5, 0xf4, 0xca, 0xcd, 0xfd,
  0x42, 0x15, 0x10, 0x17, 0x68, 0x04, 0x36, 0x32, 0x0a, 0x10, 0x12, 0x36,
  0x3f, 0x35, 0x01, 0x35, 0x33, 0x0f, 0x6c, 0x6e, 0x04, 0x1e, 0xe6, 0x77,
  0x01, 0x10, 0x82, 0xb0, 0x8c, 0xf0, 0xe5, 0x8f, 0xb5, 0x81, 0x81, 0x8a,
  0xb6, 0x8b, 0x85, 0x87, 0x83, 0x84, 0x90, 0x85, 0x8d, 0x81, 0xeb, 0x63,
  0x6b, 0xd5, 0xc5, 0x7c, 0x15, 0x1c, 0x1d, 0x1d, 0x05, 0x04, 0x18, 0x19,
  0x19, 0x1c, 0x11, 0x15, 0x11, 0x12, 0x10, 0x67, 0xe5, 0xe0, 0xc7, 0xda,
  0xe3, 0xe8, 0xe2, 0xe0, 0x95, 0x9d, 0x93, 0x96, 0x93, 0x92, 0xea, 0xe5,
  0xec, 0x97, 0x92, 0xe8, 0x75, 0x79, 0xc7, 0xfc, 0xd5, 0x64, 0x7d, 0x59,
  0x65, 0x68, 0x66, 0x72, 0x64, 0x62, 0x60, 0x4c, 0xf7, 0xc4, 0x43, 0x55,
  0xe5, 0xea, 0x95, 0xfe, 0xf9, 0x91, 0x9c, 0x93, 0x97, 0x97, 0x93, 0x9c,
  0x9d, 0x91, 0x97, 0x96, 0xea, 0xe2, 0xed, 0xef, 0xf5, 0x7a, 0x6e, 0x66,
  0x17, 0x0f, 0x34, 0x00, 0x67, 0x16, 0x37, 0x3c, 0x34, 0x04, 0x0f, 0x33,
  0x37, 0x12, 0x69, 0x0c, 0x35, 0x1b, 0x66, 0x05, 0x01, 0xfd, 0x82, 0x93,
  0x1d, 0x14, 0x87, 0x88, 0x98, 0xea, 0x80, 0xb5, 0x8d, 0x9c, 0x85, 0x89,
  0x89, 0x86, 0x83, 0x8a, 0x89, 0x9e, 0xef, 0x9c, 0x81, 0x84, 0xe8, 0xfe,
  0xf4, 0x40, 0x63, 0x6b, 0x6a, 0x15, 0x16, 0x16, 0x10, 0x1e, 0x05, 0x04,
  0x1a, 0x1c, 0x11, 0x17, 0x16, 0x1d, 0x10, 0x62, 0x73, 0x78, 0x60, 0x79,
  0xc1, 0xe5, 0xf0, 0xc1, 0xff, 0xef, 0xea, 0xe9, 0xeb, 0x97, 0x97, 0xe8,
  0xed, 0xef, 0xee, 0xed, 0xfb, 0xe6, 0xeb, 0xe8, 0xfd, 0x4d, 0x4a, 0xcf,
  0xfe, 0xc1, 0x51, 0xf4, 0xf8, 0xcd, 0x40, 0x5e, 0xf9, 0xe7, 0xf2, 0xf9,
  0xee, 0xea, 0xf8, 0xd4, 0xfe, 0x97, 0x90, 0x95, 0xef, 0xec, 0xef, 0xec,
  0xed, 0xeb, 0x94, 0xef, 0xfa, 0xf7, 0xc4, 0x77, 0x11, 0x04, 0x04, 0x6c,
  0x52, 0x1f, 0x0a, 0x34, 0x03, 0x1e, 0x0d, 0x37, 0x09, 0x1c, 0x1f, 0x0e,
  0x0b, 0x01, 0x1d, 0x19, 0x19, 0x73, 0xcb, 0x6b, 0x05, 0x6f, 0x9d, 0x9b,
  0xe1, 0xfe, 0x98, 0x83, 0x85, 0x95, 0x9d, 0x83, 0x8e, 0x8d, 0x8d, 0x8d,
  0x80, 0x84, 0x84, 0x82, 0x82, 0x84, 0x9d, 0x92, 0x9f, 0x94, 0xf7, 0xd5,
  0xc5, 0xc2, 0x5d, 0x7c, 0x6f, 0x11, 0x12, 0x10, 0x14, 0x17, 0x1c, 0x18,
  0x1e, 0x13, 0x12, 0x12, 0x10, 0x13, 0x10, 0x17, 0x6a, 0x68, 0x6a, 0x68,
  0x7d, 0xc0, 0xd9, 0x77, 0x73, 0xdb, 0xe3, 0xec, 0xe6, 0xfc, 0xfc, 0xfa,
  0xe7, 0xe2, 0xe9, 0xec, 0xfb, 0xfe, 0xe1, 0xe0, 0xe4, 0xf2, 0xfa, 0xe9,
  0xee, 0xfe, 0xdb, 0xf1, 0xe0, 0xec, 0xe2, 0xe7, 0xe3, 0xec, 0xe6, 0xfe,
  0xe5, 0xe0, 0xef, 0xef, 0xef, 0xec, 0xef, 0xe3, 0xed, 0xe9, 0xe8, 0xed,
  0xfd, 0xc6, 0xf7, 0xf3, 0x53, 0x69, 0x1e, 0x19, 0x15, 0x61, 0x13, 0x00,
  0x0f, 0x00, 0x1b, 0x07, 0x0e, 0x0e, 0x07, 0x1c, 0x05, 0x0d, 0x02, 0x1a,
  0x12, 0x1c, 0x17, 0x67, 0x63, 0x16, 0x69, 0xf6, 0x95, 0xe6, 0xd6, 0xe2,
  0x98, 0x99, 0x95, 0x95, 0x85, 0x82, 0x80, 0x85, 0x84, 0x81, 0x86, 0x84,
  0x86, 0x83, 0x81, 0x98, 0x90, 0x9c, 0x9e, 0x96, 0xe6, 0xe7, 0xe8, 0xe3,
  0x59, 0x62, 0x64, 0x46, 0x48, 0x66, 0x6b, 0x14, 0x15, 0x17, 0x10, 0x10,
  0x10, 0x10, 0x17, 0x14, 0x13, 0x19, 0x1e, 0x15, 0x7a, 0x7b, 0x69, 0x15,
  0x67, 0x5b, 0x51, 0x41, 0x46, 0xce, 0xe0, 0xe0, 0xf7, 0xc3, 0xfb, 0xed,
  0xee, 0xef, 0xec, 0xed, 0xe0, 0xe6, 0xe0, 0xe8, 0xe8, 0xe7, 0xfe, 0xe6,
  0xe2, 0xe3, 0xe7, 0xe5, 0xe1, 0xe2, 0xfa, 0xcf, 0xf4, 0xfc, 0xfa, 0xf9,
  0xf6, 0xf2, 0xf8, 0xfc, 0xfb, 0xfb, 0xe7, 0xe3, 0xec, 0xe0, 0xe5, 0xfe,
  0xf0, 0xf7, 0xca, 0xd7, 0x70, 0x68, 0x10, 0x10, 0x17, 0x15, 0x12, 0x07,
  0x02, 0x01, 0x05, 0x07, 0x02, 0x0d, 0x07, 0x1e, 0x07, 0x0d, 0x03, 0x19,
  0x11, 0x1c, 0x1d, 0x15, 0x6f, 0x14, 0x6a, 0x4a, 0xf9, 0xf3, 0xcb, 0xe0,
  0x90, 0x90, 0xeb, 0x94, 0x9b, 0x81, 0x86, 0x84, 0x84, 0x87, 0x86, 0x81,
  0x81, 0x80, 0x84, 0x9b, 0x9b, 0x98, 0x93, 0x95, 0x94, 0x97, 0x95, 0xe4,
  0xd8, 0x51, 0x52, 0x45, 0x53, 0x5d, 0x71, 0x69, 0x17, 0x6a, 0x6e, 0x17,
  0x10, 0x16, 0x17, 0x17, 0x16, 0x17, 0x14, 0x16, 0x11, 0x6c, 0x72, 0x64,
  0x6b, 0x6d, 0x5d, 0xf3, 0xc6, 0x5b, 0x52, 0xca, 0xf9, 0xe4, 0xe4, 0xf9,
  0xe4, 0xed, 0xef, 0xe0, 0xfa, 0xfe, 0xe5, 0xe0, 0xe1, 0xfa, 0xf1, 0xcd,
  0xf1, 0xe4, 0xfa, 0xf3, 0xf6, 0xf2, 0xfd, 0xf6, 0xc6, 0xc3, 0xfd, 0xff,
  0xfe, 0xf8, 0xf0, 0xf7, 0xf2, 0xe4, 0xe8, 0xee, 0xe4, 0xf9, 0xe0, 0xef,
  0xee, 0xe5, 0xf5, 0xe4, 0xe6, 0xd3, 0x65, 0x6e, 0x14, 0x14, 0x6b, 0x6e,
  0x17, 0x1a, 0x03, 0x01, 0x19, 0x18, 0x02, 0x0f, 0x07, 0x10, 0x05, 0x0c,
  0x0d, 0x1f, 0x15, 0x1c, 0x19, 0x16, 0x60, 0x68, 0x15, 0x77, 0xe5, 0xf9,
  0xc9, 0xe1, 0x91, 0x91, 0xeb, 0x94, 0x85, 0x81, 0x85, 0x99, 0x85, 0x86,
  0x86, 0x87, 0x81, 0x80, 0x87, 0x9e, 0x9c, 0x9b, 0x9c, 0x95, 0xea, 0x96,
  0x95, 0xf7, 0x4b, 0x58, 0xc0, 0xd4, 0x76, 0x7f, 0x65, 0x62, 0x6b, 0x17,
  0x14, 0x6a, 0x6a, 0x6b, 0x15, 0x11, 0x1c, 0x12, 0x16, 0x17, 0x14, 0x69,
  0x61, 0x64, 0x6f, 0x68, 0x67, 0xd6, 0xf7, 0xc7, 0x55, 0xd9, 0xf9, 0xfa,
  0xfe, 0xfb, 0xe6, 0xed, 0xee, 0xe0, 0xe4, 0xe7, 0xe0, 0xe3, 0xec, 0xed,
  0xe5, 0xfd, 0xff, 0xe4, 0xe6, 0xe6, 0xe6, 0xe1, 0xe5, 0xf8, 0xf2, 0xff,
  0xf8, 0xe5, 0xe4, 0xe4, 0xe5, 0xfd, 0xf2, 0xe7, 0xed, 0xed, 0xe3, 0xe3,
  0xe0, 0xe1, 0xe1, 0xe7, 0xe1, 0xe4, 0xf9, 0xfc, 0xde, 0x64, 0x6e, 0x6b,
  0x11, 0x13, 0x11, 0x16, 0x1d, 0x07, 0x0d, 0x03, 0x05, 0x05, 0x0d, 0x0e,
  0x01, 0x1f, 0x04, 0x0d, 0x03, 0x1f, 0x14, 0x12, 0x1e, 0x16, 0x61, 0x62,
  0x66, 0xc0, 0xee, 0xe0, 0xf9, 0xef, 0x9c, 0x99, 0x93, 0x9d, 0x87, 0x83,
  0x86, 0x85, 0x87, 0x81, 0x80, 0x81, 0x81, 0x81, 0x84, 0x9f, 0x9c, 0x9e,
  0x92, 0x95, 0xeb, 0x95, 0xe0, 0xde, 0x71, 0x70, 0x77, 0x7e, 0x67, 0x60,
  0x6e, 0x16, 0x13, 0x13, 0x11, 0x16, 0x10, 0x16, 0x17, 0x10, 0x1c, 0x13,
  0x14, 0x6a, 0x15, 0x68, 0x62, 0x63, 0x63, 0x64, 0x74, 0x46, 0x45, 0xf4,
  0xf8, 0xc2, 0x50, 0xcf, 0xe0, 0xe2, 0xe7, 0xfc, 0xe5, 0xe7, 0xe1, 0xe1,
  0xf9, 0xfb, 0xe0, 0xe1, 0xfd, 0xfc, 0xfb, 0xfd, 0xf7, 0xff, 0xe4, 0xf8,
  0xf5, 0xf7, 0xfd, 0xf9, 0xf9, 0xfb, 0xf0, 0xfc, 0xe1, 0xe3, 0xe0, 0xe5,
  0xe3, 0xef, 0xe9, 0xef, 0xed, 0xe2, 0xec, 0xe9, 0xee, 0xed, 0xe2, 0xe7,
  0xf8, 0xf9, 0xf3, 0x41, 0x62, 0x68, 0x15, 0x10, 0x19, 0x1e, 0x13, 0x1f,
  0x00, 0x09, 0x0d, 0x04, 0x06, 0x0e, 0x0e, 0x06, 0x19, 0x01, 0x0c, 0x00,
  0x12, 0x17, 0x13, 0x13, 0x60, 0x74, 0x65, 0x71, 0xe6, 0x97, 0xe8, 0xef,
  0x91, 0x9b, 0x98, 0x9f, 0x9a, 0x80, 0x83, 0x81, 0x86, 0x81, 0x80, 0x80,
  0x81, 0x83, 0x80, 0x84, 0x9e, 0x9f, 0x9e, 0x91, 0xef, 0xe3, 0xed, 0xe5,
  0x46, 0x64, 0x7a, 0x78, 0x61, 0x6e, 0x6a, 0x17, 0x13, 0x12, 0x10, 0x16,
  0x10, 0x12, 0x13, 0x12, 0x1f, 0x1d, 0x11, 0x15, 0x6b, 0x68, 0x62, 0x65,
  0x65, 0x6f, 0x64, 0xc7, 0xfa, 0xfe, 0xc4, 0xcb, 0xfb, 0xfe, 0xf5, 0xe5,
  0xec, 0xe0, 0xe7, 0xfa, 0xf2, 0xf2, 0xfd, 0xe5, 0xfa, 0xfe, 0xf6, 0xc9,
  0xd9, 0xc1, 0xf3, 0xf7, 0xcf, 0xf1, 0xca, 0x57, 0x5f, 0xd9, 0xf1, 0xfd,
  0xf2, 0xf2, 0xf2, 0xf2, 0xfe, 0xfb, 0xe7, 0xef, 0xea, 0xe8, 0xe8, 0x95,
  0x95, 0xea, 0x95, 0x97, 0x94, 0xe8, 0xe9, 0xeb, 0xee, 0xe1, 0xfd, 0xfd,
  0xc5, 0x7d, 0x6a, 0x11, 0x12, 0x19, 0x18, 0x1c, 0x1a, 0x03, 0x09, 0x0e,
  0x02, 0x03, 0x0f, 0x09, 0x02, 0x07, 0x01, 0x0d, 0x02, 0x05, 0x12, 0x11,
  0x15, 0x63, 0x65, 0x67, 0x4d, 0xed, 0x93, 0x90, 0x96, 0x9f, 0x87, 0x87,
  0x87, 0x81, 0x8d, 0x8f, 0x8d, 0x8d, 0x8d, 0x82, 0x81, 0x80, 0x8d, 0x82,
  0x85, 0x92, 0x90, 0x90, 0xea, 0xe4, 0xf8, 0xf8, 0xd3, 0x64, 0x6b, 0x68,
  0x14, 0x11, 0x11, 0x11, 0x13, 0x18, 0x05, 0x1a, 0x1f, 0x1d, 0x12, 0x11,
  0x11, 0x10, 0x11, 0x16, 0x6a, 0x66, 0x47, 0xd2, 0x51, 0x5e, 0xd2, 0xc0,
  0xf1, 0xe7, 0xe8, 0xe9, 0xee, 0xe2, 0xe0, 0xe0, 0xe1, 0xe0, 0xed, 0xe2,
  0xe6, 0xf9, 0xcc, 0xd6, 0xc4, 0xc9, 0xce, 0xdf, 0x4f, 0x4e, 0x74, 0x73,
  0x4e, 0x50, 0x5b, 0x49, 0x77, 0x72, 0x73, 0x46, 0xdc, 0xf4, 0xf3, 0xfc,
  0xfa, 0xe7, 0xe7, 0xe0, 0xee, 0x95, 0x91, 0x96, 0x97, 0x97, 0x91, 0x91,
  0x91, 0x96, 0x91, 0x93, 0x96, 0xe9, 0xeb, 0xea, 0xe9, 0xe7, 0xfe, 0xcf,
  0x71, 0x6e, 0x16, 0x1f, 0x04, 0x06, 0x04, 0x05, 0x00, 0x08, 0x34, 0x0a,
  0x0f, 0x0c, 0x0b, 0x0b, 0x0d, 0x01, 0x00, 0x02, 0x06, 0x1c, 0x16, 0x6e,
  0x4f, 0xf5, 0xca, 0xcd, 0xed, 0x9e, 0x87, 0x87, 0x87, 0x81, 0x82, 0x8d,
  0x8c, 0x8c, 0x8c, 0x8c, 0x8f, 0x8e, 0x8c, 0x80, 0x87, 0x84, 0x87, 0x9a,
  0x91, 0xed, 0xe4, 0xca, 0x74, 0x66, 0x60, 0x6b, 0x13, 0x1f, 0x18, 0x18,
  0x05, 0x04, 0x05, 0x18, 0x18, 0x1a, 0x05, 0x1a, 0x1c, 0x10, 0x17, 0x6b,
  0x6c, 0x65, 0x7c, 0x70, 0x47, 0xcc, 0xe6, 0xe9, 0xeb, 0xe9, 0x95, 0x91,
  0x93, 0x91, 0x91, 0x92, 0x90, 0x95, 0xe9, 0xeb, 0xe9, 0xe7, 0xf3, 0xf1,
  0xc5, 0x59, 0x48, 0x70, 0x79, 0x67, 0x64, 0x66, 0x6f, 0x6a, 0x68, 0x6c,
  0x6e, 0x6f, 0x6c, 0x6f, 0x6c, 0x64, 0x4b, 0x41, 0x47, 0x50, 0xc4, 0xf9,
  0xec, 0xe9, 0xeb, 0x97, 0x93, 0x9c, 0x9d, 0x9f, 0x99, 0x9f, 0x9d, 0x99,
  0x9a, 0x9a, 0x92, 0x97, 0x91, 0x90, 0x97, 0xea, 0xe8, 0xe1, 0xf7, 0xf7,
  0xc3, 0x75, 0x6d, 0x14, 0x11, 0x1d, 0x1a, 0x03, 0x09, 0x08, 0x02, 0x03,
  0x0e, 0x34, 0x34, 0x0a, 0x0e, 0x0f, 0x0e, 0x0d, 0x04, 0x1f, 0x1d, 0x1f,
  0x17, 0x65, 0x40, 0xfc, 0x91, 0x99, 0x99, 0x92, 0x9e, 0x86, 0x8d, 0x8f,
  0x8d, 0x8c, 0x8c, 0x8c, 0x8c, 0x82, 0x83, 0x81, 0x80, 0x82, 0x87, 0x9c,
  0x94, 0xea, 0xec, 0xf9, 0xdb, 0x7c, 0x6b, 0x11, 0x1e, 0x1f, 0x1d, 0x18,
  0x04, 0x06, 0x05, 0x1a, 0x04, 0x07, 0x05, 0x1c, 0x16, 0x68, 0x6e, 0x6f,
  0x67, 0x74, 0xd2, 0xe1, 0xeb, 0xea, 0x94, 0x96, 0x91, 0x96, 0x93, 0x9e,
  0x98, 0x99, 0x9c, 0x9d, 0x92, 0x97, 0xe2, 0xe5, 0xe3, 0xef, 0xf9, 0x52,
  0x76, 0x67, 0x6c, 0x6b, 0x15, 0x14, 0x17, 0x11, 0x13, 0x13, 0x12, 0x10,
  0x16, 0x17, 0x14, 0x6b, 0x61, 0x66, 0x63, 0x7a, 0xc5, 0xe5, 0xe6, 0xe3,
  0xe2, 0xeb, 0x90, 0x98, 0x99, 0x9e, 0x9b, 0x85, 0x9a, 0x9a, 0x85, 0x9a,
  0x9b, 0x9b, 0x99, 0x9c, 0x9c, 0x93, 0x96, 0x97, 0x95, 0xe8, 0xec, 0xe7,
  0xf7, 0xf7, 0xf3, 0xd2, 0x51, 0xc5, 0xd5, 0x17, 0x1e, 0x13, 0x19, 0x01,
  0x03, 0x0f, 0x36, 0x33, 0x31, 0x34, 0x35, 0x37, 0x33, 0x3d, 0x31, 0x0a,
  0x34, 0x37, 0x02, 0x13, 0x11, 0x13, 0x6c, 0x73, 0x5b, 0xec, 0x85, 0x8f,
  0xb5, 0x8b, 0x8c, 0x8c, 0xb5, 0xb6, 0xb6, 0xb6, 0xb6, 0xb4, 0xb5, 0xb5,
  0x8b, 0x83, 0x87, 0x80, 0x83, 0x87, 0x96, 0xc7, 0x5a, 0x71, 0x17, 0x1c,
  0x11, 0x1c, 0x00, 0x0c, 0x03, 0x00, 0x0d, 0x0d, 0x02, 0x03, 0x07, 0x1f,
  0x1c, 0x1e, 0x13, 0x6e, 0x7c, 0xc1, 0xfe, 0xe3, 0x94, 0x9f, 0x9a, 0x9a,
  0x84, 0x86, 0x87, 0x87, 0x81, 0x83, 0x86, 0x9a, 0x9e, 0x97, 0xe2, 0xef,
  0x94, 0x95, 0x50, 0x13, 0x12, 0x69, 0x12, 0x01, 0x06, 0x1a, 0x04, 0x06,
  0x01, 0x06, 0x03, 0x03, 0x1b, 0x1e, 0x19, 0x12, 0x16, 0x17, 0x6b, 0x4b,
  0xf2, 0xe4, 0xe7, 0xe9, 0x93, 0x99, 0x84, 0x86, 0x85, 0x85, 0x81, 0x80,
  0x86, 0x84, 0x86, 0x86, 0x9a, 0x85, 0x87, 0x99, 0x93, 0x9c, 0x9f, 0x96,
  0xe9, 0xee, 0xe0, 0xe5, 0xfd, 0xec, 0xe2, 0xc8, 0xf2, 0xf2, 0xf7, 0xc1,
  0xfc, 0xf8, 0xf3, 0xf3, 0xdf, 0x6d, 0x13, 0x10, 0x1c, 0x04, 0x03, 0x09,
  0x34, 0x31, 0x30, 0x36, 0x35, 0x37, 0x33, 0x30, 0x36, 0x37, 0x36, 0x34,
  0x09, 0x01, 0x1f, 0x10, 0x6e, 0x76, 0xdc, 0xe5, 0x91, 0x86, 0x8c, 0x8e,
  0x88, 0xb5, 0xb5, 0xb4, 0xb7, 0xb6, 0xb7, 0x8a, 0x8a, 0xb4, 0xb5, 0x89,
  0x82, 0x81, 0x84, 0x9d, 0xef, 0xf3, 0xdd, 0x72, 0x6f, 0x11, 0x1c, 0x18,
  0x07, 0x00, 0x03, 0x03, 0x00, 0x06, 0x04, 0x07, 0x04, 0x19, 0x10, 0x14,
  0x6a, 0x61, 0x45, 0xf4, 0xfa, 0xec, 0x97, 0x9c, 0x9e, 0x98, 0x85, 0x84,
  0x84, 0x87, 0x86, 0x84, 0x85, 0x85, 0x9a, 0x9f, 0x96, 0xe9, 0xe3, 0xf6,
  0x59, 0x73, 0x7a, 0x60, 0x11, 0x1e, 0x1e, 0x1d, 0x1e, 0x05, 0x07, 0x07,
  0x04, 0x1a, 0x18, 0x19, 0x18, 0x1d, 0x17, 0x15, 0x69, 0x63, 0x78, 0x42,
  0xde, 0xfd, 0xe7, 0xe2, 0xef, 0xed, 0xe2, 0xe2, 0xe8, 0xeb, 0xee, 0xec,
  0xe0, 0xe7, 0xe5, 0xfc, 0xc0, 0xd0, 0xd8, 0xc4, 0xd2, 0xd5, 0x5a, 0x51,
  0x56, 0x51, 0xd9, 0xf7, 0xe7, 0xec, 0xe9, 0x95, 0x96, 0x96, 0x90, 0x92,
  0x9d, 0x9d, 0x9f, 0x9f, 0x9c, 0x9c, 0x9d, 0x93, 0x90, 0x91, 0x96, 0x97,
  0xea, 0xee, 0xe0, 0xe5, 0xf2, 0xcd, 0xd1, 0x40, 0x74, 0x76, 0x7b, 0x63,
  0x69, 0x15, 0x17, 0x10, 0x10, 0x13, 0x1d, 0x1d, 0x1f, 0x1e, 0x19, 0x18,
  0x1b, 0x1a, 0x1a, 0x1a, 0x1a, 0x1b, 0x1b, 0x19, 0x1e, 0x1c, 0x1d, 0x12,
  0x10, 0x16, 0x17, 0x6a, 0x68, 0x62, 0x61, 0x7a, 0x73, 0x4a, 0x5a, 0x50,
  0xdc, 0xc9, 0xca, 0xf7, 0xf0, 0xfc, 0xfa, 0xe4, 0xe6, 0xe1, 0xe0, 0xe2,
  0xe3, 0xe2, 0xed, 0xec, 0xec, 0xed, 0xed, 0xe2, 0xe3, 0xe3, 0xe0, 0xe0,
  0xe1, 0xe7, 0xe4, 0xe5, 0xfb, 0xfb, 0xf8, 0xf9, 0xf9, 0xfe, 0xfd, 0xf0,
  0xf6, 0xf1, 0xf0, 0xf2, 0xf1, 0xf4, 0xc8, 0xc3, 0xc5, 0xd2, 0xd7, 0x56,
  0x58, 0x47, 0x42, 0x4c, 0x74, 0x71, 0x70, 0x70, 0x71, 0x70, 0x70, 0x70,
  0x73, 0x76, 0x74, 0x75, 0x49, 0x4f, 0x40, 0x44, 0x5b, 0x5b, 0x58, 0x5d,
  0x56, 0x55, 0xd1, 0xd3, 0xdc, 0xdf, 0xdc, 0xdc, 0xdc, 0xde, 0xde, 0xdf,
  0xdb, 0xdb, 0xd8, 0xdc, 0xd2, 0xd3, 0xd6, 0xd3, 0xd3, 0xd7, 0xd6, 0xd6,
  0xd6, 0xd1, 0xd2, 0xd8, 0xd8, 0xc7, 0xcc, 0xc8, 0xf5, 0xf7, 0xf0, 0xf2,
  0xfd, 0xfc, 0xff, 0xf9, 0xf9, 0xfe, 0xfe, 0xff, 0xff, 0xff, 0xfc, 0xfd,
  0xf2, 0xf0, 0xf6, 0xf4, 0xf5, 0xcb, 0xcb, 0xc8, 0xcd, 0xc0, 0xc5, 0xdc,
  0xd3, 0xd4, 0x55, 0x57, 0x52, 0x59, 0x44, 0x47, 0x43, 0x4d, 0x4e, 0x49,
  0x48, 0x4b, 0x75, 0x77, 0x74, 0x75, 0x74, 0x75, 0x4b, 0x4a, 0x75, 0x74,
  0x4a, 0x4b, 0x74, 0x77, 0x76, 0x77, 0x77, 0x76, 0x76, 0x71, 0x76, 0x77,
  0x76, 0x76, 0x70, 0x72, 0x7d, 0x7c, 0x72, 0x72, 0x7d, 0x7d, 0x7c, 0x72,
  0x73, 0x73, 0x70, 0x73, 0x71, 0x77, 0x74, 0x74, 0x74, 0x48, 0x43, 0x5b,
  0x50, 0x55, 0xd0, 0xdd, 0xd8, 0xc1, 0xcc, 0xf5, 0xf7, 0xf0, 0xfd, 0xfc,
  0xfe, 0xf8, 0xe5, 0xe4, 0xe4, 0xe7, 0xe7, 0xe4, 0xe4, 0xe4, 0xe4, 0xe4,
  0xe5, 0xe5, 0xe5, 0xfa, 0xf9, 0xff, 0xfc, 0xfd, 0xf2, 0xf0, 0xf4, 0xca,
  0xcf, 0xc3, 0xc7, 0xc5, 0xd9, 0xd3, 0xd6, 0xd4, 0x54, 0x51, 0x5d, 0x59,
  0x5a, 0x46, 0x41, 0x40, 0x42, 0x4c, 0x49, 0x49, 0x4b, 0x4a, 0x75, 0x77,
  0x74, 0x77, 0x74, 0x77, 0x77, 0x76, 0x71, 0x76, 0x77, 0x77, 0x77, 0x77,
  0x74, 0x75, 0x74, 0x74, 0x75, 0x4b, 0x49, 0x4e, 0x4e, 0x49, 0x4f, 0x42,
  0x46, 0x45, 0x45, 0x5a, 0x5a, 0x59, 0x5c, 0x52, 0x51, 0x54, 0xd4, 0xd6,
  0xd3, 0xdf, 0xd8, 0xda, 0xc5, 0xc7, 0xc1, 0xc0, 0xc2, 0xcc, 0xce, 0xce,
  0xc9, 0xc9, 0xca, 0xca, 0xca, 0xca, 0xca, 0xf5, 0xf5, 0xf5, 0xca, 0xcb,
  0xc8, 0xce, 0xce, 0xcf, 0xcd, 0xc0, 0xc4, 0xc5, 0xc5, 0xda, 0xde, 0xd3,
  0xd6, 0xd7, 0xd7, 0x55, 0x56, 0x51, 0x51, 0x50, 0x5d, 0x5e, 0x59, 0x59,
  0x58, 0x5b, 0x5b, 0x5a, 0x44, 0x46, 0x47, 0x45, 0x5a, 0x44, 0x41, 0x46,
  0x44, 0x45, 0x44, 0x47, 0x44, 0x5a, 0x5a, 0x5a, 0x5a, 0x44, 0x44, 0x5a,
  0x5b, 0x5b, 0x45, 0x44, 0x44, 0x47, 0x46, 0x46, 0x46, 0x47, 0x47, 0x47,
  0x46, 0x41, 0x41, 0x47, 0x45, 0x45, 0x5a, 0x58, 0x5e, 0x5f, 0x5c, 0x5c,
  0x50, 0x55, 0xd4, 0xd6, 0xd6, 0xd0, 0xdd, 0xd2, 0xdc, 0xd8, 0xda, 0xc4,
  0xc4, 0xc6, 0xc0, 0xc3, 0xc3, 0xcd, 0xce, 0xc8, 0xc8, 0xc9, 0xcf, 0xcf,
  0xce, 0xc9, 0xcb, 0xc8, 0xc9, 0xce, 0xcc, 0xcd, 0xc2, 0xc1, 0xc4, 0xda,
  0xdb, 0xd9, 0xdc, 0xd3, 0xd6, 0xd7, 0xd4, 0xd5, 0x54, 0x50, 0x5d, 0x5f,
  0x5e, 0x5f, 0x5e, 0x59, 0x5b, 0x45, 0x5a, 0x58, 0x5b, 0x5b, 0x5b, 0x59,
  0x5e, 0x5e, 0x5e, 0x5f, 0x5f, 0x5d, 0x50, 0x56, 0x51, 0x51, 0x56, 0x54,
  0x55, 0xd5, 0x54, 0x55, 0xd5, 0xd5, 0x54, 0x56, 0x56, 0x57, 0x56, 0x50,
  0x53, 0x5d, 0x5f, 0x58, 0x59, 0x5f, 0x5f, 0x58, 0x45, 0x45, 0x5a, 0x5b,
  0x59, 0x5e, 0x5e, 0x5f, 0x5c, 0x5d, 0x53, 0x50, 0x57, 0xd5, 0xd1, 0xd2,
  0xd2, 0xd2, 0xdc, 0xd8, 0xc5, 0xc6, 0xc0, 0xc3, 0xc3, 0xc0, 0xc0, 0xc0,
  0xc3, 0xc3, 0xc3, 0xc1, 0xc4, 0xdb, 0xd9, 0xdc, 0xd3, 0xd1, 0xd6, 0xd4,
  0x54, 0x51, 0x52, 0x5c, 0x5f, 0x5e, 0x58, 0x58, 0x58, 0x5b, 0x5a, 0x5a,
  0x5b, 0x58, 0x58, 0x59, 0x59, 0x5e, 0x5f, 0x5c, 0x5d, 0x52, 0x50, 0x56,
  0x56, 0x51, 0x56, 0x55, 0xd6, 0xd6, 0xd7, 0xd7, 0xd7, 0xd6, 0xd1, 0xd0,
  0xd3, 0xd0, 0xd1, 0xd1, 0xd1, 0xd1, 0xd1, 0xd6, 0xd1, 0xd1, 0xd1, 0xd1,
  0xd1, 0xd6, 0xd7, 0xd6, 0xd1, 0xd1, 0xd7, 0xd5, 0xd5, 0xd7, 0xd4, 0xd5,
  0x54, 0x54, 0x57, 0x56, 0x51, 0x51, 0x51, 0x51, 0x56, 0x51, 0x50, 0x53,
  0x52, 0x53, 0x50, 0x56, 0x57, 0x56, 0x56, 0x56, 0x57, 0x57, 0x54, 0xd5,
  0xd4, 0xd6, 0xd6, 0xd7, 0xd7, 0xd6, 0xd3, 0xd2, 0xd2, 0xdd, 0xdd, 0xd2,
  0xd2, 0xd2, 0xd3, 0xd3, 0xd0, 0xd0, 0xd0, 0xd1, 0xd4, 0xd5, 0xd5, 0xd5,
  0x54, 0x57, 0x56, 0x50, 0x51, 0x51, 0x51, 0x50, 0x53, 0x52, 0x53, 0x51,
  0x51, 0x56, 0x57, 0x55, 0xd5, 0xd5, 0xd5, 0xd4, 0xd7, 0xd1, 0xd0, 0xd3,
  0xd3, 0xd0, 0xd3, 0xd2, 0xd2, 0xd3, 0xd6, 0xd6, 0xd6, 0xd4, 0xd5, 0x54,
  0x56, 0x51, 0x50, 0x53, 0x52, 0x5c, 0x5e, 0x58, 0x58, 0x59, 0x58, 0x5b,
  0x5a, 0x5b, 0x58, 0x58, 0x58, 0x59, 0x5f, 0x52, 0x53, 0x53, 0x50, 0x56,
  0x54, 0xd4, 0xd6, 0xd1, 0xd0, 0xd2, 0xdd, 0xdf, 0xde, 0xd9, 0xde, 0xde,
  0xd9, 0xd9, 0xde, 0xdc, 0xd2, 0xd2, 0xdd, 0xdd, 0xd3, 0xd1, 0xd7, 0xd4,
  0xd4, 0xd5, 0xd5, 0x55, 0x54, 0x55, 0x55, 0x54, 0x56, 0x56, 0x57, 0x55,
  0xd5, 0xd5, 0xd5, 0x55, 0xd5, 0xd4, 0xd6, 0xd6, 0xd7, 0xd7, 0xd6, 0xd1,
  0xd1, 0xd6, 0xd6, 0xd1, 0xd1, 0xd6, 0xd4, 0xd5, 0xd5, 0x55, 0x55, 0xd5,
  0x54, 0x56, 0x53, 0x53, 0x50, 0x51, 0x50, 0x53, 0x52, 0x53, 0x53, 0x53,
  0x53, 0x52, 0x50, 0x51, 0x56, 0x56, 0x51, 0x51, 0x56, 0x57, 0x54, 0x55,
  0x54, 0x57, 0x57, 0x55, 0xd5, 0xd4, 0xd4, 0xd4, 0xd4, 0xd4, 0xd6, 0xd1,
  0xd0, 0xd1, 0xd1, 0xd0, 0xd3, 0xd3, 0xd3, 0xd3, 0xd3, 0xd2, 0xdc, 0xdc,
  0xdd, 0xd2, 0xd3, 0xd2, 0xd3, 0xd3, 0xd3, 0xd3, 0xd3, 0xd1, 0xd6, 0xd7,
  0xd7, 0xd5, 0x54, 0x54, 0x54, 0x54, 0x56, 0x53, 0x53, 0x53, 0x52, 0x5d,
  0x52, 0x52, 0x52, 0x5c, 0x5c, 0x5d, 0x5d, 0x5d, 0x52, 0x53, 0x53, 0x53,
  0x53, 0x53, 0x52, 0x53, 0x51, 0x51, 0x51, 0x56, 0x56, 0x56, 0x56, 0x57,
  0x55, 0x55, 0x55, 0xd5, 0xd4, 0xd5, 0xd5, 0xd5, 0xd5, 0xd4, 0xd4, 0xd4,
  0xd4, 0xd5, 0x55, 0x55, 0x55, 0xd5, 0xd4, 0xd4, 0xd4, 0xd7, 0xd6, 0xd6,
  0xd6, 0xd6, 0xd1, 0xd0, 0xd3, 0xd3, 0xd3, 0xd0, 0xd0, 0xd0, 0xd0, 0xd1,
  0xd1, 0xd1, 0xd7, 0xd4, 0xd4, 0xd7, 0xd5, 0x54, 0x54, 0x54, 0x54, 0x57,
  0x56, 0x56, 0x51, 0x51, 0x51, 0x51, 0x50, 0x53, 0x52, 0x53, 0x53, 0x53,
  0x53, 0x53, 0x52, 0x53, 0x51, 0x56, 0x56, 0x56, 0x57, 0x55, 0x55, 0xd5,
  0xd5, 0xd5, 0xd5, 0xd4, 0xd7, 0xd6, 0xd6, 0xd7, 0xd7, 0xd7, 0xd7, 0xd4,
  0xd4, 0xd4, 0xd4, 0xd7, 0xd7, 0xd7, 0xd4, 0xd5, 0xd4, 0xd4, 0xd4, 0xd4,
  0xd4, 0xd6, 0xd6, 0xd6, 0xd7, 0xd6, 0xd6, 0xd6, 0xd6, 0xd1, 0xd1, 0xd1,
  0xd6, 0xd7, 0xd7, 0xd7, 0xd5, 0x54, 0x54, 0x55, 0x55, 0x57, 0x56, 0x51,
  0x51, 0x50, 0x53, 0x53, 0x53, 0x53, 0x53, 0x53, 0x53, 0x52, 0x52, 0x53,
  0x50, 0x51, 0x51, 0x51, 0x50, 0x56, 0x54, 0x55, 0xd5, 0xd5, 0xd4, 0xd7,
  0xd6, 0xd7, 0xd6, 0xd0, 0xd3, 0xd3, 0xd3, 0xd0, 0xd1, 0xd1, 0xd1, 0xd3,
  0xd2, 0xd3, 0xd1, 0xd7, 0xd6, 0xd7, 0xd7, 0xd4, 0xd7, 0xd6, 0xd7, 0xd5,
  0x55, 0x54, 0x54, 0x54, 0x54, 0xd5, 0x55, 0x57, 0x57, 0x57, 0x54, 0x57,
  0x57, 0x57, 0x54, 0x54, 0x57, 0x57, 0x57, 0x57, 0x57, 0x57, 0x57, 0x57,
  0x54, 0xd5, 0x55, 0x54, 0x57, 0x57, 0x54, 0x54, 0x54, 0x55, 0xd5, 0x55,
  0x54, 0x55, 0x57, 0x57, 0xd5, 0xd7, 0xd7, 0xd5, 0x55, 0xd4, 0xd7, 0xd4,
  0xd5, 0xd7, 0xd4, 0xd5, 0xd4, 0xd4, 0x54, 0xd5, 0xd6, 0xd7, 0x54, 0x50,
  0x51, 0xd5, 0xd7, 0x55, 0x54, 0xd4, 0x56, 0xd5, 0xd3, 0xd2, 0xd7, 0x56,
  0x56, 0x57, 0xd1, 0xd6, 0xd7, 0x53, 0x56, 0x54, 0x42, 0x5b, 0x44, 0xdf,
  0x58, 0x75, 0x66, 0x11, 0x1e, 0x04, 0x16, 0x79, 0x16, 0x05, 0x01, 0x06,
  0x1a, 0x68, 0x65, 0x7f, 0x5c, 0x71, 0x64, 0x43, 0xf9, 0xe9, 0x95, 0x95,
  0x90, 0x98, 0x98, 0x9c, 0x93, 0x90, 0x91, 0xea, 0xec, 0xea, 0x91, 0x92,
  0x91, 0xee, 0xf3, 0xd8, 0xd6, 0x7e, 0x6e, 0x15, 0x14, 0x11, 0x1f, 0x1a,
  0x1b, 0x1f, 0x13, 0x6a, 0x61, 0x6d, 0x60, 0x73, 0x5e, 0xf0, 0xeb, 0x9d,
  0x9e, 0x85, 0x9b, 0x92, 0x9d, 0x9d, 0x9e, 0x9e, 0x9d, 0x9d, 0x85, 0x9a,
  0x85, 0x84, 0x87, 0x86, 0x84, 0x9a, 0x99, 0x99, 0x9e, 0x90, 0xeb, 0xe4,
  0xfa, 0xe0, 0xe4, 0xf3, 0xf1, 0xca, 0x5e, 0x7c, 0x72, 0x79, 0x5e, 0x56,
  0x4b, 0x4d, 0x5e, 0x4b, 0x7e, 0x72, 0x4d, 0x5d, 0x5d, 0xf1, 0xe7, 0xfb,
  0xe5, 0xe6, 0xfa, 0xf0, 0xe4, 0xe7, 0xfe, 0xe5, 0xe5, 0xc9, 0xd5, 0xd6,
  0xdc, 0x4f, 0x4f, 0xd1, 0x50, 0x5b, 0xcd, 0xe5, 0xf9, 0xfe, 0xe7, 0xe5,
  0xca, 0xd6, 0xdb, 0xf5, 0xcf, 0xc6, 0xd2, 0x5f, 0x4c, 0x74, 0x7d, 0x67,
  0x6d, 0x15, 0x17, 0x16, 0x17, 0x17, 0x1c, 0x01, 0x09, 0x0a, 0x0a, 0x08,
  0x09, 0x0e, 0x0c, 0x02, 0x0c, 0x0a, 0x0a, 0x0d, 0x04, 0x05, 0x1f, 0x64,
  0xd3, 0x74, 0x73, 0xf9, 0x91, 0x9d, 0x9c, 0x9a, 0x83, 0x8f, 0x8f, 0x8d,
  0x8c, 0x8c, 0x80, 0x85, 0x85, 0x86, 0x86, 0x9b, 0x92, 0xeb, 0xf0, 0x71,
  0x63, 0x6d, 0x6e, 0x17, 0x13, 0x1f, 0x05, 0x07, 0x04, 0x04, 0x04, 0x05,
  0x1e, 0x10, 0x16, 0x16, 0x15, 0x6e, 0x6c, 0x61, 0x7e, 0x50, 0xe6, 0x97,
  0x96, 0xe9, 0xe1, 0xe1, 0xe7, 0xe6, 0xe0, 0xec, 0xe8, 0xea, 0xea, 0xe0,
  0xda, 0x57, 0xc4, 0xc1, 0xc3, 0xe4, 0xe8, 0xe9, 0xe6, 0xe5, 0xe7, 0xe7,
  0xe2, 0x94, 0x90, 0x9d, 0x99, 0x9e, 0x90, 0x91, 0x9d, 0x9e, 0x98, 0x85,
  0x84, 0x85, 0x9e, 0x9c, 0x9c, 0x9c, 0x99, 0x98, 0x9f, 0x92, 0x90, 0x97,
  0xe1, 0xdd, 0x75, 0x66, 0x10, 0x03, 0x34, 0x31, 0x34, 0x08, 0x35, 0x36,
  0x31, 0x30, 0x3d, 0x3e, 0x33, 0x0b, 0x0c, 0x0e, 0x02, 0x1a, 0x1d, 0x1d,
  0x68, 0xe6, 0x85, 0x80, 0x8d, 0x89, 0xb4, 0xb7, 0xb5, 0xb5, 0xb6, 0xb1,
  0xb6, 0xb6, 0xb6, 0xb4, 0x8f, 0x81, 0x86, 0x85, 0x9c, 0x95, 0xfa, 0x56,
  0x6c, 0x19, 0x01, 0x00, 0x03, 0x02, 0x00, 0x01, 0x02, 0x0e, 0x0e, 0x0c,
  0x0d, 0x00, 0x18, 0x14, 0x6c, 0x6c, 0x7e, 0xf6, 0xec, 0xef, 0x94, 0x9a,
  0x81, 0x86, 0x86, 0x83, 0x8d, 0x81, 0x85, 0x99, 0x9e, 0x9f, 0x93, 0x91,
  0x97, 0xe4, 0x7a, 0x17, 0x17, 0x6a, 0x14, 0x10, 0x1d, 0x18, 0x07, 0x07,
  0x07, 0x04, 0x1c, 0x14, 0x17, 0x17, 0x62, 0x73, 0x74, 0xd6, 0xe1, 0x95,
  0x93, 0x9b, 0x85, 0x9b, 0x9b, 0x87, 0x87, 0x87, 0x81, 0x83, 0x86, 0x84,
  0x87, 0x86, 0x84, 0x9b, 0x9b, 0x9b, 0x9f, 0x91, 0x95, 0xef, 0xe5, 0xd8,
  0x71, 0x17, 0x06, 0x08, 0x34, 0x37, 0x37, 0x36, 0x36, 0x36, 0x31, 0x3d,
  0x3e, 0x32, 0x37, 0x0a, 0x0b, 0x02, 0x05, 0x04, 0x07, 0x1c, 0xd2, 0x90,
  0x9b, 0x81, 0x8f, 0x8b, 0x8b, 0x8b, 0xb5, 0xb6, 0xb0, 0xb1, 0xb6, 0xb6,
  0xb7, 0x8b, 0x8f, 0x8f, 0x8d, 0x81, 0x9a, 0x92, 0xed, 0x41, 0x6e, 0x17,
  0x12, 0x18, 0x04, 0x01, 0x03, 0x0c, 0x09, 0x0e, 0x0c, 0x02, 0x01, 0x04,
  0x1a, 0x1a, 0x18, 0x12, 0x68, 0x76, 0xc6, 0xe4, 0xeb, 0x90, 0x9c, 0x9f,
  0x9c, 0x9b, 0x84, 0x86, 0x80, 0x81, 0x84, 0x99, 0x90, 0x95, 0xea, 0xe8,
  0xed, 0xfe, 0xd4, 0x79, 0x68, 0x16, 0x16, 0x11, 0x13, 0x12, 0x12, 0x1d,
  0x1c, 0x1d, 0x10, 0x14, 0x6c, 0x64, 0x73, 0x43, 0xdf, 0xf4, 0xf9, 0xe3,
  0x91, 0x9e, 0x9e, 0x9f, 0x98, 0x85, 0x85, 0x9a, 0x84, 0x81, 0x81, 0x85,
  0x98, 0x9b, 0x9b, 0x98, 0x9c, 0x93, 0x91, 0xeb, 0xfd, 0x43, 0x62, 0x1d,
  0x07, 0x0c, 0x09, 0x09, 0x0b, 0x34, 0x34, 0x36, 0x33, 0x3d, 0x33, 0x37,
  0x0a, 0x35, 0x0a, 0x0f, 0x02, 0x03, 0x07, 0x68, 0xfb, 0x94, 0x94, 0x9d,
  0x87, 0x80, 0x83, 0x89, 0xb7, 0xb1, 0xb7, 0xb4, 0xb4, 0xb4, 0xb5, 0x8a,
  0xb5, 0x8a, 0x8e, 0x80, 0x85, 0x9c, 0x94, 0xe7, 0xce, 0xd4, 0x64, 0x16,
  0x19, 0x04, 0x01, 0x03, 0x03, 0x01, 0x06, 0x00, 0x03, 0x00, 0x00, 0x01,
  0x05, 0x10, 0x68, 0x68, 0x6c, 0x4c, 0xf3, 0xff, 0xe5, 0xeb, 0x9d, 0x98,
  0x9e, 0x99, 0x85, 0x84, 0x9b, 0x92, 0x92, 0x9e, 0x92, 0xe8, 0xe0, 0xe0,
  0xe5, 0xd2, 0x72, 0x79, 0x7f, 0x60, 0x6b, 0x14, 0x6b, 0x6f, 0x6a, 0x17,
  0x6b, 0x60, 0x61, 0x66, 0x76, 0x55, 0xf4, 0xfd, 0xe5, 0xe9, 0x96, 0x91,
  0x93, 0x9c, 0x9b, 0x85, 0x85, 0x9b, 0x85, 0x84, 0x87, 0x84, 0x9a, 0x9a,
  0x9a, 0x9f, 0x94, 0xec, 0xe6, 0xdd, 0x6a, 0x04, 0x0d, 0x0c, 0x0d, 0x0c,
  0x0b, 0x34, 0x31, 0x33, 0x3d, 0x33, 0x34, 0x08, 0x35, 0x34, 0x35, 0x08,
  0x0c, 0x01, 0x13, 0xd5, 0xe6, 0xfe, 0xe5, 0x97, 0x9a, 0x80, 0x8f, 0xb5,
  0xb7, 0xb5, 0x8b, 0x8b, 0x8a, 0xb5, 0xb4, 0xb4, 0xb5, 0x89, 0x83, 0x84,
  0x9b, 0x9e, 0x93, 0x94, 0xe5, 0x59, 0x63, 0x16, 0x1d, 0x18, 0x05, 0x1a,
  0x05, 0x06, 0x03, 0x03, 0x03, 0x01, 0x06, 0x1a, 0x1d, 0x11, 0x13, 0x11,
  0x6d, 0x42, 0xd8, 0xf7, 0xe3, 0x94, 0x94, 0xea, 0x91, 0x99, 0x9a, 0x98,
  0x9c, 0x9f, 0x9e, 0x93, 0x94, 0xeb, 0xea, 0xeb, 0xe6, 0xca, 0xd6, 0x52,
  0x75, 0x78, 0x65, 0x72, 0x79, 0x6f, 0x17, 0x15, 0x60, 0x65, 0x7f, 0x77,
  0x58, 0xd2, 0xc5, 0xcc, 0xe0, 0x97, 0x90, 0x91, 0x93, 0x9c, 0x9e, 0x9e,
  0x9e, 0x9a, 0x85, 0x84, 0x87, 0x84, 0x99, 0x9c, 0x96, 0xea, 0xee, 0xe6,
  0x73, 0x1f, 0x02, 0x0c, 0x02, 0x00, 0x0c, 0x0a, 0x36, 0x33, 0x3d, 0x33,
  0x37, 0x08, 0x0b, 0x35, 0x34, 0x0a, 0x0e, 0x03, 0x1f, 0x7f, 0xfc, 0xe5,
  0xe5, 0xe8, 0x9c, 0x86, 0x8d, 0x8b, 0xb4, 0xb5, 0x88, 0x88, 0x8b, 0x8a,
  0xb5, 0xb4, 0xb5, 0x88, 0x82, 0x87, 0x9a, 0x99, 0x9f, 0x93, 0xee, 0xc4,
  0x66, 0x17, 0x12, 0x1f, 0x18, 0x1a, 0x05, 0x07, 0x03, 0x0d, 0x02, 0x00,
  0x06, 0x04, 0x1b, 0x1c, 0x1c, 0x1d, 0x6a, 0x7c, 0x5c, 0xd9, 0xf7, 0xe2,
  0x94, 0xea, 0xec, 0x91, 0x98, 0x85, 0x9b, 0x92, 0x93, 0x92, 0x90, 0x96,
  0x96, 0x97, 0xe9, 0xfb, 0xdc, 0x57, 0xd5, 0x42, 0x72, 0x79, 0x7a, 0x60,
  0x69, 0x15, 0x6d, 0x65, 0x7b, 0x7a, 0x43, 0xc1, 0xc8, 0xf4, 0xfa, 0x95,
  0x90, 0x91, 0x97, 0x92, 0x9e, 0x99, 0x9e, 0x99, 0x9b, 0x85, 0x85, 0x9a,
  0x9a, 0x98, 0x9f, 0x92, 0x97, 0xea, 0xe4, 0x65, 0x1e, 0x03, 0x0c, 0x02,
  0x06, 0x03, 0x0a, 0x31, 0x32, 0x3d, 0x33, 0x36, 0x35, 0x35, 0x34, 0x34,
  0x34, 0x08, 0x03, 0x1c, 0x63, 0x56, 0xf1, 0xe6, 0x95, 0x9e, 0x81, 0x8e,
  0xb5, 0xb4, 0xb4, 0xb5, 0x8a, 0xb5, 0xb4, 0xb4, 0xb7, 0xb4, 0x8a, 0x8c,
  0x81, 0x84, 0x9b, 0x9c, 0x93, 0xeb, 0xc1, 0x6c, 0x1d, 0x18, 0x1b, 0x05,
  0x04, 0x06, 0x03, 0x0c, 0x0e, 0x0f, 0x02, 0x06, 0x05, 0x18, 0x1e, 0x1c,
  0x13, 0x15, 0x75, 0xf9, 0xee, 0xe8, 0xeb, 0x97, 0x93, 0x93, 0x9c, 0x84,
  0x81, 0x87, 0x99, 0x93, 0x9d, 0x93, 0x96, 0x96, 0x94, 0xe6, 0xd0, 0x70,
  0x66, 0x60, 0x67, 0x60, 0x6a, 0x11, 0x11, 0x10, 0x12, 0x16, 0x6e, 0x62,
  0x62, 0x64, 0x74, 0xd4, 0xc8, 0xe6, 0xee, 0x90, 0x99, 0x9b, 0x9f, 0x9e,
  0x85, 0x87, 0x86, 0x87, 0x87, 0x86, 0x86, 0x87, 0x84, 0x9a, 0x99, 0x9d,
  0x93, 0x91, 0xe1, 0x60, 0x19, 0x00, 0x0e, 0x09, 0x0d, 0x03, 0x08, 0x30,
  0x3f, 0x3e, 0x3d, 0x31, 0x37, 0x34, 0x35, 0x35, 0x34, 0x34, 0x0c, 0x1f,
  0x7a, 0xc3, 0xf8, 0xe1, 0xe9, 0x92, 0x86, 0x8e, 0xb4, 0xb7, 0xb4, 0xb5,
  0xb5, 0xb5, 0xb4, 0xb7, 0xb6, 0xb7, 0xb5, 0x8f, 0x81, 0x9a, 0x9b, 0x9b,
  0x9f, 0x94, 0xcb, 0x63, 0x1c, 0x05, 0x04, 0x04, 0x04, 0x04, 0x03, 0x0f,
  0x0e, 0x0f, 0x0d, 0x01, 0x05, 0x19, 0x1f, 0x1d, 0x10, 0x6a, 0x78, 0xf5,
  0xea, 0x91, 0x97, 0x94, 0x93, 0x9b, 0x87, 0x85, 0x9a, 0x87, 0x87, 0x9a,
  0x9f, 0x92, 0x90, 0x97, 0xec, 0xe4, 0xf3, 0x51, 0x65, 0x69, 0x15, 0x6a,
  0x17, 0x13, 0x1f, 0x1f, 0x1c, 0x12, 0x10, 0x16, 0x14, 0x6e, 0x63, 0x65,
  0x4c, 0xc0, 0xfe, 0xe1, 0x95, 0x90, 0x9c, 0x9e, 0x9f, 0x98, 0x84, 0x87,
  0x86, 0x86, 0x87, 0x87, 0x86, 0x81, 0x81, 0x84, 0x9e, 0x9c, 0x93, 0x94,
  0xe2, 0x59, 0x10, 0x06, 0x0e, 0x0b, 0x0b, 0x0c, 0x0c, 0x37, 0x3c, 0x3e,
  0x3c, 0x30, 0x36, 0x34, 0x35, 0x0a, 0x35, 0x34, 0x08, 0x05, 0x62, 0x4f,
  0xcc, 0xe2, 0x97, 0x91, 0x9f, 0x83, 0xb5, 0xb6, 0xb6, 0xb7, 0xb5, 0xb4,
  0xb4, 0xb7, 0xb1, 0xb6, 0xb4, 0x88, 0x8c, 0x80, 0x84, 0x9e, 0x93, 0x94,
  0xfb, 0x71, 0x14, 0x18, 0x07, 0x06, 0x07, 0x07, 0x06, 0x0c, 0x09, 0x0e,
  0x0d, 0x03, 0x07, 0x18, 0x1e, 0x1d, 0x10, 0x15, 0x65, 0xd1, 0xe6, 0x96,
  0x92, 0x9c, 0x9d, 0x90, 0x9d, 0x84, 0x81, 0x86, 0x85, 0x93, 0x95, 0x91,
  0x9d, 0x96, 0xe6, 0xdb, 0xd3, 0xd1, 0x7e, 0x6b, 0x15, 0x68, 0x14, 0x10,
  0x12, 0x1d, 0x1d, 0x1d, 0x10, 0x17, 0x68, 0x63, 0x63, 0x60, 0x79, 0xc5,
  0xe3, 0xef, 0xeb, 0x94, 0x91, 0x9e, 0x85, 0x84, 0x84, 0x87, 0x86, 0x86,
  0x81, 0x81, 0x86, 0x87, 0x87, 0x86, 0x9a, 0x99, 0x98, 0x9f, 0x97, 0xe0,
  0xe5, 0xd7, 0x68, 0x1e, 0x06, 0x0e, 0x34, 0x34, 0x09, 0x0f, 0x34, 0x3d,
  0x3e, 0x3d, 0x36, 0x37, 0x36, 0x34, 0x08, 0x08, 0x0a, 0x0c, 0x19, 0x62,
  0x64, 0xd2, 0x95, 0x9e, 0x9f, 0x99, 0x80, 0x8a, 0xb6, 0xb7, 0xb4, 0xb4,
  0xb5, 0xb5, 0xb4, 0xb6, 0xb6, 0xb5, 0x8e, 0x8d, 0x80, 0x9b, 0x92, 0x97,
  0xee, 0xcd, 0x66, 0x16, 0x1c, 0x05, 0x01, 0x06, 0x04, 0x06, 0x0d, 0x0f,
  0x0c, 0x02, 0x03, 0x06, 0x04, 0x1e, 0x12, 0x11, 0x15, 0x6c, 0x72, 0xc0,
  0xe2, 0x97, 0x91, 0x90, 0x9f, 0x9b, 0x98, 0x98, 0x84, 0x86, 0x85, 0x92,
  0x90, 0x92, 0x90, 0xeb, 0xe7, 0xca, 0x4b, 0x62, 0x6c, 0x6c, 0x6b, 0x17,
  0x1c, 0x1a, 0x1a, 0x1f, 0x12, 0x1c, 0x1d, 0x14, 0x6b, 0x14, 0x6b, 0x79,
  0x51, 0xc7, 0xe5, 0xe9, 0x94, 0x91, 0x90, 0x90, 0x99, 0x81, 0x80, 0x84,
  0x85, 0x86, 0x81, 0x86, 0x81, 0x81, 0x86, 0x84, 0x84, 0x84, 0x9a, 0x9f,
  0x90, 0x95, 0xeb, 0x94, 0xe6, 0x79, 0x11, 0x18, 0x07, 0x0d, 0x0a, 0x37,
  0x35, 0x0e, 0x0a, 0x33, 0x3e, 0x3f, 0x31, 0x34, 0x34, 0x34, 0x08, 0x0e,
  0x08, 0x09, 0x04, 0x64, 0xd4, 0x59, 0xe5, 0x93, 0x99, 0x99, 0x84, 0x8f,
  0xb4, 0xb7, 0xb4, 0x8a, 0x8b, 0x88, 0x8a, 0xb7, 0xb6, 0xb4, 0x8e, 0x83,
  0x80, 0x85, 0x91, 0x91, 0x90, 0xec, 0x76, 0x11, 0x1f, 0x1f, 0x1a, 0x04,
  0x04, 0x04, 0x01, 0x0c, 0x0e, 0x0d, 0x06, 0x04, 0x1a, 0x1e, 0x1d, 0x16,
  0x6e, 0x66, 0x72, 0xf5, 0xea, 0x90, 0x96, 0x97, 0x92, 0x98, 0x85, 0x85,
  0x85, 0x84, 0x84, 0x9e, 0x92, 0x9c, 0x93, 0xed, 0xc9, 0xcc, 0xfd, 0xf3,
  0x75, 0x16, 0x19, 0x12, 0x15, 0x13, 0x1a, 0x1b, 0x1b, 0x06, 0x07, 0x12,
  0x14, 0x10, 0x17, 0x6c, 0x6d, 0x7b, 0xdc, 0xfd, 0xe4, 0xef, 0x91, 0x90,
  0x93, 0x9e, 0x98, 0x98, 0x86, 0x82, 0x80, 0x85, 0x84, 0x81, 0x86, 0x85,
  0x85, 0x87, 0x87, 0x98, 0x90, 0x96, 0x90, 0x96, 0xe9, 0xe7, 0xf7, 0xd3,
  0x70, 0x6a, 0x19, 0x07, 0x07, 0x03, 0x35, 0x30, 0x36, 0x09, 0x0d, 0x34,
  0x3c, 0x3f, 0x36, 0x0f, 0x08, 0x34, 0x0e, 0x06, 0x00, 0x0d, 0x18, 0x4d,
  0xf0, 0xf6, 0xef, 0x99, 0x86, 0x86, 0x84, 0x83, 0x8a, 0xb4, 0xb4, 0xb4,
  0xb5, 0x88, 0x8e, 0xb5, 0xb7, 0x8a, 0x82, 0x80, 0x80, 0x85, 0x96, 0xea,
  0x94, 0xec, 0x43, 0x6b, 0x14, 0x14, 0x18, 0x01, 0x06, 0x18, 0x1b, 0x06,
  0x00, 0x01, 0x01, 0x06, 0x1a, 0x1c, 0x13, 0x17, 0x14, 0x14, 0x6f, 0x49,
  0xf2, 0xee, 0xeb, 0xe9, 0x96, 0x9f, 0x9f, 0x92, 0x99, 0x81, 0x80, 0x9b,
  0x92, 0x9e, 0x99, 0x91, 0xea, 0x95, 0xea, 0xff, 0x7c, 0x63, 0x4a, 0x59,
  0x6d, 0x1f, 0x1a, 0x18, 0x18, 0x1b, 0x1e, 0x1d, 0x1e, 0x1b, 0x1e, 0x1d,
  0x13, 0x15, 0x63, 0x65, 0x59, 0xf7, 0xf1, 0xf6, 0xec, 0x92, 0x99, 0x98,
  0x9b, 0x9a, 0x85, 0x84, 0x84, 0x87, 0x81, 0x86, 0x84, 0x9b, 0x98, 0x9b,
  0x9e, 0x9d, 0x92, 0x91, 0x94, 0xe9, 0xe6, 0xfe, 0xfc, 0xf7, 0xde, 0x4e,
  0x6f, 0x12, 0x1b, 0x1a, 0x05, 0x03, 0x35, 0x36, 0x36, 0x08, 0x00, 0x0e,
  0x30, 0x3c, 0x36, 0x0c, 0x0c, 0x09, 0x0c, 0x07, 0x06, 0x00, 0x1b, 0x76,
  0xe4, 0xf0, 0xce, 0x94, 0x86, 0x80, 0x9b, 0x85, 0x8d, 0x8b, 0x8a, 0x8a,
  0x8b, 0x8e, 0x8c, 0x8e, 0x8a, 0x8b, 0x8f, 0x82, 0x83, 0x84, 0x9c, 0x93,
  0x93, 0x91, 0xfb, 0x7c, 0x61, 0x63, 0x16, 0x18, 0x1b, 0x1c, 0x1e, 0x04,
  0x00, 0x06, 0x06, 0x07, 0x05, 0x19, 0x12, 0x11, 0x10, 0x10, 0x15, 0x6d,
  0x49, 0xf8, 0xed, 0xe0, 0xec, 0x94, 0x90, 0x93, 0x9c, 0x85, 0x84, 0x99,
  0x9c, 0x9e, 0x9f, 0x93, 0x91, 0x90, 0x96, 0xe0, 0xc8, 0xd8, 0x45, 0x60,
  0x14, 0x14, 0x6d, 0x6d, 0x10, 0x04, 0x01, 0x07, 0x1f, 0x16, 0x11, 0x1d,
  0x1d, 0x12, 0x12, 0x15, 0x73, 0x56, 0x58, 0x5c, 0xf6, 0xe1, 0xee, 0x97,
  0x9d, 0x99, 0x9a, 0x85, 0x85, 0x85, 0x85, 0x84, 0x87, 0x86, 0x84, 0x99,
  0x90, 0x90, 0x9e, 0x9e, 0x92, 0x90, 0x94, 0xe6, 0xf5, 0xf3, 0xe5, 0xf3,
  0xc6, 0xd9, 0x4c, 0x68, 0x11, 0x12, 0x1f, 0x1b, 0x07, 0x0d, 0x35, 0x36,
  0x37, 0x0f, 0x06, 0x0c, 0x31, 0x32, 0x34, 0x06, 0x06, 0x0f, 0x03, 0x18,
  0x05, 0x01, 0x18, 0x75, 0xe4, 0xfd, 0xfd, 0x95, 0x9e, 0x9b, 0x9a, 0x87,
  0x83, 0x8c, 0x89, 0xb5, 0x8a, 0x8c, 0x80, 0x8e, 0xb5, 0xb5, 0x8f, 0x83,
  0x80, 0x86, 0x9f, 0x97, 0x92, 0x9c, 0xec, 0x77, 0x65, 0x4b, 0x66, 0x12,
  0x19, 0x1d, 0x12, 0x19, 0x1a, 0x04, 0x06, 0x06, 0x07, 0x1b, 0x1f, 0x1d,
  0x12, 0x13, 0x12, 0x13, 0x68, 0x5c, 0xf8, 0xcb, 0xd0, 0xe4, 0xea, 0xec,
  0xe9, 0x9d, 0x9a, 0x9c, 0x94, 0x96, 0x9d, 0x92, 0x96, 0x95, 0x94, 0x95,
  0xe3, 0xf7, 0xd2, 0x40, 0x78, 0x65, 0x7f, 0x65, 0x69, 0x16, 0x10, 0x13,
  0x1d, 0x1d, 0x11, 0x14, 0x14, 0x12, 0x18, 0x1c, 0x6b, 0x65, 0x65, 0x71,
  0xd1, 0xdf, 0x58, 0xd3, 0xe3, 0x91, 0x9d, 0x9f, 0x99, 0x98, 0x99, 0x9e,
  0x99, 0x85, 0x81, 0x81, 0x84, 0x9a, 0x98, 0x9e, 0x9f, 0x9f, 0x99, 0x9c,
  0x90, 0x95, 0xef, 0xe3, 0xe7, 0xe7, 0xfc, 0xf3, 0xc0, 0x7c, 0x6a, 0x11,
  0x17, 0x10, 0x19, 0x04, 0x01, 0x0c, 0x35, 0x36, 0x0a, 0x06, 0x05, 0x0a,
  0x33, 0x31, 0x0c, 0x06, 0x0c, 0x0c, 0x04, 0x19, 0x06, 0x01, 0x10, 0x48,
  0x4c, 0x7c, 0xf3, 0x92, 0x9c, 0x96, 0x9c, 0x87, 0x81, 0x83, 0x8b, 0xb4,
  0x89, 0x86, 0x80, 0x8b, 0xb4, 0x8b, 0x8c, 0x8c, 0x8d, 0x84, 0x91, 0x9d,
  0x84, 0x9b, 0xed, 0xc5, 0xcf, 0xdf, 0x6c, 0x12, 0x10, 0x15, 0x14, 0x12,
  0x19, 0x07, 0x01, 0x06, 0x05, 0x19, 0x1e, 0x19, 0x1e, 0x1e, 0x1b, 0x19,
  0x15, 0x7f, 0x76, 0x73, 0x5c, 0xf7, 0xf6, 0xf3, 0xec, 0x90, 0x92, 0x93,
  0x9c, 0x9d, 0x94, 0xe0, 0xea, 0x99, 0x85, 0x90, 0xe5, 0xfd, 0xe6, 0xe5,
  0xf5, 0xf3, 0xfe, 0xd6, 0x79, 0x63, 0x69, 0x13, 0x1e, 0x16, 0x7a, 0x65,
  0x13, 0x07, 0x07, 0x1f, 0x15, 0x6e, 0x60, 0x7c, 0x65, 0x68, 0x15, 0x7e,
  0xf3, 0xe2, 0xee, 0xe8, 0x94, 0x97, 0x96, 0x91, 0x9f, 0x85, 0x87, 0x84,
  0x9a, 0x9b, 0x9e, 0x9c, 0x9b, 0x87, 0x86, 0x9b, 0x96, 0xeb, 0x95, 0x94,
  0x97, 0x96, 0xeb, 0xe4, 0xd3, 0x49, 0x4a, 0x7f, 0x63, 0x6b, 0x14, 0x16,
  0x1d, 0x04, 0x03, 0x09, 0x0a, 0x35, 0x0d, 0x05, 0x04, 0x0a, 0x30, 0x36,
  0x0d, 0x04, 0x01, 0x03, 0x06, 0x07, 0x00, 0x00, 0x1f, 0x7b, 0x5e, 0x52,
  0xf6, 0xec, 0xe8, 0xef, 0x94, 0x9e, 0x86, 0x8d, 0x88, 0x88, 0x83, 0x85,
  0x81, 0x88, 0xb4, 0x8b, 0x8f, 0x82, 0x80, 0x9a, 0x9c, 0x9b, 0x87, 0x85,
  0x91, 0xec, 0xe5, 0xc1, 0x73, 0x67, 0x78, 0x76, 0x7f, 0x6c, 0x11, 0x1b,
  0x07, 0x04, 0x12, 0x15, 0x10, 0x1a, 0x04, 0x05, 0x1a, 0x19, 0x11, 0x60,
  0x7e, 0x64, 0x66, 0x66, 0x64, 0x46, 0xfe, 0xe9, 0xeb, 0xee, 0xef, 0xec,
  0xe1, 0xe6, 0xea, 0x9d, 0x9d, 0xea, 0xe7, 0xe0, 0xeb, 0xe9, 0xe7, 0xf3,
  0xff, 0xfc, 0xce, 0x47, 0x7e, 0x61, 0x6c, 0x6f, 0x61, 0x66, 0x6e, 0x16,
  0x11, 0x11, 0x14, 0x6d, 0x64, 0x61, 0x69, 0x6c, 0x66, 0x7f, 0x4d, 0xc5,
  0xf7, 0xc8, 0xf2, 0xe6, 0xe2, 0xec, 0x97, 0x93, 0x9d, 0x93, 0x91, 0x90,
  0x9d, 0x9c, 0x9c, 0x9c, 0x9f, 0x9d, 0x90, 0x96, 0x97, 0x96, 0x97, 0x94,
  0xe9, 0xe1, 0xfa, 0xe7, 0xfb, 0xcc, 0x43, 0x73, 0x7c, 0x7f, 0x61, 0x6a,
  0x11, 0x1c, 0x1b, 0x07, 0x00, 0x0d, 0x00, 0x05, 0x18, 0x00, 0x35, 0x35,
  0x03, 0x1b, 0x07, 0x00, 0x01, 0x05, 0x04, 0x06, 0x1a, 0x6b, 0x65, 0x62,
  0x66, 0x5c, 0xca, 0xc5, 0xfe, 0x97, 0x9f, 0x9e, 0x85, 0x80, 0x81, 0x9a,
  0x9a, 0x83, 0x89, 0x8f, 0x80, 0x81, 0x83, 0x87, 0x99, 0x9b, 0x86, 0x86,
  0x9e, 0x97, 0x95, 0xee, 0xf8, 0xf4, 0xfd, 0xff, 0xc1, 0x76, 0x60, 0x68,
  0x17, 0x11, 0x14, 0x6e, 0x6a, 0x13, 0x1e, 0x1e, 0x1e, 0x1e, 0x12, 0x15,
  0x6c, 0x6a, 0x14, 0x17, 0x69, 0x63, 0x7d, 0xd7, 0xda, 0xd2, 0x5c, 0xd1,
  0xda, 0xc1, 0xf2, 0xed, 0xe9, 0xe7, 0xf3, 0xfb, 0xe6, 0xe5, 0xe5, 0xed,
  0xec, 0xe7, 0xf2, 0xf6, 0xc8, 0xd9, 0xd1, 0xd9, 0xd8, 0x44, 0x7b, 0x60,
  0x67, 0x65, 0x67, 0x67, 0x78, 0x67, 0x6f, 0x69, 0x6d, 0x78, 0x75, 0x4d,
  0x4a, 0x4b, 0x5c, 0xc4, 0xca, 0xfb, 0xed, 0xe9, 0xe9, 0xe8, 0x95, 0x96,
  0x90, 0x90, 0x90, 0x93, 0x9d, 0x92, 0x93, 0x92, 0x93, 0x91, 0x97, 0x91,
  0x93, 0x97, 0xef, 0xe3, 0xe3, 0xe5, 0xf6, 0xf6, 0xce, 0x58, 0x66, 0x6d,
  0x6d, 0x14, 0x1c, 0x04, 0x06, 0x01, 0x06, 0x05, 0x1a, 0x01, 0x08, 0x0a,
  0x0f, 0x07, 0x05, 0x01, 0x03, 0x00, 0x06, 0x01, 0x07, 0x1d, 0x15, 0x14,
  0x17, 0x6d, 0x74, 0x49, 0x47, 0xf2, 0xea, 0x91, 0x92, 0x98, 0x85, 0x99,
  0x9e, 0x87, 0x8c, 0x8f, 0x83, 0x81, 0x81, 0x81, 0x84, 0x84, 0x81, 0x80,
  0x84, 0x9f, 0x93, 0x93, 0x96, 0xeb, 0xe9, 0xe9, 0xe1, 0xce, 0x5d, 0x75,
  0x7b, 0x6d, 0x63, 0x65, 0x66, 0x15, 0x12, 0x1d, 0x1d, 0x1c, 0x1d, 0x16,
  0x6a, 0x16, 0x12, 0x1d, 0x11, 0x6b, 0x6d, 0x64, 0x7e, 0x72, 0x7f, 0x65,
  0x7b, 0x43, 0xdd, 0xc9, 0xf6, 0xf6, 0xc3, 0x57, 0xd2, 0xfc, 0xed, 0xe3,
  0xf2, 0xce, 0xfc, 0xe4, 0xff, 0xfe, 0xe7, 0xfa, 0xc8, 0xdb, 0xc1, 0xd6,
  0x5b, 0xd7, 0xda, 0x53, 0x48, 0x46, 0x5c, 0x4d, 0x7c, 0x73, 0xd5, 0xca,
  0xd9, 0x5b, 0x45, 0xd2, 0xcd, 0xf5, 0xe4, 0xe3, 0xe0, 0xe6, 0xe6, 0xe6,
  0xec, 0x94, 0x91, 0x94, 0xec, 0xe8, 0x96, 0x96, 0x94, 0xea, 0xea, 0x95,
  0xea, 0xe9, 0xec, 0xe2, 0xe3, 0xe4, 0xf5, 0xd8, 0xda, 0xc9, 0xd6, 0x7d,
  0x6c, 0x6b, 0x68, 0x16, 0x18, 0x04, 0x04, 0x1a, 0x1a, 0x1a, 0x07, 0x0d,
  0x0f, 0x02, 0x04, 0x1a, 0x07, 0x07, 0x07, 0x07, 0x06, 0x05, 0x11, 0x61,
  0x69, 0x11, 0x69, 0x71, 0x46, 0x52, 0xf2, 0xe8, 0xea, 0x94, 0x92, 0x9e,
  0x9c, 0x9d, 0x85, 0x80, 0x83, 0x86, 0x87, 0x81, 0x86, 0x85, 0x9a, 0x86,
  0x80, 0x84, 0x9d, 0x93, 0x92, 0x93, 0x96, 0x97, 0x94, 0xe2, 0xf0, 0xdd,
  0x5c, 0x46, 0x74, 0x70, 0x7d, 0x67, 0x6b, 0x17, 0x17, 0x11, 0x13, 0x12,
  0x16, 0x17, 0x10, 0x1d, 0x1c, 0x13, 0x17, 0x6a, 0x6b, 0x69, 0x6c, 0x63,
  0x61, 0x66, 0x67, 0x73, 0x52, 0xdc, 0x56, 0x58, 0x52, 0xd6, 0x5c, 0x57,
  0xf2, 0xe2, 0xe6, 0x55, 0x76, 0x50, 0xfd, 0xe4, 0xe6, 0xe5, 0xcd, 0x59,
  0x45, 0xd8, 0xf7, 0xf7, 0xf0, 0xca, 0x57, 0x77, 0x4f, 0xd8, 0xf4, 0xcd,
  0xdd, 0xc6, 0xce, 0xc2, 0xc5, 0xca, 0xe6, 0xef, 0xec, 0xed, 0xed, 0xe3,
  0xe0, 0xed, 0xea, 0x96, 0x91, 0x94, 0xe9, 0xe3, 0xed, 0xea, 0x97, 0x97,
  0x95, 0xec, 0xe3, 0xe4, 0xfe, 0xe4, 0xe6, 0xfb, 0xf1, 0xc0, 0x45, 0x73,
  0x70, 0x70, 0x64, 0x6a, 0x14, 0x17, 0x1f, 0x04, 0x06, 0x04, 0x1b, 0x18,
  0x05, 0x01, 0x0d, 0x0c, 0x01, 0x1a, 0x1a, 0x04, 0x07, 0x05, 0x04, 0x07,
  0x1b, 0x14, 0x7a, 0x6d, 0x15, 0x63, 0x71, 0x58, 0xd8, 0xe1, 0xea, 0x95,
  0x97, 0x92, 0x9f, 0x9f, 0x9e, 0x87, 0x80, 0x81, 0x87, 0x86, 0x81, 0x87,
  0x9a, 0x85, 0x86, 0x86, 0x85, 0x9c, 0x90, 0x91, 0x97, 0x97, 0x97, 0xea,
  0xe0, 0xf0, 0xdf, 0x58, 0x77, 0x77, 0x4f, 0x75, 0x66, 0x68, 0x17, 0x17,
  0x16, 0x11, 0x17, 0x15, 0x14, 0x11, 0x13, 0x13, 0x16, 0x15, 0x69, 0x6c,
  0x63, 0x62, 0x63, 0x66, 0x67, 0x65, 0x7d, 0x52, 0xd3, 0x53, 0x4c, 0x44,
  0x47, 0x77, 0x46, 0xf2, 0xe3, 0xf3, 0x76, 0x7e, 0x57, 0xf7, 0xfd, 0xe5,
  0xe5, 0xc1, 0x4f, 0x48, 0xd9, 0xf7, 0xfd, 0xf8, 0xf2, 0x5b, 0x7f, 0x4f,
  0xf6, 0xfa, 0xf1, 0xcf, 0xf7, 0xf7, 0xc4, 0xc1, 0xfe, 0xec, 0xee, 0xe2,
  0xe0, 0xe1, 0xe1, 0xe0, 0xed, 0xe9, 0x95, 0x97, 0x94, 0xef, 0xe4, 0xe4,
  0xec, 0xea, 0x95, 0xe8, 0xe3, 0xe5, 0xfc, 0xf2, 0xfb, 0xe5, 0xf9, 0xf3,
  0xce, 0x5c, 0x7c, 0x7c, 0x70, 0x72, 0x67, 0x6d, 0x6b, 0x13, 0x1a, 0x05,
  0x05, 0x1b, 0x18, 0x18, 0x1b, 0x06, 0x0d, 0x0c, 0x06, 0x1f, 0x1d, 0x1b,
  0x05, 0x1b, 0x04, 0x07, 0x1e, 0x63, 0x4b, 0x67, 0x6d, 0x61, 0x79, 0x75,
  0xc0, 0xe9, 0x96, 0x95, 0xe8, 0x96, 0x9d, 0x92, 0x9c, 0x84, 0x83, 0x81,
  0x84, 0x85, 0x87, 0x84, 0x9b, 0x85, 0x86, 0x86, 0x98, 0x90, 0x96, 0x97,
  0x95, 0xeb, 0x97, 0x97, 0xe1, 0xde, 0x5b, 0x5a, 0x74, 0x77, 0x51, 0xd3,
  0x70, 0x69, 0x17, 0x14, 0x15, 0x6b, 0x69, 0x6f, 0x6b, 0x11, 0x1d, 0x12,
  0x17, 0x6b, 0x6c, 0x60, 0x63, 0x68, 0x6a, 0x6c, 0x64, 0x7c, 0x71, 0x49,
  0x47, 0x43, 0x7d, 0x7b, 0x72, 0x5d, 0xf7, 0xfc, 0xc8, 0x5b, 0x70, 0x49,
  0xdc, 0xf7, 0xfb, 0xe0, 0xfa, 0x56, 0x7d, 0x41, 0xf2, 0xe1, 0xe3, 0xe5,
  0xc4, 0x43, 0x42, 0xd8, 0xff, 0xe5, 0xfa, 0xfc, 0xce, 0xd6, 0xd3, 0xfd,
  0xed, 0xe9, 0xe1, 0xe6, 0xe1, 0xe0, 0xe3, 0xed, 0xee, 0xeb, 0xea, 0xea,
  0xee, 0xe3, 0xe1, 0xe2, 0xe2, 0xee, 0xeb, 0xef, 0xe6, 0xf2, 0xcf, 0xca,
  0xf9, 0xe4, 0xfe, 0xc2, 0x53, 0x4a, 0x7c, 0x7d, 0x7d, 0x7b, 0x61, 0x6f,
  0x17, 0x1f, 0x1a, 0x05, 0x05, 0x05, 0x05, 0x05, 0x04, 0x01, 0x0f, 0x09,
  0x03, 0x18, 0x1e, 0x04, 0x07, 0x05, 0x04, 0x06, 0x1b, 0x6e, 0x74, 0x64,
  0x69, 0x6f, 0x65, 0x76, 0xc6, 0x94, 0x9d, 0x96, 0xe9, 0x96, 0x9f, 0x9c,
  0x9f, 0x86, 0x8c, 0x83, 0x84, 0x85, 0x81, 0x81, 0x87, 0x87, 0x81, 0x81,
  0x85, 0x92, 0x90, 0x90, 0x97, 0x95, 0x91, 0x96, 0xe6, 0xd3, 0x53, 0xd5,
  0x48, 0x72, 0x46, 0xd7, 0x7d, 0x15, 0x10, 0x17, 0x6a, 0x6a, 0x6a, 0x6f,
  0x69, 0x10, 0x1f, 0x12, 0x14, 0x6b, 0x62, 0x65, 0x66, 0x6a, 0x6a, 0x67,
  0x4f, 0x40, 0x4c, 0x5f, 0xd6, 0x44, 0x70, 0x74, 0xd1, 0xf7, 0xf7, 0xf4,
  0xcf, 0x57, 0x4a, 0x4d, 0xdd, 0xc2, 0xf6, 0xfb, 0xf6, 0x42, 0x65, 0x76,
  0xc1, 0xf3, 0xf1, 0xc4, 0x50, 0x74, 0x7e, 0x73, 0x55, 0xff, 0xfb, 0xf5,
  0x54, 0x47, 0x57, 0xf0, 0xec, 0x95, 0x95, 0xeb, 0xee, 0xed, 0xed, 0x95,
  0x90, 0x9d, 0x9d, 0x90, 0x94, 0xe8, 0xea, 0x97, 0x91, 0x90, 0x91, 0x95,
  0xe2, 0xe5, 0xff, 0xf8, 0xe0, 0xe0, 0xfc, 0xde, 0x47, 0x70, 0x65, 0x7b,
  0x65, 0x67, 0x62, 0x68, 0x11, 0x1a, 0x06, 0x07, 0x04, 0x04, 0x07, 0x04,
  0x07, 0x02, 0x0b, 0x35, 0x0d, 0x05, 0x1b, 0x04, 0x07, 0x04, 0x01, 0x00,
  0x18, 0x60, 0x52, 0x74, 0x67, 0x60, 0x67, 0x74, 0xfa, 0x9c, 0x9a, 0x9d,
  0x96, 0x93, 0x9f, 0x9f, 0x98, 0x83, 0x8e, 0x8d, 0x84, 0x84, 0x81, 0x81,
  0x87, 0x86, 0x83, 0x80, 0x9a, 0x93, 0x91, 0x97, 0xe9, 0xec, 0x95, 0xea,
  0xfc, 0x4d, 0x77, 0x71, 0x61, 0x6c, 0x78, 0x4c, 0x65, 0x14, 0x12, 0x13,
  0x16, 0x17, 0x15, 0x6d, 0x62, 0x14, 0x12, 0x12, 0x17, 0x6e, 0x65, 0x77,
  0x7f, 0x62, 0x63, 0x72, 0x5a, 0x51, 0xd3, 0xce, 0xf5, 0xdf, 0x44, 0x50,
  0xf7, 0xe1, 0xfa, 0xcd, 0x58, 0x42, 0x58, 0xdd, 0xd8, 0x54, 0x51, 0x51,
  0x47, 0x79, 0x64, 0x76, 0x57, 0x5c, 0x71, 0x65, 0x7a, 0x72, 0x76, 0x7d,
  0x77, 0x5f, 0xd7, 0xd5, 0x53, 0xd7, 0xc9, 0xfb, 0xe1, 0xe3, 0xed, 0x94,
  0x91, 0x96, 0x95, 0x97, 0x90, 0x9c, 0x9e, 0x9f, 0x9d, 0x93, 0x90, 0x91,
  0x97, 0x90, 0x9d, 0x9c, 0x91, 0xe2, 0xff, 0xe5, 0xef, 0xe8, 0xe1, 0xc9,
  0x59, 0x71, 0x67, 0x63, 0x63, 0x66, 0x60, 0x17, 0x1b, 0x01, 0x03, 0x02,
  0x02, 0x02, 0x02, 0x03, 0x0d, 0x0b, 0x36, 0x31, 0x35, 0x03, 0x06, 0x03,
  0x0d, 0x02, 0x0f, 0x0f, 0x04, 0x61, 0xf2, 0xfc, 0xdf, 0x5c, 0x4a, 0xc7,
  0x93, 0x8d, 0x89, 0x8d, 0x83, 0x8d, 0x8c, 0x83, 0x8c, 0xb4, 0xb1, 0xb4,
  0x89, 0x8c, 0x8c, 0x8d, 0x83, 0x82, 0x8d, 0x80, 0x9a, 0x93, 0xea, 0xfc,
  0x53, 0x51, 0xcc, 0xd7, 0x6c, 0x10, 0x13, 0x1f, 0x05, 0x04, 0x1e, 0x10,
  0x10, 0x1f, 0x1a, 0x05, 0x1a, 0x1e, 0x17, 0x6d, 0x7a, 0x7e, 0x78, 0x7c,
  0x65, 0x77, 0xfd, 0x95, 0x97, 0xe9, 0xe8, 0xe8, 0xef, 0xe2, 0xe8, 0x97,
  0xe9, 0xec, 0x95, 0x91, 0xe3, 0x78, 0x69, 0x7e, 0xd0, 0x5d, 0x75, 0x75,
  0x6f, 0x1e, 0x04, 0x1b, 0x10, 0x16, 0x6a, 0x6a, 0x1f, 0x06, 0x07, 0x1d,
  0x6d, 0x61, 0x64, 0x79, 0x7c, 0x64, 0x78, 0xca, 0xee, 0x93, 0x9c, 0x9f,
  0x9e, 0x98, 0x84, 0x81, 0x81, 0x81, 0x83, 0x8c, 0x82, 0x83, 0x80, 0x80,
  0x86, 0x84, 0x87, 0x87, 0x87, 0x9b, 0x9e, 0x96, 0xef, 0xed, 0xee, 0x94,
  0xe2, 0xc1, 0x78, 0x6c, 0x68, 0x11, 0x11, 0x12, 0x1c, 0x05, 0x03, 0x0f,
  0x0a, 0x34, 0x37, 0x31, 0x31, 0x37, 0x08, 0x0a, 0x30, 0x3c, 0x3c, 0x37,
  0x08, 0x02, 0x07, 0x04, 0x07, 0x0f, 0x0c, 0x1e, 0xdf, 0x9c, 0x86, 0x86,
  0x9f, 0xe8, 0x9d, 0x82, 0xb5, 0xb4, 0xb7, 0xb1, 0xb7, 0x89, 0x8c, 0x89,
  0xb4, 0xb7, 0x8a, 0x8e, 0x8c, 0x80, 0x9a, 0x9d, 0x97, 0xef, 0xfc, 0xf1,
  0xf4, 0x76, 0x17, 0x1e, 0x18, 0x04, 0x06, 0x07, 0x19, 0x13, 0x1e, 0x06,
  0x00, 0x06, 0x1f, 0x6b, 0x64, 0x76, 0x70, 0x7e, 0x79, 0x51, 0xfa, 0x97,
  0x9e, 0x9a, 0x99, 0x93, 0x91, 0x9c, 0x85, 0x84, 0x9a, 0x9b, 0x9e, 0x92,
  0x95, 0xfe, 0xc1, 0x4b, 0x40, 0xdb, 0x43, 0x6a, 0x19, 0x18, 0x18, 0x07,
  0x00, 0x06, 0x05, 0x04, 0x00, 0x02, 0x03, 0x00, 0x05, 0x1f, 0x12, 0x1d,
  0x13, 0x6d, 0x7b, 0x76, 0xdd, 0xe3, 0x93, 0x9f, 0x9b, 0x84, 0x86, 0x83,
  0x8d, 0x8c, 0x8d, 0x8f, 0x8b, 0x8a, 0x8e, 0x83, 0x83, 0x83, 0x80, 0x86,
  0x81, 0x81, 0x85, 0x9c, 0x97, 0xeb, 0xef, 0x97, 0x90, 0xea, 0xf0, 0x44,
  0xdd, 0xdb, 0xdf, 0x76, 0x6c, 0x17, 0x19, 0x1b, 0x05, 0x04, 0x07, 0x00,
  0x0e, 0x37, 0x33, 0x3d, 0x32, 0x36, 0x0a, 0x08, 0x37, 0x3d, 0x3c, 0x30,
  0x35, 0x0f, 0x1a, 0x68, 0x6d, 0x13, 0x1f, 0x73, 0xe9, 0x98, 0x81, 0x8c,
  0x8e, 0x8d, 0x8f, 0xb5, 0xb4, 0x88, 0x8d, 0x8e, 0x8b, 0x8e, 0x8c, 0x8d,
  0x80, 0x9c, 0xfe, 0xc6, 0xfe, 0xe0, 0xe3, 0xfb, 0x7c, 0x1c, 0x04, 0x04,
  0x1e, 0x17, 0x69, 0x68, 0x6a, 0x6b, 0x6b, 0x6b, 0x67, 0xc2, 0xe1, 0xe5,
  0xe4, 0x91, 0x98, 0x85, 0x85, 0x98, 0x9f, 0x9d, 0x9e, 0x84, 0x81, 0x84,
  0x9e, 0x96, 0xe6, 0x54, 0x53, 0xf9, 0xe1, 0xcd, 0x63, 0x14, 0x12, 0x1b,
  0x1b, 0x18, 0x04, 0x00, 0x03, 0x07, 0x05, 0x04, 0x05, 0x1b, 0x1b, 0x04,
  0x04, 0x1a, 0x1d, 0x15, 0x7b, 0x47, 0x42, 0x7b, 0x78, 0x52, 0xf3, 0xe4,
  0xe7, 0xe1, 0xe3, 0xee, 0x95, 0x95, 0xeb, 0xeb, 0x97, 0x96, 0x90, 0x9e,
  0x85, 0x85, 0x98, 0x9f, 0x9e, 0x99, 0x98, 0x9a, 0x85, 0x9b, 0x9e, 0x9f,
  0x98, 0x9f, 0x96, 0x95, 0x97, 0x97, 0xe9, 0xec, 0x95, 0xe8, 0xe6, 0xff,
  0xf7, 0xd0, 0x61, 0x60, 0x69, 0x12, 0x1b, 0x07, 0x04, 0x00, 0x0f, 0x37,
  0x3d, 0x3c, 0x32, 0x37, 0x0b, 0x0a, 0x34, 0x36, 0x37, 0x0b, 0x0c, 0x07,
  0x17, 0x76, 0xe4, 0xef, 0x96, 0x9b, 0x86, 0x82, 0x82, 0x80, 0x86, 0x8d,
  0xb5, 0xb5, 0x89, 0x81, 0x9c, 0x94, 0xe2, 0xec, 0xeb, 0xe2, 0xf9, 0xc6,
  0x67, 0x15, 0x14, 0x14, 0x69, 0x17, 0x1c, 0x12, 0x68, 0x56, 0xff, 0xc8,
  0xdd, 0x41, 0xd5, 0xe2, 0x93, 0x9a, 0x84, 0x87, 0x87, 0x98, 0x98, 0x9a,
  0x9a, 0x98, 0x9e, 0x9d, 0x91, 0x97, 0x96, 0xeb, 0xf6, 0x76, 0x61, 0x6d,
  0x67, 0x75, 0x75, 0x67, 0x68, 0x15, 0x14, 0x17, 0x15, 0x6e, 0x61, 0x64,
  0x60, 0x63, 0x67, 0x65, 0x62, 0x14, 0x68, 0x66, 0x66, 0x61, 0x62, 0x68,
  0x17, 0x17, 0x6b, 0x6a, 0x15, 0x6e, 0x64, 0x7c, 0x7a, 0x7b, 0x73, 0x53,
  0xf2, 0xe4, 0xe6, 0xed, 0xeb, 0x91, 0x9c, 0x9f, 0x9f, 0x9d, 0x9f, 0x9b,
  0x85, 0x87, 0x86, 0x86, 0x85, 0x99, 0x99, 0x9c, 0x9c, 0x92, 0x96, 0x94,
  0xeb, 0xea, 0xea, 0xe3, 0xe7, 0xf8, 0xfd, 0xf8, 0xf2, 0xc0, 0xc1, 0xc7,
  0xdd, 0x66, 0x10, 0x18, 0x07, 0x00, 0x0f, 0x35, 0x30, 0x3f, 0x3c, 0x30,
  0x35, 0x0a, 0x34, 0x37, 0x34, 0x0f, 0x03, 0x06, 0x18, 0x10, 0x65, 0xf2,
  0x93, 0x87, 0x80, 0x82, 0x8d, 0x80, 0x9a, 0x9a, 0x86, 0x82, 0x83, 0x85,
  0x93, 0x97, 0x96, 0x97, 0xe6, 0xde, 0x60, 0x6e, 0x67, 0x4b, 0xd3, 0x72,
  0x79, 0x5c, 0xd5, 0xe5, 0xfe, 0x47, 0xf5, 0xc6, 0xe3, 0x91, 0x90, 0x99,
  0x9b, 0x84, 0x9a, 0x93, 0x95, 0xea, 0x95, 0x91, 0xec, 0xe5, 0xe1, 0xee,
  0x93, 0xef, 0xc4, 0x7c, 0x6e, 0x7c, 0x74, 0x64, 0x63, 0x6f, 0x4c, 0x56,
  0x76, 0xd5, 0x41, 0x40, 0x79, 0x61, 0x64, 0x61, 0x46, 0x53, 0x7d, 0x68,
  0x14, 0x62, 0x79, 0x7a, 0x17, 0x1f, 0x04, 0x06, 0x07, 0x1a, 0x1c, 0x1c,
  0x1d, 0x69, 0x44, 0xd7, 0x5d, 0xfc, 0xf1, 0xf7, 0xfe, 0x94, 0x99, 0x9c,
  0x98, 0x87, 0x87, 0x87, 0x81, 0x81, 0x85, 0x99, 0x98, 0x9f, 0x9f, 0x99,
  0x99, 0x9f, 0x92, 0x9f, 0x90, 0xeb, 0x95, 0x95, 0xed, 0xe3, 0xe2, 0xea,
  0xe3, 0xe3, 0xee, 0xe2, 0xe1, 0xf8, 0xe1, 0xc2, 0x7d, 0x6a, 0x18, 0x06,
  0x0f, 0x34, 0x33, 0x3f, 0x3f, 0x3c, 0x33, 0x36, 0x31, 0x37, 0x09, 0x07,
  0x04, 0x05, 0x1f, 0x16, 0x68, 0x59, 0x97, 0x92, 0x9b, 0x83, 0x8f, 0x8e,
  0x82, 0x8d, 0x8d, 0x84, 0x9f, 0xe8, 0xf9, 0xd9, 0xc7, 0xf1, 0x42, 0x40,
  0x4a, 0x41, 0x45, 0x4a, 0x54, 0xff, 0x67, 0x1d, 0x16, 0x69, 0x7e, 0xe9,
  0x91, 0x93, 0x84, 0x89, 0x8f, 0x80, 0x87, 0x99, 0x93, 0xe8, 0xf7, 0x44,
  0xdd, 0xe6, 0xef, 0xe8, 0xeb, 0xe8, 0xe9, 0xea, 0xff, 0x79, 0x14, 0x14,
  0x69, 0x16, 0x11, 0x63, 0x57, 0xf7, 0xe6, 0xe3, 0xff, 0xf1, 0xe6, 0xf1,
  0x65, 0x17, 0x14, 0x14, 0x11, 0x10, 0x10, 0x16, 0x69, 0x64, 0x69, 0x16,
  0x16, 0x17, 0x13, 0x1b, 0x05, 0x1a, 0x1c, 0x14, 0x66, 0x49, 0xf6, 0x94,
  0x9c, 0x98, 0x9a, 0x98, 0x98, 0x9b, 0x9b, 0x9c, 0x9d, 0x9f, 0x98, 0x9b,
  0x85, 0x87, 0x86, 0x86, 0x87, 0x85, 0x9e, 0x9d, 0x97, 0xe0, 0xfc, 0xcc,
  0xf4, 0xfd, 0xff, 0xf9, 0xe6, 0xef, 0x95, 0x95, 0xee, 0xe2, 0xfb, 0xc5,
  0x76, 0x6b, 0x18, 0x06, 0x0c, 0x34, 0x30, 0x3d, 0x3d, 0x32, 0x33, 0x30,
  0x37, 0x0a, 0x0d, 0x06, 0x1a, 0x11, 0x7b, 0x5c, 0xf4, 0xe7, 0xe6, 0x97,
  0x9c, 0x99, 0x9f, 0x9f, 0x84, 0x86, 0x86, 0x84, 0x84, 0x99, 0x92, 0x97,
  0xe7, 0xd3, 0x4b, 0x60, 0x14, 0x11, 0x6b, 0x61, 0x61, 0x77, 0x54, 0xf5,
  0xed, 0x97, 0x97, 0x94, 0x94, 0x91, 0x93, 0x90, 0x91, 0x96, 0x97, 0x91,
  0x97, 0x95, 0x94, 0x97, 0xea, 0xec, 0xee, 0xe2, 0xe4, 0xf7, 0x5d, 0x70,
  0x7a, 0x7c, 0x79, 0x64, 0x7f, 0x46, 0xde, 0xc9, 0xf3, 0xf4, 0xf3, 0xfc,
  0xcb, 0xc5, 0x57, 0x46, 0x70, 0x7b, 0x63, 0x6a, 0x16, 0x11, 0x10, 0x13,
  0x13, 0x16, 0x17, 0x16, 0x14, 0x14, 0x68, 0x6e, 0x6c, 0x63, 0x60, 0x79,
  0x74, 0x56, 0xc0, 0xfe, 0xe2, 0x95, 0x91, 0x9c, 0x99, 0x98, 0x98, 0x9e,
  0x99, 0x99, 0x9c, 0x93, 0x96, 0xeb, 0xee, 0xed, 0xe1, 0xe6, 0xe1, 0xe1,
  0xe1, 0xe1, 0xe6, 0xe3, 0xec, 0xe0, 0xe4, 0xe5, 0xfa, 0xf9, 0xf2, 0xfa,
  0xff, 0xcd, 0xcc, 0x55, 0x7d, 0x6a, 0x19, 0x01, 0x0e, 0x35, 0x37, 0x37,
  0x37, 0x34, 0x35, 0x0b, 0x09, 0x03, 0x05, 0x10, 0x62, 0x77, 0xc0, 0xe5,
  0x94, 0x92, 0x9f, 0x96, 0xeb, 0x94, 0x95, 0xe2, 0xf8, 0xfb, 0xe5, 0xc7,
  0xfd, 0xec, 0xef, 0xed, 0xe5, 0xf5, 0xfa, 0xed, 0xf7, 0xdb, 0xd4, 0x52,
  0xdc, 0xde, 0x5d, 0xd6, 0xc8, 0xc1, 0xf3, 0x95, 0x90, 0x93, 0x9d, 0x92,
  0x92, 0x9e, 0x9e, 0x90, 0xea, 0xe7, 0xe4, 0xe3, 0xe5, 0xd8, 0xd2, 0xdf,
  0x59, 0xd7, 0xd9, 0xce, 0xc5, 0x56, 0xc0, 0xe5, 0xe0, 0xfe, 0xf7, 0xc6,
  0x52, 0x5a, 0x7c, 0x65, 0x61, 0x63, 0x67, 0x64, 0x65, 0x67, 0x7b, 0x7e,
  0x7a, 0x7e, 0x71, 0x73, 0x7e, 0x79, 0x78, 0x78, 0x61, 0x63, 0x6f, 0x69,
  0x60, 0x78, 0x4a, 0x51, 0xd9, 0xf6, 0xe1, 0xef, 0xea, 0x94, 0x96, 0x90,
  0x93, 0x90, 0x91, 0x97, 0x97, 0x94, 0xeb, 0xe9, 0xe3, 0xe7, 0xe1, 0xe6,
  0xe3, 0xe8, 0xec, 0xea, 0x91, 0x96, 0x97, 0xea, 0xe8, 0xe8, 0xec, 0xe1,
  0xfe, 0xd4, 0x65, 0x68, 0x1c, 0x06, 0x0f, 0x0a, 0x35, 0x0a, 0x08, 0x08,
  0x0b, 0x0a, 0x0c, 0x07, 0x05, 0x18, 0x13, 0x17, 0x6e, 0x77, 0xf2, 0xe1,
  0xf1, 0x54, 0xf7, 0xe1, 0xe6, 0xfc, 0xdf, 0x45, 0x52, 0xfe, 0xe8, 0xeb,
  0xe1, 0xfb, 0xe7, 0xe8, 0x94, 0xe9, 0xe5, 0xda, 0xf4, 0xe7, 0xe6, 0xe7,
  0xf7, 0x56, 0xd1, 0xff, 0xe0, 0xe0, 0xe7, 0xe6, 0xe8, 0x94, 0x96, 0x93,
  0x93, 0x97, 0x97, 0x91, 0x96, 0xe8, 0xfb, 0xf8, 0xfa, 0xf0, 0xf4, 0xcc,
  0x52, 0x77, 0x77, 0x44, 0xdc, 0xd7, 0x45, 0xd6, 0xd5, 0x5c, 0x55, 0x57,
  0x48, 0x7b, 0x79, 0x48, 0x71, 0x64, 0x60, 0x62, 0x61, 0x60, 0x62, 0x61,
  0x6d, 0x6f, 0x6d, 0x67, 0x71, 0x48, 0x42, 0x5b, 0xd1, 0xc7, 0xcd, 0xca,
  0xf3, 0xf2, 0xf0, 0xf8, 0xe1, 0xec, 0xe8, 0xeb, 0x95, 0x94, 0x94, 0x96,
  0x91, 0x96, 0x96, 0x94, 0x95, 0x97, 0x91, 0x90, 0x91, 0x96, 0x91, 0x91,
  0x96, 0x94, 0xe9, 0xee, 0xeb, 0xee, 0xe5, 0xd0, 0x77, 0x6d, 0x1c, 0x00,
  0x08, 0x35, 0x35, 0x0b, 0x0a, 0x34, 0x36, 0x35, 0x09, 0x0e, 0x0d, 0x01,
  0x07, 0x19, 0x69, 0xc5, 0xe1, 0xcc, 0x5d, 0xe6, 0x90, 0x92, 0x97, 0xec,
  0xe6, 0xe6, 0xee, 0x97, 0x94, 0xe6, 0xfc, 0xe0, 0x95, 0x91, 0x95, 0xe6,
  0xe0, 0xe9, 0x96, 0x93, 0x94, 0xe3, 0xf2, 0xfe, 0xe2, 0xe3, 0xf9, 0xf1,
  0xfb, 0xee, 0xe8, 0xef, 0xeb, 0xec, 0xe7, 0xef, 0x96, 0x91, 0xe9, 0xfb,
  0xe4, 0xe2, 0xf2, 0xd7, 0x53, 0x4e, 0x70, 0x7b, 0x79, 0x72, 0x79, 0x73,
  0x5d, 0xd2, 0x5e, 0x4d, 0x5a, 0x41, 0x4d, 0x5e, 0x5b, 0x4e, 0x72, 0x7b,
  0x73, 0x79, 0x6d, 0x69, 0x6e, 0x62, 0x61, 0x67, 0x64, 0x7d, 0x74, 0x44,
  0xcb, 0xfb, 0xe4, 0xe0, 0xe0, 0xef, 0x95, 0xe8, 0xef, 0xe8, 0x94, 0x91,
  0x94, 0xed, 0xe0, 0xe9, 0x95, 0xe9, 0xe8, 0xee, 0xea, 0x96, 0x91, 0x9d,
  0x9d, 0x91, 0x93, 0x92, 0x92, 0x9c, 0x93, 0xe8, 0xe2, 0xf8, 0x4c, 0x68,
  0x04, 0x08, 0x34, 0x35, 0x0b, 0x35, 0x31, 0x32, 0x31, 0x35, 0x35, 0x0b,
  0x0f, 0x0f, 0x03, 0x1f, 0x65, 0xc4, 0x7d, 0x63, 0xf7, 0x90, 0x93, 0xe8,
  0xf2, 0xff, 0xeb, 0x96, 0x9d, 0x9d, 0x94, 0xe3, 0x97, 0x9b, 0x98, 0x96,
  0xe0, 0xec, 0x96, 0x97, 0x94, 0xe9, 0xf1, 0xdc, 0xf4, 0xe3, 0xe2, 0xd0,
  0x5c, 0xf9, 0xee, 0xea, 0xed, 0xee, 0x94, 0x94, 0x90, 0x9c, 0x9d, 0x96,
  0xeb, 0x97, 0x9c, 0x92, 0xe9, 0xe4, 0xfa, 0xe6, 0xe4, 0xf1, 0xc0, 0xd3,
  0xd3, 0xcc, 0xce, 0x75, 0x60, 0x6c, 0x6c, 0x60, 0x61, 0x6e, 0x17, 0x14,
  0x68, 0x61, 0x66, 0x15, 0x14, 0x68, 0x63, 0x64, 0x62, 0x6c, 0x64, 0x71,
  0xd6, 0xf0, 0xf3, 0xf0, 0xf3, 0xe4, 0xed, 0xe9, 0xef, 0xec, 0x95, 0x94,
  0x91, 0x90, 0x97, 0x94, 0x94, 0x93, 0x9c, 0x9d, 0x9d, 0x9d, 0x9f, 0x99,
  0x9b, 0x99, 0x9c, 0x9d, 0x9d, 0x90, 0xea, 0xe5, 0x76, 0x17, 0x04, 0x0c,
  0x0b, 0x35, 0x0a, 0x34, 0x31, 0x30, 0x31, 0x34, 0x34, 0x34, 0x0b, 0x09,
  0x0d, 0x07, 0x16, 0x67, 0x62, 0x63, 0x51, 0xec, 0x97, 0xe9, 0xfa, 0xe7,
  0xea, 0x96, 0x91, 0x93, 0x90, 0x97, 0x90, 0x98, 0x85, 0x9e, 0x97, 0x91,
  0x9d, 0x92, 0x91, 0x95, 0xe6, 0xf7, 0xf3, 0xe1, 0xfa, 0x57, 0x5b, 0xd9,
  0xfe, 0xe5, 0xf3, 0xf2, 0xfb, 0xe7, 0xef, 0x94, 0xe9, 0xe2, 0xe0, 0xe2,
  0xeb, 0xe1, 0xf1, 0xfc, 0xf2, 0xfe, 0xe4, 0xe6, 0xfb, 0xfb, 0xe0, 0xe3,
  0xe3, 0xf2, 0xd3, 0xda, 0x55, 0x54, 0xc7, 0x42, 0x7b, 0x7b, 0x7d, 0x78,
  0x63, 0x6d, 0x6d, 0x62, 0x66, 0x7e, 0x70, 0x72, 0x45, 0xc2, 0xf9, 0xf9,
  0xce, 0xf1, 0xfd, 0xe5, 0xec, 0xe0, 0xe4, 0xe0, 0xef, 0x97, 0x97, 0xec,
  0xea, 0x91, 0x90, 0x98, 0x9a, 0x9e, 0x99, 0x99, 0x9a, 0x9a, 0x9e, 0x91,
  0xee, 0xfc, 0x75, 0x63, 0x1a, 0x0e, 0x35, 0x0a, 0x0e, 0x35, 0x31, 0x30,
  0x31, 0x37, 0x37, 0x35, 0x0b, 0x0a, 0x08, 0x00, 0x11, 0x63, 0x16, 0x10,
  0x63, 0xf3, 0xea, 0xeb, 0xfb, 0xf5, 0xe3, 0x91, 0x98, 0x84, 0x98, 0x92,
  0x93, 0x9a, 0x80, 0x84, 0x93, 0x90, 0x9d, 0x9d, 0x92, 0x93, 0x95, 0xf3,
  0x5d, 0xe7, 0xea, 0xf3, 0x50, 0x56, 0xc8, 0xe1, 0xe3, 0xed, 0xe1, 0xf6,
  0xe4, 0x95, 0x96, 0xea, 0xec, 0xed, 0xef, 0xee, 0xea, 0x95, 0xe6, 0xff,
  0xe4, 0xe0, 0xe7, 0xfa, 0xe4, 0xff, 0xf5, 0xf5, 0xca, 0x55, 0x70, 0x75,
  0x54, 0x4a, 0x7f, 0x71, 0x75, 0x79, 0x63, 0x65, 0x7d, 0x7f, 0x7c, 0x5b,
  0xd0, 0x5f, 0x57, 0xcf, 0xfc, 0xfc, 0xe4, 0xe0, 0xe4, 0xe6, 0xe2, 0xe6,
  0xe7, 0xe0, 0xed, 0xe8, 0xea, 0x97, 0x93, 0x92, 0x91, 0x9d, 0x9a, 0x9b,
  0x9e, 0x9e, 0x92, 0xe9, 0xd4, 0x6d, 0x13, 0x03, 0x34, 0x31, 0x36, 0x34,
  0x31, 0x30, 0x37, 0x34, 0x08, 0x0c, 0x03, 0x18, 0x04, 0x04, 0x12, 0x10,
  0x10, 0x10, 0x17, 0x6b, 0x69, 0x6d, 0xc3, 0x95, 0xeb, 0x95, 0x9f, 0x87,
  0x80, 0x83, 0x86, 0x85, 0x92, 0x94, 0x93, 0x90, 0xe3, 0xca, 0xc8, 0xe1,
  0x97, 0x95, 0xe2, 0xec, 0xe2, 0xec, 0xea, 0xea, 0xe0, 0x41, 0x7b, 0x59,
  0xc9, 0xc7, 0x72, 0x57, 0xe7, 0xe1, 0xe8, 0x92, 0x99, 0x9d, 0x95, 0x95,
  0x9c, 0x97, 0xf9, 0xf6, 0xcf, 0xf1, 0xd9, 0xf0, 0xef, 0xe3, 0xc6, 0xdb,
  0xe6, 0xe0, 0xf0, 0x71, 0x62, 0x63, 0x6d, 0x61, 0x79, 0x66, 0x6e, 0x66,
  0x59, 0xf6, 0xfe, 0xde, 0xc2, 0xfe, 0xe6, 0xef, 0xe9, 0xea, 0xe3, 0xe7,
  0xea, 0x90, 0x96, 0x95, 0xe9, 0x9d, 0x9a, 0x9e, 0x84, 0x81, 0x80, 0x84,
  0x9f, 0x9f, 0x93, 0xf8, 0x6d, 0x17, 0x1a, 0x08, 0x33, 0x33, 0x34, 0x34,
  0x32, 0x3e, 0x36, 0x0c, 0x09, 0x36, 0x33, 0x0e, 0x01, 0x02, 0x07, 0x19,
  0x14, 0x6f, 0xc0, 0x84, 0x80, 0x93, 0xee, 0x81, 0x88, 0x86, 0xed, 0x97,
  0x80, 0x81, 0xea, 0xe8, 0x86, 0x83, 0x91, 0xfb, 0x92, 0x85, 0x94, 0x59,
  0xde, 0xe0, 0x45, 0x6f, 0x71, 0xf9, 0x4d, 0x12, 0x6b, 0xe3, 0x95, 0x7b,
  0x10, 0x72, 0x95, 0x97, 0xc0, 0xd4, 0xee, 0x97, 0x96, 0x91, 0x90, 0x92,
  0xeb, 0xed, 0x94, 0x91, 0xea, 0xfc, 0xfd, 0xe0, 0xe0, 0xfa, 0xf3, 0xf0,
  0xf2, 0x41, 0x66, 0x7d, 0x46, 0x4f, 0x62, 0x6e, 0x72, 0xc4, 0xc2, 0x74,
  0x7f, 0x47, 0xd8, 0xf2, 0xe5, 0xe5, 0xf8, 0xf8, 0xe1, 0xe8, 0x95, 0xe7,
  0xcb, 0xc5, 0xf6, 0xe4, 0xfe, 0xfb, 0xfd, 0xe6, 0xea, 0xe9, 0xea, 0xef,
  0xe6, 0xe6, 0xcb, 0x54, 0x77, 0x7e, 0x64, 0x11, 0x01, 0x0b, 0x08, 0x00,
  0x1a, 0x0c, 0x37, 0x34, 0x0d, 0x12, 0x04, 0x09, 0x09, 0x0d, 0x18, 0x16,
  0x6b, 0x6a, 0x12, 0x17, 0x55, 0x97, 0x91, 0xc2, 0x7d, 0xf6, 0x96, 0x99,
  0x9c, 0xea, 0xed, 0x95, 0x9e, 0x81, 0x87, 0x93, 0xee, 0x96, 0x85, 0x87,
  0x9a, 0x96, 0xe2, 0xe3, 0x95, 0x96, 0xef, 0xda, 0x7d, 0x5c, 0xfb, 0xe1,
  0xf7, 0x5b, 0x73, 0x71, 0x53, 0xde, 0xde, 0x4e, 0x79, 0x77, 0xc5, 0xfc,
  0xf7, 0xd9, 0x55, 0xc4, 0xf9, 0xe3, 0xe1, 0xfe, 0xfd, 0xf2, 0xe6, 0xe3,
  0xf8, 0xfa, 0xc8, 0xc0, 0xc8, 0xcd, 0xf6, 0xdd, 0x58, 0x5f, 0x50, 0xdd,
  0xde, 0x58, 0x58, 0x49, 0x53, 0xf1, 0xf1, 0xf6, 0xce, 0xf7, 0xf9, 0xe0,
  0xe6, 0xe1, 0xe1, 0xfa, 0xe6, 0xe2, 0xe9, 0xe3, 0xe1, 0xec, 0xe9, 0xe9,
  0xe0, 0xe0, 0xe7, 0xfc, 0xf7, 0xdb, 0x75, 0x6c, 0x11, 0x13, 0x14, 0x1f,
  0x1b, 0x05, 0x06, 0x04, 0x01, 0x00, 0x01, 0x03, 0x00, 0x00, 0x06, 0x04,
  0x07, 0x05, 0x05, 0x1d, 0x11, 0x10, 0x17, 0x14, 0x63, 0x79, 0x72, 0x56,
  0xc1, 0xf3, 0xe0, 0xe9, 0x91, 0x90, 0x93, 0x92, 0x98, 0x9a, 0x99, 0x99,
  0x9f, 0x99, 0x9f, 0x9f, 0x9c, 0x92, 0x90, 0x96, 0x97, 0x96, 0x94, 0xe8,
  0xe6, 0xe7, 0xe6, 0xe5, 0xe6, 0xfe, 0xcb, 0xcd, 0xd9, 0xca, 0xcf, 0xc7,
  0xd3, 0x41, 0xd1, 0xdb, 0xf5, 0xf4, 0xc4, 0xca, 0xf0, 0xe5, 0xe7, 0xfa,
  0xf8, 0xfd, 0xf2, 0xf8, 0xf8, 0xff, 0xf4, 0xde, 0xd9, 0xce, 0xc2, 0xde,
  0x5c, 0x40, 0x52, 0xd7, 0x56, 0x47, 0x4e, 0x76, 0x4f, 0x5b, 0x40, 0x46,
  0x77, 0x4b, 0x59, 0x5f, 0xd1, 0x58, 0x41, 0x54, 0xd0, 0xc9, 0xc1, 0xc6,
  0xd9, 0xd0, 0xc2, 0xd0, 0x5b, 0x78, 0x63, 0x63, 0x6e, 0x15, 0x10, 0x1c,
  0x1c, 0x1d, 0x1c, 0x1e, 0x1b, 0x05, 0x05, 0x1a, 0x1e, 0x1e, 0x1b, 0x18,
  0x1e, 0x10, 0x16, 0x11, 0x11, 0x16, 0x68, 0x6d, 0x61, 0x7a, 0x7b, 0x76,
  0xd4, 0xfe, 0xec, 0xef, 0xee, 0x95, 0x90, 0x9c, 0x9f, 0x9f, 0x9f, 0x9f,
  0x99, 0x98, 0x98, 0x99, 0x9c, 0x9d, 0x9d, 0x9d, 0x92, 0x96, 0xea, 0xea,
  0xe8, 0xe8, 0xe2, 0xe4, 0xe5, 0xfb, 0xfa, 0xff, 0xf3, 0xc9, 0xc4, 0xd8,
  0xc1, 0xc6, 0xd7, 0x58, 0x5a, 0x57, 0xde, 0xde, 0xdc, 0xda, 0xc3, 0xc8,
  0xce, 0xca, 0xcf, 0xc0, 0xdb, 0xda, 0xd8, 0xd0, 0x57, 0x50, 0x57, 0x50,
  0x59, 0x4e, 0x70, 0x79, 0x64, 0x66, 0x61, 0x61, 0x67, 0x64, 0x7a, 0x7e,
  0x79, 0x7c, 0x7d, 0x70, 0x71, 0x76, 0x73, 0x70, 0x71, 0x77, 0x74, 0x77,
  0x4c, 0x46, 0x4d, 0x4f, 0x77, 0x70, 0x73, 0x7c, 0x7e, 0x67, 0x66, 0x61,
  0x64, 0x67, 0x62, 0x68, 0x15, 0x15, 0x6a, 0x6a, 0x15, 0x16, 0x16, 0x17,
  0x15, 0x6b, 0x15, 0x6a, 0x6b, 0x60, 0x7a, 0x65, 0x7a, 0x65, 0x7d, 0x58,
  0xc1, 0xf7, 0xca, 0xf5, 0xfe, 0xe3, 0xea, 0x95, 0x95, 0x94, 0x91, 0x92,
  0x9c, 0x9c, 0x9d, 0x92, 0x9d, 0x9d, 0x92, 0x90, 0x96, 0x94, 0x94, 0x94,
  0xea, 0xe9, 0xe2, 0xe0, 0xe6, 0xe7, 0xe5, 0xf9, 0xfd, 0xf0, 0xf2, 0xf3,
  0xf5, 0xc1, 0xdf, 0xd3, 0xd0, 0x56, 0x5e, 0x4d, 0x75, 0x4a, 0x4a, 0x4a,
  0x75, 0x77, 0x74, 0x4f, 0x49, 0x77, 0x77, 0x49, 0x43, 0x46, 0x4d, 0x4d,
  0x48, 0x75, 0x75, 0x71, 0x73, 0x7c, 0x79, 0x7b, 0x7a, 0x65, 0x64, 0x64,
  0x65, 0x7a, 0x7b, 0x78, 0x7b, 0x65, 0x7b, 0x72, 0x77, 0x76, 0x71, 0x74,
  0x4d, 0x45, 0x5a, 0x4f, 0x48, 0x46, 0x52, 0x50, 0x4f, 0x70, 0x70, 0x4c,
  0x53, 0x45, 0x70, 0x79, 0x7c, 0x4c, 0x5b, 0x4c, 0x72, 0x7b, 0x7d, 0x48,
  0x40, 0x4b, 0x7c, 0x7e, 0x77, 0x44, 0x58, 0x49, 0x76, 0x4a, 0x50, 0xda,
  0xc5, 0xd0, 0x51, 0xd6, 0xcd, 0xf1, 0xf3, 0xf1, 0xf0, 0xfe, 0xe4, 0xe1,
  0xe1, 0xe7, 0xe6, 0xe0, 0xe2, 0xed, 0xed, 0xe3, 0xe3, 0xe3, 0xe2, 0xe2,
  0xe2, 0xe3, 0xe1, 0xe7, 0xe4, 0xf8, 0xfc, 0xf1, 0xca, 0xcc, 0xc4, 0xdd,
  0xd6, 0x54, 0x51, 0x53, 0x5f, 0x44, 0x46, 0x41, 0x41, 0x41, 0x42, 0x4b,
  0x4a, 0x4b, 0x48, 0x4f, 0x4e, 0x4a, 0x4b, 0x4f, 0x4c, 0x42, 0x4f, 0x4a,
  0x4a, 0x4d, 0x40, 0x47, 0x41, 0x43, 0x4d, 0x41, 0x4d, 0x43, 0x42, 0x4d,
  0x43, 0x46, 0x4c, 0x49, 0x4b, 0x4f, 0x4d, 0x4d, 0x4c, 0x46, 0x5f, 0x5d,
  0x5b, 0x58, 0x59, 0x57, 0xd6, 0xd4, 0x56, 0x54, 0xdf, 0xdb, 0xdc, 0x5f,
  0x45, 0x57, 0xde, 0xd2, 0x56, 0x47, 0x59, 0x51, 0x54, 0xd5, 0x5a, 0x49,
  0x4a, 0x59, 0x57, 0x5e, 0x74, 0x73, 0x42, 0x5e, 0x41, 0x75, 0x76, 0x75,
  0x47, 0x4d, 0x40, 0x46, 0x47, 0x5a, 0x52, 0x54, 0x54, 0xd5, 0x55, 0xda,
  0xcf, 0xc0, 0xc1, 0xc9, 0xf7, 0xfd, 0xf2, 0xf2, 0xfd, 0xf2, 0xfd, 0xff,
  0xfe, 0xf2, 0xf1, 0xf0, 0xfc, 0xfc, 0xf6, 0xcb, 0xca, 0xf4, 0xf5, 0xcf,
  0xc6, 0xd9, 0xd3, 0xd0, 0xdd, 0xd1, 0x52, 0x5a, 0x5c, 0x54, 0x53, 0x47,
  0x40, 0x5a, 0x5e, 0x59, 0x58, 0x45, 0x46, 0x41, 0x59, 0x51, 0x53, 0x5a,
  0x45, 0x5d, 0x51, 0x52, 0x5e, 0x5c, 0x50, 0x51, 0x51, 0x50, 0x5d, 0x5e,
  0x5c, 0x51, 0x54, 0x56, 0x52, 0x53, 0x53, 0x53, 0x52, 0x5d, 0x5c, 0x5c,
  0x5c, 0x5f, 0x5f, 0x5c, 0x5d, 0x5d, 0x5d, 0x5c, 0x5f, 0x5e, 0x56, 0x56,
  0xd7, 0xd1, 0xd0, 0xd3, 0xd7, 0xd4, 0xd6, 0xd4, 0x54, 0x51, 0xd5, 0xd0,
  0x55, 0x53, 0x5f, 0x5d, 0x5c, 0x44, 0x47, 0x41, 0x4d, 0x43, 0x4a, 0x47,
  0x40, 0x4c, 0x49, 0x49, 0x4c, 0x42, 0x58, 0x5a, 0x4d, 0x46, 0x59, 0x54,
  0xd0, 0x74, 0x57, 0xd6, 0xc6, 0xd3, 0xd3, 0xd7, 0xd3, 0xf1, 0xc2, 0xf5,
  0xd3, 0xde, 0xce, 0xfa, 0xf0, 0xf0, 0xc6, 0xcd, 0xf5, 0xc8, 0xfc, 0xf1,
  0xc1, 0x58, 0xc1, 0xfa, 0xca, 0xd5, 0x46, 0xd1, 0xc5, 0xc0, 0x5a, 0x5c,
  0xf1, 0xdd, 0xd4, 0x7a, 0x71, 0xfd, 0xe4, 0xdf, 0x6b, 0x71, 0xf1, 0xf2,
  0xf7, 0x7a, 0x78, 0x5a, 0xf3, 0xf6, 0x5b, 0x77, 0x75, 0xc3, 0xf8, 0x44,
  0xdc, 0x55, 0x7a, 0xf1, 0xcf, 0x5d, 0x4c, 0x7f, 0xd2, 0xdb, 0xd8, 0x7f,
  0x41, 0x51, 0x76, 0xf0, 0xd0, 0x5e, 0x59, 0x72, 0x58, 0x4a, 0xe1, 0xee,
  0x64, 0x17, 0x74, 0xee, 0xef, 0x77, 0x6d, 0x62, 0xf0, 0xec, 0xf3, 0x78,
  0x62, 0x66, 0xe3, 0x97, 0x43, 0x11, 0x77, 0xf2, 0xfd, 0xec, 0xdb, 0x14,
  0x1d, 0xe5, 0x9c, 0xe8, 0x15, 0x6e, 0x68, 0x66, 0x9c, 0x91, 0x66, 0x07,
  0x7d, 0x94, 0x93, 0x56, 0x12, 0x73, 0xf2, 0xed, 0x66, 0xdf, 0xea, 0x54,
  0x78, 0x6b, 0xe8, 0x9a, 0x43, 0x16, 0x68, 0x96, 0x90, 0xd7, 0x58, 0x7b,
  0x60, 0x94, 0xeb, 0x40, 0x59, 0x41, 0x7c, 0xea, 0xf6, 0x7e, 0x77, 0x55,
  0x41, 0xc2, 0xef, 0xfd, 0x6b, 0x61, 0x67, 0xf6, 0x84, 0x53, 0x07, 0x1c,
  0x99, 0x9a, 0x65, 0x10, 0x19, 0x95, 0x95, 0x95, 0x4a, 0x15, 0x12, 0x66,
  0x87, 0x85, 0x12, 0x00, 0xd6, 0x85, 0x90, 0x15, 0x17, 0x67, 0x95, 0xed,
  0xc8, 0xc3, 0x6c, 0x65, 0x79, 0x96, 0x92, 0x6f, 0x16, 0x75, 0xe9, 0x92,
  0x65, 0x6e, 0x63, 0xe1, 0xed, 0x5d, 0xf6, 0x6a, 0x12, 0x40, 0x86, 0xef,
  0x19, 0x04, 0xe7, 0x85, 0xe4, 0x11, 0x7c, 0xdc, 0x4f, 0x6b, 0xe6, 0x99,
  0x14, 0x01, 0xdd, 0x9a, 0x90, 0x1a, 0x1a, 0x72, 0x94, 0x92, 0xf8, 0x67,
  0x03, 0x14, 0x92, 0x84, 0xed, 0x07, 0x13, 0xef, 0x92, 0xfa, 0xfd, 0x5a,
  0x12, 0x63, 0x87, 0x86, 0x66, 0x0c, 0x11, 0x9a, 0x82, 0xea, 0x0f, 0x13,
  0xf8, 0xea, 0x9c, 0x97, 0x6e, 0x07, 0x14, 0x84, 0x96, 0xe3, 0x04, 0x00,
  0x94, 0x9b, 0xe9, 0x10, 0x69, 0x13, 0x65, 0x94, 0x94, 0x70, 0x69, 0x14,
  0x44, 0xea, 0xe5, 0x60, 0x63, 0x94, 0x4b, 0x75, 0xff, 0xf2, 0x4b, 0x64,
  0xdb, 0xf6, 0xe6, 0xc0, 0x4c, 0x5d, 0x7d, 0x7f, 0xf2, 0x91, 0xf8, 0x16,
  0xd1, 0xca, 0xf4, 0x77, 0xfb, 0x95, 0x6e, 0x68, 0xd8, 0x9d, 0xd2, 0x04,
  0x62, 0x91, 0x9d, 0x65, 0x1e, 0x95, 0x4c, 0x70, 0xe4, 0xf6, 0x96, 0x14,
  0xe5, 0x99, 0x65, 0xd7, 0x64, 0xe2, 0xf6, 0x15, 0x92, 0xed, 0x5d, 0x1b,
  0x78, 0x96, 0xe9, 0x5c, 0xd0, 0x78, 0x77, 0x61, 0xe1, 0xed, 0x68, 0x7f,
  0xe7, 0xef, 0x6d, 0x12, 0x7d, 0x97, 0x9c, 0xe2, 0x63, 0x10, 0x63, 0xfb,
  0x9e, 0xe2, 0x60, 0x48, 0xe1, 0xdd, 0x14, 0x6a, 0xec, 0xec, 0xf6, 0x44,
  0x76, 0xcc, 0x7c, 0x64, 0x7c, 0xd6, 0xda, 0xc9, 0xfc, 0x73, 0x6e, 0x74,
  0x59, 0x41, 0xdc, 0x5c, 0xd5, 0x17, 0x60, 0xc1, 0xf7, 0x5f, 0x6a, 0x71,
  0xe5, 0x7f, 0x6c, 0x6d, 0xd0, 0xcb, 0x46, 0x73, 0x61, 0x61, 0x7c, 0x7d,
  0x77, 0x4f, 0x48, 0x54, 0x4b, 0x59, 0xd0, 0x55, 0x65, 0x67, 0xf7, 0xea,
  0xf8, 0x55, 0xd5, 0xc2, 0xf1, 0xe4, 0xec, 0xec, 0xf6, 0xd1, 0xe4, 0x96,
  0x94, 0xf5, 0xc2, 0xfa, 0xe2, 0x94, 0xe2, 0xf6, 0x44, 0xcd, 0xe8, 0xe3,
  0xd0, 0xcd, 0xe6, 0xf0, 0x4c, 0x61, 0xe6, 0xed, 0xf7, 0x70, 0xc2, 0xf1,
  0x53, 0x72, 0xd5, 0xe7, 0xff, 0xe3, 0xcd, 0x68, 0x7f, 0xed, 0x92, 0xec,
  0x6f, 0x68, 0x54, 0x91, 0x91, 0x59, 0x15, 0x61, 0xee, 0x92, 0xe6, 0x79,
  0x64, 0xd4, 0x41, 0x5c, 0xf3, 0x7e, 0x73, 0xd3, 0xdf, 0x46, 0x69, 0x4d,
  0xf2, 0x48, 0x1b, 0x08, 0x0e, 0x1a, 0x42, 0xc6, 0x07, 0x36, 0x31, 0x0a,
  0x00, 0x06, 0x04, 0x04, 0x02, 0x0a, 0x08, 0x04, 0x13, 0x6c, 0x7d, 0x63,
  0x62, 0x7d, 0x97, 0x85, 0x91, 0x97, 0x84, 0x8d, 0x8e, 0x89, 0x8e, 0x8e,
  0x8c, 0x8c, 0x8a, 0x8a, 0xb4, 0xb4, 0x88, 0x84, 0x95, 0x9d, 0x86, 0x87,
  0x98, 0x96, 0x95, 0xcc, 0x66, 0x6c, 0x67, 0x73, 0x74, 0x61, 0x10, 0x19,
  0x18, 0x1e, 0x19, 0x05, 0x1f, 0x6b, 0x68, 0x13, 0x1d, 0x11, 0x69, 0x6d,
  0x7a, 0x4d, 0xd2, 0xce, 0xe1, 0xef, 0xe1, 0xfc, 0xef, 0x91, 0xe9, 0xe3,
  0xe9, 0x94, 0xe9, 0xf1, 0xf0, 0xee, 0xee, 0xe7, 0xe6, 0xc6, 0x7f, 0x40,
  0xf4, 0xe1, 0xf4, 0x42, 0xff, 0xe7, 0xce, 0xdb, 0x45, 0xd6, 0xf0, 0xe7,
  0xe2, 0xfe, 0xdf, 0xf1, 0xe6, 0xe4, 0xdd, 0xf2, 0x90, 0x93, 0xeb, 0xe6,
  0xf1, 0xd7, 0x58, 0x72, 0x5a, 0xc0, 0xd8, 0xcc, 0x62, 0x08, 0x3d, 0x33,
  0x07, 0x5f, 0x1b, 0x34, 0x36, 0x31, 0x33, 0x30, 0x34, 0x06, 0x19, 0x02,
  0x02, 0x02, 0x02, 0x12, 0xc0, 0xf1, 0x7d, 0x57, 0x9a, 0x8b, 0x89, 0x81,
  0x81, 0x86, 0x8c, 0xb7, 0xb1, 0xb0, 0xb6, 0xb5, 0x88, 0x8d, 0x86, 0x8e,
  0xb5, 0x8c, 0x9a, 0x9d, 0x90, 0x97, 0xe1, 0x5f, 0x60, 0x17, 0x13, 0x13,
  0x19, 0x07, 0x1b, 0x1a, 0x06, 0x02, 0x0f, 0x06, 0x19, 0x18, 0x11, 0x17,
  0x1c, 0x1c, 0x6c, 0xcd, 0xe4, 0xff, 0xe0, 0x94, 0xeb, 0xea, 0x9c, 0x87,
  0x84, 0x9d, 0x92, 0x9f, 0x9e, 0x9d, 0x9d, 0x90, 0xe6, 0xfd, 0xf2, 0xce,
  0x43, 0x74, 0xdf, 0x76, 0x6f, 0x62, 0x64, 0x67, 0x6f, 0x6c, 0x64, 0x69,
  0x68, 0x70, 0xf7, 0xff, 0x5d, 0x53, 0xff, 0xe6, 0xe9, 0xe8, 0xee, 0x97,
  0x91, 0x91, 0xe8, 0x94, 0x9e, 0x9e, 0x97, 0x94, 0x97, 0xe8, 0xe8, 0x95,
  0xe8, 0xef, 0xfa, 0xce, 0x48, 0x63, 0x68, 0x61, 0x61, 0x16, 0x0c, 0x32,
  0x3c, 0x37, 0x1a, 0x1b, 0x37, 0x32, 0x37, 0x36, 0x30, 0x37, 0x00, 0x01,
  0x0f, 0x0d, 0x1f, 0x15, 0x67, 0xef, 0x92, 0xed, 0xfd, 0x98, 0xb4, 0xb7,
  0x88, 0x8b, 0x89, 0x8e, 0xb4, 0xb3, 0xb6, 0x8b, 0xb5, 0xb4, 0x89, 0x87,
  0x81, 0x8c, 0x84, 0xe7, 0x5c, 0x55, 0x54, 0x65, 0x60, 0x15, 0x01, 0x08,
  0x0d, 0x02, 0x0e, 0x0c, 0x07, 0x04, 0x02, 0x03, 0x04, 0x05, 0x05, 0x19,
  0x11, 0x10, 0x6c, 0xef, 0x84, 0x86, 0x9d, 0x94, 0x9e, 0x9a, 0x86, 0x81,
  0x87, 0x9a, 0x9b, 0x85, 0x99, 0x92, 0x98, 0x9e, 0xe7, 0x74, 0x64, 0xd2,
  0xd0, 0x65, 0x16, 0x1e, 0x18, 0x1c, 0x17, 0x15, 0x1c, 0x1b, 0x19, 0x1d,
  0x13, 0x17, 0x66, 0x7c, 0x73, 0x42, 0xd0, 0xf4, 0xe9, 0x91, 0x97, 0xe3,
  0xe3, 0x90, 0x9d, 0x92, 0x92, 0x92, 0x9c, 0x9f, 0x9f, 0x9c, 0x91, 0x94,
  0x94, 0xeb, 0xe1, 0xe6, 0xea, 0x95, 0xec, 0xf5, 0xd3, 0xde, 0xdc, 0xf4,
  0xfa, 0x54, 0x61, 0x60, 0x67, 0x6c, 0x12, 0x19, 0x1d, 0x05, 0x0b, 0x30,
  0x30, 0x08, 0x07, 0x0e, 0x31, 0x37, 0x09, 0x0f, 0x0d, 0x04, 0x1e, 0x00,
  0x03, 0x15, 0xd4, 0x77, 0xf4, 0x85, 0x81, 0x99, 0x98, 0x8e, 0xb6, 0xb4,
  0x8e, 0x8f, 0x8c, 0x8c, 0xb5, 0xb7, 0x8a, 0x83, 0x81, 0x80, 0x87, 0x93,
  0x95, 0xea, 0xe5, 0x5f, 0x61, 0x14, 0x11, 0x16, 0x13, 0x1b, 0x00, 0x0c,
  0x01, 0x1a, 0x1a, 0x06, 0x0d, 0x03, 0x1d, 0x6f, 0x6f, 0x6c, 0x72, 0x5d,
  0x53, 0xf4, 0xef, 0x96, 0x9d, 0x98, 0x99, 0x9d, 0x9a, 0x81, 0x87, 0x98,
  0x9e, 0x93, 0x97, 0x91, 0x90, 0xea, 0xfd, 0x5f, 0x40, 0x7c, 0x79, 0x66,
  0x10, 0x1e, 0x1e, 0x19, 0x19, 0x1e, 0x1d, 0x12, 0x1f, 0x19, 0x1c, 0x16,
  0x6b, 0x6c, 0x60, 0x47, 0xca, 0xf4, 0xf4, 0xca, 0xfc, 0xee, 0x97, 0x9c,
  0x84, 0x84, 0x98, 0x9f, 0x9d, 0x92, 0x97, 0x95, 0x91, 0x95, 0x95, 0x94,
  0xe3, 0xe0, 0xeb, 0xee, 0xe0, 0xf3, 0xc0, 0x5e, 0x61, 0x67, 0x71, 0x7a,
  0x7f, 0x58, 0xf4, 0xfc, 0xcc, 0xca, 0xf4, 0xd5, 0x47, 0x59, 0x73, 0x61,
  0x6d, 0x6d, 0x65, 0x67, 0x6a, 0x19, 0x0d, 0x08, 0x0c, 0x01, 0x00, 0x0a,
  0x31, 0x35, 0x03, 0x01, 0x05, 0x1e, 0x18, 0x05, 0x18, 0x63, 0x70, 0x67,
  0xc6, 0xe8, 0xea, 0x94, 0x99, 0x83, 0x89, 0x8e, 0x8d, 0x8d, 0x89, 0x8a,
  0x8b, 0x8c, 0x86, 0x85, 0x9a, 0x86, 0x83, 0x85, 0x97, 0x94, 0xea, 0xf0,
  0x5a, 0xd5, 0x74, 0x16, 0x18, 0x19, 0x19, 0x05, 0x1f, 0x12, 0x1b, 0x04,
  0x04, 0x1f, 0x15, 0x6f, 0x16, 0x13, 0x11, 0x6e, 0x4a, 0xd2, 0xf8, 0xe3,
  0xe1, 0xea, 0x93, 0x9e, 0x9b, 0x9e, 0x92, 0x90, 0x91, 0x93, 0x9c, 0x9c,
  0x93, 0x97, 0xed, 0xe4, 0xe3, 0xe6, 0x54, 0x65, 0x67, 0x6c, 0x14, 0x16,
  0x10, 0x1f, 0x18, 0x1e, 0x1f, 0x1f, 0x13, 0x10, 0x12, 0x1c, 0x1d, 0x11,
  0x69, 0x64, 0x65, 0x66, 0x73, 0xd7, 0xf3, 0xe9, 0x96, 0x95, 0xee, 0x97,
  0x9c, 0x9c, 0x93, 0x90, 0x92, 0x91, 0x95, 0x97, 0x91, 0x93, 0x91, 0xec,
  0xe5, 0xfa, 0xe3, 0xec, 0xe5, 0xc5, 0xd7, 0x47, 0x4d, 0xdc, 0x46, 0x7f,
  0x73, 0x46, 0xdb, 0xdb, 0xc7, 0xcd, 0xc3, 0xff, 0xe6, 0xf8, 0xf4, 0xf3,
  0xfa, 0xfc, 0xcb, 0xc6, 0xc8, 0xf5, 0xd1, 0x78, 0x69, 0x6a, 0x17, 0x18,
  0x03, 0x0f, 0x0d, 0x03, 0x0d, 0x09, 0x08, 0x0e, 0x03, 0x04, 0x1b, 0x19,
  0x1b, 0x1a, 0x16, 0x7a, 0x7a, 0x60, 0x4a, 0xe5, 0xea, 0x94, 0x9f, 0x81,
  0x8d, 0x8d, 0x8d, 0x8c, 0x8f, 0x8f, 0x8c, 0x82, 0x81, 0x9a, 0x9a, 0x84,
  0x85, 0x9f, 0x94, 0xe9, 0xe9, 0xe0, 0xcf, 0x41, 0x65, 0x6a, 0x11, 0x12,
  0x19, 0x04, 0x07, 0x05, 0x1a, 0x04, 0x04, 0x1e, 0x10, 0x16, 0x14, 0x6b,
  0x62, 0x7f, 0x4b, 0x5d, 0xda, 0xc9, 0xfe, 0xef, 0x91, 0x9d, 0x9d, 0x9f,
  0x9a, 0x85, 0x9b, 0x99, 0x9e, 0x9d, 0x91, 0x94, 0xed, 0xe5, 0xf9, 0xf3,
  0xc0, 0x5a, 0x74, 0x76, 0x7e, 0x61, 0x6b, 0x11, 0x1c, 0x1e, 0x18, 0x1a,
  0x05, 0x05, 0x04, 0x05, 0x18, 0x1d, 0x11, 0x14, 0x68, 0x62, 0x6d, 0x67,
  0x44, 0xc1, 0xcb, 0xf0, 0xe4, 0xec, 0x97, 0x9d, 0x9c, 0x9d, 0x9d, 0x99,
  0x98, 0x9e, 0x9e, 0x92, 0x97, 0x94, 0x97, 0x95, 0xe9, 0xef, 0xed, 0xe6,
  0xf9, 0xfa, 0xfb, 0xf3, 0xf6, 0xc5, 0x44, 0x46, 0x5c, 0x58, 0x4a, 0x73,
  0x75, 0x46, 0x5c, 0xdb, 0xc9, 0xc4, 0xc7, 0xcb, 0xf3, 0xfd, 0xf1, 0xf3,
  0xf3, 0xc8, 0xcb, 0xc9, 0xd8, 0xde, 0xd4, 0x43, 0x70, 0x7a, 0x63, 0x14,
  0x18, 0x01, 0x02, 0x02, 0x00, 0x0d, 0x0b, 0x0b, 0x0c, 0x03, 0x06, 0x1a,
  0x1f, 0x1f, 0x1f, 0x15, 0x78, 0x7a, 0x7a, 0x50, 0xfc, 0xe6, 0xee, 0x93,
  0x84, 0x80, 0x80, 0x83, 0x8d, 0x8f, 0x8e, 0x8f, 0x8c, 0x83, 0x87, 0x84,
  0x86, 0x84, 0x9f, 0x91, 0x97, 0x94, 0xef, 0xe4, 0xf6, 0x52, 0x64, 0x68,
  0x16, 0x1f, 0x1a, 0x1a, 0x1a, 0x05, 0x07, 0x04, 0x1b, 0x1c, 0x13, 0x10,
  0x10, 0x17, 0x69, 0x66, 0x79, 0x73, 0x76, 0x5b, 0xf5, 0xe6, 0xef, 0xea,
  0x96, 0x92, 0x9f, 0x9f, 0x9f, 0x9f, 0x9c, 0x93, 0x97, 0xe8, 0xec, 0xed,
  0xe3, 0xe4, 0xf0, 0xc7, 0xd2, 0x54, 0x44, 0x72, 0x62, 0x6a, 0x15, 0x17,
  0x10, 0x12, 0x1f, 0x1e, 0x1e, 0x1c, 0x13, 0x10, 0x16, 0x15, 0x68, 0x6e,
  0x61, 0x79, 0x71, 0x4d, 0x5f, 0xdc, 0xcd, 0xfc, 0xed, 0xea, 0x94, 0x94,
  0x96, 0x92, 0x9d, 0x92, 0x90, 0x96, 0x97, 0x95, 0xeb, 0xe8, 0xe9, 0xed,
  0xe1, 0xe7, 0xe4, 0xe5, 0xfc, 0xf4, 0xc7, 0x54, 0x47, 0x40, 0x47, 0x41,
  0x49, 0x4b, 0x43, 0x52, 0xd0, 0xc4, 0xda, 0xd6, 0xdf, 0xca, 0xf7, 0xcb,
  0xca, 0xf4, 0xf4, 0xf6, 0xff, 0xfb, 0xfd, 0xf0, 0xfc, 0xf6, 0xc5, 0xd8,
  0xd0, 0x44, 0x70, 0x7f, 0x79, 0x64, 0x66, 0x6d, 0x10, 0x04, 0x00, 0x01,
  0x05, 0x07, 0x0d, 0x0e, 0x0c, 0x00, 0x07, 0x19, 0x13, 0x1e, 0x05, 0x13,
  0x66, 0x64, 0x6d, 0x7c, 0xc1, 0xca, 0xfd, 0x95, 0x99, 0x84, 0x84, 0x86,
  0x81, 0x86, 0x80, 0x82, 0x82, 0x81, 0x9b, 0x99, 0x85, 0x87, 0x84, 0x99,
  0x90, 0x97, 0x97, 0x94, 0xe9, 0xf6, 0x44, 0x73, 0x61, 0x6a, 0x10, 0x10,
  0x16, 0x10, 0x1d, 0x1d, 0x13, 0x10, 0x16, 0x6a, 0x14, 0x12, 0x12, 0x6a,
  0x66, 0x64, 0x64, 0x7b, 0x77, 0xd1, 0xfc, 0xe1, 0xe3, 0xef, 0xee, 0xec,
  0xed, 0xed, 0xef, 0xef, 0xe2, 0xe3, 0xe3, 0xe2, 0xef, 0xed, 0xe7, 0xf2,
  0xda, 0x56, 0x56, 0x50, 0x74, 0x67, 0x60, 0x63, 0x63, 0x61, 0x67, 0x61,
  0x6f, 0x6b, 0x6c, 0x62, 0x6c, 0x6f, 0x6d, 0x66, 0x65, 0x7e, 0x74, 0x50,
  0xdf, 0xda, 0xc4, 0xc4, 0xf5, 0xf8, 0xe7, 0xe7, 0xf8, 0xff, 0xe5, 0xe3,
  0xef, 0xef, 0xed, 0xe0, 0xe7, 0xe6, 0xe1, 0xe7, 0xfe, 0xf2, 0xff, 0xf0,
  0xca, 0xce, 0xf4, 0xf7, 0xc7, 0xd0, 0xdc, 0xd1, 0x54, 0xd0, 0xd5, 0x43,
  0x75, 0x4f, 0x5f, 0xd5, 0xd1, 0xd1, 0x51, 0x57, 0xdd, 0xd8, 0xd2, 0xd7,
  0xdd, 0xdd, 0x5d, 0x51, 0x51, 0x5d, 0x45, 0x48, 0x70, 0x72, 0x79, 0x65,
  0x79, 0x7a, 0x66, 0x6c, 0x66, 0x79, 0x72, 0x79, 0x65, 0x63, 0x68, 0x6a,
  0x60, 0x61, 0x14, 0x13, 0x11, 0x6b, 0x15, 0x15, 0x6c, 0x6c, 0x14, 0x69,
  0x77, 0x74, 0x63, 0x65, 0x55, 0x52, 0x43, 0xde, 0xe4, 0xfa, 0xfc, 0xe1,
  0xee, 0xe3, 0xe2, 0x95, 0x97, 0x95, 0xef, 0xeb, 0x95, 0xea, 0x97, 0x96,
  0x95, 0x95, 0xe8, 0xe9, 0xea, 0xe0, 0xfb, 0xff, 0xf3, 0xf5, 0xc3, 0xc3,
  0xc7, 0xd1, 0x52, 0x50, 0x4c, 0x7e, 0x7f, 0x48, 0x74, 0x64, 0x63, 0x7a,
  0x76, 0x7e, 0x71, 0x40, 0x74, 0x76, 0x40, 0xd0, 0x56, 0x40, 0x5d, 0xdc,
  0xdd, 0xc0, 0xc6, 0xc3, 0xf4, 0xf6, 0xf1, 0xc8, 0xc4, 0xc7, 0xcd, 0xc6,
  0xdf, 0xd6, 0x51, 0x5b, 0x59, 0x52, 0x5b, 0x41, 0x4e, 0x4e, 0x46, 0x42,
  0x77, 0x71, 0x71, 0x76, 0x71, 0x73, 0x75, 0x75, 0x77, 0x4f, 0x47, 0x47,
  0x59, 0x5c, 0xd0, 0xd2, 0xdc, 0xdd, 0xc5, 0xf6, 0xca, 0xc8, 0xf4, 0xf7,
  0xfc, 0xf6, 0xf7, 0xf1, 0xf6, 0xf7, 0xf5, 0xf4, 0xf6, 0xce, 0xda, 0xc1,
  0xc6, 0xd9, 0xd9, 0xd3, 0x59, 0x5c, 0x5c, 0x5b, 0x5b, 0x41, 0x44, 0x5e,
  0x4d, 0x4a, 0x4b, 0x4f, 0x5a, 0x40, 0x43, 0x5b, 0x42, 0x40, 0xd7, 0x5e,
  0x57, 0xd3, 0xdc, 0xc4, 0xd6, 0xc5, 0xcc, 0xd8, 0xd5, 0x51, 0xd9, 0xcd,
  0xf4, 0xda, 0xdc, 0xc3, 0xd8, 0xdc, 0xcc, 0xc4, 0xdb, 0xd9, 0xda, 0xd1,
  0x77, 0x75, 0x42, 0x54, 0x41, 0x78, 0x42, 0x41, 0x5f, 0xc6, 0x5f, 0x76,
  0x4f, 0xc5, 0xdc, 0x5d, 0x4b, 0x5c, 0x5c, 0x52, 0x50, 0x40, 0x59, 0x5c,
  0x4c, 0x73, 0x70, 0x41, 0x50, 0x52, 0x46, 0x77, 0x45, 0x40, 0x4e, 0x5a,
  0x4d, 0x56, 0x51, 0xd9, 0x57, 0x4f, 0x7f, 0x79, 0x5a, 0x5d, 0x52, 0x54,
  0x58, 0x42, 0x70, 0x5f, 0xc9, 0x58, 0x5d, 0x52, 0x5f, 0xc7, 0xd8, 0xcd,
  0x46, 0x42, 0xd6, 0xd7, 0xf0, 0xf2, 0xf4, 0x5c, 0x72, 0x47, 0xcb, 0xf1,
  0xd0, 0x53, 0x58, 0x56, 0xd2, 0xce, 0x5e, 0x40, 0xdd, 0xce, 0xc3, 0xd4,
  0xdd, 0xdf, 0xde, 0x47, 0x5d, 0xcf, 0xc2, 0xda, 0xdb, 0xdd, 0xce, 0xd9,
  0x59, 0x55, 0xcc, 0xce, 0xcf, 0xc0, 0xcb, 0xc5, 0x44, 0xc1, 0xf5, 0xdd,
  0xd0, 0xcc, 0xd6, 0xf0, 0xcb, 0xcc, 0x5f, 0x71, 0x56, 0xf1, 0xf5, 0xc8,
  0x40, 0x48, 0xd2, 0xc3, 0xcb, 0x73, 0x43, 0x4e, 0xf8, 0xd1, 0xd5, 0x4e,
  0x7a, 0x51, 0xc7, 0x59, 0x57, 0x5c, 0xd2, 0x59, 0x61, 0x59, 0xf2, 0x50,
  0x7f, 0x4b, 0xf7, 0xf5, 0x70, 0x62, 0x57, 0xfe, 0xd5, 0x5c, 0x7a, 0xdc,
  0x5d, 0xd3, 0xd1, 0xd1, 0xd9, 0x7c, 0x44, 0xc8, 0xc7, 0x54, 0x51, 0xd4,
  0x45, 0x5d, 0xc8, 0xf8, 0xd0, 0x7f, 0x4e, 0xca, 0xf2, 0xc7, 0x49, 0x45,
  0xcd, 0xd8, 0x52, 0x4b, 0xf1, 0xd0, 0xf4, 0x78, 0x73, 0x54, 0xc1, 0xfd,
  0x54, 0x67, 0x65, 0x5c, 0xfa, 0xfd, 0x61, 0x4d, 0x56, 0xc7, 0x46, 0x55,
  0xc5, 0x4a, 0xd1, 0xdb, 0xca, 0xdc, 0x7d, 0x77, 0xc6, 0xe1, 0x51, 0x7e,
  0x70, 0xf3, 0xcf, 0xd7, 0x70, 0x40, 0xcd, 0xd3, 0xde, 0x73, 0xe5, 0x59,
  0x4a, 0x73, 0xd2, 0xfe, 0xf6, 0x4d, 0x71, 0x72, 0xfd, 0xff, 0xc2, 0x77,
  0x78, 0x54, 0xfd, 0xca, 0x52, 0xd7, 0xcf, 0x76, 0x48, 0xc6, 0xce, 0xf7,
  0x45, 0xd8, 0x5b, 0x4c, 0xc2, 0xd5, 0x56, 0xc0, 0x4f, 0xcd, 0xf2, 0xcb,
  0x7c, 0x79, 0xd0, 0xe0, 0x4b, 0x78, 0xc5, 0xe2, 0xfd, 0x63, 0x61, 0x5c,
  0xe8, 0xe4, 0x58, 0x6e, 0xd2, 0xfc, 0xfb, 0x70, 0x7e, 0x75, 0xfb, 0xe3,
  0x42, 0x7e, 0x63, 0xf0, 0xf9, 0xd7, 0x7e, 0xc5, 0xf6, 0xf9, 0x74, 0x5e,
  0x4f, 0x5a, 0xfb, 0xc0, 0x55, 0x64, 0xdb, 0xf2, 0xd2, 0x55, 0x60, 0x4f,
  0xf8, 0xf9, 0xd6, 0x64, 0x54, 0x5c, 0x74, 0xf4, 0xcf, 0xf6, 0x46, 0x61,
  0x46, 0x4b, 0xe6, 0xf3, 0x71, 0x6d, 0x74, 0xe9, 0xf4, 0x65, 0x6f, 0xf4,
  0xed, 0xd5, 0x4b, 0x73, 0x52, 0xe4, 0x7d, 0xdf, 0xcd, 0xe5, 0x48, 0x7e,
  0xd9, 0xfd, 0xf8, 0xd4, 0x61, 0x53, 0xe7, 0xe5, 0x70, 0x5e, 0x5a, 0x4e,
  0xf0, 0x50, 0xf9, 0xc6, 0x49, 0x62, 0x60, 0xfc, 0x97, 0xda, 0x62, 0x15,
  0xf7, 0xe9, 0xe7, 0x62, 0x61, 0xc1, 0x4d, 0xcf, 0xf6, 0xc5, 0x65, 0x72,
  0xf7, 0x56, 0x7f, 0xf6, 0x59, 0xd3, 0x72, 0x70, 0xfd, 0xe4, 0x57, 0x6a,
  0x6c, 0xe5, 0x94, 0xec, 0x68, 0x11, 0x7a, 0xef, 0x96, 0xdd, 0x13, 0x77,
  0xee, 0x94, 0x44, 0x16, 0x7b, 0xe2, 0x94, 0xc3, 0x17, 0x77, 0xe6, 0xe7,
  0x70, 0x57, 0xfd, 0xc7, 0x76, 0x7e, 0xfa, 0xf3, 0x59, 0x59, 0x51, 0x4d,
  0xd2, 0xe4, 0xe7, 0x76, 0x1c, 0x75, 0x93, 0x90, 0x4b, 0x1b, 0x6b, 0x96,
  0x93, 0xf2, 0x12, 0x6f, 0xf8, 0xe1, 0xf9, 0xc6, 0x67, 0x5d, 0x65, 0xf4,
  0xe9, 0xe2, 0x4b, 0x16, 0x6b, 0xf7, 0x92, 0xfd, 0x63, 0x12, 0x71, 0xe6,
  0x94, 0x56, 0x67, 0x67, 0x72, 0x75, 0xe1, 0x93, 0xfa, 0x13, 0x19, 0xe4,
  0x94, 0x93, 0x63, 0x10, 0x7a, 0xeb, 0x90, 0xcb, 0x12, 0x61, 0xc4, 0xec,
  0xe2, 0x40, 0x66, 0x7d, 0x5c, 0xd0, 0xfa, 0xff, 0xfd, 0x6f, 0x79, 0x74,
  0xfa, 0xff, 0xc6, 0xd0, 0x15, 0x77, 0xed, 0xea, 0x74, 0x1c, 0x61, 0xeb,
  0x97, 0x44, 0x6a, 0x64, 0x49, 0xce, 0xf8, 0xe6, 0xcd, 0x15, 0x63, 0x95,
  0xe8, 0x5f, 0x11, 0x7d, 0xe1, 0xf2, 0xe5, 0xf8, 0x62, 0x12, 0x76, 0xee,
  0x96, 0xed, 0x6e, 0x04, 0x5c, 0x9b, 0xe8, 0x64, 0x15, 0x10, 0x92, 0x95,
  0xe7, 0x11, 0x1d, 0xd8, 0xe3, 0xeb, 0xd1, 0x69, 0x40, 0x64, 0xf4, 0xfa,
  0xc9, 0xee, 0x6d, 0x11, 0xcb, 0x9d, 0xf9, 0x17, 0x67, 0xc6, 0xfe, 0x5b,
  0xe0, 0xe5, 0x60, 0x10, 0xfb, 0x90, 0x90, 0x65, 0x6f, 0x72, 0xf4, 0xf0,
  0x96, 0x71, 0x6a, 0xc7, 0xee, 0xc4, 0x62, 0xc3, 0x57, 0x50, 0xf5, 0x6c,
  0xf2, 0x92, 0x1d, 0x1c, 0xc3, 0x96, 0x92, 0x1d, 0x13, 0x43, 0xed, 0xed,
  0x58, 0x69, 0x7b, 0xe1, 0xf8, 0x7d, 0x59, 0x70, 0xd0, 0x9f, 0x7e, 0x12,
  0xdd, 0x9d, 0xe1, 0x07, 0x68, 0x81, 0x9b, 0x14, 0x01, 0x58, 0x9e, 0x57,
  0x61, 0x65, 0x52, 0x64, 0xeb, 0xee, 0xe5, 0x13, 0x12, 0x97, 0x94, 0xfe,
  0x10, 0x16, 0xef, 0x4d, 0xce, 0xe6, 0xc0, 0x5a, 0x12, 0x7a, 0xed, 0x97,
  0xe3, 0x13, 0x50, 0xf3, 0x92, 0x95, 0x6b, 0xc1, 0x65, 0x94, 0x93, 0xff,
  0xe6, 0x1b, 0x6c, 0x99, 0x9d, 0xed, 0x1a, 0x14, 0xfb, 0x90, 0x97, 0x04,
  0x16, 0x90, 0x99, 0x14, 0x03, 0xe5, 0x9d, 0xeb, 0x1c, 0x05, 0x94, 0x97,
  0x6f, 0x19, 0x44, 0x85, 0x60, 0x13, 0x77, 0x6f, 0xf3, 0xd7, 0x64, 0x6f,
  0x42, 0x9b, 0x97, 0x1c, 0x15, 0x71, 0xf8, 0x96, 0x95, 0x54, 0x07, 0x64,
  0x93, 0x99, 0x68, 0x05, 0x62, 0x86, 0xeb, 0x68, 0x6e, 0x17, 0xd3, 0x92,
  0xef, 0xcc, 0x45, 0x15, 0x62, 0x4e, 0xec, 0x96, 0x5d, 0x79, 0x63, 0x6c,
  0xfc, 0x96, 0xd6, 0x13, 0x6b, 0x93, 0x86, 0xf1, 0x06, 0x63, 0xe2, 0x91,
  0x97, 0x4d, 0x6f, 0x60, 0x53, 0xec, 0xe6, 0x6d, 0x49, 0xea, 0xe6, 0x11,
  0x67, 0x96, 0xce, 0x16, 0x62, 0x94, 0x93, 0x76, 0x12, 0x62, 0x41, 0xe7,
  0xe8, 0xde, 0x7c, 0x6c, 0x78, 0xe1, 0x66, 0x14, 0xf9, 0xe6, 0xc0, 0x67,
  0x14, 0xec, 0x52, 0x41, 0xc3, 0xe0, 0x57, 0x72, 0xe5, 0xc2, 0x64, 0xff,
  0x94, 0xf0, 0x17, 0x6c, 0x81, 0xe5, 0x14, 0x1c, 0x97, 0x98, 0xcb, 0x72,
  0x66, 0xda, 0x92, 0x7c, 0xe7, 0xe0, 0xd8, 0xc7, 0x11, 0xf9, 0xe7, 0x96,
  0xd3, 0x03, 0x17, 0x85, 0x86, 0x5b, 0x34, 0x7e, 0x84, 0x9c, 0xc7, 0x13,
  0x69, 0x43, 0x4b, 0x92, 0xca, 0xcb, 0x67, 0x1d, 0x70, 0xd0, 0x9d, 0xea,
  0x18, 0x1a, 0xf2, 0x96, 0xf9, 0x10, 0x11, 0x77, 0x77, 0xe3, 0xc0, 0x66,
  0x14, 0x14, 0xfb, 0xf2, 0x6b, 0x10, 0x72, 0x9f, 0x56, 0x03, 0x4e, 0xe5,
  0xed, 0x63, 0x62, 0xe7, 0x70, 0xe1, 0xe7, 0x72, 0xe1, 0x16, 0xf3, 0x9e,
  0x65, 0x5f, 0x76, 0xe6, 0x5d, 0x16, 0x90, 0xcb, 0x6a, 0x4e, 0xd6, 0x95,
  0x61, 0x6b, 0x71, 0x54, 0xd9, 0xe6, 0x91, 0x7a, 0x06, 0x4f, 0x92, 0x93,
  0x71, 0x16, 0x66, 0xea, 0x87, 0x4d, 0x11, 0x11, 0xe0, 0x87, 0xc2, 0x51,
  0xe9, 0x79, 0x4f, 0x70, 0xea, 0x9c, 0xf2, 0x7c, 0x17, 0x95, 0x9d, 0x6f,
  0x17, 0x4c, 0x90, 0x94, 0x13, 0x75, 0x4f, 0x73, 0x55, 0xea, 0xec, 0x6e,
  0x1e, 0x4e, 0x95, 0xea, 0x4c, 0x74, 0xf7, 0x63, 0xe7, 0xef, 0xe9, 0x6e,
  0x1a, 0x74, 0x9e, 0xe3, 0x42, 0x66, 0xdb, 0x53, 0x68, 0x95, 0x86, 0x94,
  0x1d, 0x1c, 0xf4, 0x95, 0x95, 0xe7, 0x44, 0x76, 0x41, 0xd0, 0xce, 0x7d,
  0x50, 0xf0, 0x56, 0x79, 0x7d, 0xfe, 0x62, 0x19, 0x15, 0xe2, 0x94, 0x59,
  0x17, 0x67, 0x73, 0x41, 0xf4, 0x44, 0x49, 0x73, 0x58, 0xe2, 0x51, 0x14,
  0x61, 0x64, 0x5e, 0xe8, 0xe6, 0x5e, 0x62, 0x6a, 0x6f, 0xf3, 0x9d, 0xf1,
  0x6c, 0xde, 0xc2, 0x74, 0xe0, 0xeb, 0x65, 0x63, 0x41, 0xeb, 0x99, 0x45,
  0x1e, 0xc1, 0xed, 0x55, 0xf4, 0xec, 0xee, 0x71, 0x78, 0x77, 0xf7, 0xee,
  0xf7, 0x14, 0x47, 0xe4, 0xfa, 0xcf, 0x63, 0x65, 0x7d, 0x70, 0xcc, 0x5c,
  0xe6, 0xee, 0x16, 0x12, 0x4b, 0x5b, 0xe4, 0x4e, 0xde, 0x42, 0x68, 0x47,
  0xe6, 0xc3, 0x63, 0x64, 0xca, 0xe4, 0x75, 0x53, 0x4c, 0xfb, 0x67, 0x54,
  0xea, 0xe3, 0xe4, 0xfe, 0x58, 0xfe, 0xce, 0xdb, 0xe8, 0xf2, 0xf1, 0x50,
  0x4f, 0xdd, 0x7e, 0x71, 0xf6, 0xe4, 0x73, 0x1a, 0x70, 0x91, 0x58, 0x6e,
  0x6a, 0xcf, 0x93, 0xfc, 0xf1, 0xc6, 0x4b, 0x76, 0xf7, 0x97, 0xe3, 0xfd,
  0xcc, 0x64, 0x56, 0xf8, 0x97, 0xdc, 0x14, 0xc6, 0xf2, 0x4f, 0xfe, 0xcd,
  0x41, 0x69, 0x79, 0xed, 0xec, 0xf9, 0x14, 0x6d, 0xf4, 0xc2, 0x58, 0xe4,
  0xdb, 0x65, 0x7d, 0xf6, 0xd5, 0xd0, 0xc8, 0x49, 0x44, 0xc2, 0xe2, 0xec,
  0xd4, 0x14, 0x6d, 0xe3, 0xc9, 0x7e, 0x66, 0x62, 0x4f, 0xc8, 0x42, 0x67,
  0x62, 0x73, 0x74, 0x46, 0xf1, 0x69, 0x6b, 0x61, 0x66, 0x64, 0x47, 0xc2,
  0x4b, 0x13, 0x10, 0x5f, 0xe2, 0xe7, 0x54, 0xfc, 0x5a, 0x76, 0xf6, 0xfd,
  0xd0, 0xcd, 0xfc, 0xc5, 0xd5, 0x4f, 0x66, 0x60, 0x4e, 0xc4, 0xd8, 0x64,
  0x72, 0x46, 0x76, 0x59, 0x62, 0x15, 0x70, 0x45, 0x5e, 0xf6, 0xce, 0x67,
  0x11, 0x6c, 0xd0, 0xe4, 0xe4, 0xcb, 0x5e, 0x5e, 0xf1, 0xe0, 0xe5, 0xe5,
  0xed, 0xe8, 0x94, 0x9d, 0x9f, 0x91, 0x94, 0x95, 0x94, 0x93, 0x9a, 0x84,
  0x9a, 0x93, 0xeb, 0x96, 0x9e, 0x84, 0x9e, 0xea, 0x94, 0x97, 0x94, 0x9c,
  0x99, 0x97, 0xf0, 0xf5, 0x95, 0x90, 0xeb, 0xf9, 0xc7, 0x5e, 0x42, 0xdd,
  0xd9, 0x58, 0x78, 0x70, 0xd6, 0x4f, 0x7e, 0x48, 0x43, 0x71, 0x66, 0x66,
  0x7b, 0x7e, 0x4d, 0x65, 0x6f, 0x63, 0x72, 0x53, 0x46, 0x75, 0x52, 0xd5,
  0xd7, 0xcc, 0xce, 0x5d, 0x69, 0x19, 0x1e, 0x61, 0x4a, 0x69, 0x1c, 0x18,
  0x1f, 0x1c, 0x1d, 0x10, 0x1d, 0x12, 0x6c, 0x7b, 0x61, 0x7e, 0xd3, 0xf7,
  0x5d, 0xc9, 0x90, 0x9e, 0x97, 0x96, 0x9f, 0x98, 0x99, 0x85, 0x87, 0x9a,
  0x9f, 0x9c, 0x93, 0x90, 0x91, 0x96, 0xec, 0xe5, 0xf8, 0xc1, 0x5e, 0x5a,
  0x7c, 0x66, 0x69, 0x6b, 0x6d, 0x6e, 0x17, 0x16, 0x6b, 0x69, 0x6a, 0x6e,
  0x66, 0x75, 0xd1, 0x45, 0x4b, 0x74, 0xd0, 0xf9, 0xfb, 0xe4, 0xe3, 0xfe,
  0xe3, 0x97, 0xef, 0xf7, 0xc9, 0xfe, 0xe6, 0xf8, 0xe8, 0x90, 0xe7, 0x60,
  0x11, 0x6f, 0xc8, 0xe9, 0x95, 0xed, 0xe0, 0xff, 0x7c, 0x68, 0x61, 0xf2,
  0xec, 0xe5, 0xee, 0x9f, 0x9e, 0x95, 0xc2, 0x43, 0x47, 0xf4, 0x94, 0x9d,
  0x92, 0x90, 0x91, 0xe3, 0x74, 0x64, 0xda, 0xfa, 0xff, 0xc6, 0xce, 0xc8,
  0x4c, 0x67, 0x14, 0x19, 0x18, 0x16, 0x7b, 0xc5, 0x61, 0x0e, 0x3d, 0x3d,
  0x0d, 0x13, 0x06, 0x09, 0x02, 0x07, 0x07, 0x04, 0x13, 0x15, 0x16, 0x6e,
  0xf9, 0x99, 0x80, 0x8c, 0x81, 0x9d, 0x97, 0x87, 0x8e, 0x8e, 0x8f, 0x8f,
  0x83, 0x9a, 0x9d, 0x92, 0x92, 0xed, 0x41, 0x6a, 0x6a, 0x7a, 0x74, 0x6c,
  0x1d, 0x05, 0x04, 0x05, 0x1f, 0x15, 0x67, 0x61, 0x14, 0x63, 0xd9, 0xeb,
  0x97, 0xee, 0xe3, 0xec, 0x94, 0x93, 0x9e, 0x84, 0x84, 0x91, 0xef, 0x94,
  0x92, 0x90, 0xed, 0xf6, 0x4d, 0x42, 0xd3, 0x4d, 0x63, 0x6f, 0x16, 0x1d,
  0x1f, 0x11, 0x15, 0x14, 0x10, 0x1d, 0x12, 0x69, 0x76, 0x72, 0x79, 0x78,
  0x77, 0x57, 0xe7, 0xe0, 0xe0, 0xe2, 0xe2, 0xe3, 0xe3, 0xfa, 0xfa, 0xef,
  0x96, 0xeb, 0x47, 0x7e, 0x5c, 0xdd, 0xd6, 0xcf, 0xe4, 0xea, 0x96, 0xe2,
  0x54, 0x45, 0xc8, 0x53, 0x7b, 0x47, 0xed, 0x94, 0x90, 0x92, 0xea, 0xfd,
  0xfb, 0xfe, 0x4f, 0x52, 0xe6, 0xfb, 0x59, 0xd8, 0xff, 0x45, 0x69, 0x6a,
  0x13, 0x04, 0x01, 0x34, 0x3f, 0x32, 0x01, 0x1f, 0x0a, 0x36, 0x06, 0x17,
  0x04, 0x01, 0x14, 0xd8, 0xc0, 0xf6, 0x97, 0x82, 0xb7, 0xb7, 0x89, 0x8d,
  0x8f, 0x89, 0x8e, 0x8c, 0x81, 0x92, 0xea, 0x90, 0x95, 0xd6, 0x7c, 0x70,
  0x11, 0x02, 0x0f, 0x04, 0x1f, 0x06, 0x02, 0x1b, 0x63, 0x75, 0x70, 0x44,
  0xfb, 0xe0, 0xfe, 0xec, 0x9b, 0x83, 0x82, 0x81, 0x87, 0x84, 0x9a, 0x9e,
  0x92, 0xec, 0x51, 0x7d, 0x76, 0x78, 0x62, 0x6f, 0x6b, 0x1d, 0x05, 0x1a,
  0x1c, 0x1e, 0x1b, 0x1e, 0x1f, 0x13, 0x67, 0xcc, 0xe5, 0xe0, 0xe9, 0x97,
  0x96, 0x91, 0x91, 0x95, 0xe2, 0xe3, 0xe5, 0xc9, 0xf6, 0xf7, 0x58, 0x61,
  0x69, 0x6c, 0x60, 0x62, 0x63, 0x64, 0x7f, 0x72, 0x74, 0x5f, 0xc2, 0xff,
  0xe4, 0xe1, 0xe2, 0x95, 0x92, 0x9d, 0x94, 0xeb, 0x97, 0x94, 0xee, 0xed,
  0xed, 0xec, 0xe9, 0xee, 0xe1, 0xff, 0xe4, 0xe2, 0xf9, 0xd1, 0xd2, 0xc4,
  0xd3, 0x75, 0x60, 0x68, 0x68, 0x15, 0x10, 0x1f, 0x1b, 0x06, 0x0e, 0x36,
  0x30, 0x36, 0x09, 0x03, 0x02, 0x01, 0x68, 0xfc, 0xe5, 0xfd, 0xe9, 0x93,
  0x90, 0x97, 0x9c, 0x86, 0x8d, 0x8d, 0x82, 0x83, 0x83, 0x81, 0x85, 0x91,
  0xcd, 0x6e, 0x16, 0x14, 0x16, 0x13, 0x17, 0x6e, 0x17, 0x1f, 0x1d, 0x6d,
  0x72, 0x64, 0x63, 0x76, 0xe5, 0x93, 0x98, 0x84, 0x81, 0x81, 0x87, 0x84,
  0x9a, 0x9c, 0x97, 0xe6, 0xc7, 0x74, 0x73, 0x5a, 0x5a, 0x66, 0x17, 0x12,
  0x12, 0x12, 0x1c, 0x19, 0x19, 0x1c, 0x16, 0x64, 0xd6, 0xfc, 0xe0, 0xed,
  0xe0, 0xec, 0x97, 0x90, 0x94, 0xe3, 0xe2, 0xeb, 0xe8, 0xed, 0xe3, 0xfc,
  0x52, 0x67, 0x14, 0x10, 0x13, 0x12, 0x12, 0x12, 0x16, 0x61, 0x4d, 0xd7,
  0xd3, 0xc2, 0xf9, 0xe4, 0xfa, 0xe0, 0xe8, 0xe8, 0xee, 0xea, 0x94, 0x97,
  0x97, 0x91, 0x95, 0xe2, 0xe1, 0xe1, 0xfb, 0xf0, 0xf7, 0xc6, 0x5c, 0x50,
  0xda, 0x55, 0x5f, 0xdd, 0xc2, 0xc5, 0xc2, 0xfb, 0xe1, 0xff, 0xc0, 0xc5,
  0xc1, 0xdb, 0x57, 0x70, 0x6c, 0x10, 0x04, 0x0d, 0x0a, 0x36, 0x36, 0x37,
  0x0a, 0x09, 0x0d, 0x1a, 0x61, 0xcd, 0xf8, 0xe8, 0x9c, 0x9b, 0x9e, 0x92,
  0x9e, 0x84, 0x87, 0x84, 0x84, 0x84, 0x87, 0x85, 0x93, 0xe5, 0x77, 0x68,
  0x1d, 0x05, 0x06, 0x07, 0x05, 0x1e, 0x13, 0x6b, 0x4a, 0xe0, 0x97, 0x95,
  0xe9, 0x91, 0x9e, 0x9f, 0x9d, 0x99, 0x84, 0x87, 0x85, 0x9a, 0x9b, 0x9c,
  0x94, 0xfe, 0x75, 0x6b, 0x12, 0x19, 0x05, 0x04, 0x04, 0x19, 0x11, 0x69,
  0x60, 0x79, 0x4e, 0x55, 0xdf, 0xde, 0xca, 0xe4, 0xed, 0xee, 0x95, 0x96,
  0x91, 0x96, 0x97, 0xee, 0xf0, 0xd5, 0x46, 0x7e, 0x6b, 0x16, 0x14, 0x17,
  0x10, 0x10, 0x6b, 0x67, 0x7e, 0x7f, 0x70, 0x5a, 0xf4, 0xe7, 0xe7, 0xe6,
  0xe9, 0x97, 0x96, 0x95, 0x97, 0x96, 0x97, 0x95, 0xef, 0xe1, 0xf8, 0xf8,
  0xfc, 0xf5, 0xf4, 0xfe, 0xfa, 0xf3, 0xf5, 0xfe, 0xf2, 0xf5, 0xf7, 0xf7,
  0xc2, 0xc8, 0xfe, 0xe7, 0xe7, 0xe7, 0xe3, 0xe2, 0xe6, 0xfe, 0xc1, 0x75,
  0x67, 0x6e, 0x1d, 0x06, 0x02, 0x0e, 0x34, 0x31, 0x31, 0x34, 0x0b, 0x08,
  0x02, 0x1c, 0x76, 0xe6, 0x97, 0x9f, 0x84, 0x81, 0x86, 0x87, 0x86, 0x86,
  0x84, 0x9e, 0x9f, 0x9c, 0x90, 0xe8, 0xe7, 0xd6, 0x60, 0x17, 0x12, 0x1a,
  0x06, 0x00, 0x06, 0x1b, 0x13, 0x6e, 0x44, 0xec, 0x9d, 0x9b, 0x84, 0x81,
  0x83, 0x81, 0x84, 0x9b, 0x9e, 0x92, 0x96, 0x95, 0xec, 0xe5, 0xf0, 0xd1,
  0x7d, 0x6f, 0x16, 0x1d, 0x1b, 0x04, 0x07, 0x04, 0x18, 0x12, 0x15, 0x67,
  0x56, 0xe4, 0xea, 0x96, 0x93, 0x92, 0x90, 0x94, 0xec, 0xe5, 0xf0, 0xc9,
  0xde, 0x49, 0x7f, 0x72, 0x77, 0x72, 0x66, 0x6c, 0x6d, 0x6d, 0x69, 0x6a,
  0x68, 0x63, 0x79, 0x76, 0x52, 0xf2, 0xee, 0x97, 0x91, 0x90, 0x92, 0x93,
  0x91, 0x95, 0xe2, 0xe1, 0xe4, 0xf3, 0xc9, 0xf7, 0xff, 0xe4, 0xe0, 0xe6,
  0xe7, 0xe1, 0xe4, 0xf1, 0xc2, 0xc6, 0xd2, 0x5d, 0x50, 0xcc, 0xfd, 0xe5,
  0xe1, 0xe3, 0xe0, 0xe3, 0xe0, 0xf9, 0xd8, 0x74, 0x64, 0x6c, 0x16, 0x18,
  0x06, 0x0d, 0x08, 0x37, 0x36, 0x36, 0x34, 0x0a, 0x08, 0x03, 0x11, 0xd2,
  0xed, 0x93, 0x84, 0x83, 0x82, 0x80, 0x80, 0x81, 0x87, 0x99, 0x91, 0x97,
  0x94, 0xe8, 0xe4, 0xc4, 0x48, 0x64, 0x68, 0x10, 0x18, 0x07, 0x07, 0x05,
  0x19, 0x1d, 0x68, 0x55, 0xee, 0x9d, 0x85, 0x81, 0x8d, 0x8d, 0x83, 0x86,
  0x84, 0x9b, 0x93, 0xee, 0xfb, 0xca, 0xd1, 0x48, 0x7a, 0x62, 0x15, 0x17,
  0x11, 0x1d, 0x19, 0x18, 0x1f, 0x12, 0x11, 0x6b, 0x78, 0xde, 0xe4, 0xea,
  0x93, 0x9c, 0x9f, 0x9f, 0x9d, 0x97, 0xe1, 0xc9, 0x52, 0x73, 0x61, 0x69,
  0x15, 0x15, 0x6f, 0x63, 0x62, 0x63, 0x61, 0x66, 0x63, 0x62, 0x67, 0x7b,
  0x7d, 0x4b, 0xd7, 0xff, 0xe3, 0xeb, 0x94, 0x94, 0x91, 0x96, 0x95, 0xe2,
  0xfb, 0xf3, 0xf4, 0xd8, 0x56, 0xde, 0xf6, 0xe5, 0xe6, 0xe2, 0xef, 0xe9,
  0xe9, 0xe2, 0xfb, 0xf7, 0xf1, 0xf6, 0xc3, 0xc6, 0xf6, 0xe4, 0xe2, 0xed,
  0xec, 0xee, 0xed, 0xe7, 0xc3, 0x77, 0x61, 0x68, 0x1d, 0x07, 0x03, 0x0f,
  0x0a, 0x37, 0x36, 0x34, 0x0a, 0x09, 0x0d, 0x1a, 0x66, 0xfb, 0x95, 0x92,
  0x84, 0x80, 0x80, 0x81, 0x86, 0x87, 0x85, 0x9c, 0x91, 0x97, 0xea, 0xe3,
  0xf7, 0x5c, 0x79, 0x6f, 0x17, 0x1c, 0x05, 0x07, 0x04, 0x18, 0x1d, 0x17,
  0x65, 0xf0, 0x94, 0x9c, 0x9a, 0x86, 0x83, 0x83, 0x81, 0x87, 0x85, 0x98,
  0x92, 0xeb, 0xe0, 0xfa, 0xcc, 0x5a, 0x78, 0x63, 0x68, 0x17, 0x13, 0x1e,
  0x18, 0x18, 0x1c, 0x13, 0x17, 0x6d, 0x4e, 0xf3, 0xe2, 0xeb, 0x91, 0x9f,
  0x9e, 0x93, 0x94, 0xea, 0xe3, 0xf7, 0x77, 0x63, 0x6d, 0x60, 0x62, 0x68,
  0x6b, 0x6d, 0x66, 0x61, 0x6d, 0x6e, 0x6c, 0x61, 0x67, 0x67, 0x7c, 0x53,
  0xf5, 0xff, 0xe6, 0xe8, 0x96, 0x91, 0x97, 0x95, 0x95, 0xeb, 0xe3, 0xff,
  0xf7, 0xf0, 0xfb, 0xfb, 0xfc, 0xe5, 0xe2, 0xef, 0xe2, 0xe6, 0xe4, 0xe5,
  0xfc, 0xcc, 0xd7, 0xdc, 0xf5, 0xf0, 0xf3, 0xfd, 0xe7, 0xec, 0xec, 0xe1,
  0xfc, 0xf6, 0xc3, 0x41, 0x67, 0x6a, 0x12, 0x1b, 0x06, 0x0d, 0x0a, 0x34,
  0x34, 0x35, 0x0b, 0x08, 0x02, 0x1b, 0x69, 0x40, 0xf1, 0xe8, 0x9d, 0x98,
  0x98, 0x98, 0x9a, 0x9a, 0x98, 0x9f, 0x9d, 0x9d, 0x92, 0x96, 0xe9, 0xfa,
  0xdf, 0x71, 0x6d, 0x11, 0x1f, 0x18, 0x19, 0x1f, 0x12, 0x14, 0x64, 0xdb,
  0xe6, 0xeb, 0x93, 0x99, 0x9a, 0x9b, 0x99, 0x99, 0x9e, 0x9c, 0x93, 0x96,
  0x97, 0x95, 0xee, 0xe7, 0xf7, 0x53, 0x7d, 0x62, 0x14, 0x13, 0x1f, 0x1f,
  0x1d, 0x13, 0x16, 0x6b, 0x60, 0x71, 0xd2, 0xff, 0xe1, 0xe3, 0xec, 0xee,
  0xec, 0xe1, 0xe5, 0xf0, 0xdb, 0xd4, 0xd4, 0xd7, 0xd4, 0x55, 0x5c, 0x4f,
  0x71, 0x72, 0x64, 0x6c, 0x69, 0x69, 0x6f, 0x6d, 0x61, 0x79, 0x42, 0xdc,
  0xf0, 0xe7, 0xe2, 0xef, 0xee, 0xe9, 0xe8, 0xeb, 0xe8, 0xe9, 0xe8, 0xea,
  0xea, 0x95, 0x95, 0x94, 0x95, 0xe9, 0xef, 0xe0, 0xe5, 0xf3, 0xdb, 0x52,
  0x5f, 0xd4, 0xd1, 0xdf, 0xc3, 0xf5, 0xf3, 0xff, 0xf2, 0xce, 0xd5, 0x43,
  0x7d, 0x67, 0x6e, 0x17, 0x1d, 0x18, 0x04, 0x00, 0x0c, 0x0e, 0x09, 0x0f,
  0x0c, 0x02, 0x06, 0x19, 0x17, 0x66, 0x48, 0xce, 0xe1, 0xee, 0xea, 0x94,
  0x96, 0x91, 0x90, 0x93, 0x92, 0x9d, 0x9d, 0x9d, 0x90, 0x95, 0xe2, 0xfc,
  0xdb, 0x75, 0x64, 0x62, 0x6e, 0x6d, 0x61, 0x7a, 0x48, 0xd5, 0xcd, 0xfc,
  0xe7, 0xe3, 0xed, 0xed, 0xef, 0xe9, 0xe8, 0xea, 0x94, 0x97, 0x96, 0x97,
  0x94, 0xea, 0xee, 0xe1, 0xf0, 0xd8, 0x42, 0x7e, 0x67, 0x60, 0x61, 0x63,
  0x62, 0x63, 0x64, 0x7c, 0x76, 0x76, 0x76, 0x4a, 0x43, 0x49, 0x74, 0x76,
  0x74, 0x41, 0x59, 0x56, 0xd1, 0xcc, 0xf3, 0xfd, 0xf3, 0xf7, 0xcf, 0xd8,
  0x50, 0x4e, 0x76, 0x72, 0x72, 0x7c, 0x7d, 0x77, 0x42, 0x45, 0x53, 0xd5,
  0xd7, 0xde, 0xda, 0xc5, 0xcc, 0xf5, 0xff, 0xe4, 0xe6, 0xe2, 0xec, 0xee,
  0xe9, 0xee, 0xe2, 0xe0, 0xe7, 0xf9, 0xf1, 0xf4, 0xca, 0xf4, 0xc9, 0xcb,
  0xf4, 0xf7, 0xf6, 0xca, 0xce, 0xc6, 0xdf, 0xd3, 0x51, 0x43, 0x74, 0x72,
  0x65, 0x60, 0x68, 0x11, 0x1c, 0x19, 0x1a, 0x1a, 0x1a, 0x18, 0x1f, 0x13,
  0x14, 0x6c, 0x64, 0x76, 0x40, 0x51, 0xd1, 0xda, 0xc8, 0xf0, 0xfe, 0xe4,
  0xe0, 0xed, 0xee, 0xe8, 0xe9, 0xee, 0xec, 0xe0, 0xe4, 0xfc, 0xf4, 0xc5,
  0xd0, 0xd4, 0x54, 0x57, 0xd6, 0xdd, 0xd2, 0xde, 0xdf, 0xd3, 0xd7, 0xd6,
  0xd3, 0xd2, 0xde, 0xc5, 0xc3, 0xf4, 0xfd, 0xfe, 0xf8, 0xfb, 0xf8, 0xfc,
  0xf1, 0xf5, 0xcd, 0xc5, 0xd5, 0x5c, 0x5b, 0x5a, 0x45, 0x47, 0x40, 0x42,
  0x48, 0x4a, 0x75, 0x76, 0x71, 0x70, 0x73, 0x70, 0x73, 0x71, 0x77, 0x75,
  0x4d, 0x43, 0x44, 0x59, 0x5d, 0x5f, 0x5b, 0x5a, 0x46, 0x47, 0x44, 0x5a,
  0x52, 0x51, 0xd4, 0xdc, 0xd9, 0xdb, 0xc4, 0xda, 0xd8, 0xc6, 0xc0, 0xc0,
  0xcd, 0xca, 0xf6, 0xf0, 0xfd, 0xff, 0xf9, 0xfb, 0xe5, 0xfa, 0xfb, 0xe5,
  0xe5, 0xe5, 0xe5, 0xe7, 0xe7, 0xe7, 0xe7, 0xe7, 0xe4, 0xe4, 0xfb, 0xff,
  0xf0, 0xf4, 0xca, 0xc0, 0xdb, 0xd3, 0x57, 0x44, 0x74, 0x7e, 0x61, 0x6f,
  0x6a, 0x17, 0x16, 0x16, 0x17, 0x16, 0x11, 0x16, 0x11, 0x11, 0x11, 0x11,
  0x16, 0x17, 0x14, 0x6b, 0x6e, 0x60, 0x67, 0x78, 0x70, 0x4d, 0x52, 0xd7,
  0xc5, 0xcc, 0xcb, 0xf0, 0xfd, 0xf8, 0xe4, 0xe4, 0xe7, 0xe6, 0xe3, 0xe2,
  0xe2, 0xe2, 0xe0, 0xe6, 0xe6, 0xe4, 0xe4, 0xe5, 0xe5, 0xfa, 0xfa, 0xe5,
  0xe5, 0xe5, 0xfb, 0xfe, 0xfc, 0xf2, 0xf3, 0xf1, 0xc8, 0xc2, 0xc1, 0xc3,
  0xc7, 0xc5, 0xda, 0xd1, 0xd3, 0xd7, 0x57, 0xd5, 0x53, 0x52, 0x52, 0x57,
  0xdd, 0xd8, 0xc0, 0xcf, 0xc3, 0xc3, 0xd9, 0xd9, 0xdf, 0xd7, 0x53, 0x5a,
  0x45, 0x5b, 0x5b, 0x41, 0x4e, 0x75, 0x48, 0x48, 0x4d, 0x4c, 0x44, 0x5a,
  0x5b, 0x5c, 0x52, 0x57, 0xd3, 0xdd, 0xda, 0xc1, 0xcf, 0xca, 0xf5, 0xf4,
  0xf4, 0xf7, 0xf1, 0xf2, 0xf2, 0xfc, 0xfd, 0xff, 0xf8, 0xf8, 0xfa, 0xe5,
  0xfb, 0xf8, 0xf9, 0xf2, 0xf6, 0xca, 0xcd, 0xdc, 0x5c, 0x74, 0x67, 0x6f,
  0x15, 0x17, 0x17, 0x16, 0x11, 0x13, 0x12, 0x12, 0x1c, 0x1d, 0x1c, 0x1d,
  0x13, 0x13, 0x11, 0x16, 0x15, 0x68, 0x6d, 0x60, 0x66, 0x65, 0x7c, 0x4b,
  0x5b, 0xd6, 0xc3, 0xf0, 0xe6, 0xed, 0xe8, 0x95, 0x97, 0x96, 0x91, 0x96,
  0x96, 0x97, 0x97, 0x94, 0x95, 0x95, 0xe8, 0xef, 0xe2, 0xe0, 0xe6, 0xf9,
  0xff, 0xf3, 0xf3, 0xf2, 0xf4, 0xf5, 0xf5, 0xf4, 0xf1, 0xf5, 0xf4, 0xf5,
  0xcd, 0xcb, 0xc7, 0xd1, 0x58, 0x4d, 0x47, 0x59, 0x52, 0x55, 0xd6, 0xc4,
  0xda, 0xda, 0xdf, 0xd4, 0xd6, 0xd1, 0xd1, 0xd0, 0xd1, 0xd7, 0x55, 0xd7,
  0xd5, 0x5b, 0x45, 0x46, 0x46, 0x5b, 0x5c, 0x5e, 0x53, 0xd3, 0xd0, 0xd2,
  0xdf, 0xdf, 0xd9, 0xc5, 0xc3, 0xc2, 0xcd, 0xf7, 0xf1, 0xf2, 0xfe, 0xf8,
  0xe4, 0xe6, 0xe0, 0xe3, 0xe3, 0xec, 0xec, 0xec, 0xed, 0xef, 0xec, 0xed,
  0xe0, 0xe7, 0xfb, 0xf4, 0xdb, 0x77, 0x62, 0x17, 0x10, 0x12, 0x1e, 0x1e,
  0x18, 0x1a, 0x1a, 0x04, 0x06, 0x06, 0x06, 0x07, 0x04, 0x05, 0x1a, 0x1b,
  0x1f, 0x10, 0x17, 0x6b, 0x6f, 0x63, 0x7a, 0x70, 0x49, 0x55, 0xca, 0xe5,
  0xe1, 0xee, 0xe8, 0x95, 0x94, 0x96, 0x90, 0x90, 0x91, 0x96, 0x91, 0x93,
  0x91, 0x96, 0x97, 0x95, 0x95, 0xe9, 0xe2, 0xe2, 0xe2, 0xe3, 0xe0, 0xf8,
  0xff, 0xf7, 0xf3, 0xfc, 0xf1, 0xf0, 0xcf, 0xc6, 0xc2, 0xd0, 0x5e, 0x51,
  0x51, 0xdb, 0xc3, 0xd8, 0xc4, 0xc1, 0xf0, 0xf2, 0xf1, 0xf6, 0xf5, 0xf1,
  0xf3, 0xf6, 0xf7, 0xc8, 0xc1, 0xc0, 0xd6, 0x5c, 0x44, 0x4c, 0x43, 0x49,
  0x49, 0x77, 0x4a, 0x44, 0x59, 0x5d, 0x51, 0x55, 0xd9, 0xc6, 0xda, 0xdc,
  0xd9, 0xc3, 0xc6, 0xc8, 0xcc, 0xcc, 0xf1, 0xfc, 0xf9, 0xe5, 0xfb, 0xe4,
  0xe6, 0xe0, 0xe3, 0xe2, 0xe2, 0xed, 0xec, 0xe0, 0xe7, 0xfd, 0xcf, 0x77,
  0x62, 0x11, 0x1c, 0x1c, 0x19, 0x1b, 0x18, 0x1a, 0x05, 0x07, 0x06, 0x01,
  0x06, 0x06, 0x07, 0x05, 0x1b, 0x18, 0x1f, 0x10, 0x14, 0x68, 0x6e, 0x6d,
  0x67, 0x67, 0x7c, 0x4f, 0xc4, 0xf8, 0xfb, 0xe2, 0xee, 0x94, 0x96, 0x90,
  0x92, 0x92, 0x92, 0x93, 0x93, 0x93, 0x90, 0x91, 0x91, 0x97, 0x95, 0xeb,
  0xee, 0xec, 0xec, 0xe3, 0xe6, 0xfb, 0xfd, 0xf2, 0xf2, 0xfc, 0xfc, 0xff,
  0xf0, 0xce, 0xd9, 0xd1, 0xd3, 0xc1, 0xcc, 0xc0, 0xc7, 0xda, 0xc5, 0xc0,
  0xf4, 0xf1, 0xf1, 0xfd, 0xf6, 0xc8, 0xc1, 0xc7, 0xd8, 0xde, 0xc5, 0x51,
  0x5c, 0x44, 0x44, 0x52, 0x5f, 0x50, 0x58, 0x5e, 0x52, 0x5f, 0x55, 0xd5,
  0xd9, 0xc3, 0xc6, 0xc1, 0xd8, 0xc3, 0xc0, 0xc1, 0xc1, 0xde, 0xc6, 0xca,
  0xf3, 0xf9, 0xe4, 0xe1, 0xe0, 0xe3, 0xe2, 0xe2, 0xe2, 0xed, 0xed, 0xe3,
  0xe1, 0xe5, 0xf0, 0x41, 0x66, 0x14, 0x10, 0x1d, 0x19, 0x1b, 0x1a, 0x05,
  0x04, 0x06, 0x01, 0x00, 0x01, 0x06, 0x06, 0x07, 0x04, 0x05, 0x18, 0x1d,
  0x10, 0x15, 0x6b, 0x69, 0x61, 0x64, 0x7e, 0x48, 0xd8, 0xf9, 0xe4, 0xe3,
  0xee, 0x95, 0x91, 0x93, 0x92, 0x9c, 0x9d, 0x9c, 0x92, 0x92, 0x93, 0x90,
  0x90, 0x97, 0x94, 0xea, 0xef, 0xe8, 0xe9, 0xe2, 0xe6, 0xfb, 0xf2, 0xf2,
  0xf2, 0xf3, 0xff, 0xfc, 0xca, 0xdf, 0xdf, 0xd0, 0xd9, 0xf5, 0xcf, 0xc9,
  0xca, 0xda, 0xdb, 0xcd, 0xca, 0xf0, 0xfb, 0xfb, 0xf2, 0xf0, 0xf5, 0xcd,
  0xcb, 0xf5, 0xc0, 0xda, 0xd3, 0x59, 0x5a, 0x5e, 0x46, 0x42, 0x42, 0x77,
  0x7e, 0x7d, 0x77, 0x48, 0x53, 0xd6, 0x55, 0xd1, 0xdd, 0xdc, 0xc3, 0xf6,
  0xf1, 0xf0, 0xfc, 0xf9, 0xfa, 0xe2, 0xe8, 0xe9, 0xea, 0xea, 0xe8, 0xe8,
  0xe8, 0xeb, 0xea, 0xee, 0xe7, 0xf4, 0x5c, 0x64, 0x17, 0x13, 0x1d, 0x1b,
  0x1b, 0x05, 0x07, 0x07, 0x00, 0x00, 0x00, 0x01, 0x06, 0x00, 0x07, 0x06,
  0x07, 0x1a, 0x19, 0x11, 0x14, 0x6b, 0x6c, 0x66, 0x78, 0x72, 0x54, 0xfc,
  0xe6, 0xe1, 0xed, 0xea, 0x91, 0x92, 0x92, 0x9f, 0x9e, 0x9f, 0x9c, 0x9d,
  0x9d, 0x9d, 0x92, 0x90, 0x95, 0xee, 0xef, 0xed, 0xed, 0xe1, 0xe5, 0xf8,
  0xf3, 0xf0, 0xce, 0xf5, 0xf6, 0xf6, 0xf7, 0xdf, 0xd7, 0xd1, 0xdb, 0xc4,
  0xd8, 0xcf, 0xc9, 0xf5, 0xc3, 0xdc, 0xce, 0xf0, 0xfd, 0xf0, 0xf0, 0xfe,
  0xe4, 0xe7, 0xfc, 0xf7, 0xcb, 0xc6, 0xcd, 0xce, 0xc1, 0xdf, 0xd7, 0x5c,
  0x5b, 0x5a, 0x49, 0x4f, 0x59, 0x44, 0x41, 0x51, 0xc9, 0xe5, 0xe7, 0xf0,
  0xf5, 0xe5, 0xe2, 0xed, 0xe3, 0xe3, 0xea, 0x91, 0x92, 0x92, 0x9c, 0x98,
  0x9b, 0x98, 0x91, 0xea, 0xef, 0xd3, 0x14, 0x07, 0x00, 0x07, 0x07, 0x01,
  0x0f, 0x09, 0x0a, 0x36, 0x36, 0x37, 0x09, 0x00, 0x03, 0x0d, 0x0c, 0x03,
  0x05, 0x16, 0x67, 0x66, 0x77, 0xf3, 0xee, 0xea, 0x95, 0x90, 0x98, 0x9f,
  0x94, 0x95, 0x9b, 0x80, 0x86, 0x92, 0xef, 0xec, 0x95, 0x95, 0xec, 0xe9,
  0xef, 0xe4, 0x56, 0x73, 0x46, 0xf4, 0xfc, 0xd3, 0x73, 0x73, 0x49, 0x53,
  0xd0, 0xda, 0xca, 0xf7, 0xf1, 0xf3, 0xf8, 0xf9, 0xf3, 0xf1, 0xe5, 0xef,
  0x97, 0x91, 0x97, 0xef, 0xe0, 0xe2, 0xea, 0x96, 0x97, 0xeb, 0xe6, 0xf3,
  0xc9, 0xf1, 0xe5, 0xe0, 0xe5, 0xd3, 0x72, 0x75, 0x47, 0x58, 0x74, 0x72,
  0x4d, 0x46, 0x4a, 0x5f, 0xf7, 0xe5, 0xe3, 0xfb, 0xff, 0xe7, 0xef, 0x96,
  0x93, 0xea, 0xe6, 0xe0, 0x96, 0x92, 0x9d, 0x97, 0x97, 0x90, 0x94, 0x93,
  0x93, 0x96, 0x95, 0xfb, 0x57, 0x17, 0x00, 0x0e, 0x03, 0x1e, 0x04, 0x0b,
  0x32, 0x3c, 0x3d, 0x33, 0x37, 0x0e, 0x0d, 0x08, 0x30, 0x33, 0x0a, 0x1b,
  0x7b, 0x44, 0xda, 0xd3, 0x5f, 0xc2, 0x94, 0x86, 0x8c, 0x8c, 0x83, 0x86,
  0x87, 0x87, 0x86, 0x86, 0x87, 0x87, 0x81, 0x80, 0x99, 0xe4, 0x44, 0xc7,
  0xe9, 0x95, 0xe9, 0xe3, 0xd5, 0x6f, 0x1d, 0x69, 0xf9, 0x95, 0xe7, 0x63,
  0x10, 0x15, 0x42, 0xe0, 0xe9, 0xec, 0xe4, 0xdf, 0x7f, 0x42, 0xec, 0x9e,
  0x9b, 0xee, 0xc0, 0xf0, 0xef, 0x95, 0xec, 0xe8, 0x96, 0x91, 0x95, 0xf1,
  0xc0, 0xf0, 0xe5, 0xf8, 0xc0, 0xf3, 0xc1, 0x72, 0x6f, 0x62, 0xd5, 0xf2,
  0xc7, 0x72, 0x65, 0x75, 0xc0, 0xfc, 0xce, 0xe6, 0xea, 0xed, 0xe2, 0xe1,
  0xe6, 0xeb, 0x96, 0x91, 0x90, 0x90, 0xea, 0xed, 0xea, 0x96, 0x92, 0x94,
  0xef, 0xe0, 0xf1, 0xd0, 0x60, 0x04, 0x09, 0x0e, 0x07, 0x18, 0x0e, 0x33,
  0x3c, 0x3d, 0x30, 0x31, 0x35, 0x0d, 0x08, 0x30, 0x32, 0x08, 0x10, 0x79,
  0x68, 0x6e, 0xde, 0xe7, 0xfa, 0x97, 0x81, 0x89, 0x8f, 0x83, 0x82, 0x83,
  0x87, 0x84, 0x81, 0x8d, 0x8f, 0x81, 0x99, 0xee, 0xcf, 0xe0, 0x9f, 0x98,
  0xe3, 0x76, 0x6c, 0x63, 0x64, 0x61, 0x51, 0xf3, 0xd8, 0x6d, 0x12, 0x15,
  0x7c, 0xc6, 0xfa, 0xea, 0xe0, 0x50, 0x4b, 0x51, 0xe7, 0x91, 0x92, 0x96,
  0xee, 0xe0, 0xe7, 0xe3, 0x97, 0x91, 0x95, 0xe8, 0xea, 0xe5, 0xde, 0xf8,
  0xe3, 0xe2, 0xf8, 0xc6, 0x53, 0x4b, 0x7c, 0x76, 0xf5, 0xf6, 0xc6, 0x7c,
  0x62, 0xd5, 0xe5, 0xe0, 0xfe, 0xfd, 0xec, 0x97, 0x97, 0xed, 0x94, 0x9d,
  0x9d, 0x92, 0x91, 0x99, 0x98, 0x91, 0x97, 0x91, 0x92, 0x92, 0xe8, 0xff,
  0xfe, 0xe5, 0x7f, 0x06, 0x34, 0x0a, 0x1a, 0x1f, 0x0a, 0x3f, 0x3f, 0x30,
  0x36, 0x30, 0x34, 0x03, 0x0e, 0x31, 0x31, 0x06, 0x70, 0x60, 0x10, 0x4a,
  0x92, 0x93, 0xcc, 0xee, 0x82, 0xb5, 0x82, 0x84, 0x81, 0x80, 0x9c, 0x94,
  0x84, 0x8f, 0x86, 0xee, 0x52, 0xd2, 0xe7, 0xf8, 0xe1, 0xec, 0xfd, 0x64,
  0x17, 0x68, 0x65, 0x7d, 0x7f, 0x72, 0x57, 0x49, 0x78, 0x62, 0x63, 0x5d,
  0xe1, 0x93, 0x90, 0xfa, 0x75, 0x7d, 0xf8, 0x9e, 0x84, 0x93, 0xcb, 0x52,
  0x54, 0xf7, 0xee, 0x94, 0x97, 0xe2, 0x4f, 0x6d, 0x44, 0xe0, 0xee, 0xe2,
  0xc7, 0x5a, 0x50, 0x5b, 0x79, 0x53, 0xe7, 0xe2, 0xfb, 0x70, 0x7a, 0xc1,
  0xe3, 0x95, 0x96, 0x94, 0x97, 0xe9, 0xe0, 0xe7, 0x91, 0x99, 0x9f, 0x92,
  0x95, 0xe9, 0xe9, 0x90, 0x9f, 0x9f, 0x93, 0xe9, 0xca, 0x56, 0xfc, 0xf7,
  0x13, 0x09, 0x37, 0x02, 0x18, 0x02, 0x33, 0x3c, 0x30, 0x36, 0x31, 0x31,
  0x0e, 0x03, 0x35, 0x36, 0x02, 0x66, 0x74, 0x11, 0x7b, 0x9c, 0x80, 0x91,
  0xed, 0x86, 0x88, 0x88, 0x80, 0x80, 0x82, 0x85, 0x95, 0x92, 0x81, 0x87,
  0xed, 0xd7, 0xd3, 0xf7, 0x72, 0x79, 0x5c, 0x74, 0x6a, 0x12, 0x15, 0x6d,
  0x6a, 0x6b, 0x40, 0xc5, 0x5b, 0x64, 0x41, 0xf7, 0xe5, 0xca, 0xfa, 0x95,
  0x90, 0x93, 0x96, 0x95, 0xe6, 0xe7, 0xea, 0x9d, 0x90, 0xe6, 0x5c, 0x75,
  0x5a, 0xf6, 0xe5, 0xcd, 0x7a, 0x62, 0x77, 0xca, 0xcf, 0x75, 0x74, 0xe5,
  0xe2, 0xf6, 0xd7, 0x4c, 0xf1, 0xe2, 0xe2, 0xe9, 0x95, 0xe6, 0xf0, 0xef,
  0x94, 0x90, 0x9c, 0x93, 0x97, 0x94, 0x97, 0x9c, 0x99, 0x9d, 0x92, 0x98,
  0x9f, 0x94, 0xe8, 0x96, 0x92, 0x91, 0x97, 0xfc, 0x5f, 0x66, 0x1f, 0x03,
  0x35, 0x35, 0x0c, 0x0e, 0x31, 0x3c, 0x32, 0x31, 0x30, 0x33, 0x34, 0x07,
  0x00, 0x35, 0x08, 0x1f, 0xd2, 0xd4, 0x54, 0x99, 0x8d, 0x84, 0x91, 0x84,
  0x8b, 0xb5, 0x8c, 0x81, 0x82, 0x86, 0xea, 0xe4, 0x93, 0x9a, 0x94, 0x49,
  0x42, 0xc3, 0x64, 0x12, 0x17, 0x7c, 0x42, 0x6c, 0x17, 0x6d, 0x63, 0x6e,
  0x7b, 0xfc, 0xed, 0xe1, 0xe1, 0xe0, 0xf4, 0xe7, 0x91, 0x9a, 0x92, 0xe6,
  0xe4, 0x92, 0x99, 0xec, 0xca, 0xfc, 0xf0, 0x40, 0x76, 0xcb, 0xff, 0x7e,
  0x10, 0x17, 0x4e, 0xc2, 0x72, 0x6e, 0x79, 0x4b, 0x70, 0x70, 0x53, 0xf9,
  0xf7, 0xd0, 0xc6, 0xe2, 0xe0, 0xc9, 0xc1, 0xee, 0x97, 0xe0, 0xf5, 0xe3,
  0x91, 0x9d, 0x96, 0xeb, 0x90, 0x9d, 0x94, 0x96, 0x99, 0x98, 0x9b, 0x96,
  0x97, 0x98, 0x84, 0x9c, 0xe8, 0x94, 0xea, 0xec, 0x54, 0x6e, 0x13, 0x0d,
  0x37, 0x37, 0x0e, 0x09, 0x31, 0x3f, 0x3c, 0x31, 0x31, 0x30, 0x34, 0x03,
  0x01, 0x03, 0x06, 0x14, 0xf5, 0xf4, 0xec, 0x81, 0x88, 0x8f, 0x86, 0x81,
  0x8e, 0x8b, 0x8f, 0x8d, 0x8e, 0x81, 0x90, 0xe6, 0xe1, 0xeb, 0xf3, 0x7f,
  0x7c, 0x7d, 0x17, 0x1f, 0x18, 0x1c, 0x17, 0x6a, 0x62, 0x60, 0x6e, 0x69,
  0x77, 0xf7, 0xe2, 0x97, 0x9c, 0x9c, 0x97, 0xea, 0x90, 0x9d, 0x9e, 0x9b,
  0x84, 0x9c, 0xfb, 0x5c, 0xe0, 0x96, 0xe4, 0x76, 0x78, 0xd6, 0x7a, 0x1c,
  0x12, 0x78, 0x59, 0x60, 0x11, 0x14, 0x64, 0x60, 0x6e, 0x5a, 0xe4, 0xf2,
  0x71, 0x66, 0x44, 0xf6, 0xf4, 0xcd, 0xff, 0xe4, 0xe1, 0xe5, 0xfb, 0xec,
  0xee, 0xed, 0x94, 0x93, 0x98, 0x99, 0x97, 0xe9, 0x97, 0x99, 0x84, 0x84,
  0x9b, 0x9d, 0x90, 0x96, 0x9e, 0x9b, 0x92, 0x95, 0xf4, 0xc7, 0x59, 0x14,
  0x05, 0x0e, 0x37, 0x37, 0x0b, 0x08, 0x30, 0x3c, 0x3f, 0x31, 0x35, 0x37,
  0x34, 0x03, 0x1f, 0x1a, 0x19, 0x79, 0xea, 0x94, 0xea, 0x84, 0x8a, 0x8a,
  0x83, 0x86, 0x8f, 0x88, 0x82, 0x86, 0x81, 0x84, 0xee, 0x5a, 0x52, 0xf5,
  0x4c, 0x17, 0x17, 0x61, 0x15, 0x18, 0x1a, 0x1d, 0x10, 0x14, 0x60, 0x58,
  0xc4, 0xd2, 0xf5, 0xe3, 0xeb, 0x96, 0x99, 0x85, 0x9b, 0x9c, 0x9f, 0x98,
  0x9d, 0xea, 0x96, 0x9c, 0xef, 0xce, 0xd4, 0xcf, 0x54, 0x6f, 0x12, 0x16,
  0x64, 0x61, 0x63, 0x6a, 0x11, 0x11, 0x15, 0x64, 0x4d, 0x5c, 0xc3, 0xfc,
  0xde, 0x45, 0x51, 0xc7, 0xf9, 0xe3, 0xe1, 0xe0, 0xff, 0xd6, 0x51, 0xd9,
  0x41, 0xd4, 0xdf, 0xd2, 0xcd, 0x57, 0x53, 0xf5, 0xe9, 0x91, 0x90, 0x96,
  0x92, 0x9f, 0x92, 0x93, 0x9a, 0x86, 0x83, 0x86, 0x9f, 0x99, 0x9a, 0x9a,
  0x9e, 0x91, 0xee, 0xc2, 0x63, 0x19, 0x04, 0x02, 0x34, 0x30, 0x30, 0x35,
  0x34, 0x3d, 0x3e, 0x33, 0x0b, 0x0b, 0x0a, 0x02, 0x10, 0x6c, 0x6a, 0xdf,
  0x9a, 0x80, 0x84, 0x86, 0x8b, 0xb6, 0xb5, 0x8d, 0x8d, 0x8c, 0x81, 0x98,
  0x9c, 0x95, 0xdb, 0x68, 0x11, 0x16, 0x1d, 0x04, 0x06, 0x04, 0x1b, 0x19,
  0x19, 0x1d, 0x11, 0x6a, 0x40, 0xe2, 0x96, 0x91, 0x9c, 0x9b, 0x9a, 0x9a,
  0x87, 0x80, 0x81, 0x9a, 0x99, 0x9a, 0x9c, 0xe1, 0xcd, 0xf3, 0xf2, 0x41,
  0x6e, 0x15, 0x15, 0x13, 0x1d, 0x16, 0x68, 0x6a, 0x14, 0x68, 0x60, 0x67,
  0x60, 0x73, 0xda, 0xe3, 0xe9, 0xf8, 0x50, 0xd6, 0xfb, 0xe3, 0xe2, 0xe3,
  0xfa, 0xf5, 0x45, 0x79, 0x61, 0x67, 0x65, 0x62, 0x6b, 0x62, 0x63, 0x6e,
  0x15, 0x63, 0x59, 0xf2, 0xe4, 0xed, 0x96, 0x9c, 0x99, 0x84, 0x80, 0x82,
  0x80, 0x81, 0x82, 0x8f, 0x8f, 0x83, 0x87, 0x84, 0x9b, 0x9f, 0x90, 0xe3,
  0x67, 0x1f, 0x1a, 0x04, 0x00, 0x0b, 0x30, 0x3d, 0x3d, 0x30, 0x36, 0x33,
  0x33, 0x36, 0x08, 0x0d, 0x03, 0x1a, 0x7c, 0xec, 0xed, 0x9f, 0x8c, 0x8a,
  0x8c, 0x80, 0x8e, 0xb5, 0x8a, 0x82, 0x86, 0x87, 0x9f, 0xe4, 0x7f, 0x67,
  0x15, 0x1a, 0x06, 0x04, 0x07, 0x00, 0x02, 0x01, 0x1b, 0x10, 0x6e, 0x7e,
  0xc7, 0xe5, 0x94, 0x99, 0x84, 0x87, 0x81, 0x8d, 0x8d, 0x80, 0x86, 0x86,
  0x84, 0x91, 0xef, 0xed, 0xe1, 0x58, 0x68, 0x11, 0x11, 0x1d, 0x1a, 0x18,
  0x1d, 0x10, 0x13, 0x16, 0x61, 0x53, 0xc0, 0xc9, 0xe0, 0x95, 0x93, 0x9f,
  0x98, 0x99, 0x93, 0x97, 0x91, 0x97, 0xfc, 0x5f, 0x71, 0x6e, 0x12, 0x05,
  0x07, 0x05, 0x05, 0x07, 0x06, 0x07, 0x06, 0x04, 0x10, 0x64, 0x71, 0x46,
  0xff, 0xed, 0x96, 0x98, 0x99, 0x9d, 0x9b, 0x84, 0x9a, 0x98, 0x9e, 0x9d,
  0x97, 0xee, 0xec, 0xe8, 0xe8, 0xef, 0xe2, 0xe2, 0xef, 0xea, 0x93, 0x9f,
  0x9f, 0x92, 0x97, 0xe8, 0x9d, 0x87, 0x9e, 0xec, 0xd7, 0x6f, 0x1c, 0x1a,
  0x1b, 0x01, 0x08, 0x37, 0x37, 0x34, 0x37, 0x31, 0x30, 0x35, 0x02, 0x01,
  0x07, 0x10, 0x59, 0xc5, 0x52, 0xeb, 0x81, 0x8d, 0x81, 0x81, 0x8d, 0x82,
  0x86, 0x99, 0x9c, 0x9d, 0xeb, 0xde, 0x73, 0x7f, 0x15, 0x19, 0x05, 0x04,
  0x05, 0x1e, 0x12, 0x10, 0x17, 0x6d, 0x74, 0xca, 0xe1, 0x94, 0x98, 0x84,
  0x87, 0x86, 0x83, 0x82, 0x87, 0x99, 0x98, 0x9b, 0x9c, 0x94, 0xfe, 0xd2,
  0x76, 0x15, 0x12, 0x11, 0x11, 0x1f, 0x19, 0x1f, 0x16, 0x15, 0x14, 0x6f,
  0x7c, 0xc2, 0xe3, 0x97, 0x93, 0x9c, 0x9c, 0x9d, 0x9f, 0x9f, 0x99, 0x9e,
  0x91, 0xe9, 0xe0, 0xfd, 0x5a, 0x60, 0x17, 0x10, 0x1c, 0x05, 0x06, 0x04,
  0x19, 0x18, 0x07, 0x04, 0x1d, 0x17, 0x15, 0x66, 0x44, 0x54, 0xc1, 0xe7,
  0xea, 0x97, 0xea, 0xef, 0xee, 0x97, 0x96, 0x96, 0x96, 0xee, 0xf1, 0xc0,
  0xc6, 0xd6, 0x5d, 0x50, 0x42, 0x70, 0x76, 0x71, 0x72, 0x4b, 0xc3, 0xfe,
  0xe5, 0xed, 0x95, 0x94, 0xee, 0xe8, 0x90, 0x92, 0x93, 0x9d, 0x9f, 0x92,
  0x93, 0x93, 0x96, 0xec, 0xed, 0xec, 0xe7, 0xf7, 0xc9, 0x5c, 0x62, 0x1c,
  0x0d, 0x36, 0x30, 0x08, 0x1a, 0x01, 0x34, 0x37, 0x08, 0x0d, 0x01, 0x18,
  0x6a, 0x44, 0xf8, 0xeb, 0x99, 0x83, 0x80, 0x99, 0x9d, 0x87, 0x80, 0x80,
  0x83, 0x81, 0x91, 0xd7, 0x67, 0x6c, 0x6f, 0x14, 0x12, 0x1f, 0x19, 0x18,
  0x18, 0x1c, 0x1d, 0x12, 0x15, 0x42, 0xe6, 0x96, 0x99, 0x85, 0x9f, 0x90,
  0x9c, 0x87, 0x80, 0x87, 0x99, 0x9e, 0x9f, 0xef, 0x5f, 0x7d, 0x67, 0x17,
  0x1d, 0x13, 0x11, 0x10, 0x1f, 0x18, 0x18, 0x1c, 0x16, 0x63, 0x58, 0xf9,
  0xe2, 0xe8, 0x96, 0x91, 0x90, 0x9e, 0x98, 0x9f, 0x9f, 0x9e, 0x9d, 0x94,
  0xf9, 0x4d, 0x66, 0x6f, 0x6a, 0x17, 0x11, 0x13, 0x1e, 0x1a, 0x1a, 0x19,
  0x1d, 0x11, 0x15, 0x64, 0xd7, 0xf4, 0xff, 0xe3, 0xe2, 0xe3, 0xef, 0x97,
  0x93, 0x92, 0x92, 0x91, 0xef, 0xf5, 0xdf, 0xd8, 0x4c, 0x7b, 0x73, 0x70,
  0x6c, 0x15, 0x6f, 0x6e, 0x14, 0x6a, 0x66, 0x72, 0x77, 0x55, 0xca, 0xf7,
  0xc8, 0xf4, 0xfa, 0xe2, 0xeb, 0xe8, 0xe2, 0xfe, 0xf0, 0xf8, 0xff, 0xf7,
  0xc9, 0xde, 0x5b, 0x40, 0x75, 0x7f, 0x65, 0x66, 0x6c, 0x6e, 0x67, 0x74,
  0x58, 0x5d, 0xd0, 0xdb, 0xc9, 0xf3, 0xf2, 0xfe, 0xe1, 0xea, 0x94, 0xeb,
  0xef, 0xec, 0xe0, 0xf9, 0xff, 0xff, 0xc8, 0xc5, 0xc8, 0xdb, 0x71, 0x65,
  0x7b, 0x61, 0x6d, 0x7b, 0x76, 0x7b, 0x73, 0xd4, 0x47, 0x7e, 0x5e, 0xf7,
  0xc5, 0xdb, 0xe7, 0xfe, 0x61, 0x1d, 0x1c, 0x17, 0x6f, 0x60, 0x60, 0x6d,
  0x68, 0x16, 0x16, 0x14, 0x15, 0x6c, 0x7f, 0x5d, 0xdf, 0xf7, 0xfb, 0xfa,
  0xf1, 0xd4, 0x50, 0xc8, 0xe2, 0x95, 0x94, 0xeb, 0xe7, 0xdd, 0x74, 0x75,
  0x58, 0xd8, 0xca, 0xc3, 0xd3, 0x5d, 0x5a, 0x5e, 0x54, 0x5a, 0x40, 0xc6,
  0xe7, 0xef, 0xe9, 0xe9, 0xed, 0xe4, 0xfc, 0xfe, 0xf8, 0xfa, 0xe1, 0xe2,
  0xe6, 0xf2, 0xc2, 0xd4, 0x40, 0x72, 0x78, 0x73, 0x40, 0x5f, 0x5f, 0x5b,
  0x4a, 0x7c, 0x65, 0x7b, 0x77, 0x53, 0xcc, 0xf6, 0xf6, 0xf4, 0xcb, 0xc5,
  0xd1, 0xd2, 0xd7, 0xd6, 0xde, 0xd1, 0x5f, 0x42, 0x46, 0x44, 0x77, 0x7a,
  0x7a, 0x7c, 0x7f, 0x73, 0x75, 0x74, 0x73, 0x77, 0x44, 0x5a, 0x43, 0x5d,
  0xd9, 0xd2, 0xde, 0xf4, 0xca, 0xcf, 0xf3, 0xff, 0xf4, 0xc2, 0xca, 0xf4,
  0xc9, 0xc0, 0xda, 0xd3, 0xd4, 0xd5, 0x59, 0x4f, 0x45, 0x51, 0x54, 0xd6,
  0xdf, 0xd8, 0xc5, 0xc6, 0xc0, 0xce, 0xca, 0xf7, 0xf3, 0xf0, 0xf7, 0xf6,
  0xf1, 0xf6, 0xf4, 0xcf, 0xd2, 0xd1, 0xd0, 0xdc, 0xdb, 0xda, 0xd3, 0x5f,
  0x44, 0x5a, 0x45, 0x45, 0x56, 0xd7, 0xd4, 0xd8, 0xc5, 0xd1, 0xdc, 0xd8,
  0x5e, 0x43, 0x53, 0x55, 0x58, 0x4e, 0x64, 0x16, 0x1f, 0x12, 0x16, 0x13,
  0x11, 0x6c, 0x60, 0x6e, 0x60, 0x7f, 0x72, 0x75, 0x55, 0xf5, 0xfa, 0xec,
  0x94, 0x97, 0x95, 0xef, 0xe7, 0xf8, 0xfa, 0xe5, 0xfa, 0xf8, 0xf6, 0xd7,
  0x75, 0x78, 0x66, 0x61, 0x61, 0x66, 0x78, 0x76, 0x44, 0xd3, 0xc0, 0xda,
  0xde, 0xcb, 0xf9, 0xe1, 0xed, 0xe8, 0xeb, 0xe9, 0xe2, 0xe4, 0xf9, 0xf2,
  0xcb, 0xdd, 0x53, 0x5b, 0x42, 0x75, 0x70, 0x79, 0x64, 0x66, 0x67, 0x7b,
  0x77, 0x5e, 0xd2, 0xc1, 0xce, 0xf5, 0xf6, 0xf0, 0xfc, 0xfb, 0xe7, 0xe6,
  0xe7, 0xe4, 0xf8, 0xf1, 0xc1, 0x57, 0x4e, 0x71, 0x70, 0x73, 0x7c, 0x7f,
  0x78, 0x64, 0x61, 0x61, 0x64, 0x7f, 0x74, 0x46, 0x56, 0xde, 0xc0, 0xce,
  0xf5, 0xf1, 0xf3, 0xf2, 0xf2, 0xfd, 0xfd, 0xf0, 0xcb, 0xc5, 0xd7, 0x5e,
  0x4d, 0x75, 0x77, 0x71, 0x72, 0x7c, 0x7f, 0x7f, 0x7d, 0x73, 0x70, 0x77,
  0x4f, 0x5e, 0x55, 0xdc, 0xc7, 0xcd, 0xcf, 0xce, 0xc9, 0xcb, 0xcb, 0xcf,
  0xc2, 0xc0, 0xc4, 0xdd, 0x57, 0x59, 0x45, 0x43, 0x49, 0x4b, 0x4d, 0x46,
  0x44, 0x45, 0x5b, 0x5d, 0x57, 0xd6, 0xde, 0xc1, 0xcb, 0xf7, 0xf0, 0xf2,
  0xfd, 0xf0, 0xf7, 0xf5, 0xc9, 0xc2, 0xc7, 0xde, 0xd7, 0x51, 0x5f, 0x43,
  0x75, 0x75, 0x75, 0x75, 0x4a, 0x4c, 0x43, 0x47, 0x5e, 0x52, 0x56, 0xd7,
  0xdc, 0xda, 0xc1, 0xcf, 0xc8, 0xce, 0xc2, 0xc6, 0xc5, 0xdb, 0xdd, 0xd4,
  0x51, 0x53, 0x5f, 0x44, 0x42, 0x4f, 0x4e, 0x48, 0x75, 0x4a, 0x49, 0x4d,
  0x46, 0x5b, 0x5e, 0x52, 0x56, 0xd5, 0xd7, 0xd3, 0xdf, 0xd8, 0xda, 0xc5,
  0xc5, 0xda, 0xd8, 0xdf, 0xdc, 0xdc, 0xdd, 0xd0, 0xd1, 0xd6, 0xd7, 0xd5,
  0x57, 0x56, 0x57, 0x55, 0xd5, 0xd7, 0xd0, 0xdd, 0xdd, 0xd3, 0xd3, 0xdd,
  0xdd, 0xdd, 0xdc, 0xdc, 0xdd, 0xd3, 0xd7, 0x55, 0x57, 0x56, 0x52, 0x5f,
  0x59, 0x58, 0x58, 0x59, 0x59, 0x58, 0x5b, 0x59, 0x59, 0x5e, 0x53, 0x57,
  0xd5, 0xd6, 0xd3, 0xdf, 0xdf, 0xde, 0xde, 0xd9, 0xd9, 0xd9, 0xde, 0xdc,
  0xd3, 0xd6, 0xd4, 0xd5, 0x57, 0x50, 0x53, 0x52, 0x5d, 0x5d, 0x5d, 0x52,
  0x50, 0x56, 0x57, 0x55, 0xd7, 0xd6, 0xd0, 0xd3, 0xd2, 0xd2, 0xd2, 0xd2,
  0xd3, 0xd3, 0xd1, 0xd6, 0xd4, 0x55, 0x54, 0x56, 0x51, 0x50, 0x53, 0x52,
  0x5d, 0x51, 0x56, 0x54, 0x54, 0x51, 0x55, 0xd3, 0xdf, 0xd1, 0x57, 0x54,
  0xd3, 0xd9, 0xd3, 0xd7, 0xd4, 0x55, 0xd4, 0xd0, 0xd6, 0xd7, 0x54, 0x59,
  0x5f, 0xd7, 0xdd, 0xd5, 0x5b, 0x44, 0x56, 0xdf, 0xd4, 0x53, 0x51, 0x5d,
  0xd6, 0xdc, 0xd7, 0x50, 0x50, 0xdc, 0xdf, 0xd3, 0x55, 0xc5, 0xc3, 0x59,
  0x53, 0xd2, 0xd2, 0x50, 0x5a, 0xd7, 0x41, 0x5b, 0xd8, 0xe1, 0xf6, 0x6a,
  0x15, 0x70, 0xe0, 0xe2, 0xd3, 0x6c, 0x61, 0xcb, 0xe4, 0xc5, 0x71, 0x4f,
  0xd4, 0x50, 0x75, 0x5c, 0xf6, 0xe3, 0xe4, 0x58, 0x61, 0x67, 0x55, 0xf8,
  0xf7, 0xdf, 0xd6, 0xd5, 0x50, 0x5c, 0xd3, 0xd4, 0xd7, 0x51, 0x4a, 0x73,
  0xd6, 0xe6, 0xe4, 0xd3, 0x73, 0x71, 0x40, 0xde, 0xc6, 0x56, 0x5d, 0xd3,
  0xc0, 0xc4, 0xda, 0xd2, 0x47, 0x77, 0x75, 0x59, 0xc2, 0xf7, 0xc0, 0xd5,
  0x58, 0x5b, 0x56, 0xdc, 0x52, 0x41, 0x51, 0xdc, 0xd4, 0xd4, 0xc6, 0xf1,
  0xf9, 0xc5, 0x6e, 0x17, 0x77, 0xe0, 0x95, 0xe7, 0x4f, 0x67, 0x74, 0x57,
  0x42, 0x44, 0xf7, 0xff, 0x57, 0x65, 0x67, 0x5c, 0xe7, 0xe0, 0xc2, 0x7c,
  0x61, 0x7b, 0x5c, 0xf7, 0xf8, 0xfe, 0xc2, 0x48, 0x65, 0x7d, 0xd0, 0xfd,
  0xf2, 0x55, 0x71, 0x4e, 0xdb, 0xf4, 0xc8, 0xc4, 0x54, 0x42, 0x75, 0x40,
  0xd3, 0xcb, 0xf4, 0xc0, 0xd4, 0x45, 0x4c, 0x4d, 0x44, 0x52, 0xd4, 0xd0,
  0xd1, 0xd4, 0x54, 0x56, 0x53, 0x5d, 0x5f, 0x5f, 0x53, 0xd5, 0xd3, 0xd9,
  0xdb, 0xde, 0xd6, 0x51, 0x50, 0x54, 0xd7, 0xd3, 0xdd, 0xdd, 0xdd, 0xdf,
  0xd2, 0xd5, 0x53, 0x5f, 0x59, 0x5c, 0x55, 0xdd, 0xd8, 0xdc, 0x54, 0x5e,
  0x5a, 0x5e, 0x57, 0xd1, 0xd6, 0xd5, 0xd4, 0xd4, 0xd7, 0xd1, 0xd7, 0x51,
  0x52, 0x53, 0x51, 0xd7, 0xde, 0xd8, 0xd2, 0x54, 0x52, 0x5d, 0x53, 0x57,
  0x55, 0xd4, 0xd5, 0xd5, 0xd5, 0x54, 0x57, 0x57, 0x57, 0x50, 0x53, 0x51,
  0x54, 0xd4, 0xd0, 0xd1, 0xd7, 0x55, 0x57, 0x54, 0xd5, 0xd6, 0xd1, 0xd6,
  0xd7, 0xd4, 0xd7, 0xd6, 0xd6, 0xd4, 0x57, 0x51, 0x50, 0x57, 0xd5, 0xd6,
  0xd1, 0xd7, 0x55, 0x51, 0x53, 0x53, 0x53, 0x56, 0x55, 0xd4, 0xd7, 0xd6,
  0xd5, 0x56, 0x51, 0x50, 0x50, 0x54, 0xd5, 0xd7, 0xd6, 0xd7, 0xd4, 0x55,
  0x55, 0x55, 0x54, 0xd5, 0xd7, 0xd6, 0xd1, 0xd1, 0xd7, 0xd5, 0xd4, 0x54,
  0x54, 0xd5, 0x54, 0x55, 0xd5, 0xd5, 0xd4, 0xd4, 0xd7, 0xd5, 0x55, 0x54,
  0x54, 0x54, 0xd5, 0xd7, 0xd7, 0xd6, 0xd0, 0xd6, 0xd1, 0xd6, 0xd5, 0x54,
  0x54, 0x54, 0x55, 0xd4, 0xd5, 0x54, 0x56, 0x53, 0x50, 0x51, 0x51, 0x56,
  0x57, 0x56, 0x51, 0x51, 0x56, 0x56, 0x51, 0x56, 0x57, 0x54, 0x54, 0x55,
  0xd4, 0xd7, 0xd7, 0xd4, 0xd5, 0xd4, 0xd5, 0xd5, 0xd4, 0xd7, 0xd4, 0xd4,
  0xd7, 0xd5, 0x55, 0x54, 0x57, 0x57, 0x57, 0x54, 0x54, 0xd5, 0xd5, 0xd5,
  0x55, 0x57, 0x57, 0x57, 0x55, 0xd4, 0xd7, 0xd4, 0xd7, 0xd4, 0xd4, 0xd5,
  0xd5, 0xd4, 0xd4, 0xd4, 0xd5, 0xd5, 0xd5, 0x55, 0x54, 0x57, 0x56, 0x51,
  0x56, 0x51, 0x50, 0x53, 0x51, 0x56, 0x57, 0x51, 0x50, 0x51, 0x56, 0x57,
  0x55, 0xd5, 0xd5, 0xd5, 0xd4, 0xd6, 0xd1, 0xd1, 0xd1, 0xd1, 0xd6, 0xd7,
  0xd7, 0xd1, 0xd1, 0xd1, 0xd4, 0x55, 0x55, 0x55, 0x55, 0x55, 0xd5, 0xd5,
  0xd5, 0xd5, 0x55, 0xd5, 0xd5, 0xd5, 0x54, 0x54, 0x55, 0xd5, 0xd7, 0xd6,
  0xd6, 0xd7, 0xd5, 0xd5, 0xd5, 0xd5, 0xd5, 0x54, 0x55, 0xd4, 0xd4, 0xd5,
  0x54, 0x57, 0x57, 0x56, 0x51, 0x51, 0x56, 0x55, 0x54, 0x57, 0x57, 0x57,
  0x57, 0x57, 0x55, 0xd4, 0xd7, 0xd5, 0x54, 0x55, 0xd6, 0xd0, 0xd0, 0xd7,
  0x55, 0x54, 0x55, 0xd5, 0x54, 0x57, 0x57, 0x57, 0x54, 0x57, 0x56, 0x56,
  0x56, 0x57, 0x57, 0x56, 0x54, 0xd5, 0xd7, 0xd6, 0xd4, 0x54, 0x55, 0xd4,
  0xd7, 0xd4, 0xd5, 0xd5, 0xd4, 0xd7, 0xd4, 0xd5, 0x55, 0x57, 0x51, 0x51,
  0x51, 0x56, 0x57, 0x54, 0x54, 0x56, 0x51, 0x51, 0x50, 0x50, 0x50, 0x56,
  0x55, 0xd5, 0x55, 0x57, 0x54, 0x54, 0xd5, 0xd4, 0xd6, 0xd6, 0xd7, 0xd7,
  0xd7, 0xd7, 0xd1, 0xd3, 0xd3, 0xd0, 0xd6, 0xd4, 0xd7, 0xd1, 0xd6, 0xd1,
  0xd6, 0xd5, 0x54, 0x54, 0xd5, 0xd5, 0x54, 0x56, 0x51, 0x51, 0x51, 0x51,
  0x57, 0x57, 0x56, 0x56, 0x56, 0x54, 0x55, 0xd5, 0xd5, 0x55, 0x54, 0x55,
  0xd5, 0xd4, 0xd4, 0xd4, 0xd5, 0xd5, 0xd5, 0xd5, 0xd4, 0xd4, 0xd5, 0xd5,
  0xd4, 0xd4, 0x55, 0x55, 0x55, 0x55, 0x55, 0xd5, 0xd5, 0x54, 0x54, 0x56,
  0x56, 0x57, 0x57, 0x57, 0x54, 0x55, 0xd5, 0x54, 0x54, 0x55, 0xd5, 0xd4,
  0xd4, 0xd7, 0xd6, 0xd6, 0xd1, 0xd1, 0xd0, 0xd0, 0xd6, 0xd7, 0xd7, 0xd4,
  0xd4, 0xd7, 0xd7, 0xd5, 0x55, 0x57, 0x57, 0x57, 0x56, 0x56, 0x56, 0x56,
  0x56, 0x51, 0x51, 0x56, 0x57, 0x57, 0x57, 0x57, 0x57, 0x54, 0x54, 0x55,
  0x55, 0xd5, 0x55, 0x54, 0x54, 0x54, 0x55, 0xd5, 0xd4, 0xd4, 0xd7, 0xd7,
  0xd5, 0xd5, 0xd4, 0xd6, 0xd6, 0xd7, 0xd7, 0xd4, 0xd4, 0xd6, 0xd6, 0xd6,
  0xd7, 0xd5, 0xd5, 0xd5, 0xd4, 0xd4, 0xd5, 0xd5, 0x55, 0x57, 0x57, 0x54,
  0xd5, 0xd4, 0xd5, 0x55, 0x54, 0x55, 0x55, 0xd5, 0xd5, 0x54, 0x57, 0x57,
  0x57, 0x57, 0x54, 0x55, 0x54, 0x51, 0x50, 0x50, 0x56, 0x54, 0x54, 0x54,
  0x51, 0x51, 0x54, 0x55, 0xd5, 0x55, 0x54, 0x57, 0x56, 0x54, 0xd5, 0xd4,
  0xd4, 0x54, 0x57, 0x54, 0xd5, 0xd5, 0xd5, 0xd4, 0xd4, 0xd5, 0x55, 0xd5,
  0xd4, 0xd7, 0xd7, 0x55, 0x55, 0xd5, 0xd4, 0xd7, 0xd6, 0xd7, 0xd4, 0xd5,
  0xd4, 0xd4, 0xd7, 0xd6, 0xd6, 0xd4, 0xd5, 0x55, 0x55, 0xd5, 0xd5, 0xd4,
  0xd5, 0x57, 0x51, 0x56, 0x57, 0x57, 0x51, 0x51, 0x51, 0x51, 0x50, 0x51,
  0x56, 0x57, 0x54, 0x57, 0x57, 0x55, 0xd4, 0xd4, 0xd4, 0xd7, 0xd6, 0xd7,
  0xd7, 0xd6, 0xd6, 0xd6, 0xd6, 0xd4, 0xd4, 0xd4, 0xd4, 0xd4, 0xd5, 0xd5,
  0x57, 0x57, 0x57, 0x57, 0x54, 0x55, 0x55, 0x54, 0x54, 0x54, 0x54, 0x55,
  0xd4, 0xd5, 0x55, 0x54, 0xd5, 0xd4, 0xd6, 0xd7, 0xd7, 0xd4, 0xd5, 0xd5,
  0xd5, 0xd4, 0xd7, 0xd7, 0x55, 0x57, 0x56, 0x56, 0x54, 0x54, 0x54, 0x56,
  0x56, 0x51, 0x56, 0x57, 0x54, 0x55, 0x54, 0x57, 0x57, 0x54, 0xd5, 0xd4,
  0xd7, 0xd5, 0x54, 0x54, 0x54, 0x55, 0xd5, 0xd5, 0x54, 0x57, 0x57, 0x51,
  0x50, 0x56, 0x51, 0x50, 0x53, 0x56, 0x55, 0x55, 0x54, 0x54, 0x55, 0xd5,
  0xd4, 0xd7, 0xd0, 0xd0, 0xd1, 0xd7, 0xd7, 0xd4, 0xd7, 0xd6, 0xd6, 0xd7,
  0x54, 0x56, 0x56, 0x55, 0x55, 0x56, 0x51, 0x50, 0x50, 0x50, 0x57, 0x57,
  0x54, 0x57, 0x51, 0x51, 0x55, 0xd7, 0xd6, 0xd1, 0xd5, 0x55, 0x54, 0xd4,
  0xd6, 0xd6, 0xd3, 0xd1, 0xd7, 0x55, 0xd4, 0xd7, 0xd4, 0x55, 0xd5, 0x55,
  0x55, 0xd5, 0xd7, 0xd7, 0xd5, 0xd5, 0xd7, 0xd4, 0xd5, 0xd3, 0xdd, 0xdc,
  0xd5, 0x57, 0x56, 0x5d, 0x52, 0x51, 0x57, 0x51, 0x57, 0x54, 0x57, 0x51,
  0xd5, 0x56, 0x51, 0xd7, 0xd3, 0xd5, 0xd1, 0xd8, 0xdd, 0xd5, 0xd7, 0xd6,
  0x56, 0x56, 0x54, 0x54, 0x52, 0x51, 0x5d, 0x58, 0x5c, 0x50, 0x51, 0x50,
  0x51, 0x51, 0x56, 0x51, 0x54, 0xd7, 0xd6, 0xd7, 0xd5, 0xd5, 0x55, 0x57,
  0x55, 0x54, 0x51, 0xd5, 0xd4, 0x54, 0x55, 0xd7, 0x54, 0x56, 0xd5, 0xd4,
  0x57, 0x51, 0x55, 0x55, 0x57, 0xd4, 0xd5, 0x54, 0xd7, 0xd6, 0x54, 0x57,
  0x54, 0xd5, 0xd5, 0xd7, 0xd4, 0x57, 0x55, 0xd4, 0xd5, 0x55, 0xd4, 0xd5,
  0x55, 0xd5, 0xd5, 0xd4, 0xd7, 0xd4, 0xd5, 0xd5, 0xd5, 0xd5, 0xd4, 0xd6,
  0xd1, 0xd7, 0xd7, 0xd4, 0xd7, 0xd0, 0xd3, 0xd2, 0xd2, 0xd3, 0xd1, 0xd7,
  0xd4, 0xd4, 0xd7, 0xd6, 0xd3, 0xd1, 0xd4, 0x54, 0x54, 0x57, 0x54, 0x54,
  0x54, 0x54, 0x54, 0x55, 0x54, 0xd5, 0xd6, 0xd4, 0x56, 0x51, 0x56, 0x56,
  0x56, 0x56, 0x54, 0x56, 0x54, 0x51, 0x53, 0x50, 0x54, 0x55, 0x54, 0xd5,
  0xd5, 0xd5, 0xd0, 0xc0, 0xf4, 0xf6, 0xcb, 0xc6, 0xdb, 0xd4, 0x53, 0x5f,
  0x58, 0x59, 0x50, 0xd5, 0x57, 0x5d, 0x53, 0x59, 0x46, 0x45, 0x58, 0x59,
  0x53, 0xd3, 0xdd, 0xd1, 0x56, 0x59, 0x46, 0x46, 0x5b, 0x58, 0x58, 0x5f,
  0x51, 0x54, 0x51, 0x5f, 0x45, 0x46, 0x41, 0x5a, 0x56, 0xd4, 0xd7, 0xd1,
  0xd3, 0xd1, 0x55, 0x56, 0x56, 0x51, 0xd5, 0xd2, 0xdd, 0xdd, 0xdf, 0xd2,
  0xd4, 0x55, 0x56, 0x52, 0x53, 0xd5, 0xd1, 0xd6, 0xd0, 0xd7, 0x54, 0x55,
  0x55, 0x57, 0x55, 0xd5, 0xd4, 0xd6, 0xd2, 0xdc, 0xdd, 0xd0, 0xd7, 0xd4,
  0xd0, 0xdc, 0xdf, 0xdb, 0xc5, 0xc5, 0xda, 0xd8, 0xdd, 0xd0, 0xd3, 0xd3,
  0xd0, 0xd3, 0xd3, 0xd1, 0xd4, 0xd5, 0x56, 0x53, 0x51, 0x50, 0x51, 0x54,
  0xd5, 0x55, 0x55, 0xd5, 0x55, 0x56, 0x56, 0x56, 0x50, 0x51, 0x57, 0x56,
  0x53, 0x50, 0x53, 0x53, 0x52, 0x53, 0x53, 0x53, 0x51, 0x56, 0x56, 0x57,
  0x57, 0x57, 0x54, 0x55, 0xd5, 0xd5, 0xd4, 0xd4, 0xd4, 0xd5, 0xd5, 0x55,
  0x54, 0xd4, 0xd7, 0xd7, 0xd6, 0xd6, 0xd4, 0xd5, 0x55, 0x57, 0x57, 0x54,
  0x54, 0x54, 0x54, 0x55, 0x57, 0x56, 0x54, 0x56, 0x56, 0x57, 0x55, 0xd5,
  0xd5, 0xd4, 0xd4, 0xd5, 0xd4, 0xd5, 0xd4, 0xd7, 0xd4, 0xd4, 0xd5, 0xd7,
  0xd4, 0x55, 0x55, 0x55, 0x54, 0x57, 0x57, 0x54, 0x57, 0x56, 0x57, 0x56,
  0x51, 0x57, 0x54, 0x54, 0x57, 0x56, 0x54, 0x54, 0x54, 0xd5, 0xd5, 0xd4,
  0xd5, 0x55, 0x54, 0x55, 0xd4, 0xd7, 0xd4, 0xd5, 0xd4, 0xd7, 0xd4, 0xd7,
  0xd6, 0xd7, 0xd4, 0xd4, 0xd1, 0xd1, 0xd7, 0xd4, 0xd7, 0xd4, 0xd5, 0xd5,
  0x55, 0xd5, 0xd5, 0x54, 0x54, 0x56, 0x51, 0x56, 0x57, 0x57, 0x56, 0x56,
  0x56, 0x56, 0x56, 0x56, 0x57, 0x55, 0x54, 0x51, 0x56, 0x55, 0x54, 0x54,
  0x54, 0x54, 0xd5, 0xd5, 0x55, 0x54, 0xd7, 0xd4, 0x55, 0x55, 0x55, 0x54,
  0x55, 0xd4, 0xd4, 0x55, 0x54, 0x57, 0x54, 0xd5, 0xd5, 0x55, 0x55, 0x54,
  0x57, 0x54, 0xd5, 0xd5, 0xd7, 0xd7, 0xd5, 0x54, 0x54, 0xd5, 0xd5, 0xd5,
  0xd5, 0x54, 0xd5, 0xd7, 0xd4, 0x55, 0x55, 0xd5, 0xd4, 0xd4, 0xd4, 0xd5,
  0xd5, 0xd7, 0xd4, 0xd5, 0xd4, 0xd4, 0xd5, 0xd5, 0xd4, 0xd5, 0x57, 0x56,
  0x51, 0x56, 0x57, 0x54, 0x54, 0x57, 0x57, 0x57, 0x54, 0x55, 0x54, 0x55,
  0xd5, 0xd4, 0xd7, 0xd7, 0xd4, 0xd4, 0xd7, 0xd7, 0xd4, 0xd5, 0xd5, 0xd5,
  0xd5, 0x55, 0x55, 0xd5, 0xd4, 0xd4, 0xd7, 0xd4, 0xd4, 0xd4, 0xd6, 0xd1,
  0xd1, 0xd1, 0xd1, 0xd0, 0xd0, 0xd6, 0xd6, 0xd7, 0xd7, 0xd4, 0xd5, 0xd5,
  0x54, 0x57, 0x56, 0x51, 0x56, 0x51, 0x50, 0x50, 0x51, 0x51, 0x56, 0x56,
  0x54, 0x54, 0x57, 0x54, 0x54, 0x55, 0x55, 0xd5, 0xd6, 0xd6, 0xd6, 0xd6,
  0xd7, 0xd7, 0xd4, 0xd5, 0xd5, 0xd4, 0xd4, 0x55, 0x55, 0x55, 0x54, 0x55,
  0x54, 0x57, 0x54, 0x54, 0xd5, 0xd5, 0x55, 0x55, 0x54, 0x55, 0x55, 0xd5,
  0xd4, 0xd7, 0xd7, 0xd7, 0xd7, 0xd4, 0xd4, 0xd7, 0xd6, 0xd7, 0xd7, 0xd7,
  0xd7, 0xd4, 0xd4, 0xd5, 0x54, 0x57, 0x54, 0x57, 0x57, 0x57, 0x56, 0x51,
  0x50, 0x51, 0x57, 0x57, 0x54, 0x57, 0x57, 0x54, 0x55, 0xd5, 0xd4, 0xd4,
  0xd4, 0xd4, 0xd5, 0xd7, 0xd7, 0xd7, 0xd4, 0xd4, 0xd5, 0xd5, 0xd4, 0xd7,
  0xd7, 0xd7, 0xd4, 0x55, 0x55, 0xd5, 0xd4, 0xd5, 0x55, 0x54, 0x54, 0x54,
  0x54, 0x54, 0x54, 0x54, 0x55, 0xd4, 0xd7, 0xd6, 0xd6, 0xd6, 0xd6, 0xd6,
  0xd1, 0xd6, 0xd7, 0xd7, 0xd4, 0x55, 0x54, 0x57, 0x57, 0x56, 0x50, 0x53,
  0x52, 0x53, 0x52, 0x5d, 0x52, 0x53, 0x50, 0x56, 0x57, 0x54, 0x57, 0x54,
  0x55, 0xd4, 0xd4, 0xd4, 0xd4, 0xd7, 0xd7, 0xd7, 0xd4, 0xd7, 0xd1, 0xd1,
  0xd6, 0xd7, 0xd4, 0xd4, 0xd5, 0x55, 0x54, 0x57, 0x56, 0x57, 0x57, 0x55,
  0x54, 0x55, 0xd5, 0xd5, 0xd5, 0xd4, 0xd4, 0xd6, 0xd6, 0xd7, 0xd6, 0xd1,
  0xd1, 0xd1, 0xd6, 0xd6, 0xd6, 0xd6, 0xd6, 0xd6, 0xd6, 0xd7, 0xd4, 0xd5,
  0x54, 0x54, 0x54, 0x57, 0x56, 0x51, 0x51, 0x50, 0x51, 0x56, 0x57, 0x57,
  0x54, 0x55, 0x55, 0x55, 0xd4, 0xd4, 0xd5, 0x55, 0xd5, 0xd5, 0xd4, 0xd4,
  0xd7, 0xd7, 0xd5, 0x55, 0x57, 0x56, 0x57, 0x57, 0x57, 0x56, 0x51, 0x56,
  0x51, 0x56, 0x57, 0x57, 0x54, 0x55, 0xd5, 0xd5, 0xd5, 0x55, 0xd5, 0xd5,
  0xd5, 0xd5, 0xd5, 0xd5, 0xd5, 0xd5, 0xd5, 0xd5, 0xd5, 0xd5, 0x55, 0x55,
  0xd5, 0xd5, 0x55, 0x55, 0x55, 0x55, 0x55, 0x55, 0x55, 0x55, 0xd5, 0x55,
  0x55, 0x55, 0x55, 0x55, 0xd5, 0xd5, 0xd5, 0xd5, 0xd5, 0xd5, 0xd5, 0xd5,
  0xd5, 0xd5, 0x55, 0xd5, 0xd5, 0x55, 0xd5, 0x55, 0x55, 0x55, 0x55, 0x55,
  0xd5, 0x55, 0x55, 0x55, 0x55, 0x55, 0x55, 0x55, 0x55, 0x55, 0x55, 0x55,
  0x55, 0xd5, 0x55, 0xd5, 0xd5, 0x55, 0xd5, 0xd5, 0x55, 0x55, 0x55, 0x55,
  0x55, 0x55, 0x55, 0x55, 0x55, 0x55, 0x55, 0x55, 0x55, 0x55, 0x55, 0xd5,
  0xd5, 0xd5, 0xd5, 0xd5, 0xd5, 0xd5, 0xd5, 0xd5, 0xd5, 0xd5, 0xd5, 0xd5,
  0xd5, 0xd5, 0xd5, 0xd5, 0xd5, 0xd5, 0xd5, 0xd5, 0xd5, 0x55, 0x55, 0x55,
  0x55, 0x55, 0x55, 0x55, 0x55, 0x55, 0x55, 0xd5, 0x55, 0x55, 0x55, 0x55,
  0x55, 0x55, 0xd5, 0x55, 0x55, 0x55, 0xd5, 0x55, 0x55, 0x55, 0xd5, 0x55,
  0x55, 0x55, 0x55, 0x55, 0xd5, 0x55, 0xd5, 0xd5, 0x55, 0x55, 0x55, 0x55,
  0xd5, 0x55, 0x55, 0x55, 0x55, 0x55, 0x55, 0x55, 0x55, 0x55, 0x55, 0x55,
  0x55, 0x55, 0x55, 0x55, 0x55, 0x55, 0x55, 0x55, 0x55, 0x55, 0x55, 0x55,
  0x55, 0x55, 0xd5, 0xd5, 0xd5, 0xd5, 0xd5, 0xd5, 0xd5, 0xd5, 0xd5, 0xd5,
  0xd5, 0xd5, 0xd5, 0xd5, 0xd5, 0x55, 0x55, 0x55, 0xd5, 0x55, 0x55, 0xd5,
  0x55, 0x55, 0xd5, 0x55, 0x55, 0x55, 0x55, 0x55, 0x55, 0xd5, 0x55, 0x55,
  0x55, 0x55, 0x55, 0x55, 0x55, 0x55, 0x55, 0x55, 0x55, 0x55, 0x55, 0x55,
  0x55, 0x55, 0x55, 0x55, 0x55, 0x55, 0x55, 0x55, 0x55, 0x55, 0x55, 0xd5,
  0x55, 0x55, 0xd5, 0x55, 0xd5, 0xd5, 0xd5, 0xd5, 0xd5, 0xd5, 0xd5, 0xd5,
  0xd5, 0xd5, 0xd5, 0xd5, 0xd5, 0xd5, 0x55, 0x55, 0x55, 0x55, 0xd5, 0x55,
  0x55, 0xd5, 0x55, 0x55, 0x55, 0x55, 0x55, 0x55, 0x55, 0x55, 0x55, 0x55,
  0x55, 0x55, 0x55, 0x55, 0x55, 0x55, 0x55, 0x55, 0x55, 0x55, 0x55, 0x55,
  0x55, 0x55, 0x55, 0x55, 0x55, 0x55, 0x55, 0x55, 0x55, 0x55, 0x55, 0x55,
  0xd5, 0xd5, 0xd5, 0xd5, 0xd5, 0xd5, 0xd5, 0xd5, 0xd5, 0x55, 0xd5, 0xd5,
  0xd5, 0xd5, 0xd5, 0xd5, 0xd5, 0xd5, 0xd5, 0x55, 0x55, 0x55, 0x55, 0x55,
  0x55, 0x55, 0x55, 0x55, 0x55, 0x55, 0x55, 0x55, 0x55, 0x55, 0x55, 0xd5,
  0x55, 0x55, 0xd5, 0xd5, 0xd5, 0xd5, 0xd5, 0x55, 0xd5, 0x55, 0xd5, 0xd5,
  0xd5, 0xd5, 0xd5, 0xd5, 0x55, 0x55, 0x55, 0x55, 0x55, 0x55, 0x55, 0x55,
  0x55, 0x55, 0x55, 0x55, 0x55, 0x55, 0x55, 0x55, 0xd5, 0xd5, 0xd5, 0xd5,
  0xd5, 0xd5, 0xd5, 0xd5, 0xd5, 0xd5, 0xd5, 0xd5, 0xd5, 0x55, 0x55, 0x55,
  0xd5, 0x55, 0x55, 0x55, 0x55, 0x55, 0x55, 0x55, 0x55, 0x55, 0x55, 0x55,
  0xd5, 0x55, 0xd5, 0x55, 0xd5, 0xd5, 0x55, 0x55, 0xd5, 0x55, 0xd5, 0xd5,
  0x55, 0x55, 0x55, 0x55, 0x55, 0xd5, 0xd5, 0x55, 0xd5, 0xd5, 0x55, 0x55,
  0xd5, 0xd5, 0xd5, 0x55, 0x55, 0x55, 0x55, 0x55, 0x55, 0x55, 0x55, 0x55,
  0x55, 0xd5, 0x55, 0xd5, 0x55, 0xd5, 0xd5, 0x55, 0x55, 0x55, 0x55, 0x55,
  0x55, 0x55, 0x55, 0x55, 0x55, 0xd5, 0x55, 0xd5, 0xd5, 0x55, 0xd5, 0x55,
  0x55, 0x55, 0x55, 0xd5, 0xd5, 0x55, 0x55, 0x55, 0x55, 0x55, 0xd5, 0x55,
  0xd5, 0xd5, 0x55, 0xd5, 0x55, 0x55, 0x55, 0xd5, 0x55, 0x55, 0x55, 0x55,
  0xd5, 0x55, 0xd5, 0x55, 0x55, 0x55, 0xd5, 0xd5, 0x55, 0x55, 0x55, 0xd5,
  0x55, 0xd5, 0x55, 0x55, 0x55, 0x55, 0x55, 0x55, 0x55, 0x55, 0x55, 0xd5,
  0x55, 0x55, 0xd5, 0xd5, 0x55, 0xd5, 0x55, 0x55, 0xd5, 0xd5, 0xd5, 0xd5,
  0x55, 0xd5, 0xd5, 0xd5, 0xd5, 0x55, 0xd5, 0x55, 0xd5, 0xd5, 0xd5, 0x55,
  0xd5, 0xd5, 0x55, 0xd5, 0x55, 0x55, 0x55, 0xd5, 0xd5, 0x55, 0xd5, 0x55,
  0x55, 0xd5, 0x55, 0xd5, 0xd5, 0x55, 0x55, 0x55, 0x55, 0x55, 0x55, 0x55,
  0x55, 0x55, 0x55, 0x55, 0x55, 0x55, 0x55, 0x55, 0x55, 0x55, 0x55, 0xd5,
  0x55, 0xd5, 0x55, 0xd5, 0x55, 0x55, 0xd5, 0x55, 0x55, 0xd5, 0x55, 0x55,
  0xd5, 0x55, 0xd5, 0xd5, 0xd5, 0x55, 0x55, 0x55, 0x55, 0xd5, 0xd5, 0x55,
  0x55, 0x55, 0x55, 0xd5, 0x55, 0xd5, 0xd5, 0x55, 0xd5, 0xd5, 0x55, 0xd5,
  0xd5, 0x55, 0xd5, 0xd5, 0xd5, 0xd5, 0xd5, 0x55, 0xd5, 0x55, 0x55, 0xd5,
  0xd5, 0xd5, 0x55, 0xd5, 0xd5, 0xd5, 0x55, 0x55, 0xd5, 0x55, 0xd5, 0x55,
  0xd5, 0xd5, 0x55, 0x55, 0x55, 0xd5, 0xd5, 0xd5, 0xd5, 0xd5, 0xd5, 0xd5,
  0xd5, 0xd5, 0xd5, 0xd5, 0x55, 0xd5, 0xd5, 0x55, 0xd5, 0x55, 0xd5, 0x55,
  0x55, 0x55, 0xd5, 0xd5, 0x55, 0xd5, 0xd5, 0xd5, 0x55, 0xd5, 0xd5, 0xd5,
  0xd5, 0x55, 0x55, 0x55, 0x55, 0x55, 0xd5, 0xd5, 0x55, 0xd5, 0xd5, 0xd5,
  0xd5, 0x55, 0x55, 0xd5, 0x55, 0x55, 0xd5, 0x55, 0xd5, 0xd5, 0xd5, 0xd5,
  0xd5, 0xd5, 0xd5, 0xd5, 0xd5, 0xd5, 0xd5, 0xd5, 0x55, 0xd5, 0xd5, 0xd5,
  0xd5, 0xd5, 0xd5, 0xd5, 0x55, 0x55, 0x55, 0xd5, 0xd5, 0xd5, 0xd5, 0x55,
  0x55, 0xd5, 0xd5, 0xd5, 0xd5, 0xd5, 0xd5, 0xd5, 0xd5, 0xd5, 0xd5, 0xd5,
  0xd5, 0xd5, 0xd5, 0xd5, 0xd5, 0xd5, 0x55, 0xd5, 0x55, 0xd5, 0xd5, 0xd5,
  0xd5, 0xd5, 0xd5, 0xd5, 0xd5, 0xd5, 0xd5, 0xd5, 0xd5, 0xd5, 0xd5, 0xd5,
  0xd5, 0xd5, 0xd5, 0xd5, 0xd5, 0xd5, 0xd5, 0xd5, 0xd5, 0xd5, 0xd5, 0xd5,
  0xd5, 0xd5, 0xd5, 0x55, 0xd5, 0xd5, 0xd5, 0xd5, 0xd5, 0xd5, 0xd5, 0xd5,
  0x55, 0x55, 0x55, 0xd5, 0xd5, 0xd5, 0x55, 0xd5, 0xd5, 0x55, 0xd5, 0x55,
  0xd5, 0xd5, 0xd5, 0xd5, 0xd5, 0xd5, 0xd5, 0xd5, 0xd5, 0xd5, 0xd5, 0xd5,
  0xd5, 0x55, 0xd5, 0x55, 0x55, 0xd5, 0xd5, 0xd5, 0x55, 0x55, 0xd5, 0xd5,
  0x55, 0xd5, 0x55, 0x55, 0xd5, 0xd5, 0xd5, 0x55, 0x55, 0x55, 0x55, 0xd5,
  0xd5, 0xd5, 0xd5, 0xd5, 0xd5, 0xd5, 0xd5, 0xd5, 0xd5, 0xd5, 0x55, 0xd5,
  0xd5, 0x55, 0x55, 0xd5, 0x55, 0xd5, 0xd5, 0xd5, 0xd5, 0xd5, 0xd5, 0xd5,
  0x55, 0x55, 0x55, 0x55, 0x55, 0xd5, 0xd5, 0x55, 0xd5, 0xd5, 0xd5, 0x55,
  0x55, 0xd5, 0xd5, 0xd5, 0xd5, 0xd5, 0x55, 0xd5, 0xd5, 0x55, 0x55, 0xd5,
  0x55, 0x55, 0xd5, 0xd5, 0x55, 0xd5, 0xd5, 0xd5, 0xd5, 0xd5, 0x55, 0x55,
  0x55, 0x55, 0x55, 0x55, 0xd5, 0xd5, 0xd5, 0xd5, 0xd5, 0xd5, 0x55, 0x55,
  0x55, 0xd5, 0x55, 0x55, 0xd5, 0xd5, 0xd5, 0x55, 0x55, 0x55, 0x55, 0x55,
  0x55, 0x55, 0x55, 0x55, 0x55, 0x55, 0x55, 0x55, 0xd5, 0xd5, 0xd5, 0xd5,
  0xd5, 0xd5, 0x55, 0x55, 0x55, 0x55, 0xd5, 0xd5, 0xd5, 0xd5, 0x55, 0x55,
  0xd5, 0xd5, 0xd5, 0xd5, 0xd5, 0xd5, 0xd5, 0xd5, 0xd5, 0x55, 0x55, 0xd5,
  0x55, 0x55, 0xd5, 0xd5, 0xd5, 0xd5, 0x55, 0xd5, 0xd5, 0xd5, 0x55, 0xd5,
  0xd5, 0xd5, 0xd5, 0xd5, 0xd5, 0x55, 0xd5, 0xd5, 0xd5, 0x55, 0x55, 0xd5,
  0x55, 0x55, 0x55, 0xd5, 0xd5, 0x55, 0xd5, 0xd5, 0xd5, 0xd5, 0xd5, 0xd5,
  0x55, 0xd5, 0x55, 0xd5, 0xd5, 0xd5, 0xd5, 0x55, 0xd5, 0xd5, 0x55, 0xd5,
  0xd5, 0xd5, 0xd5, 0xd5, 0xd5, 0xd5, 0x55, 0xd5, 0xd5, 0xd5, 0xd5, 0xd5,
  0x55, 0x55, 0x55, 0x55, 0x55, 0x55, 0x55, 0x55, 0xd5, 0xd5, 0xd5, 0xd5,
  0x55, 0xd5, 0xd5, 0x55, 0x55, 0x55, 0xd5, 0xd5, 0xd5, 0xd5, 0xd5, 0xd5,
  0xd5, 0xd5, 0xd5, 0xd5, 0x55, 0x55, 0x55, 0x55, 0x55, 0x55, 0x55, 0x55,
  0x55, 0x55, 0x55, 0xd5, 0xd5, 0xd5, 0xd5, 0xd5, 0xd5, 0xd5, 0xd5, 0xd5,
  0xd5, 0xd5, 0x55, 0x55, 0x55, 0x55, 0x55, 0x55, 0xd5, 0xd5, 0x55, 0x55,
  0x55, 0x55, 0x55, 0xd5, 0xd5, 0x55, 0x55, 0x55, 0x55, 0xd5, 0xd5, 0xd5,
  0xd5, 0xd5, 0xd5, 0xd5, 0xd5, 0xd5, 0xd5, 0xd5, 0xd5, 0xd5, 0x55, 0xd5,
  0xd5, 0xd5, 0xd5, 0xd5, 0xd5, 0xd5, 0xd5, 0xd5, 0xd5, 0xd5, 0x55, 0xd5,
  0xd5, 0xd5, 0x55, 0x55, 0x55, 0x55, 0x55, 0x55, 0x55, 0x55, 0xd5, 0x55,
  0x55, 0x55, 0x55, 0x55, 0x55, 0x55, 0x55, 0xd5, 0xd5, 0xd5, 0xd5, 0xd5,
  0xd5, 0xd5, 0xd5, 0xd5, 0xd5, 0xd5, 0xd5, 0xd5, 0xd5, 0x55, 0x55, 0x55,
  0x55, 0xd5, 0x55, 0x55, 0x55, 0xd5, 0xd5, 0x55, 0xd5, 0xd5, 0x55, 0x55,
  0x55, 0x55, 0xd5, 0xd5, 0xd5, 0xd5, 0x55, 0xd5, 0xd5, 0x55, 0x55, 0x55,
  0xd5, 0x55, 0xd5, 0xd5, 0xd5, 0x55, 0x55, 0x55, 0x55, 0x55, 0x55, 0x55,
  0xd5, 0xd5, 0xd5, 0xd5, 0xd5, 0xd5, 0xd5, 0xd5, 0xd5, 0xd5, 0xd5, 0xd5,
  0xd5, 0x55, 0x55, 0xd5, 0x55, 0x55, 0x55, 0x55, 0x55, 0x55, 0x55, 0x55,
  0x55, 0x55, 0x55, 0x55, 0xd5, 0xd5, 0xd5, 0xd5, 0xd5, 0xd5, 0x55, 0x55,
  0x55, 0x55, 0x55, 0x55, 0x55, 0x55, 0x55, 0x55, 0x55, 0x55, 0x55, 0x55,
  0x55, 0x55, 0x55, 0xd5, 0xd5, 0xd5, 0xd5, 0xd5, 0xd5, 0xd5, 0xd5, 0x55,
  0x55, 0x55, 0x55, 0x55, 0x55, 0x55, 0x55, 0x55, 0x55, 0x55, 0x55, 0x55,
  0x55, 0x55, 0x55, 0x55, 0x55, 0x55, 0x55, 0xd5, 0xd5, 0xd5, 0xd5, 0xd5,
  0xd5, 0xd5, 0xd5, 0xd5, 0xd5, 0xd5, 0xd5, 0xd5, 0xd5, 0xd5, 0xd5, 0xd5,
  0xd5, 0xd5, 0xd5, 0xd5, 0xd5, 0xd5, 0xd5, 0xd5, 0xd5, 0x55, 0x55, 0x55,
  0x55, 0x55, 0x55, 0x55, 0x55, 0x55, 0x55, 0x55, 0xd5, 0xd5, 0xd5, 0xd5,
  0xd5, 0xd5, 0xd5, 0xd5, 0xd5, 0xd5, 0xd5, 0xd5, 0xd5, 0x55, 0x55, 0x55,
  0x55, 0x55, 0x55, 0x55, 0xd5, 0xd5, 0x55, 0xd5, 0xd5, 0xd5, 0xd5, 0x55,
  0x55, 0x55, 0xd5, 0xd5, 0xd5, 0xd5, 0xd5, 0xd5, 0xd5, 0xd5, 0xd5, 0xd5,
  0xd5, 0xd5, 0xd5, 0xd5, 0x55, 0x55, 0x55, 0x55, 0x55, 0x55, 0x55, 0x55,
  0x55, 0xd5, 0xd5, 0xd5, 0xd5, 0xd5, 0xd5, 0xd5, 0xd5, 0xd5, 0xd5, 0xd5,
  0xd5, 0xd5, 0xd5, 0xd5, 0xd5, 0xd5, 0xd5, 0xd5, 0xd5, 0xd5, 0xd5, 0xd5,
  0xd5, 0xd5, 0xd5, 0xd5, 0xd5, 0xd5, 0xd5, 0xd5, 0xd5, 0xd5, 0xd5, 0xd5,
  0xd5, 0xd5, 0xd5, 0xd5, 0xd5, 0xd5, 0xd5, 0xd5, 0xd5, 0xd5, 0xd5, 0xd5,
  0xd5, 0xd5, 0xd5, 0xd5, 0xd5, 0xd5, 0xd5, 0xd5, 0xd5, 0xd5, 0xd5, 0x55,
  0x55, 0xd5, 0xd5, 0xd5, 0x55, 0xd5, 0xd5, 0xd5, 0x55, 0x55, 0xd5, 0xd5,
  0xd5, 0xd5, 0xd5, 0xd5, 0xd5, 0xd5, 0xd5, 0xd5, 0xd5, 0xd5, 0xd5, 0xd5,
  0xd5, 0xd5, 0xd5, 0xd5, 0xd5, 0xd5, 0xd5, 0xd5, 0xd5, 0xd5, 0xd5, 0xd5,
  0xd5, 0xd5, 0xd5, 0xd5, 0xd5, 0xd5, 0xd5, 0xd5, 0xd5, 0xd5, 0xd5, 0xd5,
  0xd5, 0xd5, 0xd5, 0xd5, 0xd5, 0xd5, 0xd5, 0xd5, 0xd5, 0xd5, 0xd5, 0xd5,
  0xd5, 0x55, 0xd5, 0xd5, 0xd5, 0xd5, 0xd5, 0xd5, 0xd5, 0xd5, 0xd5, 0xd5,
  0xd5, 0xd5, 0xd5, 0xd5, 0xd5, 0x55, 0x55, 0x55, 0xd5, 0xd5, 0xd5, 0xd5,
  0xd5, 0xd5, 0xd5, 0xd5, 0xd5, 0xd5, 0xd5, 0xd5, 0xd5, 0xd5, 0xd5, 0xd5,
  0xd5, 0xd5, 0xd5, 0xd5, 0xd5, 0xd5, 0xd5, 0xd5, 0xd5, 0xd5, 0xd5, 0xd5,
  0xd5, 0xd5, 0xd5, 0xd5, 0xd5, 0xd5, 0xd5, 0xd5, 0xd5, 0xd5, 0xd5, 0xd5,
  0xd5, 0xd5, 0xd5, 0xd5, 0xd5, 0xd5, 0xd5, 0xd5, 0xd5, 0xd5, 0xd5, 0xd5,
  0xd5, 0xd5, 0xd5, 0xd5, 0xd5, 0xd5, 0xd5, 0xd5, 0xd5, 0xd5, 0xd5, 0xd5,
  0xd5, 0xd5, 0xd5, 0xd5, 0xd5, 0xd5, 0xd5, 0xd5, 0xd5, 0xd5, 0xd5, 0xd5,
  0xd5, 0xd5, 0xd5, 0xd5, 0xd5, 0xd5, 0xd5, 0xd5, 0xd5, 0xd5, 0xd5, 0xd5,
  0xd5, 0xd5, 0xd5, 0xd5, 0xd5, 0xd5, 0xd5, 0xd5, 0xd5, 0xd5, 0xd5, 0xd5,
  0xd5, 0xd5, 0xd5, 0xd5, 0xd5, 0xd5, 0xd5, 0xd5, 0xd5, 0xd5, 0xd5, 0xd5,
  0xd5, 0xd5, 0xd5, 0xd5, 0xd5, 0xd5, 0xd5, 0xd5, 0xd5, 0xd5, 0xd5, 0xd5,
  0xd5, 0xd5, 0xd5, 0xd5, 0xd5, 0xd5, 0xd5, 0xd5, 0xd5, 0xd5, 0xd5, 0xd5,
  0xd5, 0xd5, 0xd5, 0xd5, 0xd5, 0xd5, 0xd5, 0xd5, 0xd5, 0xd5, 0xd5, 0xd5,
  0xd5, 0xd5, 0xd5, 0xd5, 0xd5, 0xd5, 0xd5, 0xd5, 0xd5, 0xd5, 0xd5, 0xd5,
  0xd5, 0xd5, 0xd5, 0xd5, 0xd5, 0xd5, 0xd5, 0xd5, 0xd5, 0xd5, 0xd5, 0xd5,
  0xd5, 0xd5, 0xd5, 0xd5, 0xd5, 0xd5, 0xd5, 0xd5, 0xd5, 0xd5, 0xd5, 0xd5,
  0xd5, 0xd5, 0xd5, 0xd5, 0xd5, 0xd5, 0xd5, 0xd5, 0xd5, 0xd5, 0xd5, 0xd5,
  0xd5, 0xd5, 0xd5, 0xd5, 0xd5, 0xd5, 0xd5, 0xd5, 0xd5, 0xd5, 0xd5, 0xd5,
  0xd5, 0xd5, 0xd5, 0xd5, 0xd5, 0xd5, 0xd5, 0xd5, 0xd5, 0xd5, 0xd5, 0xd5,
  0xd5, 0xd5, 0xd5, 0xd5, 0xd5, 0xd5, 0xd5, 0xd5, 0xd5, 0xd5, 0xd5, 0xd5,
  0xd5, 0xd5, 0xd5, 0xd5, 0xd5, 0xd5, 0xd5, 0xd5, 0xd5, 0xd5, 0xd5, 0xd5,
  0xd5, 0xd5, 0xd5, 0xd5, 0xd5, 0xd5, 0xd5, 0xd5, 0xd5, 0xd5, 0xd5, 0xd5,
  0xd5, 0xd5, 0xd5, 0xd5, 0xd5, 0xd5, 0xd5, 0xd5, 0xd5, 0xd5, 0xd5, 0xd5,
  0xd5, 0xd5, 0xd5, 0xd5, 0xd5, 0xd5, 0xd5, 0xd5, 0xd5, 0xd5, 0xd5, 0xd5,
  0xd5, 0xd5, 0xd5, 0xd5, 0xd5, 0xd5, 0xd5, 0xd5, 0xd5, 0xd5, 0xd5, 0xd5,
  0xd5, 0xd5, 0xd5, 0xd5, 0xd5, 0xd5, 0xd5, 0xd5, 0xd5, 0xd5, 0xd5, 0xd5,
  0xd5, 0xd5, 0xd5, 0xd5, 0xd5, 0xd5, 0xd5, 0xd5, 0xd5, 0xd5, 0xd5, 0xd5,
  0xd5, 0xd5, 0xd5, 0xd5, 0xd5, 0xd5, 0xd5, 0xd5, 0xd5, 0xd5, 0xd5, 0xd5,
  0xd5, 0xd5, 0xd5, 0xd5, 0xd5, 0xd5, 0xd5, 0xd5, 0xd5, 0xd5, 0xd5, 0xd5,
  0xd5, 0xd5, 0xd5, 0xd5, 0xd5, 0xd5, 0xd5, 0xd5, 0xd5, 0xd5, 0xd5, 0xd5,
  0xd5, 0xd5, 0xd5, 0xd5, 0xd5, 0xd5, 0xd5, 0xd5, 0xd5, 0xd5, 0xd5, 0xd5,
  0xd5, 0xd5, 0xd5, 0xd5, 0xd5, 0xd5, 0xd5, 0xd5, 0xd5, 0xd5, 0xd5, 0xd5,
  0xd5, 0xd5, 0xd5, 0xd5, 0xd5, 0xd5, 0xd5, 0xd5, 0xd5, 0xd5, 0xd5, 0xd5,
  0xd5, 0xd5, 0xd5, 0xd5, 0xd5, 0xd5, 0xd5, 0xd5, 0xd5, 0xd5, 0xd5, 0xd5,
  0xd5, 0xd5, 0xd5, 0xd5, 0xd5, 0xd5, 0xd5, 0xd5, 0xd5, 0xd5, 0xd5, 0xd5,
  0xd5, 0xd5, 0xd5, 0xd5, 0xd5, 0xd5, 0xd5, 0xd5, 0xd5, 0xd5, 0xd5, 0xd5,
  0xd5, 0xd5, 0xd5, 0xd5, 0xd5, 0xd5, 0xd5, 0xd5, 0xd5, 0xd5, 0xd5, 0xd5,
  0xd5, 0xd5, 0xd5, 0xd5, 0xd5, 0xd5, 0xd5, 0xd5, 0xd5, 0xd5, 0xd5, 0xd5,
  0xd5, 0xd5, 0xd5, 0xd5, 0xd5, 0xd5, 0xd5, 0xd5, 0xd5, 0xd5, 0xd5, 0xd5,
  0xd5, 0xd5, 0xd5, 0xd5, 0xd5, 0xd5, 0xd5, 0xd5, 0xd5, 0xd5, 0xd5, 0xd5,
  0xd5, 0xd5, 0xd5, 0xd5, 0xd5, 0xd5, 0xd5, 0xd5, 0xd5, 0xd5, 0xd5, 0xd5,
  0xd5, 0xd5, 0xd5, 0xd5, 0xd5, 0xd5, 0xd5, 0xd5, 0xd5, 0xd5, 0xd5, 0xd5,
  0xd5, 0xd5, 0xd5, 0xd5, 0xd5, 0xd5, 0xd5, 0xd5, 0xd5, 0xd5, 0xd5, 0xd5,
  0xd5, 0xd5, 0xd5, 0xd5, 0xd5, 0xd5, 0xd5, 0xd5, 0xd5, 0xd5, 0xd5, 0xd5,
  0xd5, 0xd5, 0xd5, 0xd5, 0xd5, 0xd5, 0xd5, 0xd5, 0xd5, 0xd5, 0xd5, 0xd5,
  0xd5, 0xd5, 0xd5, 0xd5, 0xd5, 0xd5, 0xd5, 0xd5, 0xd5, 0xd5, 0xd5, 0xd5,
  0xd5, 0xd5, 0xd5, 0xd5, 0xd5, 0xd5, 0xd5, 0xd5, 0xd5, 0xd5, 0xd5, 0xd5,
  0xd5, 0xd5, 0xd5, 0xd5, 0xd5, 0xd5, 0xd5, 0xd5, 0xd5, 0xd5, 0xd5, 0xd5,
  0xd5, 0xd5, 0xd5, 0xd5, 0xd5, 0xd5, 0xd5, 0xd5, 0xd5, 0xd5, 0xd5, 0xd5,
  0xd5, 0xd5, 0xd5, 0xd5, 0xd5, 0xd5, 0xd5, 0xd5, 0xd5, 0xd5, 0xd5, 0xd5,
  0xd5, 0xd5, 0xd5, 0xd5, 0xd5, 0xd5, 0xd5, 0xd5, 0xd5, 0xd5, 0xd5, 0xd5,
  0xd5, 0xd5, 0xd5, 0xd5, 0xd5, 0xd5, 0xd5, 0xd5, 0xd5, 0xd5, 0xd5, 0xd5,
  0xd5, 0xd5, 0xd5, 0xd5, 0xd5, 0xd5, 0xd5, 0xd5, 0xd5, 0xd5, 0xd5, 0xd5,
  0xd5, 0xd5, 0xd5, 0xd5, 0xd5, 0xd5, 0xd5, 0xd5, 0xd5, 0xd5, 0xd5, 0xd5,
  0xd5, 0xd5, 0xd5, 0xd5, 0xd5, 0xd5, 0xd5, 0xd5, 0xd5, 0xd5, 0xd5, 0xd5,
  0xd5, 0xd5, 0xd5, 0xd5, 0xd5, 0xd5, 0xd5, 0xd5, 0xd5, 0xd5, 0xd5, 0xd5,
  0xd5, 0xd5, 0xd5, 0xd5, 0xd5, 0xd5, 0xd5, 0xd5, 0xd5, 0xd5, 0xd5, 0xd5,
  0xd5, 0xd5, 0xd5, 0xd5, 0xd5, 0xd5, 0xd5, 0xd5, 0xd5, 0xd5, 0xd5, 0xd5,
  0xd5, 0xd5, 0xd5, 0xd5, 0xd5, 0xd5, 0xd5, 0xd5, 0xd5, 0xd5, 0xd5, 0xd5,
  0xd5, 0xd5, 0xd5, 0xd5, 0xd5, 0xd5, 0xd5, 0xd5, 0xd5, 0xd5, 0xd5, 0xd5,
  0xd5, 0xd5, 0xd5, 0xd5, 0xd5, 0xd5, 0xd5, 0xd5, 0xd5, 0xd5, 0xd5, 0xd5,
  0xd5, 0xd5, 0xd5, 0xd5, 0xd5, 0xd5, 0xd5, 0xd5, 0xd5, 0xd5, 0xd5, 0xd5,
  0xd5, 0xd5, 0xd5, 0xd5, 0xd5, 0xd5, 0xd5, 0xd5, 0xd5, 0xd5, 0xd5, 0xd5,
  0xd5, 0xd5, 0xd5, 0xd5, 0xd5, 0xd5, 0xd5, 0xd5, 0xd5, 0xd5, 0xd5, 0xd5,
  0xd5, 0xd5, 0xd5, 0xd5, 0xd5, 0xd5, 0xd5, 0xd5, 0xd5, 0xd5, 0xd5, 0xd5,
  0xd5, 0xd5, 0xd5, 0xd5, 0xd5, 0xd5, 0xd5, 0xd5, 0xd5, 0xd5, 0xd5, 0xd5,
  0xd5, 0xd5, 0xd5, 0xd5, 0xd5, 0xd5, 0xd5, 0xd5, 0xd5, 0xd5, 0xd5, 0xd5,
  0xd5, 0xd5, 0xd5, 0xd5, 0xd5, 0xd5, 0xd5, 0xd5, 0xd5, 0xd5, 0xd5, 0xd5,
  0xd5, 0xd5, 0xd5, 0xd5, 0xd5, 0xd5, 0xd5, 0xd5, 0xd5, 0xd5, 0xd5, 0xd5,
  0xd5, 0xd5, 0xd5, 0xd5, 0xd5, 0xd5, 0xd5, 0xd5, 0xd5, 0xd5, 0xd5, 0xd5,
  0xd5, 0xd5, 0xd5, 0xd5, 0xd5, 0xd5, 0xd5, 0xd5, 0xd5, 0xd5, 0xd5, 0xd5,
  0xd5, 0xd5, 0xd5, 0xd5, 0xd5, 0xd5, 0xd5, 0xd5, 0xd5, 0xd5, 0xd5, 0xd5,
  0xd5, 0xd5, 0xd5, 0xd5, 0xd5, 0xd5, 0xd5, 0xd5, 0xd5, 0xd5, 0xd5, 0xd5,
  0xd5, 0xd5, 0xd5, 0xd5, 0xd5, 0xd5, 0xd5, 0xd5, 0xd5, 0xd5, 0xd5, 0xd5,
  0xd5, 0xd5, 0x55, 0xd5, 0x55, 0xd5, 0xd5, 0xd5, 0xd5, 0xd5, 0xd5, 0xd5,
  0xd5, 0xd5, 0xd5, 0xd5, 0xd5, 0xd5, 0xd5, 0xd5, 0xd5, 0xd5, 0xd5, 0x55,
  0xd5, 0xd5, 0xd5, 0xd5, 0xd5, 0xd5, 0xd5, 0xd5, 0xd5, 0xd5, 0xd5, 0xd5,
  0xd5, 0xd5, 0xd5, 0xd5, 0xd5, 0xd5, 0xd5, 0xd5, 0xd5, 0x55, 0x55, 0x55,
  0xd5, 0xd5, 0x55, 0xd5, 0xd5, 0xd5, 0xd5, 0x55, 0xd5, 0xd5, 0xd5, 0xd5,
  0x55, 0xd5, 0xd5, 0xd5, 0xd5, 0xd5, 0xd5, 0x55, 0xd5, 0x55, 0xd5, 0xd5,
  0xd5, 0xd5, 0xd5, 0xd5, 0x55, 0xd5, 0xd5, 0xd5, 0xd5, 0xd5, 0xd5, 0xd5,
  0xd5, 0xd5, 0xd5, 0xd5, 0x55, 0x55, 0x55, 0x55, 0x55, 0x55, 0x55, 0x55,
  0x55, 0x55, 0x55, 0xd5, 0x55, 0xd5, 0xd5, 0x55, 0xd5, 0xd5, 0xd5, 0xd5,
  0xd5, 0xd5, 0xd5, 0xd5, 0xd5, 0xd5, 0xd5, 0x55, 0xd5, 0xd5, 0x55, 0xd5,
  0xd5, 0xd5, 0xd5, 0xd5, 0xd5, 0xd5, 0x55, 0xd5, 0x55, 0xd5, 0xd5, 0xd5,
  0xd5, 0xd5, 0xd5, 0xd5, 0xd5, 0xd5, 0xd5, 0xd5, 0x55, 0xd5, 0x55, 0x55,
  0xd5, 0xd5, 0xd5, 0xd5, 0xd5, 0x55, 0xd5, 0x55, 0xd5, 0xd5, 0x55, 0xd5,
  0x55, 0xd5, 0xd5, 0xd5, 0x55, 0x55, 0xd5, 0xd5, 0xd5, 0xd5, 0xd5, 0xd5,
  0xd5, 0xd5, 0xd5, 0xd5, 0xd5, 0xd5, 0xd5, 0xd5, 0x55, 0xd5, 0xd5, 0x55,
  0xd5, 0xd5, 0xd5, 0xd5, 0xd5, 0x55, 0xd5, 0xd5, 0xd5, 0xd5, 0xd5, 0xd5,
  0xd5, 0xd5, 0x55, 0xd5, 0x55, 0xd5, 0xd5, 0xd5, 0xd5, 0xd5, 0xd5, 0xd5,
  0xd5, 0xd5, 0xd5, 0xd5, 0x55, 0xd5, 0xd5, 0x55, 0xd5, 0xd5, 0xd5, 0xd5,
  0x55, 0xd5, 0xd5, 0xd5, 0xd5, 0xd5, 0xd5, 0xd5, 0xd5, 0xd5, 0xd5, 0xd5,
  0xd5, 0xd5, 0xd5, 0xd5, 0xd5, 0xd5, 0xd5, 0xd5, 0x55, 0x55, 0x55, 0x55,
  0xd5, 0xd5, 0xd5, 0xd5, 0xd5, 0xd5, 0xd5, 0xd5, 0xd5, 0x55, 0xd5, 0xd5,
  0x55, 0xd5, 0xd5, 0x55, 0x55, 0xd5, 0xd5, 0x55, 0xd5, 0x55, 0x55, 0xd5,
  0xd5, 0xd5, 0xd5, 0xd5, 0x55, 0xd5, 0xd5, 0xd5, 0x55, 0xd5, 0xd5, 0x55,
  0xd5, 0x55, 0x55, 0x55, 0x55, 0xd5, 0x55, 0xd5, 0x55, 0xd5, 0xd5, 0x55,
  0xd5, 0x55, 0xd5, 0x55, 0xd5, 0x55, 0xd5, 0xd5, 0x55, 0xd5, 0xd5, 0xd5,
  0x55, 0xd5, 0x55, 0x55, 0x55, 0xd5, 0x55, 0xd5, 0xd5, 0x55, 0xd5, 0x55,
  0xd5, 0xd5, 0xd5, 0xd5, 0xd5, 0xd5, 0x55, 0xd5, 0xd5, 0x55, 0x55, 0xd5,
  0x55, 0xd5, 0xd5, 0x55, 0x55, 0x55, 0xd5, 0x55, 0x55, 0xd5, 0x55, 0xd5,
  0x55, 0xd5, 0xd5, 0x55, 0x55, 0xd5, 0x55, 0xd5, 0xd5, 0xd5, 0xd5, 0x55,
  0x55, 0x55, 0xd5, 0xd5, 0xd5, 0x55, 0xd5, 0xd5, 0xd5, 0x55, 0x55, 0x55,
  0x55, 0xd5, 0x55, 0x55, 0x55, 0x55, 0x55, 0x55, 0x55, 0xd5, 0xd5, 0xd5,
  0xd5, 0xd5, 0xd5, 0xd5, 0xd5, 0x55, 0x55, 0x55, 0x55, 0x55, 0x55, 0x55,
  0x55, 0x55, 0x55, 0x55, 0xd5, 0x55, 0x55, 0xd5, 0xd5, 0xd5, 0xd5, 0xd5,
  0xd5, 0xd5, 0xd5, 0x55, 0x55, 0x55, 0x55, 0x55, 0x55, 0x55, 0x55, 0xd5,
  0x55, 0x55, 0xd5, 0xd5, 0xd5, 0xd5, 0xd5, 0xd5, 0xd5, 0xd5, 0xd5, 0x55,
  0x55, 0x55, 0x55, 0x55, 0x55, 0x55, 0xd5, 0xd5, 0xd7, 0xd6, 0xd6, 0xd1,
  0xd6, 0xd4, 0xd5, 0x55, 0x55, 0x55, 0x54, 0x57, 0x57, 0x56, 0x57, 0x55,
  0x55, 0x54, 0xd5, 0xd4, 0xd7, 0xd6, 0xd6, 0xd6, 0xd7, 0xd7, 0xd4, 0xd5,
  0xd4, 0xd7, 0xd7, 0xd7, 0xd7, 0xd5, 0xd5, 0xd4, 0xd5, 0xd7, 0xd5, 0x50,
  0xd0, 0x55, 0x5d, 0xd5, 0x5d, 0x52, 0x55, 0x51, 0x51, 0x51, 0x54, 0x54,
  0x57, 0x57, 0xd6, 0xd4, 0x55, 0xd6, 0x54, 0x57, 0x57, 0x57, 0x50, 0x56,
  0x54, 0x57, 0x57, 0x53, 0xd7, 0x55, 0x56, 0xd9, 0xd4, 0x50, 0xde, 0xd4,
  0xd7, 0xdf, 0x57, 0xd4, 0xd6, 0x54, 0x51, 0x57, 0x50, 0xd1, 0xd4, 0x50,
  0xd6, 0xd6, 0xd6, 0xd0, 0xd4, 0xd6, 0xd5, 0x54, 0xd6, 0x51, 0x50, 0xd7,
  0x51, 0x52, 0x55, 0x56, 0x50, 0xd1, 0x5c, 0x53, 0x55, 0x52, 0x56, 0x50,
  0x53, 0x54, 0x54, 0x52, 0x54, 0x55, 0xd7, 0xd4, 0x54, 0x54, 0x57, 0xd1,
  0xd4, 0xd1, 0xd9, 0xd6, 0xd3, 0xd1, 0x57, 0xd5, 0x55, 0x51, 0x56, 0x54,
  0x51, 0x57, 0xd5, 0x57, 0xd4, 0xd7, 0x55, 0x55, 0x55, 0x55, 0xd4, 0xd4,
  0xd5, 0xd4, 0xd4, 0x54, 0x55, 0x55, 0x57, 0x55, 0x55, 0x57, 0x54, 0xd4,
  0x54, 0x55, 0xd5, 0x55, 0xd5, 0xd5, 0x54, 0xd5, 0xd7, 0x55, 0x54, 0x55,
  0x54, 0xd5, 0xd4, 0x55, 0xd5, 0xd7, 0xd7, 0xd6, 0xd1, 0xd7, 0x55, 0x55,
  0x57, 0x57, 0x54, 0x54, 0x54, 0x55, 0x55, 0xd5, 0xd5, 0x55, 0x57, 0x54,
  0x54, 0x55, 0xd5, 0xd5, 0xd4, 0xd7, 0xd7, 0xd4, 0xd4, 0x55, 0x55, 0xd5,
  0x55, 0x55, 0x54, 0x57, 0x57, 0x57, 0x56, 0x56, 0x56, 0x51, 0x56, 0x56,
  0x56, 0x56, 0x57, 0x54, 0x55, 0xd5, 0x55, 0xd5, 0xd5, 0x55, 0x54, 0x54,
  0x57, 0x56, 0x56, 0x56, 0x56, 0x57, 0x57, 0x57, 0x55, 0xd5, 0xd4, 0xd7,
  0xd4, 0xd5, 0xd4, 0xd4, 0xd4, 0xd7, 0xd6, 0xd6, 0xd7, 0xd4, 0xd5, 0xd4,
  0xd4, 0xd4, 0xd4, 0xd5, 0x55, 0x55, 0x54, 0x55, 0xd5, 0xd4, 0xd7, 0xd7,
  0xd6, 0xd7, 0xd6, 0xd7, 0xd4, 0xd7, 0xd4, 0x55, 0x54, 0x54, 0x57, 0x54,
  0x54, 0x57, 0x54, 0x55, 0x54, 0x55, 0xd5, 0xd5, 0xd4, 0xd5, 0xd5, 0xd5,
  0x55, 0x54, 0x57, 0x56, 0x56, 0x57, 0x57, 0x57, 0x57, 0x56, 0x56, 0x51,
  0x50, 0x51, 0x56, 0x56, 0x57, 0x57, 0x54, 0x55, 0x55, 0x54, 0x55, 0x54,
  0x54, 0x54, 0x54, 0x54, 0x55, 0x55, 0x56, 0x55, 0x55, 0x57, 0x55, 0x57,
  0x57, 0xd7, 0xd4, 0xd5, 0xd6, 0xd6, 0xd7, 0xd1, 0xd6, 0xd4, 0xd1, 0xd4,
  0xd5, 0xd7, 0x54, 0x55, 0x55, 0x54, 0x55, 0xd4, 0xd5, 0xd5, 0xd4, 0xd5,
  0xd5, 0xd4, 0xd5, 0xd5, 0x54, 0x55, 0xd5, 0xd4, 0xd4, 0xd4, 0xd5, 0xd4,
  0xd5, 0xd5, 0x54, 0x54, 0x54, 0x55, 0xd5, 0x54, 0xd4, 0x55, 0xd7, 0xd5,
  0xd5, 0x54, 0x54, 0xd5, 0x55, 0x57, 0x54, 0x54, 0x55, 0xd5, 0x54, 0x55,
  0xd5, 0xd5, 0x55, 0x55, 0xd5, 0x54, 0x55, 0x57, 0x54, 0x55, 0x57, 0x57,
  0x56, 0x56, 0x56, 0x56, 0x56, 0x51, 0x56, 0x56, 0x54, 0x54, 0x55, 0xd5,
  0xd4, 0xd7, 0xd4, 0xd4, 0xd4, 0xd5, 0xd4, 0xd5, 0x55, 0xd5, 0xd5, 0x55,
  0x54, 0x57, 0x54, 0x57, 0x57, 0x57, 0x57, 0x54, 0x55, 0xd5, 0xd5, 0xd5,
  0x55, 0xd5, 0x54, 0x57, 0x54, 0x54, 0x55, 0xd5, 0xd5, 0xd4, 0xd7, 0xd6,
  0xd6, 0xd1, 0xd6, 0xd6, 0xd7, 0xd4, 0xd4, 0xd5, 0xd5, 0xd5, 0x54, 0x55,
  0x54, 0x54, 0xd5, 0x54, 0x54, 0x54, 0xd5, 0xd4, 0xd4, 0xd4, 0xd7, 0xd6,
  0xd7, 0xd4, 0xd4, 0xd5, 0xd4, 0xd5, 0xd5, 0xd4, 0x54, 0x55, 0x55, 0x57,
  0x54, 0x54, 0x57, 0x54, 0x57, 0x57, 0x54, 0x54, 0x55, 0x55, 0xd5, 0xd5,
  0xd5, 0xd5, 0x55, 0xd5, 0x55, 0x55, 0xd5, 0x55, 0xd5, 0xd5, 0x54, 0x54,
  0x54, 0x54, 0x57, 0x57, 0x56, 0x57, 0x57, 0x57, 0x57, 0x57, 0x57, 0x57,
  0x57, 0x54, 0x57, 0x54, 0x54, 0x57, 0x55, 0x55, 0x54, 0x55, 0x54, 0x54,
  0x54, 0x54, 0x54, 0x54, 0x54, 0x54, 0x54, 0x55, 0xd5, 0x55, 0xd5, 0xd5,
  0xd5, 0xd5, 0x55, 0x55, 0x55, 0xd5, 0xd5, 0xd5, 0x55, 0xd5, 0x55, 0x55,
  0x55, 0xd5, 0xd5, 0xd5, 0xd5, 0xd5, 0xd5, 0xd5, 0x55, 0x55, 0xd5, 0xd5,
  0x55, 0xd5, 0x54, 0x55, 0x55, 0x55, 0xd5, 0x55, 0xd5, 0xd5, 0xd4, 0xd4,
  0xd4, 0xd4, 0xd4, 0xd5, 0xd4, 0xd5, 0xd5, 0xd5, 0xd5, 0xd5, 0xd5, 0xd4,
  0xd5, 0x55, 0xd5, 0x55, 0x55, 0xd5, 0x55, 0xd5, 0xd5, 0xd5, 0x55, 0xd5,
  0x55, 0x54, 0xd5, 0x55, 0xd5, 0xd5, 0xd5, 0xd5, 0xd5, 0xd5, 0xd5, 0xd5,
  0xd5, 0xd5, 0xd5, 0xd5, 0x55, 0x55, 0x55, 0x54, 0xd5, 0x54, 0x55, 0x55,
  0x54, 0x54, 0x54, 0x54, 0x55, 0x55, 0x55, 0x55, 0x55, 0xd5, 0xd5, 0xd5,
  0x55, 0x54, 0x55, 0x54, 0x55, 0x54, 0x54, 0x54, 0x55, 0x54, 0x54, 0x55,
  0x55, 0x55, 0x54, 0x55, 0x54, 0x55, 0x55, 0x54, 0x55, 0x55, 0x55, 0x55,
  0x55, 0x55, 0x55, 0x54, 0x54, 0x55, 0x55, 0xd5, 0x55, 0x55, 0xd5, 0x55,
  0x55, 0x55, 0x54, 0x55, 0x55, 0x55, 0x55, 0x55, 0x55, 0x54, 0x55, 0x55,
  0xd5, 0xd5, 0xd5, 0xd4, 0xd5, 0x55, 0xd4, 0xd5, 0xd5, 0xd4, 0xd5, 0xd4,
  0xd4, 0xd4, 0x55, 0xd5, 0xd5, 0x55, 0xd5, 0xd5, 0xd5, 0x55, 0x55, 0x55,
  0x55, 0xd5, 0xd5, 0xd5, 0xd5, 0xd5, 0x55, 0xd5, 0xd5, 0xd5, 0xd5, 0x55,
  0xd5, 0xd5, 0x55, 0xd5, 0xd5, 0xd5, 0xd5, 0xd5, 0x55, 0xd5, 0xd5, 0xd5,
  0x55, 0xd5, 0xd5, 0xd5, 0xd4, 0xd5, 0xd5, 0xd4, 0xd4, 0xd4, 0xd4, 0xd4,
  0xd5, 0xd5, 0xd4, 0xd5, 0xd4, 0xd5, 0xd4, 0xd4, 0xd5, 0x55, 0x55, 0x55,
  0xd5, 0xd5, 0x55, 0x55, 0x55, 0x55, 0x54, 0x55, 0x55, 0x55, 0x55, 0x55,
  0x55, 0x55, 0x55, 0x54, 0x54, 0x55, 0xd5, 0x54, 0x54, 0x54, 0x54, 0x57,
  0x57, 0x54, 0x55, 0x55, 0x57, 0x54, 0x54, 0x57, 0x54, 0x54, 0x54, 0x55,
  0x54, 0x54, 0x55, 0x55, 0x55, 0x55, 0xd5, 0x55, 0xd5, 0xd5, 0x55, 0x55,
  0xd5, 0xd5, 0xd5, 0x55, 0x55, 0xd4, 0xd4, 0xd5, 0xd5, 0xd4, 0xd4, 0xd5,
  0xd4, 0xd4, 0xd4, 0xd5, 0x55, 0xd5, 0xd5, 0xd5, 0xd5, 0xd5, 0x55, 0x54,
  0x54, 0x54, 0x54, 0x54, 0x54, 0x54, 0x55, 0x55, 0xd5, 0xd5, 0x55, 0x55,
  0x55, 0x57, 0x54, 0x54, 0x57, 0x57, 0x54, 0x54, 0x57, 0x56, 0x57, 0x56,
  0x56, 0x56, 0x56, 0x56, 0x57, 0x54, 0x54, 0x55, 0xd5, 0x55, 0x54, 0x54,
  0x57, 0x57, 0x57, 0x56, 0x56, 0x57, 0x54, 0x54, 0x54, 0x57, 0x57, 0x54,
  0x56, 0x54, 0x55, 0x55, 0x55, 0xd5, 0xd4, 0xd5, 0x54, 0x57, 0x57, 0x57,
  0x57, 0x57, 0x54, 0x55, 0x55, 0xd5, 0xd4, 0xd4, 0xd4, 0xd5, 0xd5, 0x54,
  0x57, 0x57, 0x57, 0x57, 0x54, 0x54, 0xd5, 0xd4, 0xd4, 0xd7, 0xd4, 0xd4,
  0xd4, 0xd4, 0xd7, 0xd4, 0xd4, 0xd7, 0xd4, 0x55, 0x55, 0x54, 0x57, 0x57,
  0x57, 0x51, 0x51, 0x51, 0x56, 0x57, 0x55, 0xd5, 0xd5, 0xd5, 0xd7, 0xd4,
  0xd4, 0xd4, 0xd7, 0xd7, 0xd7, 0xd4, 0xd4, 0xd5, 0xd5, 0xd5, 0x55, 0xd5,
  0xd5, 0xd5, 0xd5, 0xd4, 0xd5, 0xd5, 0xd4, 0xd4, 0xd4, 0xd6, 0xd7, 0xd6,
  0xd1, 0xd7, 0xd7, 0xd7, 0xd7, 0xd7, 0xd7, 0xd6, 0xd6, 0xd6, 0xd7, 0xd6,
  0xd7, 0xd4, 0xd4, 0xd4, 0xd5, 0xd5, 0xd5, 0xd5, 0xd5, 0xd4, 0xd7, 0xd7,
  0xd4, 0xd7, 0xd4, 0xd4, 0xd7, 0xd7, 0xd7, 0xd7, 0xd7, 0xd7, 0xd5, 0xd5,
  0xd5, 0x54, 0x55, 0x55, 0x54, 0x54, 0x54, 0x55, 0x55, 0xd5, 0xd5, 0xd5,
  0x55, 0x55, 0x55, 0x55, 0x54, 0x54, 0x57, 0x57, 0x54, 0x57, 0x54, 0x54,
  0x54, 0x57, 0x54, 0x54, 0x54, 0x55, 0x54, 0xd5, 0x55, 0xd5, 0x55, 0x54,
  0x54, 0x57, 0x56, 0x56, 0x57, 0x57, 0x57, 0x57, 0x57, 0x57, 0x54, 0x57,
  0x54, 0x54, 0x54, 0x54, 0x54, 0x54, 0x54, 0x55, 0x54, 0x54, 0x54, 0x57,
  0x57, 0x57, 0x57, 0x54, 0x54, 0x54, 0x55, 0x54, 0x55, 0x55, 0x55, 0x55,
  0x55, 0x55, 0x55, 0x55, 0x55, 0x55, 0x55, 0x55, 0x55, 0x55, 0x55, 0x55,
  0xd5, 0xd5, 0xd4, 0xd4, 0xd7, 0xd7, 0xd4, 0xd5, 0xd5, 0xd5, 0xd5, 0xd5,
  0x55, 0x55, 0x55, 0x55, 0x55, 0x55, 0x55, 0x54, 0x55, 0x55, 0x54, 0x55,
  0x54, 0x54, 0x54, 0xd5, 0xd5, 0xd5, 0xd5, 0x55, 0x55, 0x54, 0x54, 0x55,
  0x55, 0x54, 0x55, 0x54, 0x54, 0x54, 0x54, 0x54, 0x54, 0x57, 0x57, 0x57,
  0x57, 0x57, 0x57, 0x54, 0x54, 0x55, 0x55, 0x55, 0x55, 0x55, 0x55, 0x55,
  0x55, 0x55, 0xd5, 0x55, 0x55, 0x55, 0x55, 0xd5, 0x55, 0x55, 0x55, 0x55,
  0x55, 0xd5, 0xd5, 0xd5, 0xd5, 0xd5, 0xd5, 0xd5, 0x55, 0xd5, 0xd5, 0x55,
  0xd5, 0xd5, 0x55, 0x55, 0x55, 0xd5, 0x54, 0x55, 0xd5, 0x55, 0x55, 0xd5,
  0x55, 0x55, 0xd5, 0x55, 0x55, 0x55, 0x54, 0x55, 0xd5, 0x55, 0xd5, 0xd5,
  0x55, 0x55, 0xd5, 0x55, 0x55, 0xd5, 0x54, 0x55, 0xd5, 0x55, 0xd5, 0x55,
  0x55, 0xd5, 0xd5, 0x55, 0xd5, 0x55, 0x54, 0x55, 0x55, 0x54, 0x55, 0x55,
  0x55, 0xd5, 0x54, 0x55, 0x55, 0xd5, 0xd5, 0xd5, 0xd5, 0x55, 0x55, 0xd5,
  0xd5, 0xd5, 0x55, 0xd5, 0xd5, 0xd5, 0xd5, 0xd5, 0xd5, 0xd5, 0x55, 0x55,
  0x55, 0x54, 0xd5, 0x55, 0x55, 0x55, 0x55, 0x55, 0xd5, 0x55, 0x55, 0x54,
  0x55, 0xd5, 0xd5, 0x54, 0x54, 0x54, 0x55, 0xd5, 0xd5, 0x55, 0x55, 0x55,
  0x55, 0xd5, 0x54, 0x55, 0xd5, 0x57, 0x55, 0xd5, 0x54, 0xd5, 0x55, 0x54,
  0xd5, 0x55, 0x55, 0x55, 0x55, 0x55, 0xd5, 0xd5, 0x55, 0xd5, 0x55, 0x54,
  0x55, 0xd5, 0x55, 0x55, 0x55, 0xd5, 0xd5, 0xd5, 0xd5, 0xd5, 0xd5, 0xd4,
  0xd4, 0xd7, 0xd4, 0xd4, 0xd4, 0xd5, 0xd5, 0xd5, 0x54, 0xd5, 0xd4, 0xd5,
  0xd7, 0xd4, 0xd5, 0xd5, 0xd5, 0x55, 0xd5, 0xd5, 0x55, 0x55, 0xd5, 0x55,
  0x55, 0x55, 0x54, 0x55, 0x55, 0x55, 0x55, 0x55, 0xd5, 0x55, 0x55, 0xd5,
  0x54, 0x55, 0x54, 0x54, 0x55, 0x54, 0x54, 0x55, 0x55, 0xd5, 0xd5, 0xd5,
  0xd5, 0xd5, 0xd5, 0xd5, 0xd5, 0xd5, 0xd5, 0xd5, 0xd5, 0xd5, 0xd5, 0xd5,
  0x55, 0xd5, 0xd5, 0xd5, 0x55, 0xd5, 0x55, 0x54, 0x54, 0x57, 0x54, 0x55,
  0x54, 0x55, 0xd5, 0x55, 0x54, 0x54, 0x54, 0x54, 0x54, 0x54, 0x54, 0x54,
  0x54, 0x54, 0x55, 0x54, 0x54, 0x54, 0x55, 0x55, 0x54, 0x54, 0x54, 0x55,
  0x55, 0x55, 0x54, 0x55, 0xd5, 0xd5, 0xd5, 0xd5, 0xd5, 0xd5, 0xd5, 0xd4,
  0xd5, 0x55, 0xd5, 0x55, 0xd5, 0xd5, 0x55, 0x55, 0x55, 0x55, 0xd4, 0xd5,
  0xd5, 0xd4, 0xd5, 0xd5, 0xd4, 0xd5, 0xd4, 0xd5, 0xd5, 0xd5, 0xd5, 0xd5,
  0xd5, 0x55, 0x55, 0xd5, 0x54, 0x55, 0xd5, 0xd5, 0x54, 0xd5, 0x55, 0x54,
  0x55, 0x55, 0xd5, 0xd5, 0xd5, 0xd4, 0x55, 0xd4, 0xd5, 0xd5, 0xd4, 0xd5,
  0xd5, 0xd5, 0x55, 0x54, 0x55, 0xd5, 0xd5, 0x54, 0xd5, 0x54, 0x54, 0x55,
  0x57, 0x54, 0x54, 0x57, 0xd5, 0x54, 0x56, 0x54, 0x54, 0x54, 0x55, 0x57,
  0x57, 0x57, 0x54, 0x56, 0x57, 0x54, 0x57, 0x55, 0x54, 0x54, 0x54, 0x54,
  0x54, 0x55, 0x57, 0x54, 0x55, 0x54, 0xd4, 0x54, 0x54, 0xd5, 0x55, 0xd4,
  0xd5, 0x57, 0xd5, 0x54, 0x54, 0xd5, 0x55, 0x55, 0xd4, 0xd5, 0xd5, 0xd4,
  0xd5, 0xd5, 0xd7, 0x55, 0xd4, 0xd5, 0x57, 0xd5, 0xd4, 0xd5, 0x54, 0xd4,
  0x54, 0x55, 0xd4, 0x57, 0x54, 0x57, 0x57, 0xd4, 0xd7, 0x55, 0xd4, 0xd4,
  0x54, 0xd5, 0xd5, 0xd5, 0xd7, 0xd6, 0xd5, 0xd5, 0xd5, 0x57, 0x56, 0x55,
  0x54, 0xd4, 0xd7, 0x55, 0xd4, 0xd4, 0x57, 0x54, 0x54, 0x56, 0x55, 0xd7,
  0xd4, 0xd7, 0xd6, 0x55, 0xd4, 0xd4, 0x54, 0xd7, 0xd5, 0xd5, 0xd7, 0xd5,
  0x55, 0xd4, 0x54, 0x57, 0x54, 0x57, 0x57, 0xd5, 0x55, 0xd5, 0xd7, 0xd5,
  0xd7, 0xd4, 0xd5, 0xd5, 0xd5, 0x54, 0x54, 0x57, 0x57, 0xd5, 0x55, 0x55,
  0xd5, 0xd5, 0x54, 0xd5, 0x54, 0x54, 0xd5, 0x57, 0x57, 0x54, 0x51, 0x56,
  0x54, 0x51, 0x57, 0xd5, 0x57, 0xd5, 0xd4, 0x57, 0xd5, 0xd5, 0x55, 0xd4,
  0xd5, 0x55, 0xd5, 0x54, 0x56, 0x55, 0x51, 0x51, 0xd5, 0x57, 0x54, 0xd4,
  0x57, 0xd5, 0xd4, 0x51, 0x57, 0x57, 0x53, 0x55, 0x54, 0x57, 0xd6, 0xd4,
  0xd5, 0xd1, 0xd7, 0x55, 0xd1, 0x55, 0x54, 0xd6, 0x54, 0xd5, 0xd1, 0xd5,
  0xd7, 0xd1, 0xd5, 0x55, 0xd5, 0x54, 0x54, 0xd5, 0x57, 0x57, 0xd6, 0x57,
  0x57, 0xd4, 0x56, 0x56, 0xd4, 0x56, 0x55, 0xd7, 0x57, 0x57, 0x54, 0x55,
  0x54, 0x55, 0xd4, 0x55, 0xd4, 0xd6, 0x54, 0xd0, 0xd6, 0xd4, 0xdf, 0xd3,
  0xd6, 0xdc, 0xd1, 0xd7, 0xd0, 0x55, 0x55, 0xd1, 0x55, 0xd5, 0xd1, 0x57,
  0x54, 0xd7, 0x51, 0x57, 0xd4, 0x51, 0x55, 0xd4, 0x56, 0xd5, 0xd0, 0xd7,
  0xd3, 0xd6, 0xd4, 0xd1, 0x55, 0x55, 0xd4, 0x53, 0x56, 0xd1, 0x53, 0x53,
  0xd6, 0x57, 0x53, 0xd5, 0x54, 0x50, 0x53, 0x52, 0x56, 0x56, 0x51, 0x55,
  0x55, 0x57, 0xd4, 0x54, 0x52, 0x51, 0x56, 0x50, 0x51, 0x56, 0x54, 0x51,
  0x50, 0x54, 0x56, 0x53, 0x54, 0x57, 0x53, 0xd5, 0x57, 0x50, 0x57, 0x56,
  0x57, 0x57, 0x50, 0x51, 0x51, 0x5d, 0x51, 0x56, 0x53, 0x55, 0x55, 0x56,
  0xd4, 0xd5, 0x56, 0x54, 0x57, 0x54, 0xd6, 0xd4, 0xd7, 0xd2, 0xd7, 0xd7,
  0xd0, 0xd5, 0xd4, 0xd1, 0xd4, 0xd1, 0xd3, 0xd4, 0xd6, 0xd1, 0xd6, 0xd2,
  0xd2, 0xd3, 0xd9, 0xdd, 0xd0, 0xdc, 0xd3, 0xd2, 0xdd, 0xdd, 0xdf, 0xd9,
  0xdf, 0xde, 0xdc, 0xd2, 0xdf, 0xd2, 0xdc, 0xde, 0xde, 0xd9, 0xde, 0xdf,
  0xd9, 0xdc, 0xdd, 0xde, 0xdc, 0xd0, 0xdd, 0xd2, 0xd1, 0xd3, 0xdf, 0xdc,
  0xd2, 0xd8, 0xdc, 0xd7, 0xd7, 0xd5, 0x5d, 0x53, 0x54, 0x52, 0x51, 0x56,
  0x51, 0x5c, 0x5c, 0x5c, 0x58, 0x44, 0x5b, 0x59, 0x5b, 0x51, 0xd5, 0xd0,
  0xdc, 0xd8, 0xc3, 0xcc, 0xc2, 0xca, 0xcf, 0xd0, 0xd7, 0x47, 0x78, 0x65,
  0x66, 0x6d, 0x61, 0x67, 0x66, 0x7a, 0x78, 0x65, 0x79, 0x7b, 0x7a, 0x72,
  0x7c, 0x7e, 0x7e, 0x67, 0x60, 0x66, 0x66, 0x7a, 0x4a, 0x5b, 0xdc, 0xc3,
  0xd9, 0xd4, 0x5f, 0x4c, 0x42, 0x5a, 0x52, 0xdf, 0xc8, 0xf7, 0xf6, 0xf1,
  0xc8, 0xc3, 0xc8, 0xc9, 0xc9, 0xf6, 0xf1, 0xf3, 0xfe, 0xf9, 0xfb, 0xe5,
  0xe5, 0xe7, 0xe4, 0xfa, 0xe4, 0xfa, 0xfb, 0xe4, 0xe7, 0xe7, 0xe0, 0xe3,
  0xe2, 0xe2, 0xe3, 0xe3, 0xe3, 0xe0, 0xe1, 0xe6, 0xe7, 0xe7, 0xe1, 0xe1,
  0xe1, 0xe2, 0xe3, 0xe1, 0xe6, 0xe4, 0xfe, 0xfc, 0xfd, 0xff, 0xfb, 0xe4,
  0xe1, 0xe6, 0xe5, 0xfb, 0xc8, 0x53, 0x49, 0x67, 0x68, 0x6a, 0x16, 0x10,
  0x11, 0x13, 0x13, 0x11, 0x10, 0x11, 0x14, 0x11, 0x14, 0x69, 0x14, 0x6a,
  0x6f, 0x14, 0x6a, 0x6b, 0x13, 0x1c, 0x05, 0x03, 0x0c, 0x09, 0x0b, 0x0e,
  0x02, 0x07, 0x16, 0x7c, 0xc2, 0xe9, 0x97, 0x91, 0x9c, 0x9f, 0x99, 0x85,
  0x85, 0x84, 0x87, 0x84, 0x85, 0x9a, 0x9f, 0x91, 0xea, 0xfc, 0x74, 0x63,
  0x17, 0x13, 0x16, 0x14, 0x6c, 0x49, 0xc6, 0xf8, 0xef, 0xee, 0xe9, 0x97,
  0x96, 0x93, 0x9e, 0x9a, 0x84, 0x86, 0x87, 0x84, 0x9a, 0x9c, 0x96, 0xec,
  0xf2, 0xd2, 0x4d, 0x7f, 0x67, 0x6d, 0x69, 0x6b, 0x6a, 0x6a, 0x68, 0x6d,
  0x7b, 0x44, 0xcd, 0xe5, 0xed, 0xeb, 0x94, 0x94, 0x95, 0x95, 0xea, 0xee,
  0xe2, 0xe6, 0xfc, 0xdb, 0x41, 0x7c, 0x63, 0x68, 0x6b, 0x14, 0x14, 0x15,
  0x17, 0x14, 0x6e, 0x6c, 0x61, 0x70, 0x4e, 0x5e, 0xd8, 0xcd, 0xf1, 0xf9,
  0xf9, 0xfb, 0xf8, 0xfc, 0xf2, 0xc2, 0xd2, 0xdd, 0x58, 0x49, 0x4c, 0x72,
  0x79, 0x65, 0x62, 0x6c, 0x62, 0x6e, 0x62, 0x67, 0x66, 0x7f, 0x4b, 0x42,
  0xd6, 0xd2, 0x50, 0xd4, 0x51, 0x41, 0x5e, 0x5a, 0x5f, 0xca, 0xcd, 0xda,
  0xcc, 0x5f, 0x74, 0x77, 0x7f, 0x72, 0x42, 0x47, 0xd4, 0xd4, 0x75, 0x4a,
  0x7b, 0x66, 0x77, 0x70, 0x46, 0xca, 0xf2, 0xff, 0xf7, 0xd8, 0xd6, 0x44,
  0x47, 0xdf, 0xd6, 0xf4, 0xe6, 0xf1, 0xfc, 0xfd, 0x42, 0xd4, 0xd1, 0x79,
  0x44, 0x5e, 0x79, 0xd6, 0xd3, 0x70, 0xdc, 0xd7, 0x53, 0xfd, 0xd6, 0x59,
  0xc8, 0x42, 0x56, 0xf2, 0x53, 0xdb, 0xff, 0xd8, 0xf4, 0xf1, 0x56, 0xc1,
  0xc7, 0x55, 0xcf, 0xd5, 0x75, 0x45, 0x76, 0x7c, 0x46, 0x4b, 0x40, 0xde,
  0xd4, 0xda, 0xc8, 0xd7, 0xdc, 0xc4, 0x52, 0xc5, 0xca, 0xc7, 0xf9, 0xfb,
  0xf8, 0xed, 0xe0, 0xe4, 0xe2, 0xfc, 0xca, 0xe5, 0xc9, 0xf2, 0xe1, 0xf7,
  0xfe, 0xe6, 0xf4, 0xe7, 0xe3, 0xf1, 0xe6, 0xff, 0x5b, 0xc8, 0x5f, 0x4a,
  0xfb, 0xfe, 0xe0, 0x92, 0x97, 0x97, 0x9c, 0xed, 0xe1, 0xee, 0xdd, 0xd1,
  0xde, 0x62, 0x63, 0x61, 0x17, 0x6f, 0x67, 0x61, 0x41, 0x5c, 0x5b, 0xd9,
  0x75, 0x7b, 0x7c, 0x6c, 0x6e, 0x6d, 0x11, 0x10, 0x1e, 0x03, 0x09, 0x34,
  0x30, 0x30, 0x31, 0x34, 0x02, 0x1f, 0x73, 0xe2, 0x97, 0x90, 0x92, 0x91,
  0x9d, 0x99, 0x85, 0x83, 0x8e, 0x8b, 0x8a, 0x8b, 0x8e, 0x82, 0x85, 0x97,
  0xf7, 0x66, 0x10, 0x1b, 0x04, 0x05, 0x19, 0x11, 0x67, 0x55, 0xf3, 0xe4,
  0xe7, 0xe4, 0xe5, 0xe7, 0xee, 0x93, 0x9a, 0x86, 0x80, 0x83, 0x81, 0x84,
  0x9f, 0xea, 0xf0, 0x70, 0x15, 0x1d, 0x1a, 0x05, 0x1a, 0x1c, 0x6c, 0x43,
  0xcb, 0xe0, 0xe0, 0xf1, 0xcf, 0xd5, 0x43, 0xc2, 0xe4, 0xee, 0x93, 0x9f,
  0x9d, 0x93, 0xee, 0xca, 0x75, 0x6e, 0x14, 0x17, 0x11, 0x15, 0x62, 0x64,
  0xd6, 0xc3, 0xc6, 0xfa, 0xf5, 0xda, 0xf9, 0xf6, 0xfa, 0x94, 0x91, 0x9e,
  0x85, 0x9a, 0x85, 0x99, 0x91, 0x96, 0xed, 0xe4, 0xe9, 0xed, 0xe9, 0x93,
  0x91, 0x93, 0x9d, 0x95, 0xe3, 0xc5, 0x66, 0x69, 0x13, 0x18, 0x19, 0x05,
  0x04, 0x05, 0x07, 0x01, 0x01, 0x0d, 0x0e, 0x0a, 0x36, 0x32, 0x3e, 0x39,
  0x3f, 0x32, 0x35, 0x04, 0x75, 0x9c, 0x80, 0x82, 0x8c, 0x81, 0x84, 0x87,
  0x84, 0x81, 0x89, 0x8b, 0xb5, 0xb4, 0x8e, 0x80, 0x9b, 0xff, 0x65, 0x12,
  0x00, 0x02, 0x0d, 0x0f, 0x00, 0x1a, 0x13, 0x43, 0xe1, 0x95, 0x92, 0x9d,
  0x90, 0x92, 0x9c, 0x99, 0x86, 0x8d, 0x89, 0xb5, 0xb5, 0x8e, 0x80, 0x98,
  0xe7, 0x75, 0x68, 0x1f, 0x18, 0x19, 0x18, 0x1f, 0x12, 0x13, 0x16, 0x15,
  0x69, 0x60, 0x67, 0x78, 0x4e, 0xd0, 0xf2, 0xec, 0x97, 0x9c, 0x98, 0x9f,
  0x96, 0xe1, 0x5b, 0x6e, 0x16, 0x12, 0x1d, 0x16, 0x6b, 0x6e, 0x61, 0x69,
  0x10, 0x12, 0x1f, 0x19, 0x12, 0x11, 0x15, 0x7f, 0x56, 0xf1, 0xec, 0x95,
  0x90, 0x9e, 0x99, 0x99, 0x9c, 0x96, 0x96, 0x94, 0x94, 0x90, 0x92, 0x9d,
  0x99, 0x9c, 0x97, 0xe8, 0xe7, 0xf8, 0xe4, 0xe2, 0x94, 0x90, 0x9d, 0x99,
  0x9c, 0x92, 0x9f, 0x9c, 0x99, 0x9a, 0x99, 0x9c, 0x91, 0xe1, 0xcd, 0x7e,
  0x17, 0x12, 0x18, 0x06, 0x06, 0x0d, 0x08, 0x0a, 0x34, 0x30, 0x32, 0x3c,
  0x3e, 0x3e, 0x3c, 0x33, 0x0a, 0x07, 0x7a, 0x92, 0x86, 0x8f, 0x8a, 0x8e,
  0x8f, 0x8e, 0x82, 0x8c, 0x88, 0x89, 0x89, 0x8e, 0x81, 0x9b, 0xeb, 0x65,
  0x10, 0x04, 0x0c, 0x0f, 0x0f, 0x09, 0x02, 0x04, 0x1e, 0x63, 0xc9, 0xe3,
  0x93, 0x98, 0x9b, 0x87, 0x86, 0x81, 0x8d, 0x8e, 0x8e, 0x8b, 0x89, 0x8d,
  0x86, 0x9d, 0xfd, 0x7e, 0x10, 0x05, 0x07, 0x01, 0x01, 0x07, 0x05, 0x1b,
  0x1d, 0x10, 0x17, 0x6d, 0x64, 0x70, 0xdf, 0xfd, 0xe3, 0x96, 0x9d, 0x9e,
  0x9b, 0x98, 0x9d, 0x91, 0xee, 0xf2, 0xc6, 0x49, 0x61, 0x6c, 0x15, 0x1d,
  0x1c, 0x19, 0x05, 0x1e, 0x1c, 0x12, 0x69, 0x67, 0x7c, 0xc7, 0xc9, 0xfd,
  0xe8, 0x95, 0x90, 0x9b, 0x9b, 0x9a, 0x9a, 0x9f, 0x9d, 0x90, 0x95, 0x96,
  0x91, 0x91, 0x9c, 0x92, 0x91, 0x93, 0xea, 0xe3, 0xe0, 0xfc, 0xfe, 0xe2,
  0xec, 0xea, 0x97, 0x95, 0x95, 0xe9, 0xe7, 0xff, 0xd4, 0x65, 0x68, 0x13,
  0x1a, 0x07, 0x00, 0x0d, 0x0c, 0x0e, 0x0a, 0x37, 0x30, 0x3d, 0x3e, 0x3e,
  0x3d, 0x37, 0x02, 0x15, 0xef, 0x84, 0x80, 0x82, 0x80, 0x84, 0x84, 0x87,
  0x81, 0x8f, 0x88, 0x88, 0x8b, 0x8c, 0x86, 0x9f, 0xf9, 0x7b, 0x14, 0x05,
  0x00, 0x02, 0x0c, 0x02, 0x06, 0x18, 0x6f, 0xd9, 0xe1, 0x96, 0x93, 0x93,
  0x93, 0x93, 0x9e, 0x87, 0x82, 0x8e, 0x8a, 0x8a, 0x88, 0x82, 0x9a, 0xe9,
  0x56, 0x6c, 0x13, 0x1f, 0x18, 0x05, 0x05, 0x1a, 0x1b, 0x1e, 0x1d, 0x10,
  0x17, 0x15, 0x6a, 0x6c, 0x65, 0x59, 0xf0, 0xe3, 0x94, 0x92, 0x9f, 0x9e,
  0x9c, 0x90, 0x95, 0xe4, 0xd6, 0x79, 0x15, 0x10, 0x10, 0x13, 0x11, 0x14,
  0x17, 0x16, 0x14, 0x11, 0x11, 0x14, 0x6e, 0x42, 0xe4, 0x94, 0x9c, 0x9b,
  0x9a, 0x84, 0x85, 0x98, 0x98, 0x98, 0x9b, 0x85, 0x85, 0x9a, 0x98, 0x9d,
  0x91, 0x95, 0xe1, 0xf9, 0xfd, 0xf3, 0xfb, 0xe7, 0xe6, 0xe3, 0xe2, 0xe0,
  0xe5, 0xfd, 0xf7, 0x56, 0x7c, 0x63, 0x14, 0x1d, 0x19, 0x04, 0x01, 0x03,
  0x09, 0x34, 0x31, 0x3c, 0x3e, 0x3e, 0x3f, 0x36, 0x0d, 0x12, 0xe7, 0x9b,
  0x84, 0x81, 0x87, 0x9f, 0x84, 0x87, 0x86, 0x89, 0x8a, 0x8b, 0xb5, 0x8e,
  0x81, 0x85, 0xe1, 0x79, 0x68, 0x05, 0x03, 0x02, 0x0e, 0x0c, 0x07, 0x1a,
  0x14, 0x5b, 0xd8, 0xfb, 0xed, 0xf9, 0xe0, 0x94, 0x91, 0x84, 0x8d, 0x8e,
  0x8b, 0x8a, 0x8f, 0x80, 0x9b, 0xed, 0xce, 0x4a, 0x68, 0x14, 0x16, 0x1d,
  0x13, 0x13, 0x1c, 0x10, 0x11, 0x13, 0x14, 0x14, 0x16, 0x6f, 0x65, 0x46,
  0xe6, 0xe9, 0x97, 0x9d, 0x9d, 0x93, 0x97, 0xe0, 0xfe, 0xdf, 0x7d, 0x7e,
  0x6d, 0x15, 0x6f, 0x14, 0x17, 0x15, 0x1d, 0x1f, 0x12, 0x19, 0x1d, 0x16,
  0x6a, 0xd1, 0xe3, 0x96, 0x85, 0x84, 0x84, 0x87, 0x98, 0x9e, 0x98, 0x92,
  0x9e, 0x9a, 0x98, 0x9a, 0x9b, 0x9d, 0x9c, 0x90, 0xe9, 0xee, 0xe0, 0xe4,
  0xe7, 0xe7, 0xe3, 0xee, 0xea, 0x94, 0xe9, 0xe2, 0xfd, 0x52, 0x72, 0x6c,
  0x16, 0x1c, 0x04, 0x01, 0x0d, 0x0a, 0x37, 0x33, 0x3f, 0x39, 0x39, 0x3f,
  0x31, 0x0e, 0x19, 0xd7, 0x97, 0x9c, 0x98, 0x98, 0x9f, 0x9a, 0x86, 0x82,
  0x88, 0xb5, 0xb4, 0xb4, 0x8a, 0x82, 0x87, 0x96, 0x55, 0x6c, 0x1b, 0x03,
  0x02, 0x0f, 0x0f, 0x01, 0x1a, 0x10, 0x65, 0x75, 0x56, 0xc3, 0x52, 0xc2,
  0xed, 0x91, 0x84, 0x82, 0x8e, 0x8a, 0x8a, 0x8e, 0x82, 0x87, 0x9d, 0xef,
  0xff, 0x58, 0x64, 0x6c, 0x17, 0x10, 0x10, 0x12, 0x12, 0x13, 0x1c, 0x1f,
  0x1e, 0x19, 0x13, 0x68, 0x7e, 0xf0, 0xe8, 0x96, 0x9c, 0x9d, 0x90, 0x95,
  0xe7, 0xf3, 0xc8, 0x5f, 0x46, 0x71, 0x60, 0x61, 0x6e, 0x16, 0x11, 0x1c,
  0x1b, 0x19, 0x1b, 0x1e, 0x16, 0x6d, 0xd9, 0xee, 0x96, 0x99, 0x85, 0x9a,
  0x84, 0x9b, 0x9f, 0x99, 0x9f, 0x9e, 0x9b, 0x9b, 0x9b, 0x98, 0x9f, 0x92,
  0x95, 0xe2, 0xe4, 0xfe, 0xfa, 0xfa, 0xe4, 0xe0, 0xe1, 0xe3, 0xe0, 0xf9,
  0xff, 0xc0, 0x49, 0x7d, 0x6d, 0x16, 0x13, 0x1b, 0x06, 0x02, 0x0a, 0x36,
  0x33, 0x3f, 0x3e, 0x3c, 0x32, 0x34, 0x00, 0x10, 0x54, 0xeb, 0xea, 0x90,
  0x9c, 0x9d, 0x84, 0x80, 0x8d, 0x8b, 0x8a, 0x8a, 0xb5, 0x8e, 0x80, 0x85,
  0xe9, 0x5a, 0x6a, 0x04, 0x00, 0x03, 0x02, 0x01, 0x1b, 0x1d, 0x15, 0x64,
  0x7b, 0x73, 0x4e, 0x45, 0xfd, 0x94, 0x9e, 0x81, 0x8f, 0x89, 0x8b, 0x89,
  0x82, 0x81, 0x9b, 0x96, 0xee, 0xc8, 0x7c, 0x62, 0x15, 0x17, 0x17, 0x11,
  0x10, 0x10, 0x1f, 0x1b, 0x1a, 0x05, 0x18, 0x17, 0x66, 0xdb, 0xed, 0xea,
  0x96, 0x91, 0x95, 0xec, 0xfe, 0xc1, 0xc5, 0xde, 0xdf, 0xf4, 0xf1, 0xcd,
  0xd0, 0x4b, 0x6d, 0x11, 0x1d, 0x18, 0x18, 0x1c, 0x16, 0x67, 0xdf, 0xe4,
  0x95, 0x96, 0x91, 0x93, 0x90, 0x9d, 0x9e, 0x9e, 0x9a, 0x84, 0x84, 0x86,
  0x87, 0x85, 0x9b, 0x9d, 0x94, 0xed, 0xff, 0xcc, 0xc3, 0xf6, 0xf8, 0xe4,
  0xe7, 0xf8, 0xf4, 0x51, 0x7c, 0x62, 0x14, 0x16, 0x16, 0x1d, 0x1b, 0x07,
  0x0d, 0x0a, 0x36, 0x32, 0x3f, 0x3f, 0x3d, 0x31, 0x08, 0x04, 0x14, 0xc6,
  0xe9, 0x94, 0x9f, 0x9f, 0x9b, 0x83, 0x8c, 0x8e, 0x8a, 0x8a, 0xb5, 0x8a,
  0x8f, 0x83, 0x85, 0xef, 0x43, 0x10, 0x07, 0x00, 0x02, 0x03, 0x04, 0x18,
  0x1f, 0x13, 0x11, 0x11, 0x11, 0x14, 0x7a, 0xe5, 0x90, 0x85, 0x83, 0x8f,
  0x8e, 0x89, 0x8e, 0x8d, 0x81, 0x98, 0x90, 0xe9, 0xf3, 0xd1, 0x48, 0x7d,
  0x72, 0x6c, 0x13, 0x19, 0x07, 0x03, 0x03, 0x00, 0x04, 0x1c, 0x6b, 0x4c,
  0xf3, 0xe5, 0xe2, 0xeb, 0xe8, 0xeb, 0xeb, 0xe9, 0xeb, 0x95, 0x94, 0x95,
  0xed, 0xfe, 0xd5, 0x7b, 0x15, 0x1d, 0x1b, 0x05, 0x1b, 0x1c, 0x10, 0x6e,
  0x70, 0xc5, 0xe7, 0xee, 0x94, 0x91, 0x90, 0x92, 0x9c, 0x9f, 0x9a, 0x84,
  0x87, 0x81, 0x86, 0x87, 0x9a, 0x9f, 0x96, 0xea, 0xec, 0xe3, 0xe2, 0xe3,
  0xe2, 0xe0, 0xe5, 0xf3, 0xdb, 0x7d, 0x62, 0x15, 0x13, 0x1c, 0x05, 0x00,
  0x0c, 0x35, 0x31, 0x3d, 0x3e, 0x3e, 0x3d, 0x31, 0x0e, 0x1a, 0x6b, 0xd4,
  0xfc, 0xef, 0x93, 0x92, 0x85, 0x82, 0x8f, 0x88, 0x8b, 0x8b, 0xb5, 0x8b,
  0x8c, 0x81, 0x9d, 0xff, 0x63, 0x1e, 0x07, 0x06, 0x06, 0x05, 0x1e, 0x1d,
  0x1f, 0x1e, 0x1f, 0x10, 0x15, 0x62, 0x53, 0xe9, 0x9d, 0x84, 0x83, 0x8f,
  0x88, 0x8b, 0x8e, 0x8d, 0x87, 0x9c, 0x94, 0xed, 0xe0, 0xe7, 0xf3, 0xc4,
  0x4a, 0x6e, 0x13, 0x1a, 0x07, 0x07, 0x07, 0x04, 0x1a, 0x1d, 0x68, 0x7d,
  0x58, 0xc2, 0xfe, 0xfe, 0xc8, 0xc7, 0xf7, 0xfa, 0xe1, 0xee, 0x94, 0x95,
  0xe2, 0xf1, 0x51, 0x70, 0x62, 0x15, 0x15, 0x14, 0x15, 0x6c, 0x66, 0x77,
  0xdb, 0xf2, 0xe5, 0xe4, 0xfb, 0xe5, 0xe7, 0xec, 0x91, 0x9c, 0x98, 0x85,
  0x85, 0x9a, 0x98, 0x9c, 0x92, 0x90, 0x96, 0x97, 0x95, 0xee, 0xef, 0xec,
  0xe0, 0xe5, 0xc9, 0x5d, 0x7c, 0x6f, 0x14, 0x1c, 0x07, 0x02, 0x0b, 0x36,
  0x3d, 0x3e, 0x3f, 0x32, 0x36, 0x08, 0x01, 0x1c, 0x6a, 0x63, 0x43, 0xe5,
  0x95, 0x9e, 0x86, 0x8f, 0x8b, 0x8a, 0xb5, 0xb7, 0xb7, 0xb5, 0x8d, 0x9a,
  0xea, 0x5a, 0x15, 0x13, 0x13, 0x13, 0x1f, 0x1b, 0x05, 0x07, 0x06, 0x07,
  0x18, 0x12, 0x11, 0x69, 0x45, 0xe0, 0x92, 0x85, 0x80, 0x8c, 0x8c, 0x82,
  0x81, 0x84, 0x85, 0x9a, 0x9b, 0x98, 0x9d, 0x95, 0xe6, 0xd0, 0x78, 0x6a,
  0x1c, 0x1a, 0x07, 0x01, 0x06, 0x04, 0x19, 0x11, 0x15, 0x6a, 0x15, 0x6a,
  0x6c, 0x7a, 0xd1, 0xe4, 0xe8, 0x91, 0x92, 0x92, 0x93, 0x96, 0x94, 0xe2,
  0xf6, 0x59, 0x70, 0x7f, 0x71, 0x5f, 0xda, 0xc1, 0xd0, 0xd1, 0x45, 0x73,
  0x7c, 0x4a, 0xdd, 0xfe, 0xef, 0x96, 0x93, 0x9d, 0x9c, 0x9c, 0x93, 0x96,
  0x94, 0x94, 0x94, 0x96, 0x93, 0x9d, 0x9c, 0x9d, 0x93, 0x94, 0xe5, 0x51,
  0x7a, 0x6f, 0x17, 0x1f, 0x07, 0x0d, 0x35, 0x30, 0x3c, 0x3f, 0x3c, 0x33,
  0x36, 0x0a, 0x0c, 0x01, 0x05, 0x10, 0x7f, 0xfe, 0x94, 0x9e, 0x86, 0x8c,
  0x8b, 0xb4, 0xb6, 0xb0, 0xb1, 0xb5, 0x8d, 0x84, 0x92, 0xec, 0xca, 0x59,
  0x65, 0x17, 0x19, 0x05, 0x04, 0x06, 0x01, 0x00, 0x00, 0x00, 0x07, 0x1c,
  0x66, 0xff, 0x97, 0x9f, 0x9a, 0x84, 0x86, 0x81, 0x80, 0x82, 0x83, 0x80,
  0x81, 0x87, 0x85, 0x99, 0x93, 0xe9, 0xc1, 0x67, 0x14, 0x1d, 0x1e, 0x19,
  0x1e, 0x19, 0x1a, 0x05, 0x04, 0x07, 0x04, 0x18, 0x12, 0x14, 0x66, 0x46,
  0xca, 0xe1, 0xea, 0x94, 0x94, 0xea, 0xee, 0xec, 0xed, 0xeb, 0x97, 0x96,
  0x94, 0xeb, 0xef, 0xe1, 0xfe, 0xf5, 0xd9, 0xd1, 0x54, 0xd9, 0xf0, 0xe0,
  0x95, 0x94, 0xeb, 0xef, 0xec, 0xe3, 0xe2, 0xe9, 0x95, 0x97, 0x96, 0x90,
  0x9c, 0x92, 0x93, 0x96, 0xe9, 0xf8, 0xd3, 0x76, 0x6d, 0x13, 0x07, 0x0e,
  0x36, 0x32, 0x3c, 0x3d, 0x33, 0x31, 0x37, 0x35, 0x08, 0x0e, 0x02, 0x04,
  0x17, 0x73, 0xc3, 0xea, 0x85, 0x8c, 0xb5, 0xb6, 0xb0, 0xb1, 0xb4, 0x88,
  0x8f, 0x8d, 0x81, 0x9a, 0x92, 0x95, 0xfe, 0x77, 0x6d, 0x14, 0x12, 0x04,
  0x03, 0x0d, 0x0c, 0x02, 0x06, 0x1f, 0x15, 0x63, 0x7b, 0x49, 0xc3, 0xe6,
  0x94, 0x92, 0x99, 0x85, 0x87, 0x81, 0x83, 0x82, 0x82, 0x81, 0x84, 0x9f,
  0x96, 0xe8, 0xe2, 0xe7, 0xca, 0x44, 0x64, 0x15, 0x1d, 0x1a, 0x07, 0x01,
  0x00, 0x00, 0x06, 0x1a, 0x1d, 0x6a, 0x67, 0x71, 0x5e, 0xca, 0xe4, 0xef,
  0x97, 0x90, 0x9d, 0x9f, 0x99, 0x98, 0x99, 0x9d, 0x91, 0xe9, 0xe1, 0xe4,
  0xf8, 0xf9, 0xe7, 0xec, 0xec, 0xe4, 0xe5, 0xe4, 0xff, 0xf5, 0xf5, 0xfa,
  0xe1, 0xed, 0x94, 0x91, 0x96, 0x95, 0xef, 0xe6, 0xfb, 0xc9, 0x5b, 0x64,
  0x11, 0x04, 0x09, 0x37, 0x31, 0x30, 0x31, 0x36, 0x37, 0x34, 0x35, 0x0b,
  0x0f, 0x03, 0x01, 0x1a, 0x10, 0x62, 0xda, 0x91, 0x86, 0x8c, 0x88, 0x8a,
  0x8a, 0x88, 0x8e, 0x8e, 0x8e, 0x8c, 0x82, 0x86, 0x87, 0x9a, 0x9d, 0xe9,
  0xf7, 0x7d, 0x16, 0x1b, 0x04, 0x1a, 0x1b, 0x1b, 0x1e, 0x1d, 0x12, 0x12,
  0x11, 0x68, 0x61, 0x65, 0x76, 0xdd, 0xe6, 0x97, 0x92, 0x9f, 0x99, 0x99,
  0x9e, 0x9f, 0x9e, 0x98, 0x9e, 0x9d, 0x93, 0x91, 0x97, 0xef, 0xf3, 0x47,
  0x61, 0x17, 0x1c, 0x19, 0x1f, 0x1d, 0x1d, 0x1d, 0x13, 0x11, 0x16, 0x14,
  0x6f, 0x67, 0x72, 0x5c, 0xf3, 0xee, 0x91, 0x9d, 0x9d, 0x93, 0x90, 0x90,
  0x91, 0x90, 0x93, 0x9d, 0x92, 0x93, 0x91, 0x97, 0x94, 0xea, 0xe3, 0xfa,
  0xfb, 0xe4, 0xe6, 0xe3, 0xea, 0x96, 0x95, 0xe3, 0xe4, 0xff, 0xc2, 0x43,
  0x78, 0x6f, 0x1f, 0x01, 0x09, 0x35, 0x37, 0x36, 0x36, 0x37, 0x34, 0x0a,
  0x09, 0x0f, 0x02, 0x00, 0x06, 0x05, 0x12, 0x6f, 0xd3, 0x94, 0x9a, 0x86,
  0x83, 0x8d, 0x8d, 0x82, 0x82, 0x8d, 0x8d, 0x80, 0x81, 0x81, 0x86, 0x85,
  0x9e, 0x90, 0xef, 0xc2, 0x7e, 0x62, 0x69, 0x14, 0x16, 0x11, 0x16, 0x11,
  0x13, 0x10, 0x16, 0x11, 0x12, 0x10, 0x6a, 0x66, 0x7d, 0x53, 0xfe, 0xe2,
  0xe2, 0xef, 0x94, 0x90, 0x90, 0x91, 0x90, 0x9d, 0x9f, 0x9e, 0x9e, 0x9c,
  0x97, 0xe7, 0xcd, 0x52, 0x40, 0x71, 0x67, 0x62, 0x6e, 0x6b, 0x14, 0x17,
  0x16, 0x14, 0x15, 0x14, 0x15, 0x6d, 0x7f, 0x5d, 0xc2, 0xf9, 0xe0, 0xee,
  0xe8, 0x95, 0x91, 0x92, 0x9c, 0x92, 0x9d, 0x9c, 0x9c, 0x9c, 0x92, 0x92,
  0x90, 0x97, 0x94, 0x94, 0x94, 0xea, 0xeb, 0xec, 0xe1, 0xfe, 0xcb, 0xc5,
  0x48, 0x66, 0x15, 0x1e, 0x03, 0x0a, 0x34, 0x34, 0x34, 0x34, 0x34, 0x0a,
  0x0b, 0x08, 0x08, 0x0d, 0x01, 0x01, 0x06, 0x18, 0x60, 0xf4, 0xef, 0x9d,
  0x87, 0x81, 0x87, 0x86, 0x82, 0x8d, 0x83, 0x81, 0x83, 0x82, 0x80, 0x86,
  0x87, 0x85, 0x93, 0xe0, 0xfd, 0xf6, 0xd7, 0x71, 0x71, 0x46, 0x7c, 0x6e,
  0x15, 0x6a, 0x17, 0x12, 0x1c, 0x1d, 0x1d, 0x13, 0x17, 0x61, 0x7c, 0x4a,
  0xd1, 0xc9, 0xf6, 0xf4, 0xf8, 0xe2, 0xe8, 0x94, 0x90, 0x9f, 0x98, 0x98,
  0x9e, 0x9d, 0x97, 0xe9, 0xe2, 0xe0, 0xe6, 0xfb, 0xf4, 0xc5, 0xdd, 0x58,
  0x7c, 0x60, 0x6f, 0x6f, 0x69, 0x6b, 0x6d, 0x78, 0x76, 0x76, 0x4b, 0xd4,
  0xf5, 0xf7, 0xf3, 0xfa, 0xe3, 0xee, 0xe9, 0xe9, 0x95, 0x94, 0x91, 0x93,
  0x90, 0x90, 0x96, 0x95, 0x94, 0x97, 0xeb, 0xe2, 0xe4, 0xff, 0xc5, 0x72,
  0x6c, 0x16, 0x01, 0x0a, 0x35, 0x08, 0x09, 0x35, 0x34, 0x09, 0x0c, 0x0b,
  0x35, 0x0c, 0x01, 0x0d, 0x09, 0x06, 0x61, 0x4c, 0x73, 0xe4, 0x98, 0x9b,
  0x97, 0x9c, 0x82, 0x8c, 0x87, 0x84, 0x8f, 0x8b, 0x8d, 0x81, 0x8c, 0x8e,
  0x87, 0x96, 0x91, 0x99, 0x91, 0xf3, 0xfc, 0xe9, 0xff, 0x7a, 0x63, 0x7f,
  0x62, 0x19, 0x07, 0x1b, 0x12, 0x19, 0x1b, 0x10, 0x6a, 0x17, 0x12, 0x16,
  0x60, 0x60, 0x6c, 0x7d, 0xfe, 0xe8, 0xea, 0x94, 0x92, 0x9f, 0x9d, 0x92,
  0x9f, 0x9e, 0x92, 0x97, 0x96, 0x93, 0x92, 0x97, 0xe8, 0xe9, 0xed, 0xf9,
  0xd8, 0xd9, 0xc4, 0x5e, 0x77, 0x4c, 0xdb, 0xcf, 0x50, 0x5a, 0xd1, 0xdc,
  0x5c, 0x42, 0x52, 0xd8, 0xdb, 0xde, 0xcd, 0xf5, 0xca, 0xf5, 0xf6, 0xfb,
  0xe7, 0xfa, 0xfb, 0xe4, 0xe0, 0xe5, 0xc6, 0x5d, 0x5d, 0x60, 0x05, 0x00,
  0x07, 0x1a, 0x00, 0x09, 0x02, 0x05, 0x00, 0x0b, 0x0e, 0x04, 0x01, 0x0a,
  0x08, 0x1e, 0x6e, 0x18, 0x19, 0xdf, 0xe9, 0x42, 0x7e, 0x90, 0x86, 0x91,
  0xfd, 0x98, 0x8e, 0x82, 0x9b, 0x80, 0x8b, 0x8d, 0x9e, 0x9b, 0x8d, 0x83,
  0x90, 0xea, 0x84, 0x87, 0xea, 0xf6, 0xe8, 0x94, 0x77, 0x12, 0x6a, 0x79,
  0x16, 0x04, 0x1e, 0x6f, 0x15, 0x19, 0x1c, 0x63, 0x6d, 0x1c, 0x1d, 0x66,
  0x44, 0x7b, 0x79, 0xf9, 0x94, 0xed, 0xfa, 0xea, 0x9d, 0x96, 0xe2, 0x95,
  0x9d, 0x93, 0xe9, 0xea, 0x93, 0x91, 0xef, 0xed, 0x97, 0xea, 0xf5, 0x5d,
  0xc7, 0xcb, 0x45, 0x76, 0x51, 0xda, 0x49, 0x65, 0x7e, 0x78, 0x63, 0x6e,
  0x63, 0x65, 0x63, 0x6d, 0x64, 0x72, 0x72, 0x7a, 0x7e, 0x77, 0x4e, 0x5e,
  0x57, 0x57, 0x56, 0xdc, 0xcf, 0xf4, 0xf7, 0xf2, 0xf7, 0x74, 0x6a, 0x11,
  0x6a, 0x63, 0x14, 0x1f, 0x12, 0x6a, 0x16, 0x18, 0x1c, 0x6a, 0x12, 0x01,
  0x07, 0x14, 0x6b, 0x1f, 0x10, 0x53, 0xdf, 0x6f, 0x65, 0xef, 0xea, 0x4d,
  0x71, 0x94, 0x9f, 0xee, 0xe3, 0x85, 0x80, 0x9f, 0x95, 0x9a, 0x80, 0x99,
  0xe8, 0x92, 0x84, 0x9d, 0xec, 0x91, 0x9b, 0x96, 0xd6, 0xd8, 0xec, 0xf9,
  0x64, 0x66, 0xcd, 0xd0, 0x69, 0x68, 0x42, 0x59, 0x6a, 0x16, 0x65, 0x76,
  0x69, 0x14, 0x7d, 0x5d, 0x65, 0x60, 0x5f, 0xf1, 0x50, 0x75, 0xc0, 0xe4,
  0xf7, 0xd0, 0xf0, 0xe6, 0xfd, 0xd9, 0xf1, 0xe6, 0xf9, 0xc1, 0xc9, 0xff,
  0xf4, 0x51, 0x53, 0xdb, 0xd3, 0x43, 0x49, 0x5c, 0x5f, 0x4a, 0x77, 0x4f,
  0x4c, 0x73, 0x7e, 0x73, 0x70, 0x7e, 0x7a, 0x7c, 0x77, 0x71, 0x70, 0x4a,
  0x44, 0x5a, 0x58, 0x54, 0xde, 0xdf, 0xd3, 0xc5, 0xce, 0xca, 0xf5, 0xf3,
  0xf8, 0xfb, 0xf8, 0xf9, 0xf7, 0x53, 0x76, 0x74, 0x75, 0x78, 0x60, 0x64,
  0x73, 0x65, 0x6f, 0x6d, 0x65, 0x63, 0x17, 0x16, 0x6c, 0x62, 0x14, 0x6b,
  0x7e, 0x74, 0x66, 0x66, 0x50, 0xc3, 0x4a, 0x72, 0xc7, 0xfa, 0xf4, 0xc8,
  0xef, 0x96, 0xea, 0xef, 0x97, 0x93, 0x94, 0xec, 0xeb, 0xea, 0xe1, 0xff,
  0xe1, 0xef, 0xe4, 0xf2, 0xe4, 0xe1, 0xfd, 0xcc, 0xf0, 0xf6, 0x5e, 0x77,
  0x45, 0x5f, 0x76, 0x7d, 0x47, 0x5f, 0x70, 0x7f, 0x49, 0x4e, 0x78, 0x64,
  0x73, 0x74, 0x7c, 0x73, 0x58, 0x54, 0x5e, 0x52, 0xda, 0xda, 0x57, 0x56,
  0xdf, 0xd9, 0xd6, 0xdc, 0xcf, 0xc9, 0xc7, 0xda, 0xc7, 0xd9, 0x54, 0x50,
  0x56, 0x5e, 0x42, 0x4d, 0x45, 0x5a, 0x41, 0x43, 0x40, 0x4d, 0x48, 0x48,
  0x4f, 0x4f, 0x4f, 0x40, 0x58, 0x53, 0xd4, 0xdc, 0xdf, 0xdc, 0xd9, 0xda,
  0xdb, 0xdb, 0xc3, 0xc8, 0xcc, 0xc2, 0xca, 0xf7, 0xf5, 0xc2, 0xcd, 0xcd,
  0xdc, 0x50, 0x53, 0x51, 0x58, 0x42, 0x47, 0x5a, 0x4f, 0x76, 0x77, 0x74,
  0x72, 0x78, 0x79, 0x7c, 0x79, 0x7b, 0x7d, 0x76, 0x70, 0x72, 0x76, 0x4b,
  0x75, 0x74, 0x4c, 0x45, 0x44, 0x44, 0x51, 0xdf, 0xdb, 0xda, 0xcf, 0xf7,
  0xf7, 0xf5, 0xf6, 0xf2, 0xf3, 0xf1, 0xf0, 0xfc, 0xfc, 0xf3, 0xf3, 0xfd,
  0xf2, 0xf4, 0xca, 0xf5, 0xc8, 0xc3, 0xc4, 0xc6, 0xc6, 0xc5, 0xdb, 0xdb,
  0xde, 0xd2, 0xd6, 0xd6, 0xd7, 0xd5, 0x54, 0x57, 0x54, 0x55, 0x55, 0xd5,
  0xd5, 0xd7, 0xd6, 0xd7, 0xd6, 0xd1, 0xd0, 0xd6, 0xd7, 0xd6, 0xd7, 0x54,
  0x56, 0x56, 0x51, 0x5d, 0x5c, 0x5f, 0x5b, 0x41, 0x42, 0x43, 0x42, 0x4f,
  0x4e, 0x4c, 0x4d, 0x4c, 0x4c, 0x40, 0x46, 0x47, 0x45, 0x59, 0x5d, 0x53,
  0x50, 0x57, 0x55, 0xd6, 0xd3, 0xdd, 0xde, 0xd9, 0xdb, 0xda, 0xc5, 0xc7,
  0xc6, 0xc6, 0xc4, 0xc5, 0xda, 0xdb, 0xde, 0xdc, 0xdd, 0xd1, 0xd5, 0x56,
  0x53, 0x5f, 0x5a, 0x46, 0x40, 0x4c, 0x4f, 0x4c, 0x4f, 0x49, 0x4b, 0x48,
  0x4e, 0x4f, 0x4c, 0x40, 0x47, 0x44, 0x5a, 0x5e, 0x53, 0x51, 0x56, 0x54,
  0x55, 0x55, 0xd5, 0xd7, 0xd1, 0xd0, 0xd3, 0xd2, 0xdd, 0xdc, 0xdf, 0xd9,
  0xd9, 0xd9, 0xd9, 0xd8, 0xd8, 0xd8, 0xd8, 0xdb, 0xda, 0xdb, 0xda, 0xda,
  0xdb, 0xd8, 0xd9, 0xd9, 0xde, 0xde, 0xde, 0xde, 0xde, 0xde, 0xde, 0xde,
  0xd9, 0xd9, 0xd9, 0xd8, 0xd8, 0xd9, 0xde, 0xdf, 0xdf, 0xdf, 0xdc, 0xd2,
  0xd3, 0xd6, 0xd4, 0x55, 0x54, 0x57, 0x56, 0x50, 0x53, 0x52, 0x5d, 0x5c,
  0x5e, 0x59, 0x59, 0x59, 0x58, 0x59, 0x5f, 0x5c, 0x5c, 0x5d, 0x53, 0x50,
  0x51, 0x51, 0x56, 0x56, 0x57, 0x54, 0x55, 0xd5, 0xd4, 0xd7, 0xd6, 0xd6,
  0xd1, 0xd0, 0xd1, 0xd7, 0xd7, 0xd4, 0xd5, 0x54, 0x57, 0x56, 0x51, 0x53,
  0x52, 0x5d, 0x5c, 0x5e, 0x5b, 0x45, 0x45, 0x44, 0x47, 0x47, 0x45, 0x5a,
  0x5b, 0x59, 0x5c, 0x52, 0x53, 0x51, 0x57, 0xd5, 0xd4, 0xd7, 0xd0, 0xd2,
  0xdc, 0xdc, 0xdf, 0xd8, 0xda, 0xdb, 0xd8, 0xdb, 0xda, 0xd8, 0xdf, 0xdf,
  0xde, 0xdd, 0xd1, 0xd1, 0xd0, 0xd7, 0x54, 0x56, 0x51, 0x52, 0x5e, 0x59,
  0x59, 0x5b, 0x44, 0x44, 0x45, 0x45, 0x44, 0x45, 0x58, 0x5e, 0x5c, 0x52,
  0x50, 0x57, 0x55, 0xd4, 0xd1, 0xd2, 0xdf, 0xde, 0xd8, 0xc5, 0xc7, 0xc4,
  0xc4, 0xc7, 0xc6, 0xc4, 0xda, 0xc5, 0xc5, 0xdb, 0xd8, 0xd8, 0xd9, 0xdc,
  0xd2, 0xd0, 0xd7, 0xd5, 0x55, 0x57, 0x51, 0x50, 0x50, 0x53, 0x53, 0x51,
  0x56, 0x51, 0x50, 0x51, 0x56, 0x56, 0x56, 0x57, 0x55, 0x55, 0x55, 0xd5,
  0xd4, 0xd5, 0x55, 0x54, 0x54, 0x57, 0x51, 0x50, 0x51, 0x50, 0x52, 0x5d,
  0x52, 0x53, 0x52, 0x5c, 0x5c, 0x5d, 0x5c, 0x5e, 0x5f, 0x5c, 0x5d, 0x5f,
  0x5f, 0x5d, 0x53, 0x50, 0x50, 0x51, 0x57, 0x57, 0x57, 0xd4, 0xd0, 0xd2,
  0xd2, 0xdd, 0xde, 0xd8, 0xd8, 0xd8, 0xdb, 0xdb, 0xd8, 0xd9, 0xd9, 0xd9,
  0xdf, 0xdc, 0xdd, 0xd2, 0xd3, 0xd6, 0xd4, 0x54, 0x51, 0x52, 0x5c, 0x5c,
  0x5f, 0x5f, 0x59, 0x58, 0x58, 0x58, 0x5b, 0x5a, 0x5a, 0x5b, 0x5a, 0x45,
  0x45, 0x5a, 0x5a, 0x58, 0x59, 0x5f, 0x5d, 0x53, 0x56, 0x55, 0xd6, 0xd0,
  0xd2, 0xdf, 0xd9, 0xdb, 0xda, 0xc7, 0xc1, 0xc1, 0xc6, 0xc7, 0xc4, 0xc5,
  0xdb, 0xd9, 0xdc, 0xd3, 0xd1, 0xd7, 0xd4, 0xd5, 0x54, 0x56, 0x56, 0x51,
  0x50, 0x51, 0x56, 0x54, 0x55, 0xd5, 0xd7, 0xd1, 0xd1, 0xd1, 0xd0, 0xd0,
  0xd1, 0xd6, 0xd7, 0xd6, 0xd7, 0xd5, 0x55, 0x54, 0x57, 0x51, 0x53, 0x53,
  0x53, 0x52, 0x5d, 0x5c, 0x5c, 0x5c, 0x5c, 0x5f, 0x5f, 0x5f, 0x5f, 0x5f,
  0x5c, 0x5d, 0x53, 0x53, 0x51, 0x56, 0x57, 0x54, 0xd4, 0xd6, 0xd1, 0xd0,
  0xd0, 0xd3, 0xd3, 0xdd, 0xdf, 0xd9, 0xd8, 0xd8, 0xd9, 0xde, 0xdc, 0xdd,
  0xd3, 0xd0, 0xd1, 0xd6, 0xd7, 0xd4, 0xd5, 0x54, 0x56, 0x50, 0x52, 0x5c,
  0x5c, 0x5f, 0x5f, 0x5e, 0x5f, 0x5f, 0x5c, 0x5d, 0x52, 0x52, 0x52, 0x52,
  0x52, 0x52, 0x52, 0x52, 0x50, 0x50, 0x50, 0x51, 0x56, 0x56, 0x56, 0x54,
  0xd4, 0xd7, 0xd4, 0xd7, 0xd1, 0xd3, 0xd2, 0xd2, 0xdc, 0xdf, 0xdd, 0xdd,
  0xdc, 0xdf, 0xdc, 0xdc, 0xdc, 0xdf, 0xdc, 0xd3, 0xd3, 0xd0, 0xd6, 0xd5,
  0xd5, 0xd7, 0xd7, 0xd4, 0xd4, 0xd7, 0xd7, 0xd5, 0x55, 0x55, 0x55, 0x54,
  0x54, 0x54, 0xd5, 0xd4, 0xd5, 0xd5, 0xd5, 0x54, 0x57, 0x57, 0x54, 0x54,
  0x57, 0x54, 0x54, 0x54, 0x57, 0x56, 0x51, 0x51, 0x51, 0x51, 0x51, 0x56,
  0x56, 0x50, 0x50, 0x50, 0x51, 0x51, 0x56, 0x57, 0x54, 0x55, 0xd4, 0xd7,
  0xd7, 0xd4, 0xd4, 0xd7, 0xd6, 0xd6, 0xd1, 0xd1, 0xd1, 0xd1, 0xd1, 0xd6,
  0xd6, 0xd6, 0xd7, 0xd7, 0xd4, 0xd5, 0xd5, 0x55, 0x54, 0x57, 0x57, 0x57,
  0x56, 0x51, 0x51, 0x50, 0x50, 0x53, 0x52, 0x52, 0x52, 0x5d, 0x5d, 0x5d,
  0x5d, 0x5c, 0x5c, 0x5d, 0x52, 0x5d, 0x5d, 0x52, 0x50, 0x51, 0x51, 0x57,
  0x55, 0xd4, 0xd4, 0xd7, 0xd0, 0xd3, 0xd0, 0xd3, 0xd2, 0xdd, 0xdd, 0xdd,
  0xdf, 0xdf, 0xdc, 0xdc, 0xdf, 0xdf, 0xdd, 0xd3, 0xd3, 0xd3, 0xd1, 0xd7,
  0xd7, 0xd6, 0xd7, 0xd5, 0xd5, 0xd5, 0x54, 0x57, 0x57, 0x56, 0x56, 0x51,
  0x51, 0x56, 0x57, 0x54, 0x57, 0x57, 0x57, 0x56, 0x51, 0x56, 0x57, 0x54,
  0x54, 0x55, 0x55, 0x55, 0x55, 0xd5, 0xd5, 0x55, 0x55, 0x55, 0x55, 0xd5,
  0xd5, 0xd4, 0xd4, 0xd5, 0x55, 0x55, 0x54, 0x54, 0x54, 0x55, 0x54, 0x57,
  0x57, 0x57, 0x54, 0x55, 0xd5, 0xd4, 0xd4, 0xd5, 0x55, 0x55, 0xd5, 0xd5,
  0x55, 0xd5, 0xd4, 0xd5, 0xd5, 0xd4, 0xd4, 0xd5, 0x55, 0x55, 0x54, 0x54,
  0x57, 0x57, 0x57, 0x57, 0x56, 0x56, 0x57, 0x56, 0x51, 0x50, 0x53, 0x53,
  0x53, 0x5d, 0x5d, 0x5c, 0x5c, 0x5c, 0x5c, 0x5d, 0x5d, 0x5c, 0x5c, 0x5d,
  0x53, 0x50, 0x51, 0x54, 0xd4, 0xd7, 0xd6, 0xd1, 0xd2, 0xdd, 0xdd, 0xdc,
  0xde, 0xd8, 0xd8, 0xd8, 0xdb, 0xda, 0xdb, 0xd9, 0xd9, 0xd9, 0xdf, 0xd2,
  0xd3, 0xd3, 0xd0, 0xd7, 0xd5, 0xd5, 0x55, 0x57, 0x50, 0x50, 0x53, 0x52,
  0x5c, 0x5c, 0x5d, 0x5d, 0x5c, 0x5d, 0x53, 0x50, 0x50, 0x50, 0x56, 0x54,
  0x54, 0x55, 0xd5, 0xd4, 0xd5, 0xd5, 0xd4, 0xd7, 0xd6, 0xd6, 0xd7, 0xd4,
  0xd4, 0xd5, 0x55, 0x54, 0x54, 0x54, 0x57, 0x57, 0x54, 0x55, 0xd5, 0xd5,
  0xd5, 0xd5, 0xd5, 0xd5, 0x55, 0xd5, 0xd5, 0xd5, 0xd5, 0xd5, 0xd4, 0xd7,
  0xd7, 0xd4, 0xd4, 0xd5, 0x55, 0x55, 0xd5, 0xd7, 0xd4, 0xd4, 0xd4, 0xd7,
  0xd4, 0xd4, 0xd4, 0xd5, 0x57, 0x51, 0x51, 0x51, 0x51, 0x51, 0x51, 0x51,
  0x50, 0x53, 0x53, 0x53, 0x52, 0x5d, 0x52, 0x52, 0x52, 0x52, 0x53, 0x51,
  0x56, 0x56, 0x56, 0x57, 0x54, 0x55, 0xd5, 0xd5, 0xd4, 0xd7, 0xd6, 0xd1,
  0xd3, 0xd2, 0xd2, 0xd2, 0xdd, 0xdd, 0xdd, 0xdc, 0xdf, 0xdf, 0xdc, 0xdc,
  0xdd, 0xdd, 0xd2, 0xd3, 0xd1, 0xd6, 0xd4, 0xd5, 0x55, 0x55, 0x54, 0x56,
  0x51, 0x51, 0x50, 0x50, 0x50, 0x50, 0x53, 0x53, 0x50, 0x50, 0x51, 0x56,
  0x57, 0x57, 0x57, 0x57, 0x54, 0x54, 0x55, 0x55, 0x55, 0xd5, 0xd4, 0xd5,
  0xd4, 0xd4, 0xd4, 0xd4, 0xd5, 0xd4, 0xd5, 0xd5, 0xd5, 0xd4, 0xd4, 0xd5,
  0xd4, 0xd4, 0xd5, 0x54, 0x54, 0x54, 0x57, 0x57, 0x57, 0x54, 0x54, 0x54,
  0x55, 0x55, 0x54, 0x54, 0x57, 0x54, 0x55, 0xd5, 0xd5, 0xd4, 0xd4, 0xd5,
  0xd5, 0xd4, 0xd4, 0xd4, 0xd4, 0xd4, 0xd4, 0xd5, 0xd5, 0xd4, 0xd4, 0xd5,
  0x55, 0x54, 0x54, 0x57, 0x57, 0x57, 0x57, 0x56, 0x50, 0x53, 0x53, 0x53,
  0x52, 0x52, 0x53, 0x53, 0x53, 0x50, 0x56, 0x54, 0x55, 0xd5, 0xd4, 0xd6,
  0xd1, 0xd0, 0xd2, 0xdd, 0xdc, 0xdc, 0xdc, 0xdf, 0xde, 0xdf, 0xdc, 0xd2,
  0xd3, 0xd1, 0xd7, 0xd7, 0xd4, 0xd5, 0x54, 0x54, 0x54, 0x57, 0x56, 0x56,
  0x51, 0x50, 0x52, 0x52, 0x50, 0x50, 0x50, 0x50, 0x51, 0x51, 0x50, 0x51,
  0x56, 0x57, 0x56, 0x57, 0x55, 0x55, 0xd5, 0xd5, 0xd7, 0xd6, 0xd7, 0xd7,
  0xd1, 0xd0, 0xd0, 0xd0, 0xd0, 0xd0, 0xd1, 0xd6, 0xd7, 0xd7, 0xd5, 0x54,
  0x57, 0x57, 0x57, 0x51, 0x51, 0x51, 0x50, 0x53, 0x53, 0x50, 0x50, 0x50,
  0x50, 0x51, 0x57, 0x54, 0x55, 0xd5, 0xd4, 0xd7, 0xd4, 0xd4, 0xd4, 0xd5,
  0x55, 0x57, 0x56, 0x56, 0x54, 0x55, 0xd5, 0x55, 0x54, 0x55, 0x54, 0x54,
  0x55, 0x55, 0x54, 0x56, 0x56, 0x57, 0x57, 0x56, 0x50, 0x50, 0x53, 0x5c,
  0x5f, 0x5f, 0x5f, 0x5f, 0x5e, 0x5f, 0x52, 0x52, 0x52, 0x50, 0x56, 0x55,
  0xd4, 0xd6, 0xdd, 0xde, 0xd9, 0xd8, 0xc4, 0xc6, 0xc1, 0xc0, 0xc0, 0xc6,
  0xc5, 0xdb, 0xd8, 0xde, 0xdc, 0xd2, 0xd1, 0xd4, 0xd5, 0x54, 0x57, 0x51,
  0x5d, 0x5f, 0x58, 0x5b, 0x5b, 0x58, 0x59, 0x58, 0x5b, 0x45, 0x45, 0x5a,
  0x58, 0x5f, 0x52, 0x50, 0x56, 0x55, 0xd7, 0xd0, 0xd2, 0xd2, 0xd2, 0xd2,
  0xdd, 0xdf, 0xde, 0xd9, 0xde, 0xdc, 0xd3, 0xd0, 0xd0, 0xd1, 0xd6, 0xd7,
  0x55, 0x57, 0x57, 0x57, 0x57, 0x56, 0x51, 0x50, 0x50, 0x50, 0x51, 0x56,
  0x56, 0x56, 0x56, 0x57, 0x57, 0x54, 0x55, 0xd5, 0x55, 0x55, 0x55, 0xd5,
  0xd5, 0xd4, 0xd4, 0xd4, 0xd4, 0xd4, 0xd4, 0xd5, 0xd5, 0xd5, 0x55, 0x55,
  0x54, 0x54, 0x57, 0x56, 0x51, 0x56, 0x56, 0x51, 0x50, 0x53, 0x53, 0x52,
  0x52, 0x53, 0x50, 0x52, 0x5d, 0x5d, 0x53, 0x50, 0x50, 0x51, 0x56, 0x56,
  0x51, 0x54, 0xd7, 0xd1, 0xd1, 0xd0, 0xd2, 0xdc, 0xdf, 0xd9, 0xc5, 0xc4,
  0xda, 0xdb, 0xc5, 0xc4, 0xc4, 0xc5, 0xda, 0xd8, 0xdf, 0xd2, 0xd3, 0xd3,
  0xd6, 0x55, 0x56, 0x50, 0x5c, 0x5e, 0x5f, 0x5f, 0x59, 0x5a, 0x5a, 0x5a,
  0x5a, 0x5a, 0x58, 0x5e, 0x5e, 0x59, 0x5f, 0x52, 0x51, 0x57, 0xd5, 0xd6,
  0xd6, 0xd6, 0xd0, 0xdd, 0xdc, 0xdc, 0xdc, 0xdc, 0xdd, 0xd2, 0xdd, 0xdf,
  0xdc, 0xd3, 0xd1, 0xd7, 0xd5, 0x54, 0x56, 0x56, 0x50, 0x52, 0x5d, 0x53,
  0x50, 0x56, 0x57, 0x54, 0x54, 0x54, 0xd5, 0xd4, 0xd5, 0x54, 0x57, 0x54,
  0xd4, 0xd6, 0xd3, 0xdc, 0xdc, 0xd3, 0xd6, 0xd3, 0xd2, 0xd0, 0xd6, 0xd7,
  0xd4, 0x56, 0x53, 0x53, 0x57, 0x54, 0x57, 0x53, 0x53, 0x51, 0x56, 0x52,
  0x53, 0x50, 0x50, 0x51, 0x57, 0x56, 0xd7, 0xd7, 0xd6, 0x5c, 0x42, 0x4c,
  0x4c, 0x4c, 0x5b, 0x52, 0xd0, 0xc6, 0xc0, 0xce, 0xce, 0xf1, 0xcd, 0xd0,
  0x58, 0x45, 0x47, 0x5f, 0x5b, 0x51, 0xd3, 0xcb, 0xfd, 0xf6, 0xf3, 0xca,
  0xdc, 0x5c, 0x4c, 0x42, 0x54, 0x57, 0x51, 0xd6, 0xd0, 0x74, 0x76, 0x70,
  0x7b, 0x67, 0x73, 0x46, 0xf5, 0xe1, 0x6f, 0x74, 0x0b, 0x32, 0x07, 0x13,
  0x12, 0x9f, 0xbd, 0xb2, 0xb4, 0xb7, 0x8b, 0xe9, 0x0f, 0x0f, 0x0e, 0x35,
  0x04, 0xe4, 0x82, 0x8f, 0xb7, 0xb5, 0xff, 0x7d, 0x1c, 0x09, 0x37, 0x07,
  0x72, 0x6f, 0x92, 0x89, 0x8f, 0x93, 0xe9, 0xee, 0x18, 0x0c, 0x03, 0x05,
  0x1b, 0x15, 0x91, 0x9f, 0x90, 0x85, 0x99, 0xf7, 0x62, 0x79, 0x7b, 0x16,
  0x6a, 0xd0, 0xe7, 0xf4, 0xe5, 0x97, 0xec, 0x6a, 0x17, 0x6e, 0x10, 0x16,
  0xde, 0x97, 0x95, 0x96, 0x9e, 0xea, 0x7d, 0x72, 0x7b, 0x17, 0x14, 0x6c,
  0xdc, 0xc5, 0xf4, 0x96, 0xea, 0xf3, 0xff, 0xf9, 0x71, 0x63, 0x4c, 0x69,
  0x16, 0xc0, 0xce, 0x60, 0xf9, 0x91, 0xce, 0xf0, 0x95, 0x60, 0x05, 0xfc,
  0xeb, 0x19, 0x75, 0x8d, 0x90, 0x1c, 0xcd, 0x9b, 0x6c, 0x07, 0x65, 0xe5,
  0x14, 0x69, 0xe1, 0xcf, 0x42, 0xe9, 0x94, 0x61, 0x14, 0xe0, 0xfe, 0x1d,
  0x14, 0xe0, 0xe4, 0x6a, 0x48, 0x90, 0xee, 0x66, 0xf5, 0x9e, 0x7d, 0x6c,
  0x95, 0xf5, 0x1f, 0x70, 0x9e, 0x6e, 0x11, 0x9d, 0x93, 0x62, 0x74, 0xe8,
  0x11, 0x04, 0x13, 0x1a, 0x07, 0x10, 0x5b, 0x57, 0xe8, 0x80, 0x80, 0x93,
  0xe9, 0x9b, 0x95, 0x17, 0x61, 0xea, 0xfa, 0x49, 0x93, 0x9a, 0x5d, 0x73,
  0xf7, 0x6e, 0x06, 0x19, 0x52, 0x4c, 0x64, 0xe6, 0x84, 0x9e, 0x5e, 0xfc,
  0xee, 0x6c, 0x1d, 0x46, 0x55, 0x60, 0xec, 0x91, 0x77, 0x61, 0x73, 0x11,
  0x06, 0x05, 0x61, 0xe7, 0xe2, 0x7e, 0xff, 0x91, 0x07, 0x3d, 0x34, 0x07,
  0x35, 0x0b, 0xcd, 0x81, 0x85, 0x99, 0x8e, 0x88, 0x98, 0xff, 0xe5, 0xe0,
  0xe1, 0x9c, 0x8d, 0x8f, 0x8f, 0xb4, 0x88, 0x97, 0xe7, 0x96, 0x78, 0x05,
  0x16, 0x63, 0x13, 0x10, 0xc3, 0x73, 0x01, 0x03, 0x06, 0x0c, 0x08, 0x07,
  0x11, 0x13, 0x78, 0xea, 0x90, 0xe1, 0x94, 0xe2, 0x13, 0x1e, 0x64, 0x78,
  0x5e, 0x84, 0x8c, 0x84, 0x81, 0x8f, 0x9f, 0x7f, 0x56, 0x48, 0x07, 0x05,
  0x5c, 0xf7, 0xd5, 0xed, 0x97, 0xc4, 0x15, 0x12, 0x12, 0x1f, 0x1e, 0x17,
  0x7d, 0xc3, 0xe6, 0x95, 0x94, 0xca, 0x74, 0xdc, 0x5f, 0x5e, 0xe4, 0xef,
  0xe9, 0x90, 0x9c, 0x91, 0x97, 0xe8, 0xf4, 0x4a, 0x4e, 0x59, 0x76, 0xc7,
  0xef, 0xe2, 0xe4, 0xf6, 0x5b, 0x65, 0x69, 0x14, 0x6a, 0x15, 0x6b, 0x73,
  0xd9, 0xd4, 0x5a, 0x75, 0x66, 0x17, 0x1d, 0x19, 0x1a, 0x1e, 0x10, 0x11,
  0x14, 0x64, 0x7f, 0x60, 0x6a, 0x6b, 0x66, 0x67, 0x61, 0x51, 0xef, 0xe8,
  0x95, 0x93, 0x92, 0x90, 0x91, 0x94, 0xec, 0x94, 0x92, 0x97, 0xea, 0x93,
  0x9d, 0xea, 0xec, 0xe0, 0xf1, 0xc1, 0x5a, 0x79, 0x7a, 0x74, 0x74, 0x70,
  0x74, 0x72, 0x7b, 0x67, 0x6d, 0x69, 0x66, 0x72, 0x7a, 0x7f, 0x5e, 0x53,
  0x54, 0xc5, 0x51, 0x77, 0x42, 0x51, 0x47, 0x5a, 0xce, 0xf8, 0xe5, 0xff,
  0xcb, 0xcd, 0xf3, 0xf7, 0xde, 0xf4, 0xfb, 0xff, 0xfa, 0xe1, 0xfa, 0xe5,
  0xe3, 0xfa, 0xcd, 0xf1, 0xe5, 0xfa, 0xe6, 0xec, 0xef, 0xef, 0xec, 0xed,
  0xee, 0xe8, 0xed, 0xef, 0x95, 0xea, 0x95, 0x95, 0xef, 0xe8, 0x97, 0xe4,
  0xd5, 0xe4, 0xee, 0xd9, 0xc6, 0xe9, 0xe5, 0x49, 0xd1, 0xc5, 0x79, 0x7f,
  0x77, 0x6a, 0x19, 0x1b, 0x06, 0x08, 0x37, 0x36, 0x34, 0x0a, 0x08, 0x0e,
  0x00, 0x18, 0x19, 0x1b, 0x17, 0xd6, 0xf4, 0x44, 0xfa, 0x84, 0x8c, 0x8c,
  0x8f, 0xb4, 0xb6, 0x89, 0x84, 0x84, 0x87, 0x9e, 0xed, 0xf3, 0xe6, 0xed,
  0xd2, 0x68, 0x14, 0x68, 0x1e, 0x0d, 0x0c, 0x07, 0x18, 0x1f, 0x16, 0x67,
  0x56, 0xf6, 0xf1, 0xe5, 0xea, 0x92, 0x9c, 0x9c, 0x9e, 0x85, 0x81, 0x81,
  0x84, 0x98, 0x99, 0x96, 0xf3, 0x5f, 0x5c, 0xd4, 0x75, 0x69, 0x11, 0x11,
  0x10, 0x1f, 0x1e, 0x12, 0x12, 0x1c, 0x1c, 0x6a, 0x7d, 0xd0, 0xc8, 0xfd,
  0xfb, 0xe7, 0xef, 0xeb, 0xeb, 0x94, 0x96, 0xeb, 0xe1, 0xed, 0xec, 0xf5,
  0x6c, 0x1f, 0x19, 0x12, 0x19, 0x07, 0x1f, 0x61, 0x15, 0x1c, 0x7f, 0xe5,
  0x45, 0x5e, 0xef, 0xe7, 0xf2, 0x93, 0x9d, 0x97, 0x87, 0x80, 0xe9, 0xe4,
  0x9a, 0x9d, 0xcd, 0xed, 0x9d, 0xeb, 0xe2, 0x96, 0x94, 0xe0, 0xe3, 0xe8,
  0xe4, 0x59, 0xc2, 0xed, 0xe5, 0xc5, 0xe3, 0x94, 0xe5, 0xdb, 0xf7, 0xfc,
  0xc2, 0x7c, 0x16, 0x1a, 0x00, 0x08, 0x36, 0x3d, 0x3c, 0x31, 0x35, 0x0a,
  0x0f, 0x12, 0x65, 0x6b, 0x63, 0xec, 0x9e, 0x91, 0xea, 0x9a, 0x89, 0xb5,
  0x8b, 0x8a, 0xb6, 0xb7, 0x81, 0xe0, 0xe1, 0xed, 0x65, 0x1b, 0x1a, 0x13,
  0x1d, 0x07, 0x01, 0x1b, 0x1d, 0x04, 0x00, 0x05, 0x14, 0x72, 0xfb, 0x9c,
  0x81, 0x82, 0x83, 0x82, 0x8f, 0x8c, 0x87, 0x9b, 0x9e, 0x94, 0xe5, 0xf8,
  0xf6, 0x4b, 0x6c, 0x10, 0x05, 0x01, 0x00, 0x01, 0x04, 0x1b, 0x19, 0x12,
  0x63, 0x52, 0xf6, 0xec, 0x93, 0x9c, 0x92, 0x90, 0x92, 0x9d, 0x90, 0x90,
  0x9d, 0x93, 0xec, 0xf0, 0xc4, 0x42, 0x62, 0x16, 0x1f, 0x1a, 0x05, 0x1a,
  0x1a, 0x19, 0x10, 0x6e, 0x66, 0x66, 0x7b, 0x58, 0xd6, 0x73, 0x66, 0x76,
  0xdc, 0xf4, 0xe6, 0x95, 0x96, 0x96, 0x95, 0xe3, 0xe4, 0xe0, 0xe5, 0xd4,
  0x5b, 0xcf, 0xfa, 0xe0, 0xe9, 0x97, 0x91, 0x94, 0xe3, 0xe1, 0xea, 0x95,
  0xef, 0xee, 0x95, 0x95, 0xe8, 0xef, 0xef, 0xee, 0xec, 0xe7, 0xf9, 0xfb,
  0xe5, 0xfa, 0xe4, 0xe6, 0xf8, 0xcf, 0xd8, 0x53, 0x61, 0x1d, 0x07, 0x00,
  0x0c, 0x34, 0x32, 0x3c, 0x32, 0x34, 0x0c, 0x03, 0x1e, 0xfe, 0x90, 0xe6,
  0x97, 0x80, 0x80, 0x9a, 0x9a, 0x87, 0x80, 0x82, 0x86, 0x87, 0x83, 0x87,
  0xe4, 0x64, 0x63, 0x16, 0x07, 0x0d, 0x03, 0x05, 0x1a, 0x1a, 0x68, 0xfe,
  0xee, 0xea, 0x93, 0x93, 0x97, 0x90, 0x99, 0x84, 0x87, 0x85, 0x9b, 0x9a,
  0x9e, 0xe3, 0x75, 0x7d, 0x62, 0x05, 0x02, 0x00, 0x1b, 0x1c, 0x1d, 0x10,
  0x6c, 0x5a, 0xcc, 0xe5, 0x97, 0x9f, 0x9c, 0x93, 0x92, 0x9f, 0x98, 0x98,
  0x9d, 0x94, 0xe6, 0xd6, 0x65, 0x6a, 0x1d, 0x19, 0x1e, 0x1e, 0x18, 0x1e,
  0x10, 0x6c, 0x76, 0x42, 0x70, 0x5e, 0xf6, 0xf1, 0xf6, 0xe0, 0xeb, 0xeb,
  0xeb, 0xef, 0xf0, 0x51, 0x70, 0x15, 0x19, 0x1e, 0x13, 0x13, 0x17, 0x7f,
  0xc5, 0xce, 0xf6, 0xe7, 0xe0, 0xec, 0xea, 0xea, 0xe3, 0xe2, 0x97, 0x94,
  0xec, 0x94, 0x93, 0xeb, 0xfc, 0xfe, 0xfb, 0xf5, 0xd4, 0x43, 0xd7, 0xf3,
  0xf6, 0xc7, 0xf0, 0xe1, 0xe3, 0xe6, 0xf3, 0xe5, 0xe8, 0xef, 0xe6, 0xef,
  0xeb, 0xef, 0xed, 0xf1, 0x71, 0x64, 0x14, 0x05, 0x03, 0x09, 0x31, 0x3f,
  0x3f, 0x31, 0x0d, 0x04, 0x1a, 0xf6, 0x83, 0x80, 0x9a, 0x8c, 0xb5, 0x8e,
  0x87, 0xe8, 0xf8, 0x99, 0x9f, 0x77, 0x59, 0x92, 0xe7, 0x10, 0x05, 0x04,
  0x18, 0x1a, 0x0f, 0x0d, 0x17, 0x77, 0x44, 0x94, 0x86, 0x83, 0x82, 0x83,
  0x86, 0x87, 0x99, 0x97, 0x94, 0xe2, 0x41, 0x40, 0xf1, 0x75, 0x14, 0x11,
  0x17, 0x1d, 0x04, 0x00, 0x04, 0x14, 0x63, 0x60, 0xf4, 0x9e, 0x87, 0x85,
  0x85, 0x86, 0x80, 0x84, 0x96, 0xe9, 0xec, 0xf7, 0x71, 0x65, 0x67, 0x6c,
  0x14, 0x13, 0x12, 0x1c, 0x19, 0x18, 0x1c, 0x16, 0x6e, 0x4a, 0xfb, 0x95,
  0x90, 0x9f, 0x98, 0x9f, 0x96, 0xec, 0xe5, 0xc3, 0x79, 0x15, 0x16, 0x10,
  0x1f, 0x1b, 0x1f, 0x13, 0x10, 0x13, 0x16, 0x67, 0xd3, 0xf0, 0xe5, 0xea,
  0x92, 0x9c, 0x92, 0x96, 0x94, 0xea, 0xe2, 0xf6, 0xcf, 0xfc, 0xf8, 0xf6,
  0xcf, 0xfc, 0xe3, 0xe2, 0xfa, 0xf8, 0xe1, 0xfa, 0xc4, 0xd5, 0xc4, 0xf7,
  0xf4, 0xc4, 0xf6, 0xee, 0xee, 0xfa, 0xec, 0x91, 0xea, 0xe5, 0xe1, 0xe0,
  0xe5, 0xf5, 0x77, 0x62, 0x15, 0x1c, 0x07, 0x0d, 0x34, 0x33, 0x3f, 0x3c,
  0x35, 0x04, 0x18, 0x64, 0x84, 0x8e, 0x8c, 0x8b, 0xb4, 0xb5, 0x8c, 0xea,
  0x7a, 0xfe, 0xe6, 0x11, 0x1b, 0x65, 0x4a, 0x11, 0x05, 0x1a, 0x14, 0x17,
  0x06, 0x02, 0x1f, 0x77, 0xe4, 0x90, 0x85, 0x8c, 0x8a, 0x8e, 0x82, 0x8c,
  0x83, 0x9d, 0xf2, 0x63, 0x1f, 0x19, 0x12, 0x1d, 0x1c, 0x10, 0x15, 0x69,
  0x6a, 0x14, 0x60, 0x41, 0x4e, 0x7c, 0xc0, 0x93, 0x84, 0x87, 0x87, 0x83,
  0x8d, 0x86, 0x9d, 0x95, 0xe7, 0x7d, 0x1d, 0x07, 0x04, 0x19, 0x1d, 0x1f,
  0x13, 0x60, 0x73, 0x79, 0x71, 0xc3, 0xfe, 0xff, 0xf6, 0xf9, 0xeb, 0x90,
  0x96, 0x95, 0x94, 0x95, 0xe5, 0x5e, 0x61, 0x16, 0x19, 0x07, 0x00, 0x00,
  0x07, 0x19, 0x11, 0x6b, 0x78, 0xc5, 0xfa, 0xe2, 0x95, 0x91, 0x93, 0x91,
  0x97, 0x95, 0x95, 0xe9, 0xe1, 0xf1, 0x57, 0x42, 0x75, 0x73, 0x72, 0x5d,
  0xf1, 0xe5, 0xe2, 0xeb, 0x97, 0x97, 0xea, 0xe3, 0xff, 0xf7, 0xf2, 0xfc,
  0xcf, 0xf0, 0xe1, 0xe1, 0xe3, 0x95, 0x94, 0xe8, 0xef, 0xe7, 0xf3, 0xcb,
  0xda, 0x5a, 0x64, 0x69, 0x6b, 0x16, 0x12, 0x1d, 0x05, 0x0f, 0x34, 0x36,
  0x37, 0x0d, 0x05, 0x18, 0x7a, 0x9b, 0x8d, 0x8c, 0x89, 0x8a, 0x88, 0x86,
  0xfd, 0x60, 0x42, 0x60, 0x04, 0x06, 0x1f, 0x15, 0x6c, 0x68, 0x62, 0xc5,
  0xcd, 0x15, 0x1d, 0x61, 0xc4, 0xc9, 0xf0, 0xe9, 0x98, 0x86, 0x81, 0x81,
  0x80, 0x84, 0x94, 0xd9, 0x60, 0x17, 0x12, 0x05, 0x06, 0x05, 0x1f, 0x11,
  0x60, 0x53, 0xcd, 0xf0, 0xfd, 0xfc, 0xe6, 0xe9, 0x95, 0x91, 0x93, 0x92,
  0x9b, 0x84, 0x98, 0x90, 0xea, 0xe5, 0x73, 0x11, 0x1e, 0x19, 0x19, 0x1b,
  0x18, 0x17, 0x7d, 0xdd, 0xf0, 0xed, 0x96, 0x91, 0xea, 0xe0, 0xe1, 0xe1,
  0xfb, 0xc2, 0xd2, 0xc5, 0xd8, 0x58, 0x71, 0x66, 0x6a, 0x11, 0x13, 0x1d,
  0x1c, 0x12, 0x11, 0x6a, 0x64, 0x45, 0xc7, 0xf1, 0xfb, 0xe6, 0xe0, 0xe1,
  0xe4, 0xfa, 0xfa, 0xfc, 0xcc, 0xdb, 0xda, 0xda, 0xd6, 0x45, 0x41, 0x5e,
  0x52, 0x5c, 0xd0, 0xf0, 0xe7, 0xe2, 0xef, 0xea, 0x94, 0x94, 0xee, 0xe6,
  0xfb, 0xf2, 0xcd, 0xdd, 0xdb, 0xc3, 0xda, 0xc7, 0xf2, 0xe7, 0xe7, 0xe7,
  0xed, 0xed, 0xe5, 0xf0, 0xcb, 0xd5, 0x4b, 0x73, 0x61, 0x68, 0x14, 0x13,
  0x18, 0x07, 0x0f, 0x34, 0x0b, 0x01, 0x06, 0x06, 0x14, 0xef, 0x9f, 0x98,
  0x87, 0x8d, 0x8e, 0x81, 0xe3, 0xd1, 0xe1, 0xdb, 0x1c, 0x05, 0x11, 0x61,
  0x63, 0x14, 0x6f, 0xca, 0xf2, 0x6c, 0x17, 0x77, 0xcf, 0x42, 0x72, 0xf0,
  0x92, 0x9a, 0x9b, 0x85, 0x81, 0x81, 0x99, 0xe3, 0xcc, 0xd5, 0x62, 0x18,
  0x04, 0x19, 0x1f, 0x1f, 0x11, 0x67, 0xdc, 0xfc, 0xff, 0xe7, 0xe8, 0x95,
  0xef, 0xe3, 0xe2, 0xe8, 0x94, 0x94, 0xea, 0x94, 0x94, 0xe9, 0xfa, 0x57,
  0x65, 0x6c, 0x17, 0x1f, 0x18, 0x1d, 0x14, 0x6d, 0x78, 0xdf, 0xe2, 0x97,
  0x97, 0x94, 0x94, 0xea, 0xe0, 0xf5, 0x59, 0x74, 0x72, 0x79, 0x79, 0x70,
  0x73, 0x64, 0x60, 0x6c, 0x68, 0x15, 0x17, 0x17, 0x15, 0x6e, 0x60, 0x72,
  0xc5, 0xe0, 0x95, 0x96, 0x91, 0x96, 0x95, 0xe3, 0xf4, 0x46, 0x72, 0x7b,
  0x61, 0x61, 0x7d, 0x40, 0x56, 0xcd, 0xfe, 0xe4, 0xe6, 0xe6, 0xe6, 0xe6,
  0xe7, 0xe4, 0xe4, 0xe6, 0xe1, 0xe7, 0xe6, 0xe1, 0xe6, 0xe4, 0xf8, 0xf1,
  0xcf, 0xcc, 0xf6, 0xf9, 0xfb, 0xf9, 0xe5, 0xe6, 0xe6, 0xe4, 0xfc, 0xd0,
  0x4a, 0x65, 0x6e, 0x16, 0x1d, 0x18, 0x04, 0x01, 0x0f, 0x08, 0x0f, 0x00,
  0x04, 0x18, 0x68, 0xf8, 0x92, 0x98, 0x84, 0x80, 0x83, 0x84, 0x95, 0xfb,
  0xf8, 0x5a, 0x11, 0x19, 0x13, 0x68, 0x6b, 0x16, 0x69, 0x46, 0x52, 0x61,
  0x62, 0x4b, 0xd7, 0x42, 0x5a, 0xfa, 0x97, 0x92, 0x9d, 0x98, 0x84, 0x84,
  0x9c, 0x94, 0xef, 0xfc, 0x7c, 0x16, 0x1d, 0x1d, 0x1f, 0x1e, 0x10, 0x63,
  0x4c, 0xd3, 0xf6, 0xe3, 0x94, 0x97, 0x95, 0xea, 0x95, 0xea, 0xe8, 0xee,
  0xec, 0xec, 0xef, 0xed, 0xe5, 0xcf, 0x51, 0x4a, 0x67, 0x6a, 0x11, 0x11,
  0x17, 0x15, 0x69, 0x67, 0x56, 0xff, 0xe7, 0xe1, 0xec, 0xee, 0xe6, 0xf6,
  0xd8, 0x50, 0x77, 0x67, 0x6d, 0x6f, 0x6c, 0x6d, 0x6c, 0x60, 0x65, 0x7a,
  0x64, 0x65, 0x7c, 0x70, 0x72, 0x77, 0x57, 0xca, 0xfc, 0xe7, 0xed, 0xee,
  0xec, 0xe1, 0xfc, 0xcc, 0xd1, 0x47, 0x76, 0x7d, 0x71, 0x43, 0x52, 0xd9,
  0xf6, 0xff, 0xfb, 0xe7, 0xe5, 0xff, 0xf8, 0xfb, 0xfc, 0xfe, 0xe5, 0xe4,
  0xe1, 0xe2, 0xec, 0xe2, 0xe6, 0xfb, 0xf8, 0xf2, 0xc6, 0xd9, 0xcc, 0xcb,
  0xcd, 0xcf, 0xf1, 0xf8, 0xe7, 0xfe, 0xda, 0x54, 0x5e, 0x7e, 0x6f, 0x15,
  0x11, 0x13, 0x1d, 0x1a, 0x06, 0x00, 0x01, 0x07, 0x05, 0x19, 0x11, 0x48,
  0xe0, 0x95, 0x90, 0x9b, 0x87, 0x85, 0x93, 0xed, 0xe4, 0xc8, 0x61, 0x12,
  0x12, 0x17, 0x17, 0x11, 0x14, 0x65, 0x5c, 0x44, 0x71, 0x5c, 0xf4, 0xcf,
  0x51, 0xdb, 0xe6, 0xe8, 0xea, 0x97, 0x9c, 0x99, 0x9f, 0x93, 0x91, 0x94,
  0xe4, 0x42, 0x61, 0x6f, 0x14, 0x12, 0x12, 0x17, 0x6c, 0x67, 0x71, 0xcf,
  0xed, 0x94, 0x97, 0x96, 0x90, 0x91, 0x95, 0xed, 0xe0, 0xe7, 0xfc, 0xf5,
  0xc0, 0xc5, 0xd9, 0x54, 0x4f, 0x7e, 0x61, 0x6c, 0x69, 0x6a, 0x15, 0x6a,
  0x63, 0x7e, 0x4f, 0xdd, 0xfc, 0xe1, 0xe2, 0xe2, 0xe3, 0xe6, 0xfd, 0xd4,
  0x73, 0x66, 0x6c, 0x6a, 0x17, 0x17, 0x6a, 0x6c, 0x63, 0x67, 0x71, 0x59,
  0xd6, 0xc6, 0xf6, 0xf9, 0xe5, 0xe5, 0xfb, 0xf9, 0xfc, 0xf5, 0xc5, 0xdc,
  0xd4, 0x51, 0xd5, 0xd4, 0xd0, 0xc2, 0xca, 0xcf, 0xf4, 0xf4, 0xc4, 0xda,
  0xc2, 0xc6, 0xc2, 0xf6, 0xfd, 0xfb, 0xe6, 0xe3, 0xef, 0xee, 0xe2, 0xe7,
  0xfa, 0xf2, 0xcd, 0xd1, 0x52, 0x52, 0xd6, 0xc0, 0xf5, 0xf3, 0xe5, 0xe6,
  0xe4, 0xfb, 0xfd, 0xcc, 0x52, 0x71, 0x65, 0x63, 0x69, 0x14, 0x17, 0x16,
  0x13, 0x1f, 0x05, 0x07, 0x04, 0x05, 0x1a, 0x1e, 0x15, 0x4b, 0xfc, 0xed,
  0x96, 0x98, 0x84, 0x9b, 0x93, 0x94, 0xee, 0xf4, 0x66, 0x17, 0x17, 0x16,
  0x12, 0x12, 0x14, 0x67, 0x70, 0x72, 0x45, 0xf2, 0xe7, 0xfc, 0xf6, 0xfb,
  0xe0, 0xe6, 0xe5, 0xe2, 0x95, 0x94, 0xeb, 0xeb, 0x94, 0x94, 0xe0, 0xca,
  0xd5, 0x74, 0x63, 0x15, 0x16, 0x17, 0x14, 0x6a, 0x60, 0x5b, 0xfc, 0xe3,
  0xea, 0x91, 0x9d, 0x9d, 0x90, 0x94, 0xe8, 0xe3, 0xf2, 0xdf, 0x5f, 0x42,
  0x77, 0x70, 0x70, 0x77, 0x74, 0x76, 0x7d, 0x7c, 0x7c, 0x7c, 0x7e, 0x7e,
  0x7d, 0x77, 0x4d, 0x5e, 0xd1, 0xc9, 0xf2, 0xf2, 0xf0, 0xf7, 0xc6, 0x5c,
  0x74, 0x7e, 0x66, 0x6d, 0x69, 0x6a, 0x6a, 0x6f, 0x61, 0x7a, 0x74, 0xdd,
  0xf4, 0xf3, 0xf8, 0xe5, 0xfc, 0xf7, 0xcd, 0xd6, 0xd5, 0xd2, 0xd1, 0xdd,
  0xc3, 0xca, 0xf3, 0xf8, 0xf9, 0xfe, 0xff, 0xf5, 0xde, 0xd5, 0x59, 0x41,
  0x44, 0x5f, 0xd2, 0xf5, 0xfe, 0xe6, 0xe2, 0xec, 0xee, 0xec, 0xe0, 0xe4,
  0xfe, 0xf4, 0xc2, 0xda, 0xd2, 0xd0, 0xdc, 0xc6, 0xf4, 0xf3, 0xff, 0xfd,
  0xca, 0xc6, 0xd3, 0x4c, 0x78, 0x66, 0x6c, 0x6a, 0x14, 0x17, 0x11, 0x10,
  0x13, 0x1f, 0x19, 0x1f, 0x1d, 0x12, 0x16, 0x6f, 0x7d, 0xd1, 0xf3, 0xed,
  0x96, 0x93, 0x93, 0x96, 0x95, 0xe8, 0xe1, 0xd4, 0x7e, 0x64, 0x6c, 0x15,
  0x15, 0x68, 0x63, 0x7a, 0x65, 0x76, 0xc9, 0xf8, 0xf8, 0xe5, 0xe7, 0xe3,
  0xed, 0xe7, 0xe4, 0xe3, 0xe0, 0xfa, 0xe4, 0xe1, 0xe0, 0xe7, 0xf2, 0xf6,
  0xf5, 0xdc, 0x42, 0x7c, 0x65, 0x66, 0x6d, 0x6f, 0x61, 0x7c, 0x4a, 0xd1,
  0xf2, 0xe0, 0xeb, 0x95, 0x95, 0x94, 0x94, 0xee, 0xe6, 0xfd, 0xc6, 0x5f,
  0x73, 0x64, 0x66, 0x60, 0x63, 0x60, 0x66, 0x7b, 0x72, 0x76, 0x4b, 0x46,
  0x5a, 0x5a, 0x5f, 0x51, 0xd7, 0xd2, 0xdd, 0xd9, 0xc6, 0xc1, 0xc4, 0xc5,
  0xc5, 0xdf, 0x54, 0x45, 0x77, 0x79, 0x64, 0x67, 0x66, 0x66, 0x65, 0x78,
  0x72, 0x42, 0x51, 0xde, 0xf5, 0xfd, 0xff, 0xfa, 0xe6, 0xe7, 0xfa, 0xfe,
  0xf1, 0xca, 0xce, 0xde, 0x57, 0x53, 0x5b, 0x40, 0x41, 0x45, 0x5c, 0xd4,
  0xdd, 0xc6, 0xf1, 0xfe, 0xe5, 0xe1, 0xe2, 0xef, 0xef, 0xec, 0xed, 0xe3,
  0xe6, 0xfa, 0xfe, 0xf2, 0xf4, 0xc2, 0xda, 0xda, 0xc7, 0xdc, 0x54, 0x50,
  0x50, 0x47, 0x77, 0x7d, 0x7a, 0x66, 0x63, 0x6e, 0x6a, 0x6b, 0x14, 0x10,
  0x1d, 0x1f, 0x1e, 0x1f, 0x1d, 0x10, 0x6a, 0x67, 0x4b, 0xd9, 0xe5, 0xe8,
  0x97, 0x97, 0x97, 0x94, 0xea, 0xec, 0xff, 0xd5, 0x75, 0x7e, 0x63, 0x6f,
  0x6c, 0x62, 0x60, 0x66, 0x7b, 0x45, 0xc0, 0xf4, 0xfd, 0xe4, 0xe2, 0xef,
  0xec, 0xe2, 0xe2, 0xe0, 0xe4, 0xfb, 0xfb, 0xf8, 0xff, 0xf4, 0xcc, 0xc8,
  0xc6, 0x55, 0x5a, 0x4b, 0x73, 0x78, 0x67, 0x66, 0x64, 0x78, 0x72, 0x41,
  0xde, 0xf2, 0xe6, 0xec, 0xeb, 0x94, 0x95, 0xeb, 0xec, 0xe1, 0xf8, 0xcf,
  0x52, 0x75, 0x79, 0x66, 0x60, 0x6d, 0x6c, 0x62, 0x60, 0x67, 0x7e, 0x76,
  0x4c, 0x45, 0x5b, 0x50, 0xd3, 0xd8, 0xc5, 0xc4, 0xd9, 0xd0, 0xd3, 0xdd,
  0xd3, 0x55, 0x5d, 0x45, 0x4f, 0x4a, 0x75, 0x76, 0x72, 0x7c, 0x7e, 0x7f,
  0x70, 0x74, 0x4b, 0x46, 0x52, 0x55, 0xdb, 0xca, 0xf1, 0xfd, 0xf8, 0xf8,
  0xf8, 0xf8, 0xfc, 0xf7, 0xc3, 0xdf, 0xd6, 0x54, 0x50, 0x52, 0x5d, 0x51,
  0xd6, 0xd8, 0xf4, 0xff, 0xf8, 0xe4, 0xe0, 0xe3, 0xe2, 0xe2, 0xe3, 0xe6,
  0xe7, 0xe7, 0xe4, 0xe5, 0xfe, 0xfd, 0xf0, 0xf5, 0xc9, 0xcd, 0xda, 0xdc,
  0x54, 0x40, 0x76, 0x7e, 0x64, 0x63, 0x69, 0x6a, 0x14, 0x11, 0x1d, 0x1e,
  0x18, 0x1a, 0x18, 0x1f, 0x13, 0x6a, 0x61, 0x72, 0xd2, 0xe4, 0xee, 0x97,
  0x91, 0x91, 0x91, 0x96, 0x95, 0xe2, 0xf3, 0xd4, 0x48, 0x78, 0x63, 0x6f,
  0x68, 0x6a, 0x15, 0x69, 0x66, 0x70, 0x42, 0xd0, 0xf6, 0xe4, 0xed, 0xef,
  0xec, 0xef, 0xef, 0xed, 0xe3, 0xe6, 0xe4, 0xfe, 0xf4, 0xcc, 0xc3, 0xd8,
  0xd7, 0x5e, 0x43, 0x4d, 0x75, 0x73, 0x76, 0x74, 0x4a, 0x42, 0x5a, 0x53,
  0xdd, 0xc3, 0xf6, 0xf9, 0xe4, 0xe6, 0xe1, 0xe3, 0xe2, 0xe3, 0xe1, 0xe4,
  0xff, 0xf5, 0xdb, 0x50, 0x4e, 0x7c, 0x66, 0x6d, 0x62, 0x6d, 0x6f, 0x6f,
  0x6d, 0x63, 0x67, 0x79, 0x73, 0x74, 0x4d, 0x44, 0x53, 0xd0, 0xde, 0xdb,
  0xdb, 0xd8, 0xc6, 0xcf, 0xcd, 0xc7, 0xc7, 0xd2, 0x5c, 0x53, 0x56, 0x41,
  0x48, 0x42, 0x48, 0x76, 0x49, 0x44, 0x40, 0x44, 0xd5, 0xd8, 0xc2, 0xf0,
  0xff, 0xf3, 0xff, 0xe4, 0xe7, 0xe4, 0xe6, 0xe6, 0xe6, 0xe7, 0xe4, 0xe7,
  0xe6, 0xe7, 0xe5, 0xe5, 0xe5, 0xfa, 0xfb, 0xf9, 0xfc, 0xf3, 0xf2, 0xfe,
  0xfe, 0xf9, 0xfb, 0xf9, 0xfe, 0xfe, 0xfc, 0xf6, 0xcf, 0xd9, 0x52, 0x4f,
  0x76, 0x79, 0x60, 0x69, 0x15, 0x16, 0x13, 0x1e, 0x05, 0x07, 0x01, 0x01,
  0x07, 0x05, 0x1b, 0x1f, 0x11, 0x6e, 0x70, 0xc6, 0xfc, 0xe1, 0xe9, 0x95,
  0x91, 0x9d, 0x90, 0x97, 0x95, 0xe8, 0xed, 0xe5, 0xc0, 0x47, 0x71, 0x65,
  0x60, 0x63, 0x63, 0x61, 0x66, 0x7a, 0x75, 0x5b, 0x51, 0xd0, 0xc6, 0xf2,
  0xe5, 0xe7, 0xe0, 0xed, 0xef, 0xe9, 0xe8, 0xe8, 0xe8, 0xe9, 0xed, 0xe0,
  0xe6, 0xf9, 0xf0, 0xce, 0xda, 0xdb, 0xdd, 0xd4, 0x56, 0x59, 0x5b, 0x5d,
  0x50, 0x50, 0x54, 0xd4, 0xdc, 0xc1, 0xc6, 0xc5, 0xce, 0xf6, 0xf1, 0xf7,
  0xca, 0xce, 0xc3, 0xdf, 0xd5, 0x56, 0x5f, 0x41, 0x75, 0x76, 0x75, 0x76,
  0x79, 0x67, 0x61, 0x62, 0x6d, 0x60, 0x60, 0x6d, 0x6d, 0x60, 0x64, 0x64,
  0x78, 0x4d, 0x48, 0x70, 0x5a, 0xdc, 0xd1, 0xd1, 0xc7, 0xc9, 0xf7, 0xff,
  0xf9, 0xf3, 0xf1, 0xfd, 0xfc, 0xf6, 0xf6, 0xf0, 0xca, 0xc2, 0xc0, 0xc0,
  0xcf, 0xc0, 0xc5, 0xc6, 0xc7, 0xcd, 0xf5, 0xf7, 0xf6, 0xf2, 0xff, 0xff,
  0xff, 0xf8, 0xf9, 0xf2, 0xf2, 0xfe, 0xfe, 0xfc, 0xff, 0xf9, 0xff, 0xfd,
  0xfd, 0xf2, 0xf7, 0xcc, 0xde, 0x57, 0x59, 0x41, 0x74, 0x7d, 0x78, 0x64,
  0x66, 0x66, 0x63, 0x69, 0x14, 0x11, 0x11, 0x17, 0x6c, 0x60, 0x6d, 0x6c,
  0x66, 0x7d, 0x70, 0x7e, 0x79, 0x79, 0x65, 0x64, 0x7e, 0x73, 0x78, 0x64,
  0x78, 0x74, 0x51, 0x56, 0x42, 0x45, 0xdc, 0xc3, 0xce, 0xf1, 0xfc, 0xf9,
  0xfb, 0xe4, 0xe1, 0xe6, 0xfb, 0xfd, 0xff, 0xfe, 0xfd, 0xf3, 0xf7, 0xc9,
  0xc8, 0xca, 0xf4, 0xca, 0xc9, 0xf5, 0xf3, 0xfc, 0xf3, 0xf0, 0xf1, 0xf3,
  0xff, 0xff, 0xf0, 0xf1, 0xf0, 0xf4, 0xce, 0xc8, 0xce, 0xda, 0xdd, 0xdf,
  0xc4, 0xd8, 0xd2, 0xd2, 0xde, 0xdb, 0xdb, 0xd9, 0xdc, 0xd2, 0xdf, 0xdb,
  0xd8, 0xdf, 0xd1, 0xd5, 0xd7, 0x51, 0x45, 0x45, 0x40, 0x71, 0x7c, 0x70,
  0x76, 0x7f, 0x64, 0x7e, 0x76, 0x72, 0x78, 0x79, 0x79, 0x64, 0x7b, 0x71,
  0x71, 0x7c, 0x7d, 0x71, 0x76, 0x74, 0x4c, 0x75, 0x75, 0x42, 0x47, 0x50,
  0xdd, 0xd8, 0xdd, 0xcc, 0xfd, 0xfd, 0xfe, 0xe5, 0xe6, 0xe2, 0xe2, 0xe1,
  0xe2, 0xe9, 0xef, 0xec, 0xea, 0x97, 0x95, 0xeb, 0x94, 0x97, 0x94, 0x97,
  0x97, 0x97, 0x94, 0x94, 0xea, 0xec, 0xed, 0xfa, 0xcc, 0xc9, 0xc1, 0x40,
  0x73, 0x71, 0x78, 0x6c, 0x69, 0x17, 0x19, 0x04, 0x04, 0x1b, 0x1d, 0x12,
  0x19, 0x1b, 0x12, 0x14, 0x17, 0x10, 0x10, 0x1c, 0x18, 0x1d, 0x11, 0x1d,
  0x1a, 0x05, 0x1c, 0x68, 0x66, 0x6e, 0x6a, 0x65, 0xd4, 0xf5, 0xfc, 0xe5,
  0xe2, 0xeb, 0x90, 0x99, 0x98, 0x9d, 0x97, 0xea, 0xe9, 0xe2, 0xe1, 0xe7,
  0xe5, 0xfb, 0xe4, 0xe1, 0xec, 0xe8, 0xea, 0x94, 0x94, 0xeb, 0xe9, 0xeb,
  0x94, 0x95, 0xe9, 0xe3, 0xe7, 0xfc, 0xce, 0xc0, 0xc2, 0xdb, 0xd6, 0xd1,
  0xc4, 0xf5, 0xf5, 0xdb, 0xd9, 0xf7, 0xfd, 0xf2, 0xfc, 0xff, 0xf1, 0xf5,
  0xf4, 0xcd, 0x54, 0x43, 0x74, 0x70, 0x73, 0x7b, 0x62, 0x69, 0x62, 0x67,
  0x63, 0x6c, 0x62, 0x6c, 0x6e, 0x61, 0x65, 0x6c, 0x14, 0x14, 0x6a, 0x6c,
  0x61, 0x62, 0x6e, 0x63, 0x78, 0x7d, 0x72, 0x73, 0x72, 0x71, 0x44, 0x54,
  0xdf, 0xf5, 0xf7, 0xcb, 0xfe, 0xee, 0xea, 0xef, 0xea, 0x96, 0x97, 0xea,
  0x95, 0x96, 0x91, 0x96, 0x97, 0x96, 0x90, 0x90, 0x96, 0x91, 0x96, 0x97,
  0x91, 0x90, 0x96, 0x95, 0xe8, 0xec, 0xe4, 0xf1, 0xc7, 0x42, 0x7c, 0x79,
  0x6c, 0x10, 0x1e, 0x05, 0x06, 0x07, 0x1a, 0x1f, 0x19, 0x1e, 0x13, 0x17,
  0x14, 0x13, 0x1d, 0x1d, 0x19, 0x1a, 0x1a, 0x19, 0x18, 0x04, 0x05, 0x1e,
  0x16, 0x6a, 0x14, 0x6a, 0x66, 0x74, 0xd3, 0xe4, 0x95, 0x91, 0x93, 0x9d,
  0x9e, 0x9e, 0x9d, 0x91, 0x97, 0x94, 0xeb, 0xec, 0xe2, 0xe0, 0xe7, 0xe7,
  0xe2, 0xe8, 0xe8, 0xea, 0x97, 0x96, 0x97, 0x97, 0x91, 0x90, 0x96, 0xea,
  0xef, 0xec, 0xed, 0xe6, 0xfe, 0xf3, 0xf4, 0xc6, 0xc2, 0xf3, 0xf3, 0xc1,
  0xd4, 0xdc, 0xf5, 0xf1, 0xca, 0xca, 0xf7, 0xf4, 0xf5, 0xcf, 0xdd, 0x58,
  0x43, 0x5a, 0x42, 0x7f, 0x66, 0x6c, 0x6b, 0x14, 0x6a, 0x69, 0x14, 0x11,
  0x16, 0x17, 0x16, 0x17, 0x14, 0x6a, 0x6b, 0x68, 0x6f, 0x63, 0x60, 0x6d,
  0x62, 0x64, 0x79, 0x7f, 0x71, 0x4e, 0x5b, 0x51, 0xdc, 0xf7, 0xe4, 0xe2,
  0xe8, 0x97, 0x90, 0x92, 0x92, 0x92, 0x9d, 0x9f, 0x9c, 0x9d, 0x9d, 0x9d,
  0x9d, 0x9c, 0x92, 0x91, 0x91, 0x91, 0x97, 0x91, 0x91, 0xec, 0xe7, 0xe2,
  0xe0, 0xf0, 0xde, 0x40, 0x61, 0x14, 0x10, 0x18, 0x00, 0x0c, 0x03, 0x07,
  0x07, 0x06, 0x01, 0x04, 0x1f, 0x12, 0x18, 0x18, 0x19, 0x04, 0x07, 0x1b,
  0x1b, 0x06, 0x00, 0x06, 0x18, 0x1d, 0x1c, 0x1e, 0x10, 0x63, 0x74, 0xcf,
  0xed, 0x97, 0x92, 0x9b, 0x86, 0x81, 0x87, 0x85, 0x85, 0x85, 0x99, 0x93,
  0x97, 0xea, 0xef, 0xef, 0xe8, 0xea, 0xef, 0xec, 0x97, 0x92, 0x92, 0x91,
  0x91, 0x92, 0x92, 0x96, 0x95, 0xe9, 0xe3, 0xe4, 0xfa, 0xfb, 0xc8, 0xd6,
  0xd1, 0xdb, 0xcf, 0xf5, 0xce, 0xda, 0xcd, 0xfd, 0xfb, 0xe5, 0xe5, 0xf2,
  0xf4, 0xf3, 0xf1, 0xc1, 0xcc, 0xc8, 0x54, 0x40, 0x77, 0x66, 0x6c, 0x60,
  0x63, 0x15, 0x11, 0x10, 0x13, 0x10, 0x17, 0x14, 0x17, 0x11, 0x16, 0x6a,
  0x68, 0x6b, 0x68, 0x15, 0x6a, 0x62, 0x79, 0x79, 0x7b, 0x4b, 0xd6, 0xcf,
  0xfe, 0xe6, 0xec, 0x95, 0x91, 0x9d, 0x9e, 0x98, 0x9a, 0x84, 0x84, 0x84,
  0x84, 0x84, 0x84, 0x87, 0x87, 0x87, 0x87, 0x84, 0x84, 0x85, 0x9b, 0x9c,
  0x91, 0x95, 0xe3, 0xfe, 0x40, 0x6e, 0x10, 0x04, 0x0c, 0x0b, 0x0a, 0x0f,
  0x0d, 0x0c, 0x0f, 0x02, 0x06, 0x05, 0x07, 0x01, 0x06, 0x06, 0x03, 0x00,
  0x06, 0x03, 0x0e, 0x0f, 0x02, 0x03, 0x00, 0x00, 0x06, 0x18, 0x17, 0x66,
  0xdc, 0xe8, 0x9c, 0x85, 0x81, 0x82, 0x82, 0x80, 0x80, 0x81, 0x87, 0x85,
  0x99, 0x9f, 0x93, 0x97, 0x97, 0x96, 0x97, 0xea, 0x95, 0x96, 0x96, 0x94,
  0x97, 0x93, 0x9f, 0x9f, 0x9d, 0x90, 0x97, 0xe8, 0xe3, 0xe5, 0xf1, 0xdc,
  0x51, 0xd5, 0x50, 0x4f, 0x76, 0x74, 0x5a, 0xd0, 0xc5, 0xc0, 0xce, 0xc0,
  0xdb, 0xca, 0xfe, 0xfd, 0xcf, 0xdf, 0xd6, 0x50, 0x44, 0x75, 0x7a, 0x62,
  0x6c, 0x6f, 0x69, 0x15, 0x17, 0x16, 0x17, 0x15, 0x69, 0x6d, 0x62, 0x62,
  0x62, 0x66, 0x7c, 0x73, 0x71, 0x4a, 0x46, 0xda, 0xf1, 0xf2, 0xf9, 0xe2,
  0x94, 0x97, 0x97, 0x91, 0x92, 0x9f, 0x99, 0x99, 0x9a, 0x84, 0x84, 0x87,
  0x81, 0x81, 0x87, 0x84, 0x87, 0x87, 0x84, 0x98, 0x90, 0xef, 0xe4, 0xf2,
  0x75, 0x15, 0x19, 0x02, 0x0a, 0x0a, 0x0e, 0x0c, 0x0e, 0x08, 0x0f, 0x00,
  0x07, 0x01, 0x02, 0x0d, 0x0c, 0x0f, 0x0c, 0x0d, 0x0e, 0x0a, 0x0b, 0x0f,
  0x03, 0x03, 0x0d, 0x03, 0x1b, 0x11, 0x69, 0x4a, 0xe7, 0x91, 0x9b, 0x81,
  0x8c, 0x8c, 0x8c, 0x8c, 0x8c, 0x8d, 0x80, 0x87, 0x87, 0x84, 0x9a, 0x9e,
  0x9f, 0x9d, 0x92, 0x9e, 0x85, 0x9a, 0x9c, 0x92, 0x9f, 0x9b, 0x9f, 0x96,
  0x95, 0x94, 0xe8, 0xe6, 0xf8, 0xc2, 0x4d, 0x76, 0x76, 0x7d, 0x66, 0x6e,
  0x69, 0x60, 0x67, 0x61, 0x63, 0x66, 0x70, 0x75, 0x77, 0x42, 0x4d, 0x75,
  0x4d, 0x51, 0x5f, 0x78, 0x63, 0x60, 0x6d, 0x6b, 0x14, 0x16, 0x11, 0x14,
  0x6f, 0x6c, 0x6f, 0x6c, 0x64, 0x70, 0x41, 0xd1, 0xd4, 0xd9, 0xf6, 0xf2,
  0xf9, 0xe4, 0xed, 0x95, 0x96, 0x96, 0x90, 0x92, 0x9d, 0x9f, 0x99, 0x9a,
  0x85, 0x84, 0x81, 0x80, 0x80, 0x80, 0x80, 0x83, 0x82, 0x80, 0x84, 0x9e,
  0x90, 0x95, 0xf8, 0x7c, 0x13, 0x00, 0x08, 0x35, 0x08, 0x0c, 0x0f, 0x09,
  0x0e, 0x00, 0x07, 0x01, 0x03, 0x02, 0x0d, 0x0c, 0x0e, 0x0f, 0x0e, 0x35,
  0x34, 0x35, 0x09, 0x09, 0x08, 0x09, 0x03, 0x05, 0x13, 0x6d, 0xd2, 0xeb,
  0x9b, 0x80, 0x8c, 0x8f, 0x8e, 0x89, 0x89, 0x8c, 0x80, 0x87, 0x84, 0x84,
  0x98, 0x9d, 0x92, 0x92, 0x9c, 0x9e, 0x9a, 0x84, 0x9a, 0x9b, 0x84, 0x86,
  0x84, 0x98, 0x92, 0x93, 0x91, 0xea, 0xe0, 0xf4, 0xd5, 0x4b, 0x7c, 0x7e,
  0x60, 0x6b, 0x6a, 0x6f, 0x60, 0x62, 0x62, 0x7b, 0x40, 0x5c, 0x4f, 0x74,
  0x73, 0x7d, 0x4f, 0x4b, 0x60, 0x6b, 0x6c, 0x6d, 0x6a, 0x16, 0x17, 0x17,
  0x17, 0x6a, 0x6b, 0x6a, 0x6f, 0x61, 0x70, 0x58, 0xd4, 0xc6, 0xc2, 0xfc,
  0xe3, 0xee, 0xe9, 0xe8, 0x95, 0x91, 0x92, 0x9c, 0x9c, 0x9e, 0x9a, 0x85,
  0x85, 0x84, 0x81, 0x83, 0x82, 0x82, 0x8c, 0x8f, 0x8c, 0x80, 0x86, 0x85,
  0x9d, 0xed, 0x75, 0x13, 0x00, 0x0b, 0x35, 0x08, 0x0f, 0x0e, 0x0b, 0x0c,
  0x07, 0x05, 0x06, 0x00, 0x00, 0x03, 0x0d, 0x0d, 0x0f, 0x08, 0x34, 0x37,
  0x34, 0x0a, 0x34, 0x36, 0x34, 0x08, 0x0d, 0x01, 0x1c, 0x61, 0xf1, 0x91,
  0x87, 0x8d, 0x8c, 0x8c, 0x8e, 0x8e, 0x8c, 0x80, 0x86, 0x86, 0x87, 0x9b,
  0x9f, 0x9e, 0x9f, 0x9e, 0x9b, 0x85, 0x9a, 0x9b, 0x85, 0x87, 0x86, 0x86,
  0x84, 0x85, 0x9a, 0x99, 0x92, 0x95, 0xed, 0xe6, 0xf9, 0xf7, 0xd6, 0x7c,
  0x6d, 0x6c, 0x63, 0x64, 0x79, 0x78, 0x60, 0x6f, 0x62, 0x64, 0x67, 0x61,
  0x66, 0x64, 0x7b, 0x73, 0x7b, 0x6d, 0x6b, 0x14, 0x15, 0x17, 0x16, 0x16,
  0x17, 0x6b, 0x63, 0x79, 0x71, 0x76, 0x54, 0xc6, 0xdc, 0xcf, 0xfc, 0xe5,
  0xe1, 0xe3, 0xed, 0xef, 0xeb, 0x95, 0x94, 0x97, 0x95, 0x94, 0x90, 0x93,
  0x9d, 0x9c, 0x9d, 0x9c, 0x9d, 0x92, 0x97, 0xef, 0xe6, 0xde, 0x61, 0x13,
  0x1a, 0x19, 0x12, 0x1c, 0x1b, 0x1e, 0x17, 0x15, 0x14, 0x15, 0x69, 0x69,
  0x17, 0x11, 0x17, 0x11, 0x1e, 0x05, 0x1b, 0x19, 0x1a, 0x07, 0x06, 0x07,
  0x05, 0x19, 0x13, 0x68, 0x7f, 0xcd, 0xe9, 0x93, 0x92, 0x92, 0x9f, 0x9a,
  0x9a, 0x9c, 0x96, 0x95, 0x95, 0x95, 0xea, 0xe9, 0xef, 0xef, 0xe8, 0xea,
  0xe9, 0xe3, 0xe1, 0xe1, 0xe1, 0xe6, 0xfa, 0xf1, 0xcc, 0xcd, 0xc9, 0xc3,
  0x55, 0x43, 0x40, 0x55, 0xdb, 0xc5, 0xc5, 0xc3, 0xf5, 0xf1, 0xf3, 0xf7,
  0xda, 0x56, 0x45, 0x4c, 0x74, 0x73, 0x7e, 0x7a, 0x65, 0x65, 0x78, 0x7b,
  0x66, 0x61, 0x67, 0x7c, 0x71, 0x71, 0x74, 0x58, 0xc1, 0xfc, 0xe1, 0xef,
  0x95, 0x91, 0x92, 0x9d, 0x92, 0x9d, 0x9f, 0x9f, 0x9d, 0x93, 0x9d, 0x9f,
  0x9f, 0x9c, 0x9c, 0x9c, 0x9c, 0x9d, 0x90, 0x97, 0xe8, 0xf9, 0x46, 0x69,
  0x1e, 0x00, 0x0a, 0x31, 0x33, 0x3d, 0x3c, 0x3f, 0x3c, 0x33, 0x37, 0x0b,
  0x00, 0x14, 0xf5, 0x90, 0x81, 0x8b, 0xb7, 0xb1, 0xb6, 0xb6, 0xb1, 0xb4,
  0x8c, 0x9b, 0xec, 0x7c, 0x19, 0x02, 0x0b, 0x35, 0x34, 0x34, 0x0a, 0x09,
  0x02, 0x1a, 0x6b, 0xd5, 0xef, 0x9e, 0x81, 0x8c, 0x8f, 0x8e, 0x88, 0x89,
  0x8c, 0x83, 0x87, 0x98, 0x97, 0xf6, 0x70, 0x6d, 0x17, 0x1c, 0x18, 0x18,
  0x1e, 0x1c, 0x10, 0x15, 0x62, 0x7f, 0xd6, 0xfa, 0xe2, 0xee, 0x95, 0x91,
  0x93, 0x91, 0x96, 0x97, 0xea, 0xed, 0xe7, 0xff, 0xc0, 0x5f, 0x4b, 0x7d,
  0x67, 0x62, 0x6d, 0x6e, 0x15, 0x14, 0x15, 0x14, 0x11, 0x16, 0x6b, 0x66,
  0x79, 0x4a, 0xcc, 0xed, 0x91, 0x9e, 0x9a, 0x84, 0x86, 0x81, 0x81, 0x87,
  0x85, 0x9a, 0x99, 0x93, 0x94, 0xe8, 0xed, 0xe2, 0xe6, 0xf9, 0xf6, 0xd6,
  0x7f, 0x14, 0x05, 0x0d, 0x35, 0x31, 0x3d, 0x3f, 0x3e, 0x3f, 0x3d, 0x30,
  0x35, 0x00, 0x14, 0xe6, 0x9a, 0x8c, 0xb4, 0xb0, 0xbd, 0xbd, 0xb0, 0xb6,
  0xb4, 0x8c, 0x9f, 0x5a, 0x1e, 0x02, 0x35, 0x31, 0x33, 0x33, 0x31, 0x34,
  0x0f, 0x1a, 0x65, 0xe9, 0x84, 0x8f, 0xb5, 0xb7, 0xb6, 0xb6, 0xb4, 0x88,
  0x82, 0x85, 0xea, 0x45, 0x68, 0x1d, 0x05, 0x01, 0x00, 0x01, 0x04, 0x18,
  0x12, 0x6a, 0x7e, 0xc4, 0xe1, 0xeb, 0x94, 0x96, 0x90, 0x93, 0x91, 0x95,
  0xeb, 0xea, 0xea, 0xec, 0xe7, 0xe5, 0xfa, 0xf1, 0xdc, 0x4d, 0x79, 0x60,
  0x69, 0x14, 0x11, 0x13, 0x1d, 0x12, 0x11, 0x14, 0x68, 0x66, 0x75, 0xc9,
  0xe3, 0x94, 0x9d, 0x9b, 0x84, 0x86, 0x81, 0x81, 0x86, 0x85, 0x99, 0x92,
  0x97, 0xee, 0xe7, 0xf6, 0xc9, 0xc8, 0xcd, 0xf1, 0xfc, 0xcb, 0xc6, 0xd3,
  0x7e, 0x14, 0x1a, 0x0d, 0x0a, 0x36, 0x33, 0x32, 0x32, 0x30, 0x37, 0x09,
  0x04, 0x64, 0x93, 0x83, 0x8b, 0xb6, 0xb3, 0xb2, 0xb3, 0xb7, 0x8e, 0x81,
  0x96, 0x65, 0x04, 0x09, 0x34, 0x31, 0x30, 0x31, 0x35, 0x0d, 0x19, 0x7e,
  0x94, 0x86, 0x89, 0xb5, 0xb4, 0xb4, 0xb5, 0x89, 0x81, 0x9c, 0xe1, 0x58,
  0x6e, 0x1f, 0x04, 0x07, 0x1a, 0x1f, 0x13, 0x15, 0x7d, 0xca, 0xe6, 0xe2,
  0xe3, 0xe2, 0xe6, 0xf3, 0x56, 0x73, 0x78, 0x79, 0x71, 0x58, 0xf4, 0xe2,
  0x96, 0x9f, 0x9a, 0x85, 0x85, 0x99, 0x90, 0xe0, 0x55, 0x60, 0x13, 0x1a,
  0x07, 0x00, 0x00, 0x06, 0x1a, 0x10, 0x66, 0xcb, 0x94, 0x98, 0x86, 0x83,
  0x8d, 0x8c, 0x8d, 0x80, 0x84, 0x9f, 0x94, 0xe7, 0xdd, 0x76, 0x7b, 0x64,
  0x73, 0x50, 0xf7, 0xe0, 0x95, 0x91, 0x90, 0x94, 0xe0, 0x53, 0x16, 0x00,
  0x0a, 0x36, 0x32, 0x3c, 0x3f, 0x32, 0x36, 0x08, 0x04, 0x70, 0x99, 0x89,
  0xb7, 0xb0, 0xb2, 0xbd, 0xb3, 0xb4, 0x83, 0x93, 0x54, 0x1e, 0x0e, 0x37,
  0x30, 0x30, 0x30, 0x37, 0x0e, 0x1b, 0x7f, 0xeb, 0x87, 0x8e, 0xb5, 0xb4,
  0x8a, 0x89, 0x82, 0x85, 0xea, 0x53, 0x6c, 0x16, 0x12, 0x1c, 0x1d, 0x14,
  0x7d, 0xce, 0xe5, 0xe2, 0xeb, 0x95, 0xec, 0xf7, 0x76, 0x6c, 0x16, 0x1f,
  0x1a, 0x1a, 0x1e, 0x17, 0x65, 0xcb, 0x94, 0x9b, 0x86, 0x83, 0x8d, 0x82,
  0x81, 0x99, 0xec, 0x4c, 0x16, 0x04, 0x0d, 0x08, 0x0b, 0x09, 0x0c, 0x01,
  0x12, 0x70, 0xe2, 0x9e, 0x81, 0x8c, 0x89, 0x89, 0x8f, 0x82, 0x87, 0x9e,
  0xea, 0xf1, 0x58, 0x79, 0x61, 0x67, 0x70, 0xd1, 0xe4, 0x94, 0x9d, 0x98,
  0x85, 0x85, 0x98, 0x97, 0xf5, 0x6b, 0x06, 0x0a, 0x31, 0x3c, 0x3e, 0x39,
  0x3f, 0x30, 0x0a, 0x06, 0x67, 0x9c, 0x89, 0xb7, 0xb0, 0xb2, 0xb2, 0xb3,
  0xb4, 0x83, 0x93, 0xdd, 0x12, 0x02, 0x35, 0x37, 0x36, 0x37, 0x35, 0x02,
  0x1f, 0x7d, 0xe3, 0x9f, 0x81, 0x8c, 0x8f, 0x82, 0x86, 0x9a, 0x92, 0xe2,
  0x56, 0x7a, 0x66, 0x78, 0x72, 0x74, 0xdc, 0xe6, 0xea, 0x94, 0xea, 0xed,
  0xe4, 0xda, 0x7a, 0x14, 0x1c, 0x1a, 0x04, 0x04, 0x1b, 0x12, 0x6e, 0x59,
  0xee, 0x9e, 0x86, 0x82, 0x8d, 0x8d, 0x83, 0x84, 0x91, 0xf6, 0x63, 0x1c,
  0x07, 0x02, 0x0c, 0x0c, 0x03, 0x07, 0x1d, 0x67, 0xff, 0x91, 0x9a, 0x86,
  0x83, 0x82, 0x83, 0x86, 0x9a, 0x92, 0xea, 0xf9, 0xd4, 0x46, 0x4e, 0x4d,
  0x5d, 0xc8, 0xe1, 0x95, 0x93, 0x9c, 0x9e, 0x9e, 0x92, 0xea, 0xf4, 0x60,
  0x18, 0x0f, 0x37, 0x33, 0x3d, 0x3f, 0x3c, 0x33, 0x34, 0x0d, 0x1d, 0xc3,
  0x85, 0x8b, 0xb7, 0xb1, 0xb0, 0xb0, 0xb6, 0x88, 0x84, 0xee, 0x76, 0x1d,
  0x02, 0x0a, 0x34, 0x35, 0x0a, 0x0e, 0x01, 0x10, 0x77, 0xe4, 0x90, 0x85,
  0x81, 0x80, 0x87, 0x9a, 0x9e, 0x93, 0xee, 0xf3, 0xdf, 0xde, 0xca, 0xf1,
  0xf2, 0xe4, 0xec, 0xeb, 0xef, 0xe4, 0xcb, 0x4d, 0x6d, 0x10, 0x1e, 0x05,
  0x07, 0x07, 0x04, 0x1c, 0x6b, 0x74, 0xfb, 0x93, 0x84, 0x83, 0x8d, 0x8c,
  0x8d, 0x81, 0x9b, 0x94, 0xc0, 0x6d, 0x1f, 0x07, 0x03, 0x0d, 0x0d, 0x03,
  0x04, 0x10, 0x79, 0xf8, 0x96, 0x9b, 0x86, 0x83, 0x83, 0x81, 0x84, 0x98,
  0x93, 0xe8, 0xff, 0xdd, 0x5c, 0x44, 0x5c, 0xc6, 0xf8, 0xe9, 0x91, 0x9f,
  0x9b, 0x98, 0x9c, 0x96, 0xe0, 0x75, 0x12, 0x02, 0x34, 0x30, 0x3c, 0x3e,
  0x39, 0x3c, 0x31, 0x0b, 0x04, 0x7e, 0x9f, 0x8e, 0xb7, 0xb1, 0xb3, 0xb2,
  0xb3, 0xb4, 0x82, 0x9c, 0xf3, 0x14, 0x01, 0x0b, 0x34, 0x34, 0x34, 0x35,
  0x0f, 0x1a, 0x6e, 0xdd, 0xeb, 0x98, 0x81, 0x83, 0x81, 0x84, 0x9a, 0x9c,
  0x95, 0xfe, 0xd5, 0x5f, 0x55, 0xd0, 0xc7, 0xfd, 0xe2, 0xea, 0x95, 0xef,
  0xe6, 0xf6, 0x42, 0x6d, 0x10, 0x18, 0x04, 0x06, 0x06, 0x05, 0x1d, 0x69,
  0x46, 0xed, 0x9e, 0x81, 0x8d, 0x8f, 0x8e, 0x8c, 0x80, 0x99, 0xee, 0x5a,
  0x17, 0x05, 0x00, 0x0c, 0x0f, 0x0c, 0x03, 0x04, 0x16, 0x4c, 0xed, 0x9d,
  0x87, 0x83, 0x8d, 0x8d, 0x82, 0x86, 0x85, 0x92, 0xec, 0xcb, 0x42, 0x78,
  0x64, 0x65, 0x74, 0xdb, 0xe7, 0x94, 0x92, 0x9e, 0x99, 0x9e, 0x90, 0xe3,
  0x71, 0x1e, 0x0c, 0x34, 0x33, 0x3f, 0x39, 0x3e, 0x3d, 0x36, 0x0e, 0x19,
  0xf6, 0x86, 0xb5, 0xb1, 0xb3, 0xbc, 0xbc, 0xb3, 0xb5, 0x83, 0x93, 0xd7,
  0x1e, 0x0f, 0x34, 0x36, 0x31, 0x31, 0x34, 0x0f, 0x1b, 0x60, 0xf9, 0x9c,
  0x81, 0x8f, 0x8e, 0x8c, 0x83, 0x86, 0x9a, 0x97, 0xf3, 0x42, 0x7c, 0x7e,
  0x65, 0x7b, 0x42, 0xc8, 0xe4, 0xe0, 0xe3, 0xe0, 0xf8, 0xdd, 0x7f, 0x6e,
  0x11, 0x19, 0x05, 0x05, 0x18, 0x1d, 0x14, 0x7c, 0xfe, 0x91, 0x9a, 0x86,
  0x82, 0x8d, 0x8d, 0x81, 0x9b, 0x94, 0xce, 0x62, 0x1e, 0x06, 0x02, 0x0c,
  0x0c, 0x02, 0x06, 0x1d, 0x7a, 0xfc, 0x96, 0x9a, 0x80, 0x8d, 0x8d, 0x83,
  0x81, 0x84, 0x9c, 0xeb, 0xf2, 0x58, 0x7e, 0x61, 0x63, 0x65, 0x49, 0xcf,
  0xe3, 0x94, 0x9d, 0x98, 0x85, 0x98, 0x9d, 0xe8, 0xd7, 0x16, 0x00, 0x35,
  0x31, 0x32, 0x3f, 0x3f, 0x3d, 0x31, 0x0b, 0x06, 0x6d, 0x91, 0x8d, 0xb5,
  0xb6, 0xb0, 0xb3, 0xb0, 0xb4, 0x8c, 0x85, 0xec, 0x61, 0x05, 0x0f, 0x0a,
  0x34, 0x37, 0x34, 0x09, 0x06, 0x10, 0x77, 0xe3, 0x9e, 0x81, 0x82, 0x82,
  0x80, 0x81, 0x84, 0x9c, 0xee, 0xf6, 0x57, 0x4f, 0x73, 0x78, 0x73, 0x51,
  0xcc, 0xf6, 0xff, 0xe4, 0xe4, 0xf6, 0x5d, 0x78, 0x6c, 0x16, 0x1d, 0x19,
  0x18, 0x1f, 0x10, 0x68, 0x72, 0xf6, 0x94, 0x99, 0x87, 0x80, 0x83, 0x83,
  0x81, 0x85, 0x91, 0xfb, 0x73, 0x16, 0x05, 0x00, 0x02, 0x0d, 0x02, 0x01,
  0x18, 0x14, 0x75, 0xfa, 0x91, 0x9a, 0x86, 0x80, 0x80, 0x81, 0x87, 0x9a,
  0x9d, 0xea, 0xe4, 0xc0, 0x5e, 0x70, 0x7b, 0x7d, 0x47, 0xc0, 0xfb, 0xef,
  0x97, 0x92, 0x9c, 0x9d, 0x91, 0xeb, 0xfd, 0x7c, 0x13, 0x01, 0x09, 0x34,
  0x31, 0x33, 0x33, 0x30, 0x37, 0x09, 0x06, 0x17, 0xf3, 0x9b, 0x8d, 0x8b,
  0xb4, 0xb6, 0xb6, 0xb4, 0x8e, 0x86, 0x92, 0xf1, 0x6b, 0x04, 0x02, 0x09,
  0x0b, 0x0b, 0x09, 0x03, 0x1b, 0x15, 0x40, 0xe2, 0x9c, 0x84, 0x86, 0x86,
  0x86, 0x87, 0x85, 0x9d, 0xe8, 0xe5, 0xf6, 0xd9, 0x5b, 0x48, 0x41, 0x54,
  0xd1, 0xd0, 0xdb, 0xc2, 0xc6, 0x45, 0x7c, 0x66, 0x6f, 0x14, 0x10, 0x12,
  0x10, 0x14, 0x6f, 0x78, 0xd3, 0xe0, 0x91, 0x9e, 0x85, 0x87, 0x81, 0x86,
  0x84, 0x9e, 0x94, 0xf9, 0x76, 0x14, 0x19, 0x07, 0x00, 0x02, 0x02, 0x00,
  0x04, 0x1f, 0x14, 0x73, 0xf9, 0x97, 0x99, 0x85, 0x87, 0x86, 0x86, 0x84,
  0x99, 0x90, 0xe9, 0xf8, 0xd3, 0x76, 0x65, 0x66, 0x61, 0x64, 0x72, 0x5c,
  0xca, 0xe6, 0xe9, 0x96, 0x9c, 0x9e, 0x9e, 0x9c, 0x93, 0x94, 0xe6, 0x55,
  0x61, 0x12, 0x06, 0x0c, 0x0a, 0x34, 0x36, 0x36, 0x37, 0x35, 0x0e, 0x01,
  0x1d, 0x70, 0xe8, 0x98, 0x81, 0x8f, 0x8b, 0xb5, 0x8a, 0x89, 0x8d, 0x86,
  0x9c, 0xe3, 0x4e, 0x14, 0x19, 0x06, 0x03, 0x02, 0x03, 0x01, 0x07, 0x19,
  0x17, 0x7c, 0xcf, 0xe0, 0x95, 0x93, 0x9e, 0x9b, 0x98, 0x99, 0x9f, 0x9d,
  0x93, 0x96, 0x95, 0xef, 0xe1, 0xf9, 0xf4, 0xd8, 0x5e, 0x71, 0x64, 0x6d,
  0x6b, 0x14, 0x16, 0x10, 0x10, 0x16, 0x15, 0x6d, 0x79, 0x5c, 0xf3, 0xef,
  0x91, 0x9c, 0x9b, 0x85, 0x84, 0x85, 0x98, 0x92, 0xeb, 0xfc, 0x4f, 0x6f,
  0x13, 0x18, 0x07, 0x01, 0x01, 0x01, 0x07, 0x1a, 0x12, 0x6e, 0x4a, 0xf0,
  0xee, 0x90, 0x9f, 0x9b, 0x9a, 0x9a, 0x98, 0x9d, 0x96, 0xef, 0xfb, 0xc7,
  0x47, 0x7c, 0x65, 0x7a, 0x7d, 0x4d, 0x55, 0xc8, 0xe5, 0xef, 0x97, 0x90,
  0x9d, 0x9f, 0x9f, 0x9c, 0x9d, 0x96, 0xe9, 0xe4, 0xd7, 0x7a, 0x14, 0x18,
  0x01, 0x0c, 0x0b, 0x35, 0x34, 0x34, 0x35, 0x0b, 0x0d, 0x07, 0x13, 0x72,
  0xe3, 0x9c, 0x87, 0x8d, 0x89, 0x8b, 0x8b, 0x89, 0x8c, 0x81, 0x9b, 0x95,
  0xc3, 0x60, 0x12, 0x04, 0x00, 0x02, 0x02, 0x03, 0x01, 0x04, 0x1c, 0x6b,
  0x76, 0xf5, 0xed, 0x96, 0x9c, 0x98, 0x9a, 0x9a, 0x9b, 0x9e, 0x9d, 0x90,
  0x94, 0xec, 0xe7, 0xf2, 0xc6, 0xd4, 0x58, 0x49, 0x71, 0x7f, 0x7a, 0x64,
  0x67, 0x60, 0x62, 0x6d, 0x63, 0x66, 0x64, 0x7f, 0x4c, 0xd0, 0xf0, 0xe6,
  0xee, 0x94, 0x90, 0x92, 0x92, 0x92, 0x93, 0x96, 0xeb, 0xe7, 0xc3, 0x77,
  0x6d, 0x16, 0x1c, 0x1b, 0x04, 0x07, 0x07, 0x04, 0x05, 0x1e, 0x10, 0x6e,
  0x70, 0xc0, 0xe6, 0x95, 0x90, 0x9c, 0x99, 0x99, 0x9e, 0x9c, 0x90, 0x95,
  0xe3, 0xf2, 0xd8, 0x43, 0x7e, 0x64, 0x67, 0x7b, 0x74, 0x5c, 0xc0, 0xfb,
  0xed, 0x95, 0x91, 0x92, 0x9f, 0x99, 0x99, 0x9c, 0x92, 0x96, 0xee, 0xfb,
  0x50, 0x65, 0x6a, 0x1c, 0x04, 0x03, 0x0c, 0x09, 0x0b, 0x0a, 0x0b, 0x0e,
  0x0d, 0x01, 0x18, 0x15, 0x4d, 0xe1, 0x91, 0x9b, 0x81, 0x82, 0x8c, 0x8c,
  0x82, 0x83, 0x87, 0x99, 0x97, 0xfa, 0x42, 0x6c, 0x10, 0x18, 0x04, 0x07,
  0x07, 0x04, 0x05, 0x1e, 0x16, 0x6f, 0x7e, 0xd1, 0xfa, 0xe8, 0x96, 0x93,
  0x9d, 0x9f, 0x9e, 0x9f, 0x9d, 0x92, 0x91, 0x97, 0xeb, 0xe2, 0xe7, 0xff,
  0xcd, 0x54, 0x4f, 0x72, 0x65, 0x63, 0x6e, 0x6a, 0x15, 0x6a, 0x6a, 0x68,
  0x6c, 0x61, 0x7c, 0x40, 0xd8, 0xfd, 0xe0, 0xe8, 0x94, 0x91, 0x93, 0x93,
  0x90, 0x96, 0x95, 0xec, 0xe5, 0xc3, 0x49, 0x64, 0x69, 0x17, 0x12, 0x19,
  0x1b, 0x1a, 0x05, 0x1a, 0x18, 0x1c, 0x11, 0x69, 0x7a, 0x59, 0xf0, 0xed,
  0x94, 0x90, 0x9c, 0x99, 0x98, 0x99, 0x9e, 0x9d, 0x91, 0x95, 0xe2, 0xfc,
  0xd0, 0x4f, 0x7c, 0x67, 0x63, 0x6d, 0x62, 0x66, 0x78, 0x4a, 0xd4, 0xf1,
  0xe1, 0xe9, 0x97, 0x90, 0x9d, 0x9c, 0x9c, 0x9d, 0x93, 0x91, 0x95, 0xe3,
  0xf1, 0x5e, 0x7a, 0x6a, 0x1c, 0x05, 0x01, 0x02, 0x0f, 0x09, 0x08, 0x09,
  0x0f, 0x0d, 0x01, 0x1a, 0x11, 0x65, 0xdb, 0xed, 0x9d, 0x85, 0x86, 0x80,
  0x82, 0x82, 0x83, 0x86, 0x85, 0x9f, 0x97, 0xe6, 0xdc, 0x7b, 0x69, 0x17,
  0x12, 0x1f, 0x1f, 0x1f, 0x12, 0x11, 0x14, 0x6f, 0x65, 0x49, 0xd0, 0xf7,
  0xfb, 0xe0, 0xee, 0xeb, 0xea, 0x94, 0x97, 0x97, 0x97, 0x97, 0x97, 0x94,
  0x95, 0xe8, 0xec, 0xe6, 0xf9, 0xf5, 0xd4, 0x49, 0x78, 0x63, 0x6e, 0x15,
  0x17, 0x16, 0x17, 0x17, 0x6a, 0x6f, 0x66, 0x71, 0x52, 0xcc, 0xfb, 0xe3,
  0xe8, 0x95, 0x94, 0x94, 0x94, 0xeb, 0xec, 0xe6, 0xfd, 0xc4, 0x59, 0x72,
  0x66, 0x6f, 0x15, 0x17, 0x16, 0x11, 0x11, 0x16, 0x17, 0x14, 0x6b, 0x6c,
  0x66, 0x7f, 0x4b, 0x50, 0xc0, 0xf2, 0xe7, 0xe2, 0xee, 0xea, 0x94, 0x96,
  0x97, 0x97, 0x94, 0xea, 0xee, 0xe0, 0xfa, 0xf1, 0xc6, 0x56, 0x4e, 0x76,
  0x7c, 0x7e, 0x7f, 0x7e, 0x71, 0x4f, 0x5f, 0xde, 0xc9, 0xff, 0xe7, 0xe2,
  0xe9, 0xea, 0x94, 0x97, 0x96, 0x97, 0x94, 0x95, 0xee, 0xe1, 0xf3, 0x53,
  0x79, 0x6b, 0x12, 0x1b, 0x06, 0x03, 0x0c, 0x0f, 0x0e, 0x0f, 0x0c, 0x03,
  0x07, 0x1e, 0x14, 0x72, 0xf6, 0x95, 0x9f, 0x85, 0x86, 0x80, 0x83, 0x80,
  0x81, 0x84, 0x98, 0x92, 0xea, 0xe4, 0xda, 0x77, 0x67, 0x6c, 0x15, 0x14,
  0x14, 0x14, 0x15, 0x6b, 0x6c, 0x61, 0x7a, 0x79, 0x73, 0x4e, 0x58, 0xd6,
  0xd8, 0xc2, 0xf0, 0xe5, 0xe1, 0xe2, 0xe9, 0x95, 0x97, 0x91, 0x91, 0x91,
  0x96, 0x94, 0xeb, 0xe3, 0xfc, 0xc5, 0x40, 0x65, 0x6f, 0x15, 0x16, 0x11,
  0x10, 0x10, 0x16, 0x15, 0x6c, 0x64, 0x76, 0x56, 0xf5, 0xfb, 0xe6, 0xed,
  0xee, 0xe9, 0xef, 0xec, 0xe3, 0xe6, 0xfb, 0xf0, 0xca, 0xc5, 0xd6, 0x50,
  0x44, 0x4e, 0x74, 0x70, 0x7f, 0x7b, 0x64, 0x61, 0x62, 0x6f, 0x69, 0x68,
  0x6b, 0x6b, 0x69, 0x6c, 0x60, 0x65, 0x76, 0x53, 0xc0, 0xfd, 0xe6, 0xed,
  0xeb, 0x95, 0x95, 0x95, 0xea, 0xe8, 0xed, 0xe7, 0xfc, 0xf5, 0xde, 0x5f,
  0x49, 0x70, 0x7f, 0x79, 0x78, 0x79, 0x72, 0x77, 0x4c, 0x5f, 0xd4, 0xc4,
  0xf5, 0xf2, 0xf8, 0xe4, 0xe6, 0xe3, 0xed, 0xed, 0xec, 0xec, 0xec, 0xec,
  0xed, 0xe2, 0xe0, 0xe1, 0xe4, 0xfc, 0xf4, 0xdf, 0x42, 0x64, 0x6a, 0x10,
  0x1c, 0x1a, 0x06, 0x00, 0x03, 0x00, 0x00, 0x01, 0x04, 0x1e, 0x17, 0x63,
  0x4f, 0xff, 0x95, 0x92, 0x9e, 0x9a, 0x84, 0x87, 0x84, 0x9a, 0x9e, 0x92,
  0x97, 0xee, 0xe5, 0xcd, 0x57, 0x4d, 0x7d, 0x64, 0x60, 0x60, 0x63, 0x6c,
  0x69, 0x6b, 0x68, 0x69, 0x6a, 0x15, 0x6a, 0x6e, 0x62, 0x66, 0x7c, 0x45,
  0xc2, 0xf9, 0xe3, 0xea, 0x91, 0x92, 0x9c, 0x9c, 0x9d, 0x92, 0x90, 0x94,
  0xed, 0xf8, 0xcf, 0x55, 0x75, 0x7a, 0x61, 0x62, 0x6d, 0x62, 0x62, 0x61,
  0x64, 0x79, 0x73, 0x74, 0x4c, 0x45, 0x5c, 0x52, 0x50, 0x57, 0xd4, 0xd2,
  0xd8, 0xc4, 0xc3, 0xf5, 0xf2, 0xf9, 0xfb, 0xfa, 0xe5, 0xfa, 0xfe, 0xf1,
  0xc6, 0x51, 0x48, 0x7e, 0x66, 0x6c, 0x6b, 0x15, 0x14, 0x15, 0x6b, 0x6f,
  0x60, 0x7b, 0x77, 0x59, 0xd9, 0xf4, 0xfe, 0xe5, 0xe7, 0xe6, 0xe6, 0xe7,
  0xe4, 0xfa, 0xf9, 0xfc, 0xf2, 0xf3, 0xf1, 0xf6, 0xf4, 0xcb, 0xcc, 0xc1,
  0xda, 0xd2, 0x56, 0x45, 0x4f, 0x75, 0x76, 0x72, 0x7f, 0x7c, 0x72, 0x70,
  0x74, 0x40, 0x53, 0xdd, 0xc1, 0xca, 0xf0, 0xff, 0xf8, 0xf8, 0xf9, 0xfe,
  0xfc, 0xf3, 0xf7, 0xcb, 0xcc, 0xc5, 0xd2, 0xd4, 0x51, 0x5c, 0x5b, 0x41,
  0x49, 0x74, 0x71, 0x73, 0x7d, 0x7e, 0x78, 0x78, 0x7e, 0x7d, 0x70, 0x77,
  0x4c, 0x5f, 0xd6, 0xd8, 0xcc, 0xf7, 0xf6, 0xcc, 0xdf, 0xd7, 0x50, 0x42,
  0x7f, 0x67, 0x61, 0x60, 0x63, 0x62, 0x62, 0x61, 0x78, 0x70, 0x49, 0x5c,
  0xd8, 0xca, 0xf7, 0xf6, 0xf0, 0xf3, 0xf0, 0xf7, 0xce, 0xc1, 0xc7, 0xc2,
  0xcc, 0xce, 0xca, 0xf6, 0xf2, 0xff, 0xfe, 0xfe, 0xfd, 0xf3, 0xf5, 0xc7,
  0xd7, 0x5d, 0x45, 0x4e, 0x76, 0x70, 0x71, 0x75, 0x42, 0x5a, 0x5d, 0xd3,
  0xc0, 0xcb, 0xf4, 0xf4, 0xf7, 0xf6, 0xf4, 0xcf, 0xc7, 0xdb, 0xda, 0xdb,
  0xde, 0xdf, 0xda, 0xc1, 0xc0, 0xc6, 0xda, 0xd8, 0xdc, 0xd6, 0x5d, 0x41,
  0x48, 0x74, 0x76, 0x73, 0x72, 0x73, 0x77, 0x4f, 0x46, 0x5b, 0x53, 0xd1,
  0xdc, 0xdd, 0xdd, 0xdd, 0xd0, 0xd5, 0x53, 0x5e, 0x5b, 0x5a, 0x5a, 0x44,
  0x5a, 0x5d, 0xd5, 0xd1, 0xd6, 0xd1, 0xdc, 0xda, 0xc5, 0xd9, 0xdc, 0xde,
  0xdb, 0xd8, 0xd9, 0xdb, 0xc4, 0xc1, 0xcc, 0xc8, 0xc9, 0xce, 0xca, 0xca,
  0xcc, 0xc4, 0xda, 0xc5, 0xdb, 0xde, 0xdf, 0xd9, 0xda, 0xc7, 0xc7, 0xc5,
  0xc7, 0xc1, 0xc4, 0xdf, 0xd0, 0xd7, 0x54, 0x51, 0x52, 0x58, 0x47, 0x47,
  0x5b, 0x5b, 0x4c, 0x72, 0x64, 0x66, 0x60, 0x6c, 0x15, 0x17, 0x14, 0x15,
  0x6a, 0x68, 0x6d, 0x64, 0x70, 0x45, 0xd0, 0xce, 0xfd, 0xfa, 0xe4, 0xe4,
  0xe7, 0xe6, 0xe6, 0xe6, 0xe7, 0xe4, 0xe7, 0xe6, 0xe6, 0xe4, 0xf8, 0xfe,
  0xfd, 0xf7, 0xc5, 0x57, 0x47, 0x4a, 0x73, 0x78, 0x64, 0x64, 0x7a, 0x7e,
  0x7c, 0x70, 0x4f, 0x5d, 0xd6, 0xd2, 0xdf, 0xc6, 0xc9, 0xcb, 0xcc, 0xc2,
  0xce, 0xf4, 0xf7, 0xf7, 0xf6, 0xf0, 0xf3, 0xf3, 0xf1, 0xf7, 0xca, 0xc2,
  0xd9, 0x57, 0x5a, 0x43, 0x4e, 0x75, 0x76, 0x70, 0x71, 0x74, 0x48, 0x4e,
  0x4c, 0x41, 0x58, 0x5c, 0x5d, 0x52, 0x51, 0x57, 0xd7, 0xdd, 0xdf, 0xdb,
  0xc1, 0xcc, 0xcd, 0xc3, 0xc2, 0xc0, 0xda, 0xdd, 0xd1, 0x54, 0x5c, 0x5e,
  0x5b, 0x40, 0x4c, 0x42, 0x41, 0x41, 0x47, 0x5a, 0x5b, 0x5a, 0x59, 0x5d,
  0x52, 0x53, 0x54, 0xd7, 0xd3, 0xd8, 0xc6, 0xc3, 0xcc, 0xcb, 0xf5, 0xf5,
  0xcb, 0xcb, 0xce, 0xc6, 0xd9, 0xdd, 0xd3, 0xd4, 0x56, 0x52, 0x5c, 0x5e,
  0x5b, 0x44, 0x47, 0x41, 0x42, 0x4f, 0x4f, 0x4d, 0x43, 0x44, 0x5b, 0x5e,
  0x53, 0x57, 0xd7, 0xd0, 0xd1, 0xd0, 0xd3, 0xdd, 0xd3, 0xd6, 0xd6, 0xdd,
  0xdd, 0xd6, 0xd1, 0xd2, 0xd2, 0xd1, 0xd7, 0xd1, 0x55, 0x51, 0x50, 0x53,
  0x59, 0x45, 0x5f, 0x52, 0x5c, 0x5c, 0x53, 0x55, 0xd4, 0xd7, 0xd7, 0xd7,
  0xd4, 0xd7, 0xd5, 0x56, 0x51, 0x56, 0x51, 0x5d, 0x5f, 0x5e, 0x5b, 0x47,
  0x40, 0x4c, 0x4a, 0x75, 0x4b, 0x49, 0x4b, 0x48, 0x4c, 0x41, 0x5a, 0x5f,
  0x53, 0x50, 0x55, 0xd6, 0xd6, 0xd1, 0xdd, 0xdb, 0xdb, 0xd8, 0xc7, 0xcd,
  0xcf, 0xcf, 0xce, 0xce, 0xc8, 0xcb, 0xce, 0xcd, 0xcd, 0xce, 0xc2, 0xc7,
  0xc4, 0xdb, 0xd2, 0xd4, 0x55, 0x56, 0x5d, 0x5d, 0x53, 0x5c, 0x59, 0x5d,
  0x51, 0x57, 0x57, 0x57, 0x51, 0x56, 0xd6, 0xdd, 0xd1, 0xd1, 0xc5, 0xc3,
  0xc0, 0xc2, 0xc9, 0xca, 0xc8, 0xf5, 0xf5, 0xc2, 0xc5, 0xc4, 0xda, 0xd0,
  0xd4, 0xd6, 0xd4, 0x53, 0x52, 0x51, 0x59, 0x44, 0x41, 0x4d, 0x4a, 0x48,
  0x43, 0x4f, 0x77, 0x4a, 0x46, 0x43, 0x4f, 0x43, 0x40, 0x4d, 0x43, 0x5e,
  0x5f, 0x44, 0x59, 0x56, 0x57, 0x56, 0xdc, 0xc6, 0xde, 0xd0, 0xc4, 0xcf,
  0xc4, 0xd9, 0xc4, 0xc5, 0xdc, 0xd9, 0xc1, 0xd8, 0xd6, 0xdc, 0xd9, 0xd5,
  0x51, 0xd4, 0x57, 0x44, 0x40, 0x5a, 0x41, 0x4b, 0x4a, 0x75, 0x73, 0x72,
  0x77, 0x77, 0x72, 0x73, 0x74, 0x75, 0x76, 0x75, 0x4e, 0x49, 0x4f, 0x5b,
  0x53, 0x50, 0xd4, 0xd8, 0xc4, 0xda, 0xc1, 0xc8, 0xf5, 0xcb, 0xf5, 0xf7,
  0xf7, 0xf7, 0xf1, 0xf1, 0xf4, 0xf5, 0xf4, 0xf5, 0xc9, 0xcc, 0xcd, 0xc0,
  0xc6, 0xc6, 0xc6, 0xc4, 0xd9, 0xd2, 0xd6, 0xd4, 0xd7, 0xd6, 0xd0, 0xd3,
  0xdc, 0xdc, 0xd8, 0xda, 0xd8, 0xde, 0xd8, 0xc4, 0xc5, 0xda, 0xc1, 0xcd,
  0xcd, 0xc1, 0xc3, 0xcd, 0xc0, 0xc7, 0xc7, 0xc4, 0xde, 0xde, 0xda, 0xd9,
  0xd3, 0xd5, 0x54, 0x5d, 0x44, 0x43, 0x4c, 0x74, 0x70, 0x76, 0x70, 0x72,
  0x7d, 0x7d, 0x7e, 0x78, 0x7c, 0x73, 0x72, 0x72, 0x77, 0x4a, 0x49, 0x44,
  0x53, 0x56, 0x50, 0xd6, 0xd9, 0xd8, 0xdf, 0xd7, 0x45, 0x75, 0x4e, 0x50,
  0x56, 0x4d, 0x76, 0x74, 0x4e, 0x4d, 0x4c, 0x74, 0x78, 0x65, 0x70, 0x44,
  0x5a, 0x42, 0x5a, 0x56, 0x51, 0x57, 0xd8, 0xc2, 0xc5, 0xdc, 0xc0, 0xf1,
  0xfd, 0xff, 0xfe, 0xfc, 0xf3, 0xf2, 0xf9, 0xfb, 0xf9, 0xff, 0xf2, 0xf2,
  0xff, 0xfa, 0xf8, 0xf1, 0xcf, 0xc2, 0xce, 0xcc, 0xc7, 0xdc, 0xd5, 0x53,
  0x52, 0x50, 0x52, 0x44, 0x49, 0x4a, 0x4f, 0x47, 0x5b, 0x46, 0x4a, 0x76,
  0x75, 0x45, 0x53, 0x5c, 0x46, 0x4c, 0x43, 0x58, 0x56, 0x51, 0x5b, 0x41,
  0x5e, 0xd6, 0xdf, 0xdf, 0xd0, 0xd4, 0x54, 0xd4, 0xdd, 0xd2, 0x54, 0x53,
  0x56, 0xd5, 0x57, 0x5d, 0x5e, 0x58, 0x45, 0x5e, 0x54, 0xd1, 0xd4, 0x51,
  0x55, 0xd3, 0xdb, 0xda, 0xc7, 0xc2, 0xce, 0xca, 0xf4, 0xf5, 0xca, 0xcb,
  0xcb, 0xcc, 0xc0, 0xcd, 0xcf, 0xcc, 0xc3, 0xc2, 0xc3, 0xc7, 0xdf, 0xd0,
  0xd1, 0xd1, 0xd0, 0xd0, 0xd1, 0xd4, 0x5c, 0x40, 0x42, 0x41, 0x46, 0x42,
  0x4f, 0x75, 0x4b, 0x4c, 0x4f, 0x4a, 0x77, 0x77, 0x76, 0x49, 0x40, 0x5b,
  0x58, 0x44, 0x59, 0x5f, 0x5c, 0x43, 0x73, 0x64, 0x64, 0x70, 0x47, 0x40,
  0x73, 0x65, 0x66, 0x67, 0x7f, 0x77, 0x72, 0x67, 0x67, 0x70, 0x56, 0xd6,
  0x5e, 0x4a, 0x71, 0x4b, 0x56, 0xf5, 0xf2, 0xf5, 0xdb, 0xc4, 0xf6, 0xfc,
  0xf2, 0xf7, 0xcf, 0xce, 0xf2, 0xe6, 0xe1, 0xe5, 0xfc, 0xf2, 0xf8, 0xe5,
  0xe7, 0xe4, 0xf9, 0xf0, 0xf2, 0xf8, 0xf9, 0xfd, 0xce, 0x55, 0x5a, 0x50,
  0xdb, 0xc2, 0xd8, 0x59, 0x48, 0x4e, 0x58, 0xd7, 0xd6, 0x40, 0x7c, 0x7c,
  0x58, 0xda, 0xd2, 0x4c, 0x7f, 0x79, 0x71, 0x57, 0xc7, 0xd2, 0x4d, 0x4a,
  0x5c, 0xc5, 0xc8, 0xc0, 0x55, 0x5d, 0xd6, 0xf4, 0xf9, 0xf0, 0xd9, 0x57,
  0xdc, 0xc0, 0xcf, 0xcb, 0xc6, 0xd0, 0xd4, 0xde, 0xda, 0xd2, 0x52, 0x5e,
  0x56, 0xd1, 0xc4, 0xc5, 0xd1, 0x5c, 0x5b, 0x56, 0x52, 0x50, 0x51, 0x51,
  0x53, 0x5d, 0xd5, 0x57, 0x45, 0x49, 0x46, 0xd7, 0xd1, 0xd6, 0x56, 0xdd,
  0xd7, 0x51, 0x5f, 0x50, 0xd7, 0xd3, 0xd2, 0xd3, 0x5d, 0x44, 0x52, 0xd0,
  0x56, 0x4d, 0x77, 0x45, 0x5f, 0x59, 0x43, 0x43, 0x49, 0x71, 0x77, 0x4c,
  0x5f, 0x5f, 0x4e, 0x71, 0x4a, 0x46, 0x5d, 0x53, 0x42, 0x4e, 0x40, 0x5e,
  0xd0, 0xd7, 0x5b, 0x4d, 0x52, 0xdd, 0xdb, 0xda, 0xd0, 0x50, 0x51, 0xde,
  0xdf, 0x54, 0x56, 0x54, 0x5c, 0x52, 0x51, 0x50, 0x5a, 0x46, 0x5b, 0x58,
  0x45, 0x5c, 0x5d, 0x5b, 0x47, 0x45, 0x40, 0x45, 0x5b, 0xd4, 0x53, 0x41,
  0x44, 0x5c, 0xd1, 0xd2, 0xd0, 0x56, 0xd5, 0xde, 0xc3, 0xcf, 0xc9, 0xce,
  0xcc, 0xc2, 0xf6, 0xf0, 0xf4, 0xf4, 0xf1, 0xf4, 0xce, 0xce, 0xf5, 0xf5,
  0xcd, 0xf7, 0xf5, 0xcc, 0xc6, 0xde, 0xc6, 0xc6, 0xc8, 0xcc, 0xda, 0x5c,
  0x53, 0xdd, 0xf7, 0x57, 0x46, 0x4d, 0x42, 0xd6, 0xc0, 0xd8, 0x46, 0x7e,
  0x51, 0xf2, 0xf7, 0x5c, 0x58, 0x53, 0xd7, 0xf6, 0xfc, 0xcb, 0x4c, 0x76,
  0x5d, 0xf4, 0xf4, 0xd3, 0x73, 0x7d, 0x40, 0xcd, 0xc8, 0x59, 0x64, 0x71,
  0xd5, 0x56, 0x5d, 0x45, 0x49, 0x72, 0x59, 0x51, 0x4f, 0x7c, 0x4a, 0x47,
  0x51, 0x5a, 0x49, 0x72, 0x5c, 0x58, 0xc3, 0x5d, 0x7d, 0x74, 0xc2, 0xdf,
  0x55, 0x5e, 0x5f, 0xd0, 0x52, 0xc4, 0x57, 0xd8, 0xd5, 0x57, 0x5b, 0xd2,
  0xd4, 0x50, 0x57, 0x52, 0x43, 0x53, 0xd0, 0x5b, 0x45, 0xd3, 0x44, 0x47,
  0x4a, 0xda, 0xcd, 0xc6, 0x76, 0x49, 0xc4, 0xc5, 0xff, 0xc8, 0x40, 0x47,
  0x48, 0xd8, 0xe0, 0xfe, 0x5b, 0x72, 0x64, 0xdc, 0xe5, 0xe5, 0xf4, 0x67,
  0x60, 0xdf, 0xe7, 0xe6, 0xd5, 0x42, 0x76, 0x41, 0xd8, 0xf9, 0xf0, 0x4b,
  0x7a, 0xd0, 0xd6, 0xc2, 0xc5, 0xc3, 0x58, 0x78, 0x46, 0xfb, 0xf3, 0xd7,
  0x71, 0x72, 0x40, 0xc6, 0xf3, 0xf8, 0x5b, 0x78, 0x65, 0x57, 0xfa, 0xdb,
  0xc5, 0xd2, 0x51, 0x75, 0x44, 0xc7, 0xf0, 0xcf, 0xcc, 0x55, 0x7d, 0x79,
  0x55, 0xe0, 0xc9, 0x5b, 0x7c, 0x77, 0xf4, 0xc8, 0xc8, 0x54, 0x78, 0x50,
  0xde, 0xc5, 0x4e, 0x43, 0xf5, 0xc0, 0x5a, 0x6d, 0x4a, 0xca, 0xec, 0xf4,
  0x72, 0x61, 0x79, 0xf3, 0xfe, 0xfd, 0x5a, 0x77, 0x52, 0x53, 0xca, 0xe1,
  0xf6, 0x4d, 0x62, 0x49, 0xff, 0xe9, 0xfa, 0x64, 0x11, 0x72, 0xcf, 0x90,
  0xe4, 0x60, 0x68, 0x79, 0xdb, 0xe4, 0xe7, 0xf8, 0x46, 0x17, 0x72, 0xfd,
  0xe9, 0xed, 0x44, 0x62, 0x15, 0x5a, 0xe8, 0x93, 0xf7, 0x6b, 0x69, 0x4a,
  0xfe, 0xe5, 0xe7, 0xf6, 0x66, 0x14, 0x58, 0xe7, 0xe7, 0x47, 0x64, 0x67,
  0x67, 0xe0, 0xec, 0x7b, 0x60, 0x7a, 0xe4, 0xe4, 0x7a, 0x4b, 0x76, 0xd4,
  0xd4, 0x56, 0x72, 0x4d, 0xe4, 0xe1, 0x73, 0x15, 0x73, 0xef, 0xe9, 0xfe,
  0x17, 0x63, 0xd4, 0xe3, 0x92, 0xc6, 0x1c, 0x6a, 0xc7, 0xee, 0xee, 0xfd,
  0x6b, 0x17, 0x5b, 0xe9, 0xed, 0xf4, 0x44, 0x74, 0x67, 0x65, 0xcf, 0x96,
  0x95, 0x7f, 0x15, 0x6e, 0xfd, 0x96, 0xea, 0x63, 0x10, 0x7b, 0xe6, 0xed,
  0xff, 0xd2, 0x65, 0x15, 0x7b, 0xe6, 0x96, 0xe4, 0x79, 0x12, 0x6a, 0xe7,
  0x9e, 0xe8, 0x60, 0x05, 0x6f, 0xe9, 0x9c, 0x9e, 0x68, 0x04, 0x60, 0x96,
  0x85, 0xe6, 0x14, 0x1d, 0x6f, 0xee, 0x95, 0xf3, 0x66, 0x6b, 0x6f, 0xd9,
  0xee, 0xff, 0xd4, 0x17, 0x4b, 0xcb, 0xd2, 0xcb, 0xff, 0xe0, 0x7e, 0x6e,
  0x6a, 0xfe, 0x92, 0x96, 0x63, 0x06, 0x6b, 0x93, 0x98, 0xef, 0x17, 0x1e,
  0x5d, 0xea, 0xe7, 0x95, 0xfd, 0x16, 0x6d, 0xd0, 0x97, 0x95, 0x67, 0x6a,
  0x41, 0xe5, 0x61, 0xe6, 0xf9, 0xf5, 0x6d, 0x6d, 0x7a, 0xc7, 0xe3, 0x97,
  0xff, 0x6a, 0x1f, 0x70, 0x9f, 0x98, 0x5b, 0x05, 0x67, 0xe5, 0x96, 0x90,
  0x6e, 0x14, 0x12, 0xda, 0x9a, 0x9d, 0x41, 0x00, 0x15, 0xe6, 0xe9, 0x95,
  0x58, 0x61, 0x14, 0xe5, 0xed, 0x10, 0xf7, 0x90, 0x41, 0x17, 0x1a, 0xfa,
  0x99, 0xff, 0x16, 0x10, 0x65, 0x94, 0x92, 0x61, 0x01, 0xff, 0x92, 0x93,
  0x60, 0x1a, 0x62, 0xeb, 0x81, 0x84, 0x03, 0x01, 0xe7, 0x87, 0x84, 0x7d,
  0x02, 0x19, 0x9f, 0x84, 0x59, 0xdc, 0x56, 0x10, 0x11, 0x6c, 0x90, 0x82,
  0x66, 0x6d, 0x16, 0x15, 0xef, 0xc0, 0xe0, 0x18, 0xf9, 0x85, 0x4a, 0x61,
  0x04, 0x14, 0x93, 0x85, 0xfa, 0x61, 0x6a, 0xff, 0x6e, 0xf7, 0xe1, 0x99,
  0xe0, 0x19, 0x01, 0x84, 0x85, 0x4e, 0x02, 0x12, 0x9a, 0x8a, 0x62, 0x09,
  0x18, 0x80, 0x83, 0xd2, 0x07, 0x08, 0x9b, 0x82, 0xe1, 0x11, 0x16, 0x1b,
  0xff, 0x9f, 0x9a, 0x62, 0x16, 0x06, 0x4f, 0x99, 0x98, 0xfe, 0x7c, 0x7a,
  0x19, 0x58, 0x91, 0x93, 0x14, 0x6a, 0xf9, 0x9c, 0x44, 0x1a, 0x61, 0xe8,
  0xd2, 0x8c, 0xe9, 0x02, 0x1a, 0x92, 0x86, 0xc7, 0xc8, 0xf4, 0x1b, 0x6c,
  0x66, 0x84, 0x81, 0x6d, 0x07, 0x03, 0x76, 0x8c, 0xb5, 0x15, 0x0a, 0x02,
  0x96, 0x9a, 0x9f, 0x98, 0xc3, 0x34, 0x03, 0x95, 0xb4, 0x8e, 0x71, 0x03,
  0x0a, 0x12, 0xb5, 0xb1, 0xef, 0x37, 0x0b, 0xfb, 0x87, 0x89, 0xe6, 0x69,
  0x0e, 0x00, 0xe6, 0xb7, 0x87, 0x01, 0x06, 0x15, 0x11, 0x80, 0x92, 0x66,
  0x06, 0x01, 0x99, 0x50, 0x9a, 0xd6, 0x01, 0x17, 0x14, 0x93, 0x86, 0xd4,
  0xd3, 0x07, 0x17, 0x96, 0x81, 0x9b, 0x17, 0x16, 0x15, 0x46, 0xe3, 0x96,
  0xf2, 0xf2, 0x18, 0x1d, 0x81, 0xff, 0x18, 0x77, 0xed, 0x86, 0xe7, 0x18,
  0x0d, 0x9c, 0x8d, 0xeb, 0x14, 0x19, 0xd5, 0x9b, 0xe6, 0xdb, 0x19, 0xf1,
  0xf2, 0xe3, 0x64, 0x4c, 0xfe, 0x69, 0x78, 0x94, 0x91, 0xe4, 0x11, 0x10,
  0xd9, 0xf0, 0xea, 0xed, 0xdd, 0x04, 0xe5, 0x9d, 0x92, 0x18, 0x1e, 0x85,
  0x90, 0xcc, 0x19, 0x16, 0x98, 0x74, 0x05, 0xfc, 0x9d, 0x7d, 0x05, 0x97,
  0xe3, 0x15, 0x56, 0x15, 0x43, 0x04, 0xf2, 0x85, 0xfc, 0x17, 0x05, 0x62,
  0x07, 0x7a, 0x9b, 0x85, 0xed, 0x03, 0x0e, 0xc0, 0xef, 0xb6, 0x9e, 0x0d,
  0x37, 0xed, 0xb7, 0x87, 0x17, 0x0d, 0x15, 0x90, 0x9c, 0x86, 0xfc, 0xc5,
  0x01, 0x02, 0xf1, 0x8e, 0xb6, 0x91, 0x00, 0x31, 0x13, 0x8b, 0xb5, 0xeb,
  0xca, 0x00, 0x0d, 0x6f, 0x8e, 0xb1, 0x97, 0x33, 0x0b, 0x69, 0xb1, 0xbc,
  0x73, 0x36, 0x3d, 0x67, 0xb7, 0xb4, 0x8d, 0x0a, 0x36, 0x00, 0x83, 0xb4,
  0xf0, 0x02, 0x03, 0xe4, 0x8f, 0xca, 0x04, 0x1f, 0xec, 0x7d, 0x96, 0x87,
  0x1d, 0x35, 0x0f, 0xb5, 0x8e, 0x14, 0x1d, 0x1b, 0x43, 0x6e, 0x70, 0x87,
  0x84, 0xc1, 0x0a, 0x16, 0xf1, 0xef, 0xb7, 0x7b, 0x0f, 0x07, 0x95, 0xb5,
  0x93, 0x13, 0x35, 0xd1, 0x8d, 0xef, 0x87, 0x64, 0x0d, 0x6a, 0xff, 0x8e,
  0xfd, 0x49, 0xf6, 0x76, 0x53, 0x0c, 0xec, 0x8c, 0x87, 0x66, 0x06, 0x1d,
  0xe5, 0x84, 0x8c, 0x11, 0x0e, 0x06, 0x97, 0x8c, 0x66, 0x1b, 0x0c, 0x02,
  0xf0, 0x8e, 0xe9, 0x7d, 0x60, 0x16, 0x09, 0x16, 0x84, 0x92, 0x91, 0x1d,
  0x15, 0xc7, 0x06, 0x70, 0x9b, 0x8f, 0x16, 0x1a, 0x9a, 0x93, 0x73, 0x7f,
  0xeb, 0xd9, 0x10, 0x85, 0x90, 0xe9, 0xff, 0x1a, 0x74, 0x1c, 0x97, 0x82,
  0xb5, 0x76, 0x36, 0x6c, 0xf7, 0xe0, 0x87, 0x84, 0x7c, 0x0c, 0x1f, 0xf7,
  0x98, 0x87, 0xe7, 0x4a, 0x02, 0x12, 0x93, 0x81, 0xf6, 0x09, 0x13, 0x12,
  0xfe, 0x85, 0xf7, 0x64, 0x0a, 0x03, 0xe0, 0x87, 0x81, 0x15, 0x69, 0x1b,
  0x00, 0xcf, 0x94, 0x84, 0x62, 0x1c, 0x6e, 0x04, 0x78, 0xfc, 0x84, 0xda,
  0x12, 0x17, 0x1c, 0x9d, 0x84, 0xca, 0x53, 0x60, 0x81, 0xe5, 0xdd, 0x40,
  0x58, 0x8d, 0x9c, 0x90, 0xf5, 0x77, 0x9c, 0x66, 0x1e, 0x13, 0x74, 0xec,
  0xf1, 0x42, 0x01, 0x34, 0x1d, 0xf6, 0xc9, 0x65, 0x65, 0xed, 0x90, 0x1c,
  0x1c, 0x59, 0xe9, 0x83, 0x9e, 0x96, 0x05, 0x1c, 0xfa, 0x91, 0x8b, 0x99,
  0x76, 0x7d, 0x62, 0x92, 0x90, 0x99, 0xdc, 0x42, 0x92, 0xe3, 0x90, 0x85,
  0xff, 0x9c, 0xd4, 0xeb, 0xfd, 0x8e, 0x86, 0x1c, 0x10, 0x15, 0x6b, 0xdc,
  0x96, 0x81, 0xf4, 0x04, 0x04, 0x1a, 0x45, 0x17, 0x90, 0x82, 0x55, 0x02,
  0x06, 0x9d, 0x87, 0xe8, 0x6f, 0x0c, 0x18, 0x9c, 0x87, 0xe1, 0x11, 0x1b,
  0x08, 0x0e, 0x6c, 0x87, 0x88, 0x64, 0x35, 0x37, 0x08, 0x5f, 0x80, 0xb4,
  0x6a, 0x30, 0x0d, 0x5c, 0x90, 0xee, 0xc0, 0xfc, 0x00, 0x13, 0xea, 0x87,
  0xd1, 0x31, 0x0b, 0xf6, 0x82, 0xb5, 0x99, 0x6a, 0x32, 0x34, 0x95, 0xb7,
  0xb7, 0xeb, 0x0f, 0x35, 0x04, 0x9d, 0x83, 0x8e, 0xe1, 0x64, 0xd4, 0x63,
  0xe4, 0x99, 0x8d, 0x9a, 0xef, 0xe4, 0x62, 0x84, 0x8d, 0xf1, 0x61, 0x14,
  0x97, 0x85, 0x9c, 0x8d, 0x80, 0x9c, 0x14, 0x15, 0x87, 0x85, 0x8b, 0x8d,
  0x5a, 0x01, 0x05, 0x9e, 0x88, 0x96, 0x7d, 0x06, 0x0a, 0x36, 0x1e, 0x97,
  0x11, 0x03, 0x1a, 0x1d, 0x04, 0x04, 0x73, 0xe6, 0x17, 0x0d, 0xc9, 0x8e,
  0x9a, 0xe8, 0xfc, 0x69, 0x61, 0x9a, 0x88, 0x87, 0xeb, 0x7b, 0x66, 0xfc,
  0xf6, 0x97, 0x81, 0x44, 0x18, 0x10, 0xf6, 0x65, 0x50, 0x5d, 0x96, 0xec,
  0xea, 0x6f, 0x7a, 0x78, 0x62, 0xe0, 0x90, 0xeb, 0xed, 0x17, 0x06, 0x0f,
  0x05, 0x74, 0x04, 0x1b, 0x1e, 0xe5, 0x76, 0x02, 0x02, 0x0a, 0x0c, 0x17,
  0xe2, 0x85, 0x1c, 0x03, 0x08, 0x03, 0x16, 0xf6, 0x8d, 0x91, 0x62, 0x90,
  0xf5, 0x19, 0x34, 0x16, 0x86, 0x9e, 0xe0, 0xd9, 0xd2, 0x73, 0x6f, 0x93,
  0xc8, 0x1c, 0xe6, 0x8b, 0x80, 0x65, 0x04, 0xe3, 0xea, 0xfd, 0x9d, 0x84,
  0x86, 0xe8, 0xea, 0x86, 0xf7, 0xf1, 0x95, 0x96, 0x9c, 0x14, 0xd8, 0x74,
  0x1a, 0x1c, 0x62, 0x94, 0xf1, 0x66, 0x14, 0x0d, 0x0c, 0x04, 0x11, 0x06,
  0x0d, 0x60, 0x84, 0xf2, 0x0e, 0x0d, 0x13, 0x6c, 0x64, 0x97, 0xb0, 0x84,
  0x13, 0x03, 0x00, 0x67, 0x4a, 0x8b, 0x8d, 0x65, 0x16, 0x02, 0xe6, 0x91,
  0xf4, 0x8c, 0x9a, 0xea, 0x47, 0xec, 0x94, 0x67, 0x89, 0x86, 0xf8, 0x81,
  0x8c, 0xb5, 0x81, 0xf0, 0xe5, 0xea, 0xb1, 0xb2, 0xbd, 0xb7, 0xde, 0x93,
  0x99, 0x9c, 0xb6, 0x89, 0x88, 0x87, 0x8f, 0x8e, 0x60, 0x73, 0x73, 0xcf,
  0xea, 0x62, 0xe9, 0x13, 0x35, 0x0a, 0x31, 0x00, 0x36, 0x35, 0x13, 0x0c,
  0x00, 0x0a, 0x06, 0x0f, 0x31, 0x69, 0x70, 0x13, 0x12, 0x06, 0x61, 0x01,
  0x04, 0xd5, 0x95, 0x65, 0x11, 0x9a, 0x97, 0x01, 0x1f, 0xe0, 0x85, 0xec,
  0x95, 0xed, 0x1e, 0x05, 0x1d, 0x61, 0x1c, 0x03, 0x73, 0x16, 0x07, 0x1f,
  0x70, 0x7b, 0x00, 0x04, 0x1a, 0x6f, 0xe0, 0x94, 0x93, 0x68, 0x6b, 0x97,
  0x83, 0x82, 0x92, 0x8c, 0x89, 0x93, 0x9c, 0x8c, 0x82, 0x98, 0x87, 0x8c,
  0x84, 0x8c, 0x82, 0x93, 0xfe, 0x15, 0x1d, 0x45, 0x9e, 0x8d, 0x9c, 0x5b,
  0x07, 0x61, 0x92, 0x6d, 0x67, 0xce, 0x6f, 0x63, 0xe0, 0x9a, 0xe3, 0x9c,
  0x9b, 0xfc, 0x44, 0xdd, 0x87, 0x86, 0xe0, 0x53, 0xd3, 0xe3, 0x70, 0xd4,
  0xce, 0x12, 0x03, 0x01, 0x18, 0x03, 0x00, 0x1f, 0x61, 0x06, 0x36, 0x0d,
  0x17, 0x6b, 0x0f, 0x31, 0x34, 0x0d, 0x7b, 0xe7, 0x6e, 0x01, 0x05, 0x1a,
  0x00, 0x17, 0xe9, 0x81, 0x80, 0x9b, 0x9b, 0x90, 0x90, 0xeb, 0xee, 0xfc,
  0x6e, 0x77, 0x92, 0xe0, 0x62, 0x17, 0x6a, 0x1a, 0x12, 0x1c, 0x18, 0x60,
  0xeb, 0x93, 0x7b, 0x1e, 0x12, 0x61, 0x9e, 0x85, 0x9a, 0x84, 0x9b, 0x91,
  0x9f, 0x99, 0xe9, 0x80, 0x88, 0x87, 0xe9, 0x9d, 0x81, 0x9a, 0x93, 0xca,
  0x17, 0x6d, 0x77, 0xc9, 0xfd, 0x73, 0x67, 0xe7, 0x58, 0x1d, 0x75, 0x80,
  0x85, 0x7e, 0x61, 0xf3, 0x9d, 0x81, 0x8f, 0x95, 0x13, 0x12, 0x14, 0xf6,
  0xec, 0xf5, 0xc1, 0xe2, 0x52, 0x19, 0x17, 0x1b, 0x04, 0x66, 0xdf, 0x11,
  0x6d, 0x86, 0x95, 0x07, 0x34, 0x32, 0x37, 0x07, 0xe2, 0x9a, 0x87, 0x86,
  0x95, 0xe4, 0x02, 0x0e, 0xdf, 0xe7, 0xf9, 0xe4, 0x84, 0x86, 0x9c, 0x96,
  0x09, 0x33, 0x34, 0x18, 0x7e, 0x41, 0x9a, 0x85, 0xef, 0x1c, 0x08, 0x00,
  0x05, 0x4c, 0x93, 0x9d, 0xed, 0x77, 0xea, 0xe8, 0x16, 0x12, 0x6d, 0x7e,
  0xc5, 0x9d, 0x99, 0xe8, 0xe8, 0xe4, 0x7e, 0x11, 0x6c, 0x90, 0x82, 0x82,
  0x97, 0xe9, 0xe8, 0xcb, 0xe2, 0x91, 0xe2, 0xe7, 0x93, 0xf7, 0x15, 0x67,
  0xf7, 0xfd, 0x17, 0x15, 0x69, 0x67, 0x5a, 0x7e, 0xc3, 0x6d, 0x16, 0xf2,
  0x9c, 0x91, 0xd8, 0x57, 0x54, 0x51, 0xed, 0x93, 0x9f, 0x9e, 0x98, 0x9e,
  0xe5, 0xdc, 0xe6, 0xe8, 0x9c, 0xe6, 0xfb, 0x94, 0x94, 0xe7, 0x64, 0x66,
  0x6d, 0x5d, 0x94, 0xcf, 0x47, 0xfd, 0xfd, 0x4d, 0x47, 0xd5, 0x53, 0xca,
  0x54, 0x61, 0x14, 0x6e, 0x4b, 0xf9, 0x60, 0x18, 0x60, 0xea, 0xeb, 0xc8,
  0xdb, 0x7b, 0x78, 0xe6, 0xee, 0xdf, 0x76, 0xf9, 0xc0, 0x6a, 0x15, 0x59,
  0x5d, 0x75, 0x44, 0x62, 0x14, 0x60, 0x40, 0x7f, 0x60, 0x63, 0x10, 0x6d,
  0x44, 0x7c, 0x70, 0x67, 0x63, 0x60, 0x66, 0x17, 0x12, 0x6f, 0x63, 0x11,
  0x1b, 0x1b, 0x18, 0x1c, 0x17, 0x1f, 0x05, 0x07, 0x04, 0x1d, 0x10, 0x6a,
  0x68, 0x6e, 0x68, 0x6b, 0x75, 0xd9, 0xf0, 0xfc, 0xe2, 0xfe, 0xfc, 0x92,
  0x85, 0x84, 0x9e, 0x9d, 0x9b, 0x85, 0x84, 0x86, 0x80, 0x87, 0x84, 0x81,
  0x87, 0x85, 0x81, 0x81, 0x98, 0x92, 0x9a, 0x85, 0x99, 0x9f, 0xeb, 0xe5,
  0xe1, 0x94, 0x9f, 0x93, 0x90, 0x94, 0xed, 0xf8, 0xf1, 0xea, 0x94, 0xe8,
  0xed, 0xfb, 0xf8, 0xf9, 0xfa, 0xfc, 0xde, 0xd4, 0xce, 0xcb, 0xf7, 0xde,
  0x4b, 0x72, 0x76, 0x74, 0x62, 0x14, 0x63, 0x6c, 0x68, 0x7b, 0x64, 0x6d,
  0x7e, 0x4b, 0x70, 0x79, 0x65, 0x74, 0x53, 0xf1, 0x79, 0x18, 0x01, 0x04,
  0x1b, 0x06, 0x01, 0x06, 0x06, 0x07, 0x05, 0x1b, 0x07, 0x06, 0x18, 0x1d,
  0x12, 0x15, 0xdb, 0xeb, 0xea, 0xe8, 0xe2, 0xe9, 0x93, 0x9a, 0x85, 0x9b,
  0x87, 0x82, 0x8c, 0x82, 0x84, 0x9a, 0x85, 0x99, 0x92, 0x90, 0x97, 0xe1,
  0xee, 0xec, 0x7d, 0x6b, 0x67, 0x62, 0x11, 0x12, 0x11, 0x10, 0x11, 0x68,
  0x6b, 0x17, 0x17, 0x6b, 0x62, 0x15, 0x6c, 0x78, 0x66, 0x79, 0x4e, 0xc0,
  0xff, 0xf6, 0xe9, 0xed, 0xda, 0xf5, 0xe9, 0x94, 0x94, 0x94, 0x95, 0xee,
  0xe9, 0x95, 0x97, 0xe2, 0xe2, 0xee, 0xe0, 0xe7, 0xe5, 0xed, 0xe0, 0xf2,
  0xe7, 0xe3, 0xe8, 0xeb, 0x94, 0x94, 0xe6, 0xe3, 0xed, 0xe0, 0xee, 0x97,
  0x97, 0xe2, 0xea, 0x97, 0xe3, 0xff, 0xe1, 0xe9, 0xe4, 0xe4, 0xe0, 0xc6,
  0x5a, 0x51, 0x49, 0x6d, 0x6e, 0x6e, 0x10, 0x1c, 0x12, 0x15, 0x1a, 0x34,
  0x3c, 0x3e, 0x32, 0x30, 0x30, 0x30, 0x36, 0x35, 0x0e, 0x03, 0x02, 0x0c,
  0x07, 0x1c, 0x15, 0x5c, 0x94, 0x80, 0x8f, 0x8f, 0x8b, 0xb5, 0xb5, 0xb7,
  0xb4, 0x88, 0x8e, 0x88, 0xb5, 0xb5, 0x88, 0x8c, 0x80, 0x99, 0xea, 0xf6,
  0x51, 0x78, 0x60, 0x6a, 0x1d, 0x1f, 0x10, 0x16, 0x1d, 0x1b, 0x1b, 0x19,
  0x19, 0x12, 0x16, 0x14, 0x7a, 0xcd, 0xfd, 0xe6, 0x96, 0x9e, 0x98, 0x9b,
  0x87, 0x81, 0x80, 0x86, 0x85, 0x9d, 0x91, 0x95, 0xee, 0xf8, 0x77, 0x69,
  0x15, 0x1d, 0x1b, 0x19, 0x1b, 0x07, 0x07, 0x07, 0x06, 0x04, 0x07, 0x04,
  0x05, 0x19, 0x6a, 0x40, 0xfd, 0xec, 0x96, 0x97, 0x92, 0x85, 0x84, 0x81,
  0x86, 0x84, 0x81, 0x81, 0x87, 0x86, 0x86, 0x86, 0x85, 0x9d, 0x94, 0xe2,
  0xed, 0xe7, 0xdb, 0x4d, 0x49, 0x45, 0x75, 0x6d, 0x15, 0x6d, 0x7c, 0x67,
  0x6a, 0x14, 0x6e, 0x6d, 0x66, 0x65, 0x62, 0x63, 0x65, 0x7c, 0x79, 0x67,
  0x7a, 0x61, 0x1a, 0x0a, 0x33, 0x30, 0x35, 0x34, 0x30, 0x36, 0x08, 0x0d,
  0x03, 0x06, 0x07, 0x05, 0x1d, 0x16, 0x6f, 0x6e, 0xcb, 0x9c, 0x85, 0x86,
  0x8e, 0xb7, 0xb1, 0xb6, 0xb4, 0x8b, 0x8b, 0xb5, 0xb5, 0x8b, 0x8f, 0x8c,
  0x8c, 0x8c, 0x82, 0x87, 0x9b, 0x90, 0xff, 0x67, 0x13, 0x1f, 0x13, 0x1e,
  0x06, 0x00, 0x04, 0x18, 0x18, 0x1b, 0x1a, 0x18, 0x13, 0x16, 0x1d, 0x13,
  0x62, 0x45, 0xcd, 0xe6, 0xea, 0x93, 0x9e, 0x9f, 0x92, 0x91, 0x93, 0x93,
  0x97, 0xed, 0xfc, 0xe1, 0xec, 0xe5, 0xc3, 0x40, 0x61, 0x14, 0x13, 0x1e,
  0x05, 0x04, 0x07, 0x07, 0x06, 0x07, 0x05, 0x19, 0x1c, 0x10, 0x15, 0x61,
  0x48, 0xc2, 0xe5, 0xef, 0x96, 0x9c, 0x98, 0x9f, 0x92, 0x90, 0x96, 0x94,
  0xee, 0xe0, 0xff, 0xcc, 0xdc, 0x56, 0x59, 0x4f, 0x42, 0x42, 0x74, 0x4a,
  0x5f, 0xca, 0xf8, 0xfb, 0xe7, 0xed, 0xea, 0xe8, 0xee, 0xe9, 0xeb, 0x94,
  0x94, 0x97, 0x91, 0x90, 0x91, 0x96, 0x97, 0x96, 0x97, 0x95, 0x95, 0xea,
  0xe8, 0xef, 0xff, 0x7e, 0x15, 0x14, 0x16, 0x1e, 0x1a, 0x18, 0x12, 0x1c,
  0x1d, 0x12, 0x12, 0x10, 0x16, 0x16, 0x13, 0x12, 0x13, 0x10, 0x13, 0x17,
  0x63, 0x77, 0x57, 0xc3, 0xf1, 0xe4, 0xef, 0x95, 0xea, 0xed, 0xe1, 0xe7,
  0xf8, 0xf7, 0xcc, 0xc6, 0xcf, 0xf6, 0xf0, 0xf5, 0xcc, 0xcd, 0xc6, 0x54,
  0x49, 0x70, 0x7d, 0x7a, 0x60, 0x63, 0x67, 0x79, 0x72, 0x7d, 0x72, 0x74,
  0x43, 0x41, 0x49, 0x4a, 0x4d, 0x45, 0x46, 0x4d, 0x5b, 0x56, 0xd1, 0xd0,
  0xd2, 0xd9, 0xc7, 0xcc, 0xc9, 0xc9, 0xce, 0xf5, 0xf6, 0xf7, 0xcb, 0xc9,
  0xf4, 0xf1, 0xf1, 0xf7, 0xf4, 0xf4, 0xf7, 0xf5, 0xc8, 0xcf, 0xcc, 0xc0,
  0xd8, 0xd2, 0xd7, 0x55, 0xd5, 0xd6, 0xd6, 0xd3, 0xdc, 0xdf, 0xdd, 0xd2,
  0xd1, 0xd0, 0xd0, 0xd1, 0xd1, 0xd7, 0xd7, 0xd0, 0xd1, 0xd7, 0xd6, 0xd6,
  0xd6, 0xd0, 0xd3, 0xd2, 0xd3, 0xd3, 0xdd, 0xdf, 0xdd, 0xd9, 0xc6, 0xc2,
  0xcd, 0xcf, 0xca, 0xf5, 0xf5, 0xf4, 0xf5, 0xc8, 0xc2, 0xc3, 0xcd, 0xc2,
  0xdb, 0xd2, 0xd1, 0xd3, 0xd6, 0x55, 0x56, 0x52, 0x5b, 0x47, 0x44, 0x47,
  0x41, 0x44, 0x41, 0x43, 0x47, 0x47, 0x43, 0x49, 0x77, 0x71, 0x76, 0x71,
  0x71, 0x73, 0x70, 0x71, 0x73, 0x72, 0x7d, 0x72, 0x7d, 0x7c, 0x7c, 0x7c,
  0x7d, 0x7d, 0x72, 0x72, 0x73, 0x76, 0x74, 0x4b, 0x4d, 0x46, 0x5e, 0x57,
  0xd6, 0xd3, 0xdf, 0xc4, 0xc2, 0xcf, 0xce, 0xca, 0xf7, 0xf6, 0xf7, 0xf6,
  0xf3, 0xf2, 0xfc, 0xff, 0xfc, 0xfc, 0xff, 0xf9, 0xfe, 0xfc, 0xf2, 0xf3,
  0xf0, 0xf0, 0xf6, 0xf7, 0xf6, 0xf1, 0xf6, 0xf6, 0xf6, 0xf7, 0xf4, 0xc8,
  0xcd, 0xc3, 0xc3, 0xc1, 0xc4, 0xde, 0xd1, 0xd4, 0x55, 0x54, 0x50, 0x5f,
  0x58, 0x5a, 0x45, 0x41, 0x4d, 0x49, 0x4b, 0x74, 0x77, 0x77, 0x74, 0x75,
  0x74, 0x77, 0x76, 0x76, 0x74, 0x74, 0x74, 0x77, 0x77, 0x74, 0x74, 0x77,
  0x77, 0x77, 0x75, 0x4a, 0x48, 0x4f, 0x40, 0x5a, 0x5a, 0x47, 0x41, 0x47,
  0x58, 0x52, 0x50, 0x51, 0x54, 0xd7, 0xd0, 0xdc, 0xde, 0xd8, 0xc5, 0xc6,
  0xc0, 0xc0, 0xcd, 0xcb, 0xf4, 0xf5, 0xf5, 0xf5, 0xf4, 0xf4, 0xf5, 0xc8,
  0xce, 0xcc, 0xcc, 0xc2, 0xc0, 0xc6, 0xc6, 0xc7, 0xdb, 0xdf, 0xd2, 0xdd,
  0xd3, 0xd7, 0x57, 0x50, 0x51, 0x54, 0x55, 0x56, 0x50, 0x56, 0x56, 0x56,
  0x51, 0x51, 0x56, 0x56, 0x51, 0x52, 0x52, 0x50, 0x56, 0x57, 0x51, 0x53,
  0x53, 0x51, 0x51, 0x50, 0x52, 0x5e, 0x5b, 0x5a, 0x5a, 0x5a, 0x5b, 0x45,
  0x46, 0x40, 0x4d, 0x42, 0x43, 0x43, 0x4f, 0x48, 0x4b, 0x48, 0x49, 0x4f,
  0x4f, 0x4f, 0x4c, 0x43, 0x41, 0x47, 0x44, 0x5a, 0x58, 0x5e, 0x5c, 0x50,
  0x57, 0x54, 0x55, 0xd5, 0xd4, 0xd0, 0xdd, 0xdf, 0xde, 0xd9, 0xdb, 0xda,
  0xc4, 0xc4, 0xc4, 0xc7, 0xc7, 0xc7, 0xc7, 0xc7, 0xc4, 0xc4, 0xda, 0xdb,
  0xda, 0xc5, 0xc5, 0xda, 0xda, 0xda, 0xdb, 0xdb, 0xdb, 0xd8, 0xd8, 0xd9,
  0xd9, 0xd8, 0xd8, 0xd8, 0xd8, 0xdb, 0xda, 0xda, 0xdb, 0xd8, 0xde, 0xdc,
  0xd3, 0xd0, 0xd3, 0xd2, 0xd2, 0xd3, 0xd0, 0xd6, 0xd6, 0xd7, 0xd4, 0xd4,
  0xd4, 0xd5, 0x55, 0x57, 0x56, 0x51, 0x56, 0x57, 0x56, 0x51, 0x56, 0x56,
  0x56, 0x51, 0x50, 0x53, 0x53, 0x53, 0x53, 0x50, 0x50, 0x50, 0x53, 0x52,
  0x5d, 0x52, 0x52, 0x52, 0x5c, 0x5f, 0x5e, 0x59, 0x5e, 0x5f, 0x5e, 0x59,
  0x58, 0x59, 0x5e, 0x5e, 0x59, 0x59, 0x59, 0x58, 0x58, 0x59, 0x5e, 0x5c,
  0x5d, 0x52, 0x52, 0x51, 0x57, 0x54, 0x54, 0x56, 0x51, 0x51, 0x51, 0x56,
  0x54, 0xd5, 0xd4, 0xd4, 0xd4, 0xd4, 0xd7, 0xd4, 0x55, 0x55, 0x55, 0x54,
  0x54, 0xd5, 0xd5, 0x54, 0x57, 0x56, 0x51, 0x51, 0x56, 0x57, 0x56, 0x51,
  0x51, 0x57, 0x54, 0x54, 0x55, 0x55, 0x54, 0xd5, 0xd7, 0xd1, 0xd3, 0xd2,
  0xdd, 0xd2, 0xd2, 0xdd, 0xdd, 0xdd, 0xdc, 0xdf, 0xdf, 0xdf, 0xdf, 0xdf,
  0xdf, 0xdf, 0xdf, 0xde, 0xde, 0xde, 0xdc, 0xd2, 0xd3, 0xd0, 0xd3, 0xd0,
  0xd0, 0xd0, 0xd0, 0xd6, 0xd4, 0xd5, 0xd5, 0xd4, 0xd4, 0xd4, 0xd4, 0xd5,
  0x54, 0x54, 0x55, 0x55, 0x54, 0x57, 0x57, 0x54, 0x57, 0x57, 0x56, 0x51,
  0x51, 0x51, 0x53, 0x5d, 0x52, 0x52, 0x52, 0x5d, 0x5d, 0x5d, 0x5d, 0x5d,
  0x5f, 0x5e, 0x5e, 0x5c, 0x52, 0x53, 0x53, 0x50, 0x50, 0x50, 0x50, 0x51,
  0x57, 0x54, 0x55, 0xd5, 0xd7, 0xd0, 0xd3, 0xd2, 0xd3, 0xd0, 0xd3, 0xdc,
  0xdf, 0xdf, 0xdc, 0xdc, 0xdd, 0xd2, 0xd3, 0xd2, 0xd2, 0xd0, 0xd1, 0xd7,
  0xd4, 0xd5, 0xd5, 0x55, 0x57, 0x51, 0x50, 0x51, 0x51, 0x50, 0x52, 0x5f,
  0x59, 0x59, 0x59, 0x59, 0x59, 0x5e, 0x5f, 0x5f, 0x5f, 0x5c, 0x5d, 0x5d,
  0x5d, 0x5d, 0x52, 0x53, 0x56, 0x57, 0x54, 0x54, 0x55, 0xd5, 0xd5, 0xd5,
  0xd4, 0xd7, 0xd6, 0xd6, 0xd1, 0xd6, 0xd7, 0xd7, 0xd5, 0xd5, 0xd4, 0xd6,
  0xd6, 0xd6, 0xd7, 0xd7, 0xd6, 0xd1, 0xd6, 0xd7, 0xd4, 0xd4, 0xd4, 0xd7,
  0xd7, 0xd4, 0xd4, 0xd7, 0xd6, 0xd6, 0xd7, 0xd6, 0xd1, 0xd6, 0xd6, 0xd6,
  0xd6, 0xd1, 0xd6, 0xd7, 0xd5, 0xd5, 0xd7, 0xd1, 0xd1, 0xd1, 0xd1, 0xd6,
  0xd7, 0xd5, 0xd5, 0xd4, 0xd7, 0xd7, 0xd4, 0xd5, 0xd5, 0xd5, 0xd5, 0xd5,
  0xd5, 0xd5, 0x55, 0x54, 0x54, 0x57, 0x54, 0x57, 0x57, 0x56, 0x56, 0x57,
  0x57, 0x57, 0x56, 0x51, 0x50, 0x51, 0x51, 0x51, 0x51, 0x51, 0x51, 0x51,
  0x56, 0x57, 0x54, 0x54, 0x54, 0x54, 0x57, 0x56, 0x56, 0x57, 0x54, 0x55,
  0x55, 0x55, 0x55, 0x55, 0x55, 0x54, 0x54, 0x54, 0x54, 0x57, 0x57, 0x56,
  0x56, 0x51, 0x56, 0x57, 0x55, 0x55, 0x55, 0x55, 0x54, 0x55, 0x55, 0xd5,
  0xd4, 0xd7, 0xd6, 0xd1, 0xd0, 0xd3, 0xd3, 0xd0, 0xd0, 0xd0, 0xd1, 0xd0,
  0xd0, 0xd0, 0xd0, 0xd1, 0xd6, 0xd7, 0xd4, 0xd5, 0x55, 0x55, 0x55, 0x54,
  0x57, 0x54, 0x54, 0x54, 0x57, 0x56, 0x51, 0x51, 0x51, 0x51, 0x56, 0x57,
  0x57, 0x57, 0x57, 0x54, 0x55, 0xd4, 0xd4, 0xd4, 0xd4, 0xd7, 0xd7, 0xd6,
  0xd6, 0xd6, 0xd6, 0xd6, 0xd6, 0xd7, 0xd6, 0xd6, 0xd6, 0xd4, 0xd5, 0xd5,
  0xd4, 0xd4, 0xd5, 0x55, 0x57, 0x57, 0x54, 0x54, 0x54, 0x56, 0x51, 0x51,
  0x56, 0x56, 0x57, 0x57, 0x54, 0x54, 0x54, 0x57, 0x54, 0x55, 0xd5, 0xd5,
  0xd5, 0xd4, 0xd7, 0xd7, 0xd4, 0xd4, 0xd4, 0xd4, 0xd7, 0xd7, 0xd4, 0xd5,
  0xd5, 0x55, 0x54, 0x57, 0x57, 0x57, 0x57, 0x57, 0x56, 0x51, 0x53, 0x53,
  0x53, 0x53, 0x52, 0x5d, 0x5d, 0x52, 0x53, 0x50, 0x51, 0x51, 0x56, 0x57,
  0x54, 0x55, 0x55, 0x55, 0x55, 0xd5, 0xd7, 0xd1, 0xd3, 0xd0, 0xd1, 0xd1,
  0xd0, 0xd3, 0xd3, 0xd1, 0xd6, 0xd7, 0xd6, 0xd6, 0xd1, 0xd1, 0xd6, 0xd7,
  0xd4, 0xd5, 0xd5, 0xd5, 0xd5, 0x55, 0x54, 0x57, 0x57, 0x54, 0x54, 0x55,
  0x55, 0x55, 0x55, 0xd5, 0xd5, 0xd5, 0xd4, 0xd4, 0xd4, 0xd4, 0xd7, 0xd6,
  0xd6, 0xd6, 0xd6, 0xd6, 0xd7, 0xd4, 0xd5, 0xd5, 0x54, 0x54, 0x54, 0x54,
  0x54, 0x54, 0x57, 0x56, 0x51, 0x56, 0x57, 0x57, 0x57, 0x57, 0x57, 0x57,
  0x54, 0x55, 0xd5, 0xd4, 0xd4, 0xd5, 0xd5, 0xd5, 0xd5, 0xd4, 0xd5, 0xd5,
  0xd5, 0xd4, 0xd4, 0xd4, 0xd5, 0xd5, 0xd5, 0xd5, 0xd5, 0x55, 0x54, 0x54,
  0x54, 0x54, 0x57, 0x57, 0x54, 0x54, 0x54, 0x54, 0x54, 0x54, 0x54, 0x55,
  0x55, 0xd5, 0xd5, 0xd4, 0xd4, 0xd4, 0xd7, 0xd7, 0xd4, 0xd4, 0xd4, 0xd4,
  0xd4, 0xd5, 0xd5, 0x55, 0x54, 0x54, 0x54, 0x57, 0x57, 0x56, 0x51, 0x51,
  0x51, 0x56, 0x56, 0x56, 0x51, 0x56, 0x56, 0x57, 0x54, 0x55, 0x55, 0x55,
  0x55, 0xd5, 0xd4, 0xd7, 0xd7, 0xd7, 0xd4, 0xd7, 0xd4, 0xd7, 0xd7, 0xd4,
  0xd4, 0xd5, 0x55, 0x55, 0xd5, 0x55, 0x54, 0x54, 0x57, 0x56, 0x57, 0x57,
  0x57, 0x57, 0x57, 0x57, 0x54, 0x54, 0x54, 0x55, 0x54, 0x54, 0x54, 0x54,
  0x55, 0xd7, 0xd7, 0xd6, 0xd1, 0xd1, 0xd6, 0xd1, 0xd1, 0xd7, 0xd7, 0xd4,
  0xd5, 0xd5, 0xd7, 0xd4, 0xd4, 0xd7, 0xd4, 0xd5, 0x55, 0x54, 0x56, 0x56,
  0x51, 0x51, 0x50, 0x51, 0x51, 0x51, 0x56, 0x57, 0x56, 0x51, 0x56, 0x57,
  0xd5, 0xd7, 0xd6, 0xd4, 0xd7, 0xd7, 0xd5, 0x54, 0xd5, 0x55, 0xd5, 0xd5,
  0x57, 0x52, 0x53, 0x56, 0x54, 0xd7, 0xd6, 0xd7, 0xd4, 0xd7, 0x57, 0x51,
  0x56, 0xd5, 0xd7, 0xd1, 0x55, 0x50, 0x56, 0xd5, 0xd7, 0xd4, 0x55, 0x54,
  0xd4, 0xd6, 0xdc, 0xdc, 0xd0, 0x54, 0x57, 0xd7, 0xd7, 0x55, 0x5e, 0x40,
  0x41, 0x42, 0x40, 0x52, 0x46, 0x49, 0x73, 0x64, 0x78, 0x77, 0x72, 0x73,
  0x73, 0x79, 0x67, 0x62, 0x6d, 0x64, 0x78, 0x67, 0x6d, 0x70, 0xd0, 0xd7,
  0x56, 0x46, 0x72, 0x5b, 0x5d, 0x5a, 0x5d, 0xd5, 0xd9, 0xc3, 0xf5, 0xcf,
  0xcb, 0xf8, 0xfb, 0xcb, 0xca, 0xf0, 0xff, 0xfe, 0xe4, 0xfc, 0xff, 0xe0,
  0xe2, 0xee, 0xee, 0xed, 0xe2, 0xfa, 0xf7, 0xf4, 0xd1, 0x57, 0x59, 0x76,
  0x78, 0x64, 0x61, 0x67, 0x60, 0x6c, 0x64, 0x72, 0x78, 0x7b, 0x78, 0x77,
  0xdc, 0xd8, 0xc5, 0xf0, 0xe5, 0xed, 0x94, 0x97, 0x97, 0x90, 0x9c, 0x99,
  0x9f, 0x9f, 0x9a, 0x9b, 0x9d, 0x93, 0x96, 0xea, 0xed, 0xe1, 0xfb, 0xd8,
  0x40, 0x4e, 0x7e, 0x63, 0x6e, 0x68, 0x6d, 0x6c, 0x69, 0x6c, 0x61, 0x65,
  0x76, 0x4c, 0x5a, 0x5a, 0xd4, 0xd0, 0x5b, 0x5e, 0x41, 0x40, 0x5d, 0x4d,
  0x77, 0x48, 0x7c, 0x7d, 0x7f, 0x67, 0x61, 0x61, 0x6d, 0x6f, 0x6c, 0x6c,
  0x62, 0x61, 0x65, 0x71, 0x4f, 0x58, 0xc6, 0xca, 0xff, 0xe6, 0xef, 0xea,
  0x94, 0x96, 0x90, 0x91, 0x91, 0x91, 0x96, 0x96, 0x97, 0x94, 0x95, 0xea,
  0x95, 0xe9, 0xef, 0xe8, 0xe2, 0xe5, 0xfe, 0xf2, 0xf7, 0xdc, 0x59, 0x75,
  0x7d, 0x7d, 0x7c, 0x6f, 0x14, 0x15, 0x15, 0x16, 0x10, 0x10, 0x13, 0x1d,
  0x12, 0x10, 0x1f, 0x18, 0x05, 0x00, 0x08, 0x35, 0x35, 0x0a, 0x35, 0x35,
  0x0e, 0x00, 0x04, 0x19, 0x10, 0x6e, 0x60, 0x67, 0x7e, 0x5f, 0xfd, 0xe8,
  0x9d, 0x85, 0x81, 0x8c, 0x8e, 0x8e, 0x8c, 0x83, 0x86, 0x85, 0x9d, 0xeb,
  0xe1, 0xfb, 0xf8, 0xf1, 0x59, 0x4c, 0x76, 0x6d, 0x11, 0x1f, 0x19, 0x1b,
  0x1a, 0x1a, 0x1f, 0x17, 0x6d, 0x7f, 0x53, 0xf5, 0xe6, 0xe3, 0xe0, 0xe6,
  0xe6, 0xef, 0xea, 0x91, 0x9c, 0x98, 0x98, 0x9f, 0x9d, 0x92, 0x97, 0xe6,
  0x55, 0x7b, 0x6b, 0x16, 0x12, 0x18, 0x1a, 0x1a, 0x1b, 0x1a, 0x06, 0x00,
  0x07, 0x18, 0x1a, 0x19, 0x6b, 0x56, 0xe5, 0xed, 0x90, 0x9b, 0x84, 0x86,
  0x86, 0x85, 0x84, 0x87, 0x84, 0x85, 0x85, 0x84, 0x84, 0x9a, 0x99, 0x9e,
  0x9d, 0x90, 0x97, 0xee, 0xed, 0xec, 0xef, 0xea, 0xe8, 0xe2, 0xe9, 0x95,
  0xec, 0xe6, 0xe3, 0xef, 0xec, 0xe3, 0xec, 0xee, 0xe1, 0xfd, 0xc8, 0x5c,
  0x7e, 0x64, 0x62, 0x16, 0x13, 0x10, 0x1d, 0x04, 0x02, 0x0f, 0x35, 0x30,
  0x3d, 0x3f, 0x3f, 0x3c, 0x32, 0x31, 0x34, 0x0e, 0x06, 0x1e, 0x13, 0x6a,
  0x7e, 0xd6, 0xe7, 0x91, 0x84, 0x8c, 0x8a, 0xb7, 0xb0, 0xb3, 0xb3, 0xb6,
  0xb4, 0x88, 0x8c, 0x81, 0x85, 0x9f, 0x90, 0x94, 0xe9, 0xe5, 0xd9, 0x7a,
  0x17, 0x18, 0x07, 0x01, 0x03, 0x03, 0x00, 0x04, 0x1e, 0x16, 0x62, 0x7e,
  0x4f, 0xdc, 0xf1, 0xe7, 0xec, 0x94, 0x9d, 0x9a, 0x86, 0x80, 0x82, 0x8d,
  0x83, 0x81, 0x85, 0x9e, 0x91, 0xe2, 0xf1, 0x53, 0x75, 0x7f, 0x60, 0x6b,
  0x11, 0x1c, 0x18, 0x04, 0x01, 0x03, 0x03, 0x03, 0x00, 0x01, 0x04, 0x1f,
  0x12, 0x13, 0x14, 0x62, 0x67, 0x62, 0x66, 0x52, 0xe7, 0xea, 0x91, 0x9e,
  0x85, 0x87, 0x87, 0x85, 0x9b, 0x9c, 0x91, 0x96, 0x96, 0x97, 0x94, 0x94,
  0x97, 0x97, 0x94, 0xe8, 0xed, 0xed, 0xec, 0xef, 0xee, 0xe8, 0x94, 0x96,
  0x96, 0x96, 0x97, 0x94, 0xe9, 0xe3, 0xe5, 0xf9, 0xfb, 0xfc, 0xf7, 0xf4,
  0xc6, 0x54, 0x75, 0x78, 0x61, 0x15, 0x16, 0x17, 0x10, 0x1f, 0x18, 0x1b,
  0x1a, 0x07, 0x03, 0x0c, 0x0e, 0x0a, 0x34, 0x34, 0x0a, 0x08, 0x08, 0x0d,
  0x04, 0x1d, 0x13, 0x16, 0x63, 0x76, 0x58, 0xd7, 0xfd, 0xe9, 0x95, 0x96,
  0x9f, 0x84, 0x87, 0x84, 0x87, 0x86, 0x87, 0x85, 0x9b, 0x98, 0x9f, 0x92,
  0x90, 0x90, 0x93, 0x96, 0x94, 0x94, 0x95, 0xe8, 0xe0, 0xe6, 0xe5, 0xf1,
  0xc5, 0x53, 0x50, 0x54, 0x53, 0x5c, 0x5c, 0xd7, 0xd4, 0x52, 0x53, 0x59,
  0x45, 0x47, 0x58, 0xd4, 0xd3, 0xd2, 0xd2, 0xde, 0xc4, 0xd9, 0xdf, 0xd0,
  0xd5, 0x51, 0x5b, 0x5d, 0x55, 0xd7, 0xd0, 0xd7, 0xd0, 0xd4, 0x53, 0x5f,
  0x46, 0x40, 0x4a, 0x71, 0x71, 0x71, 0x77, 0x7c, 0x7c, 0x72, 0x79, 0x7b,
  0x65, 0x7b, 0x7b, 0x66, 0x67, 0x78, 0x76, 0x76, 0x72, 0x4a, 0x46, 0x5d,
  0x53, 0x56, 0xd9, 0xd3, 0xdd, 0xda, 0xc1, 0xf4, 0xf5, 0xf1, 0xff, 0xfb,
  0xe4, 0xf8, 0xff, 0xff, 0xfc, 0xff, 0xfc, 0xf9, 0xf8, 0xf8, 0xfa, 0xfb,
  0xfb, 0xfb, 0xfb, 0xfa, 0xf8, 0xf8, 0xf8, 0xfc, 0xf2, 0xf3, 0xf1, 0xf4,
  0xcd, 0xdf, 0xd6, 0x54, 0x50, 0x5a, 0x42, 0x44, 0x5a, 0x5f, 0x5e, 0x41,
  0x4c, 0x71, 0x7d, 0x7e, 0x61, 0x6d, 0x6e, 0x68, 0x6b, 0x15, 0x15, 0x14,
  0x16, 0x16, 0x11, 0x10, 0x11, 0x13, 0x13, 0x13, 0x11, 0x17, 0x17, 0x6a,
  0x6e, 0x6d, 0x67, 0x64, 0x78, 0x7d, 0x71, 0x41, 0x5b, 0xd2, 0xcc, 0xf5,
  0xff, 0xe5, 0xe2, 0xef, 0xe9, 0x95, 0x95, 0x94, 0x97, 0x97, 0x91, 0x96,
  0x96, 0x96, 0x96, 0x91, 0x97, 0x94, 0x95, 0xeb, 0xe9, 0xec, 0xec, 0xe0,
  0xe7, 0xe7, 0xe5, 0xe4, 0xfb, 0xfc, 0xfd, 0xf0, 0xf0, 0xf5, 0xcd, 0xc6,
  0xd3, 0xd2, 0xd7, 0x57, 0x56, 0x5a, 0x46, 0x43, 0x41, 0x46, 0x4e, 0x4b,
  0x77, 0x77, 0x77, 0x70, 0x72, 0x78, 0x7e, 0x7b, 0x65, 0x64, 0x61, 0x61,
  0x63, 0x63, 0x60, 0x62, 0x63, 0x6d, 0x62, 0x60, 0x60, 0x67, 0x61, 0x67,
  0x78, 0x7f, 0x76, 0x74, 0x4c, 0x46, 0x5f, 0xd1, 0xdc, 0xc3, 0xf5, 0xf1,
  0xf9, 0xfa, 0xe7, 0xe6, 0xe1, 0xe2, 0xed, 0xec, 0xec, 0xec, 0xec, 0xee,
  0xe8, 0xeb, 0xea, 0xe8, 0xe8, 0xe9, 0xef, 0xef, 0xe2, 0xe1, 0xe6, 0xe4,
  0xfb, 0xfe, 0xfd, 0xf6, 0xca, 0xcf, 0xc4, 0xde, 0x52, 0x40, 0x48, 0x72,
  0x7c, 0x65, 0x63, 0x6d, 0x6a, 0x14, 0x17, 0x16, 0x11, 0x13, 0x13, 0x12,
  0x1d, 0x12, 0x1c, 0x1d, 0x1d, 0x1d, 0x10, 0x10, 0x16, 0x17, 0x14, 0x69,
  0x6f, 0x66, 0x64, 0x7b, 0x71, 0x76, 0x5a, 0x56, 0xdf, 0xf5, 0xf5, 0xf8,
  0xe7, 0xe0, 0xee, 0xef, 0xea, 0x95, 0x94, 0x97, 0x94, 0x97, 0x94, 0x95,
  0x97, 0x95, 0x94, 0xea, 0xe9, 0xe8, 0xec, 0xec, 0xe3, 0xe6, 0xe6, 0xf8,
  0xf9, 0xff, 0xf2, 0xf2, 0xf7, 0xf1, 0xf4, 0xc8, 0xca, 0xc7, 0xda, 0xdf,
  0xd1, 0xd2, 0x55, 0xd1, 0xdd, 0xd3, 0xd8, 0xda, 0xd8, 0xd9, 0xd3, 0xd5,
  0xd5, 0x5d, 0x47, 0x4d, 0x74, 0x74, 0x71, 0x7d, 0x7c, 0x64, 0x61, 0x60,
  0x62, 0x62, 0x6c, 0x6e, 0x6e, 0x6e, 0x62, 0x62, 0x63, 0x60, 0x63, 0x66,
  0x7a, 0x7f, 0x70, 0x76, 0x43, 0x5b, 0xd4, 0xc1, 0xc6, 0xcf, 0xf7, 0xf9,
  0xe6, 0xe0, 0xe2, 0xe2, 0xed, 0xee, 0xe8, 0xeb, 0xeb, 0xeb, 0xe9, 0xe9,
  0xe9, 0xe9, 0xe9, 0xec, 0xec, 0xed, 0xe3, 0xe0, 0xe7, 0xe5, 0xf9, 0xfd,
  0xf0, 0xf5, 0xcf, 0xce, 0xc2, 0xc3, 0xdf, 0x53, 0x58, 0x4b, 0x73, 0x65,
  0x63, 0x69, 0x16, 0x11, 0x10, 0x13, 0x13, 0x1c, 0x1c, 0x1c, 0x1e, 0x1c,
  0x1f, 0x1e, 0x1e, 0x1e, 0x12, 0x10, 0x16, 0x14, 0x14, 0x6f, 0x63, 0x7a,
  0x70, 0x72, 0x48, 0x49, 0x53, 0xcd, 0xf4, 0xfa, 0xe4, 0xe0, 0xeb, 0x94,
  0x97, 0x96, 0x97, 0x97, 0x94, 0x94, 0x94, 0xeb, 0xee, 0xec, 0xee, 0xec,
  0xe3, 0xe3, 0xe7, 0xe5, 0xe4, 0xe4, 0xe4, 0xf8, 0xfd, 0xff, 0xfe, 0xf9,
  0xfa, 0xfe, 0xfd, 0xff, 0xfd, 0xff, 0xf0, 0xf7, 0xc9, 0xc7, 0xc5, 0xc5,
  0xcd, 0xc7, 0xdf, 0xdb, 0xda, 0xcb, 0xc2, 0xdb, 0xc4, 0xd0, 0x52, 0x58,
  0x41, 0x75, 0x79, 0x64, 0x65, 0x65, 0x67, 0x61, 0x63, 0x6f, 0x69, 0x6e,
  0x6f, 0x6e, 0x69, 0x6a, 0x6a, 0x6b, 0x69, 0x6d, 0x6d, 0x6d, 0x61, 0x67,
  0x65, 0x78, 0x7c, 0x74, 0x49, 0x5c, 0xde, 0xce, 0xf3, 0xf9, 0xe7, 0xe0,
  0xec, 0xe9, 0xe9, 0xeb, 0x95, 0x95, 0x95, 0x94, 0x94, 0x95, 0x95, 0x95,
  0x95, 0xe8, 0xea, 0xea, 0xee, 0xee, 0xed, 0xe2, 0xe0, 0xe4, 0xe6, 0xe5,
  0xf8, 0xfe, 0xf6, 0xf0, 0xcc, 0xc7, 0xd6, 0x42, 0x41, 0x7c, 0x7b, 0x67,
  0x68, 0x17, 0x1d, 0x1c, 0x1c, 0x1e, 0x1f, 0x1e, 0x19, 0x19, 0x18, 0x1f,
  0x1e, 0x19, 0x19, 0x19, 0x1c, 0x13, 0x16, 0x14, 0x14, 0x6d, 0x64, 0x72,
  0x42, 0x42, 0x41, 0x47, 0xdf, 0xf6, 0xfc, 0xe5, 0xe7, 0xe6, 0xe2, 0xeb,
  0x94, 0x94, 0xea, 0xeb, 0xeb, 0xe9, 0xe8, 0xec, 0xe1, 0xe1, 0xe1, 0xe3,
  0xe0, 0xe0, 0xe3, 0xe1, 0xe6, 0xe6, 0xe3, 0xe6, 0xf8, 0xfc, 0xf2, 0xfa,
  0xe7, 0xe5, 0xfb, 0xfb, 0xfa, 0xe4, 0xe4, 0xe4, 0xfa, 0xf3, 0xca, 0xf5,
  0xf4, 0xf0, 0xf2, 0xf5, 0xc1, 0xce, 0xcf, 0xf7, 0xce, 0xd4, 0x51, 0x57,
  0x40, 0x7f, 0x7b, 0x7c, 0x73, 0x61, 0x6c, 0x61, 0x68, 0x14, 0x11, 0x11,
  0x16, 0x17, 0x11, 0x16, 0x14, 0x17, 0x6f, 0x6b, 0x6a, 0x63, 0x78, 0x7a,
  0x6a, 0x7e, 0xe4, 0xed, 0xf8, 0xec, 0x97, 0xf9, 0x55, 0xf9, 0x95, 0xe8,
  0xec, 0x90, 0x99, 0x9f, 0x9f, 0x85, 0x9e, 0x92, 0x93, 0x9d, 0x9d, 0x94,
  0x94, 0x95, 0xeb, 0xed, 0xe7, 0xef, 0xe0, 0xe4, 0xf4, 0xfc, 0xfa, 0x52,
  0x5e, 0x59, 0x4a, 0x60, 0x63, 0x70, 0x64, 0x6f, 0x6a, 0x6a, 0x13, 0x1e,
  0x1e, 0x1a, 0x01, 0x0c, 0x09, 0x0b, 0x0a, 0x0a, 0x09, 0x0d, 0x04, 0x12,
  0x6e, 0x5a, 0xfd, 0xed, 0xef, 0x94, 0x90, 0x91, 0x97, 0x97, 0x9d, 0x9c,
  0x9f, 0x9f, 0x92, 0x94, 0xf8, 0x53, 0x66, 0x14, 0x1d, 0x1e, 0x19, 0x12,
  0x69, 0x64, 0x5b, 0xf3, 0xe0, 0xed, 0xed, 0x94, 0x90, 0x91, 0x90, 0x9e,
  0x9a, 0x84, 0x86, 0x86, 0x87, 0x84, 0x99, 0x90, 0xee, 0xe5, 0x57, 0x7a,
  0x62, 0x63, 0x63, 0x6d, 0x64, 0x70, 0x4a, 0x77, 0x70, 0x77, 0x4d, 0xd0,
  0xc1, 0xca, 0xfb, 0xe9, 0x91, 0x9d, 0x9c, 0x92, 0x96, 0xec, 0xf9, 0xc7,
  0x72, 0x63, 0x68, 0x14, 0x14, 0x17, 0x11, 0x1d, 0x1f, 0x1c, 0x1d, 0x1c,
  0x18, 0x1a, 0x1b, 0x1f, 0x1d, 0x11, 0x63, 0x5a, 0xd6, 0xc8, 0xe4, 0xe6,
  0xf3, 0xd2, 0xcd, 0xf7, 0xdb, 0xd2, 0xf0, 0xe6, 0xfa, 0xe4, 0xe4, 0xfb,
  0xca, 0xde, 0xd7, 0x46, 0x74, 0x4d, 0xc9, 0xcf, 0xf8, 0xea, 0xea, 0xe8,
  0x94, 0x96, 0x91, 0x94, 0x96, 0x93, 0x92, 0x9c, 0x99, 0x99, 0x92, 0x94,
  0xe9, 0xfa, 0xc2, 0xd8, 0xc2, 0xf6, 0xf3, 0xe1, 0xe2, 0xe3, 0xe4, 0xfd,
  0xc2, 0x58, 0x4c, 0x71, 0x78, 0x60, 0x6f, 0x69, 0x15, 0x16, 0x16, 0x12,
  0x1f, 0x19, 0x1b, 0x05, 0x01, 0x03, 0x0c, 0x09, 0x08, 0x09, 0x0f, 0x0d,
  0x07, 0x12, 0x6e, 0x75, 0xf5, 0xe5, 0xe2, 0xef, 0xeb, 0xe8, 0xed, 0xe8,
  0x95, 0x95, 0xe8, 0xea, 0x95, 0xe0, 0xf2, 0xf5, 0x4b, 0x69, 0x69, 0x15,
  0x6b, 0x6f, 0x65, 0x50, 0xcc, 0xe6, 0xea, 0x91, 0x91, 0x92, 0x9e, 0x90,
  0x9d, 0x9c, 0x9d, 0x9f, 0x99, 0x9c, 0x9f, 0x9b, 0x93, 0xec, 0xf4, 0xd3,
  0x7b, 0x6c, 0x6d, 0x6b, 0x60, 0x74, 0x42, 0x5a, 0xcb, 0xe4, 0xff, 0xfa,
  0xe3, 0xe6, 0xfa, 0xec, 0xed, 0xec, 0xe8, 0xe9, 0xea, 0xe0, 0xe4, 0xf8,
  0x58, 0x7a, 0x6e, 0x17, 0x1e, 0x1e, 0x1e, 0x1e, 0x1e, 0x12, 0x6a, 0x11,
  0x11, 0x6d, 0x14, 0x60, 0x6d, 0x6b, 0xf4, 0x93, 0x67, 0x0f, 0x6d, 0xea,
  0xe2, 0xef, 0x70, 0x1e, 0x6d, 0xff, 0x11, 0x12, 0xe3, 0xe2, 0x79, 0x68,
  0xdf, 0xe0, 0xe5, 0x95, 0xfd, 0xea, 0x90, 0xf8, 0xda, 0xe1, 0x97, 0x91,
  0xfb, 0xe0, 0x94, 0xfa, 0xee, 0xec, 0xf8, 0xe5, 0xe3, 0xe5, 0xdb, 0xe2,
  0x94, 0xec, 0x95, 0x94, 0x94, 0x97, 0x96, 0x97, 0xe2, 0xe2, 0xe9, 0xe4,
  0xfe, 0xe7, 0xfa, 0xe4, 0xee, 0xe4, 0xf0, 0xf5, 0x59, 0x4e, 0x7d, 0x63,
  0x6d, 0x6e, 0x15, 0x14, 0x16, 0x10, 0x1d, 0x1e, 0x18, 0x1f, 0x1c, 0x19,
  0x04, 0x01, 0x02, 0x0c, 0x02, 0x03, 0x00, 0x07, 0x19, 0x10, 0x6e, 0x4f,
  0xfe, 0xe6, 0xe7, 0xe0, 0xe2, 0xed, 0xe0, 0xe1, 0xe1, 0xf9, 0xf4, 0xf8,
  0xe1, 0xe4, 0xfc, 0xc3, 0xd8, 0xd5, 0x4a, 0x78, 0x7f, 0x4e, 0x5a, 0xd5,
  0xf7, 0xe1, 0xeb, 0x94, 0x90, 0x9d, 0x92, 0x90, 0x96, 0x91, 0x93, 0x91,
  0x94, 0x94, 0x94, 0xeb, 0xe2, 0xe5, 0xc8, 0xd1, 0x5e, 0x76, 0x73, 0x7e,
  0x7e, 0x4a, 0x51, 0xcc, 0xfa, 0xed, 0xe9, 0xe8, 0xea, 0x97, 0x94, 0xee,
  0xe3, 0xe7, 0xe4, 0xe5, 0xfd, 0xc7, 0xd6, 0x4a, 0x64, 0x6c, 0x14, 0x13,
  0x1e, 0x1a, 0x1a, 0x19, 0x1f, 0x12, 0x16, 0x6e, 0x64, 0x7b, 0x76, 0x4d,
  0x4d, 0x77, 0x71, 0x73, 0x73, 0x75, 0x4c, 0x5e, 0x54, 0x5e, 0x4b, 0x49,
  0x75, 0x63, 0x16, 0x1d, 0x1e, 0x1c, 0x12, 0x10, 0x14, 0x7b, 0x56, 0xfb,
  0xea, 0x96, 0x93, 0x92, 0x92, 0x9d, 0x92, 0x97, 0xed, 0xe3, 0xe2, 0xed,
  0xe3, 0xfe, 0xf2, 0xf2, 0xfe, 0xf0, 0xd6, 0x5a, 0x5c, 0xcd, 0xf8, 0xe4,
  0xe2, 0xea, 0x90, 0x9c, 0x98, 0x9a, 0x9e, 0x92, 0x90, 0x90, 0x90, 0x97,
  0xe9, 0xe3, 0xec, 0xef, 0xe0, 0xfd, 0xc7, 0x50, 0x41, 0x47, 0x4c, 0x71,
  0x70, 0x7f, 0x7e, 0x73, 0x78, 0x64, 0x64, 0x60, 0x6d, 0x69, 0x17, 0x11,
  0x13, 0x10, 0x10, 0x10, 0x1f, 0x05, 0x06, 0x0f, 0x0a, 0x34, 0x37, 0x36,
  0x36, 0x35, 0x0d, 0x07, 0x19, 0x61, 0xc7, 0xfb, 0xe4, 0xe3, 0xeb, 0xe9,
  0xe1, 0xe5, 0xef, 0x94, 0x94, 0x97, 0x93, 0x93, 0x95, 0xf9, 0xd2, 0x76,
  0x6f, 0x16, 0x12, 0x17, 0x63, 0x73, 0xd6, 0xe3, 0x93, 0x9e, 0x98, 0x84,
  0x87, 0x84, 0x9b, 0x98, 0x9a, 0x9a, 0x9e, 0x9e, 0x98, 0x98, 0x9c, 0x90,
  0xeb, 0xe4, 0xc6, 0x41, 0x79, 0x63, 0x6d, 0x61, 0x72, 0xd0, 0xfe, 0xef,
  0x97, 0x91, 0x90, 0x90, 0x91, 0x95, 0xe9, 0xee, 0xef, 0xe3, 0xe1, 0xe0,
  0xe5, 0xcf, 0x59, 0x73, 0x6d, 0x16, 0x1d, 0x1b, 0x05, 0x05, 0x05, 0x18,
  0x13, 0x17, 0x14, 0x6e, 0x67, 0x7c, 0x73, 0x7d, 0x7c, 0x77, 0x4f, 0x4c,
  0x46, 0x5c, 0x51, 0x4e, 0x7c, 0x7e, 0x67, 0x63, 0x68, 0x14, 0x16, 0x11,
  0x17, 0x14, 0x68, 0x68, 0x6c, 0x66, 0x7c, 0x53, 0xc5, 0xfb, 0xef, 0x95,
  0x96, 0x93, 0x9c, 0x9c, 0x9d, 0x93, 0x94, 0xee, 0xe6, 0xf0, 0xc9, 0xcc,
  0xc2, 0xd1, 0xd9, 0xf2, 0xfb, 0xe4, 0xe4, 0xe6, 0xe0, 0xe8, 0xea, 0x94,
  0x91, 0x97, 0x97, 0x90, 0x93, 0x96, 0x97, 0x97, 0x95, 0xeb, 0xe2, 0xe7,
  0xf9, 0xf3, 0xf2, 0xf1, 0xf4, 0xd0, 0x58, 0x40, 0x77, 0x78, 0x63, 0x60,
  0x63, 0x6c, 0x63, 0x64, 0x65, 0x7f, 0x73, 0x7a, 0x63, 0x6b, 0x6b, 0x14,
  0x16, 0x17, 0x6a, 0x68, 0x69, 0x63, 0x6d, 0x10, 0x06, 0x0e, 0x35, 0x37,
  0x36, 0x30, 0x34, 0x08, 0x02, 0x1e, 0x6d, 0xd4, 0xe3, 0xe8, 0xec, 0xec,
  0xeb, 0xe1, 0xed, 0xe9, 0xe8, 0x90, 0x92, 0x9e, 0x84, 0x84, 0x9f, 0xe8,
  0xe5, 0xc8, 0x65, 0x14, 0x15, 0x69, 0x62, 0x4e, 0xe0, 0x9c, 0x85, 0x86,
  0x83, 0x8d, 0x8c, 0x83, 0x87, 0x87, 0x85, 0x85, 0x9b, 0x9a, 0x85, 0x9a,
  0x9c, 0x93, 0x97, 0xe7, 0x5d, 0x6c, 0x11, 0x1d, 0x1c, 0x12, 0x16, 0x66,
  0x4f, 0xf5, 0xee, 0x97, 0x93, 0x93, 0x97, 0xe9, 0xed, 0xe5, 0xf3, 0xcb,
  0xd8, 0xc4, 0xc5, 0x56, 0x41, 0x76, 0x66, 0x17, 0x1e, 0x05, 0x07, 0x01,
  0x01, 0x06, 0x05, 0x1e, 0x10, 0x6b, 0x64, 0x40, 0x50, 0x56, 0x5d, 0x4f,
  0x7b, 0x62, 0x6c, 0x62, 0x66, 0x64, 0x4a, 0x54, 0xdf, 0xcc, 0xc2, 0x52,
  0x7f, 0x67, 0x62, 0x68, 0x15, 0x15, 0x66, 0x43, 0xf1, 0xed, 0x94, 0x92,
  0x9e, 0x9c, 0x92, 0x91, 0x95, 0xef, 0xe6, 0xfa, 0xff, 0xfa, 0xe0, 0xe3,
  0xe3, 0xed, 0xe3, 0xe0, 0xe6, 0xf0, 0xdd, 0x50, 0x5d, 0xc5, 0xf1, 0xfa,
  0xed, 0x94, 0x91, 0x90, 0x9d, 0x9c, 0x90, 0x97, 0x95, 0xeb, 0xee, 0xec,
  0xe3, 0xe7, 0xff, 0xf0, 0xcc, 0xc0, 0x57, 0x71, 0x66, 0x68, 0x15, 0x17,
  0x16, 0x16, 0x14, 0x69, 0x62, 0x66, 0x7b, 0x7c, 0x67, 0x61, 0x63, 0x60,
  0x61, 0x61, 0x60, 0x7c, 0x52, 0x5f, 0x5b, 0x7b, 0x13, 0x00, 0x35, 0x30,
  0x32, 0x3d, 0x32, 0x31, 0x35, 0x02, 0x1f, 0x70, 0xe3, 0x90, 0x9f, 0x9e,
  0x92, 0x93, 0x90, 0x94, 0x97, 0x97, 0x90, 0x9e, 0x85, 0x87, 0x85, 0x9d,
  0xee, 0xf4, 0x70, 0x6a, 0x1d, 0x1e, 0x1d, 0x16, 0x7a, 0xfa, 0x93, 0x85,
  0x81, 0x82, 0x8f, 0x8f, 0x8c, 0x83, 0x87, 0x99, 0x9e, 0x99, 0x98, 0x99,
  0x9c, 0x92, 0x96, 0xee, 0xf9, 0x51, 0x60, 0x16, 0x12, 0x1d, 0x13, 0x15,
  0x61, 0x41, 0xf9, 0xea, 0x90, 0x9c, 0x9c, 0x93, 0x97, 0xee, 0xe2, 0xe6,
  0xfc, 0xf1, 0xcd, 0xcc, 0xc2, 0xd6, 0x46, 0x7a, 0x6a, 0x12, 0x19, 0x04,
  0x06, 0x01, 0x00, 0x06, 0x04, 0x18, 0x12, 0x14, 0x6f, 0x63, 0x72, 0x4a,
  0x75, 0x4a, 0x4f, 0x49, 0x4b, 0x4c, 0x75, 0x44, 0x55, 0x54, 0x5f, 0x75,
  0x73, 0x79, 0x65, 0x7a, 0x7e, 0x71, 0x5a, 0xde, 0xfc, 0xe0, 0xeb, 0x96,
  0x92, 0x92, 0x92, 0x9d, 0x90, 0x96, 0x97, 0xe9, 0xe0, 0xe1, 0xe1, 0xe6,
  0xe7, 0xf8, 0xfe, 0xe5, 0xe4, 0xfa, 0xfc, 0xf7, 0xc9, 0xf5, 0xf4, 0xfe,
  0xe1, 0xef, 0x95, 0x91, 0x90, 0x91, 0x94, 0xe9, 0xe6, 0xf6, 0x5c, 0x76,
  0x72, 0x64, 0x60, 0x6c, 0x6e, 0x6e, 0x6e, 0x6f, 0x6e, 0x6e, 0x6a, 0x14,
  0x17, 0x16, 0x17, 0x15, 0x6c, 0x67, 0x70, 0x59, 0x5f, 0x57, 0x5b, 0x6f,
  0x04, 0x0e, 0x34, 0x31, 0x30, 0x30, 0x36, 0x35, 0x0c, 0x04, 0x14, 0x52,
  0xe2, 0x95, 0x97, 0x95, 0xeb, 0x95, 0xeb, 0xe8, 0x95, 0x91, 0x9c, 0x9a,
  0x87, 0x84, 0x98, 0x91, 0xef, 0xc8, 0x79, 0x6a, 0x11, 0x13, 0x10, 0x68,
  0x41, 0xed, 0x90, 0x98, 0x86, 0x83, 0x82, 0x83, 0x86, 0x87, 0x85, 0x99,
  0x9e, 0x99, 0x98, 0x9b, 0x99, 0x9c, 0x93, 0x94, 0xe3, 0xde, 0x7f, 0x6c,
  0x14, 0x11, 0x16, 0x6b, 0x67, 0x5a, 0xf1, 0xef, 0x96, 0x90, 0x90, 0x91,
  0x94, 0xe9, 0xe0, 0xfb, 0xf3, 0xc3, 0xd7, 0x5e, 0x41, 0x70, 0x67, 0x6d,
  0x6a, 0x16, 0x1d, 0x1a, 0x07, 0x01, 0x00, 0x01, 0x07, 0x05, 0x1d, 0x15,
  0x63, 0x71, 0x50, 0xc5, 0xc1, 0xdd, 0x55, 0x44, 0x49, 0x76, 0x76, 0x74,
  0x71, 0x4b, 0x52, 0x56, 0x53, 0xd8, 0xcf, 0xc0, 0xc2, 0xf5, 0xf1, 0xfe,
  0xfb, 0xe6, 0xe2, 0xec, 0x95, 0x96, 0x90, 0x90, 0x96, 0x96, 0x97, 0xe9,
  0xe0, 0xe3, 0xe2, 0xe0, 0xec, 0xe9, 0xe8, 0xeb, 0xee, 0xef, 0xe0, 0xe0,
  0xe2, 0xed, 0xed, 0xe2, 0xe9, 0x95, 0x97, 0x97, 0xea, 0xeb, 0xed, 0xfa,
  0xcc, 0xd4, 0x70, 0x67, 0x60, 0x69, 0x15, 0x6a, 0x6b, 0x6e, 0x6f, 0x6c,
  0x63, 0x6c, 0x6f, 0x63, 0x60, 0x63, 0x61, 0x15, 0x1a, 0x0d, 0x35, 0x36,
  0x30, 0x33, 0x30, 0x37, 0x08, 0x03, 0x19, 0x6e, 0x54, 0xe7, 0xed, 0xed,
  0xe6, 0xe0, 0xef, 0xe2, 0xe3, 0xe9, 0x91, 0x9c, 0x9a, 0x84, 0x9a, 0x9d,
  0x95, 0xfa, 0x47, 0x6d, 0x14, 0x11, 0x12, 0x11, 0x64, 0xf0, 0xef, 0x91,
  0x9b, 0x86, 0x83, 0x80, 0x80, 0x86, 0x84, 0x98, 0x9f, 0x9d, 0x9d, 0x93,
  0x91, 0x96, 0x94, 0xeb, 0xe1, 0xc0, 0x74, 0x67, 0x6e, 0x14, 0x17, 0x6a,
  0x63, 0x73, 0xc3, 0xe3, 0x97, 0x93, 0x9d, 0x9d, 0x9d, 0x90, 0x95, 0xed,
  0xfe, 0xcd, 0xd4, 0x5a, 0x4a, 0x7c, 0x64, 0x61, 0x6d, 0x15, 0x11, 0x1c,
  0x1b, 0x04, 0x07, 0x07, 0x07, 0x05, 0x1c, 0x14, 0x6d, 0x7c, 0x5d, 0xd8,
  0xcd, 0xce, 0xcf, 0xd1, 0x5f, 0x4c, 0x4b, 0x4d, 0x5b, 0x5d, 0x43, 0x58,
  0xd7, 0xd8, 0xdf, 0xdd, 0xc1, 0xcf, 0xf6, 0xf2, 0xfa, 0xe1, 0xe3, 0xef,
  0xea, 0x94, 0x94, 0x94, 0x96, 0x94, 0xea, 0xe9, 0xec, 0xe6, 0xf8, 0xf9,
  0xf3, 0xf3, 0xfd, 0xff, 0xe4, 0xe4, 0xe1, 0xe3, 0xed, 0xec, 0xe3, 0xe0,
  0xef, 0xef, 0xe0, 0xed, 0xef, 0xe6, 0xf9, 0xf3, 0xdb, 0x5f, 0x71, 0x7a,
  0x67, 0x63, 0x62, 0x6f, 0x6e, 0x6e, 0x6c, 0x6d, 0x61, 0x78, 0x7a, 0x72,
  0x77, 0x77, 0x73, 0x6c, 0x1c, 0x06, 0x0d, 0x0a, 0x34, 0x34, 0x35, 0x08,
  0x0c, 0x06, 0x1d, 0x6d, 0x49, 0xce, 0xf1, 0xf0, 0xf2, 0xf4, 0xf7, 0xfe,
  0xfe, 0xf9, 0xed, 0x97, 0x92, 0x9d, 0x90, 0x96, 0x95, 0xe4, 0xd9, 0x49,
  0x64, 0x69, 0x14, 0x6c, 0x4a, 0xdc, 0xfe, 0x94, 0x9e, 0x9a, 0x87, 0x86,
  0x87, 0x85, 0x9e, 0x92, 0x91, 0x94, 0xea, 0xe8, 0xe9, 0xea, 0x95, 0xea,
  0xed, 0xe4, 0xf2, 0xd0, 0x73, 0x67, 0x66, 0x66, 0x67, 0x72, 0xd7, 0xfd,
  0xe1, 0xe9, 0x94, 0x97, 0x94, 0x94, 0xeb, 0xef, 0xe0, 0xf8, 0xf5, 0xd6,
  0x5a, 0x49, 0x73, 0x7a, 0x60, 0x6c, 0x15, 0x16, 0x10, 0x12, 0x1d, 0x1f,
  0x1c, 0x12, 0x11, 0x6b, 0x60, 0x78, 0x71, 0x58, 0xd7, 0xd3, 0xd5, 0x53,
  0x54, 0x5c, 0x5b, 0x5b, 0x5d, 0x5c, 0x58, 0x52, 0x58, 0x58, 0x46, 0x4a,
  0x71, 0x7f, 0x7e, 0x7e, 0x7e, 0x7c, 0x4c, 0xdc, 0xf5, 0xe5, 0xe2, 0xea,
  0x94, 0x97, 0x97, 0xeb, 0xec, 0xe6, 0xf8, 0xf0, 0xc9, 0xc8, 0xf4, 0xf9,
  0xe4, 0xe6, 0xe3, 0xe3, 0xec, 0xec, 0xef, 0xe9, 0xec, 0xe9, 0x95, 0x97,
  0x91, 0x90, 0x93, 0x90, 0x94, 0xe9, 0xfe, 0xdb, 0x75, 0x61, 0x15, 0x1c,
  0x18, 0x07, 0x0d, 0x09, 0x0b, 0x08, 0x35, 0x0a, 0x0f, 0x03, 0x06, 0x1a,
  0x16, 0x60, 0x43, 0xfb, 0xe2, 0xe9, 0xe8, 0x95, 0x94, 0xed, 0xe6, 0xfa,
  0xf2, 0xc9, 0xde, 0xd2, 0x44, 0x72, 0x7b, 0x7a, 0x61, 0x6c, 0x6d, 0x6d,
  0x6b, 0x6d, 0x4a, 0xd9, 0xcf, 0xe6, 0x91, 0x9c, 0x9e, 0x98, 0x9a, 0x98,
  0x9c, 0x90, 0x97, 0xe8, 0xe7, 0xf7, 0xc9, 0xc4, 0xd5, 0x44, 0x40, 0x42,
  0x75, 0x74, 0x74, 0x49, 0x46, 0x56, 0xce, 0xfe, 0xe3, 0xea, 0x96, 0x92,
  0x9f, 0x99, 0x98, 0x99, 0x9f, 0x92, 0x96, 0xe9, 0xe4, 0xca, 0x51, 0x76,
  0x7b, 0x66, 0x6d, 0x68, 0x15, 0x14, 0x17, 0x16, 0x11, 0x11, 0x16, 0x17,
  0x15, 0x6f, 0x60, 0x7f, 0x41, 0xd1, 0xc2, 0xf0, 0xff, 0xfd, 0xf6, 0xf4,
  0xc8, 0xde, 0x51, 0x52, 0x5a, 0x4e, 0x74, 0x74, 0x77, 0x76, 0x4a, 0x43,
  0x40, 0x4d, 0x42, 0x42, 0x40, 0x5a, 0x58, 0x52, 0x57, 0xd7, 0xc4, 0xc3,
  0xc5, 0xc4, 0xc1, 0xde, 0x56, 0x58, 0x4d, 0x76, 0x7e, 0x78, 0x78, 0x7b,
  0x79, 0x7d, 0x4a, 0x46, 0x5e, 0xd5, 0xdd, 0xde, 0xda, 0xc2, 0xc3, 0xc1,
  0xcf, 0xf4, 0xf0, 0xfd, 0xfe, 0xfa, 0xfb, 0xf9, 0xff, 0xf0, 0xc9, 0xd8,
  0xd7, 0x56, 0x5b, 0x4c, 0x4a, 0x75, 0x74, 0x74, 0x4c, 0x4c, 0x4a, 0x4b,
  0x48, 0x74, 0x70, 0x71, 0x76, 0x76, 0x4a, 0x40, 0x50, 0xd2, 0xc1, 0xca,
  0xf6, 0xf6, 0xf4, 0xf7, 0xf4, 0xcf, 0xc4, 0xde, 0xd3, 0x55, 0xd5, 0xd5,
  0xd5, 0x55, 0x57, 0xd6, 0xd1, 0x55, 0xd4, 0xd4, 0x55, 0xd6, 0xdc, 0xc5,
  0xd8, 0xdb, 0xce, 0xca, 0xf4, 0xf7, 0xf3, 0xf2, 0xf0, 0xf2, 0xf6, 0xf5,
  0xc1, 0xdf, 0xdd, 0x51, 0x53, 0x59, 0x41, 0x4f, 0x75, 0x4c, 0x4d, 0x4c,
  0x44, 0x53, 0x55, 0x57, 0xd6, 0xd3, 0xde, 0xda, 0xd9, 0xc7, 0xc0, 0xc0,
  0xc6, 0xc6, 0xc3, 0xc7, 0xd8, 0xdc, 0xd6, 0x51, 0x5e, 0x5b, 0x41, 0x4c,
  0x4e, 0x4a, 0x4e, 0x49, 0x49, 0x40, 0x44, 0x5f, 0x5d, 0x53, 0xd6, 0xd1,
  0xd0, 0xd7, 0xd5, 0xd4, 0x51, 0x52, 0x5b, 0x42, 0x74, 0x7d, 0x78, 0x65,
  0x67, 0x66, 0x61, 0x66, 0x65, 0x7b, 0x7f, 0x71, 0x4d, 0x5b, 0x53, 0xd8,
  0xc8, 0xf7, 0xf2, 0xf9, 0xe4, 0xe7, 0xe7, 0xe7, 0xe7, 0xe4, 0xfa, 0xf8,
  0xfe, 0xf3, 0xf6, 0xf4, 0xf5, 0xc9, 0xc2, 0xc3, 0xc6, 0xc7, 0xc4, 0xc1,
  0xc2, 0xc3, 0xcf, 0xca, 0xca, 0xf5, 0xf5, 0xca, 0xce, 0xc3, 0xc3, 0xd8,
  0xd7, 0x51, 0x5d, 0x5b, 0x40, 0x49, 0x77, 0x70, 0x7c, 0x7e, 0x7f, 0x7e,
  0x79, 0x7e, 0x7f, 0x7d, 0x70, 0x76, 0x75, 0x4e, 0x40, 0x45, 0x59, 0x5d,
  0x50, 0x52, 0x52, 0x50, 0x50, 0x5d, 0x5d, 0x5f, 0x5c, 0x58, 0x5b, 0x59,
  0x5a, 0x47, 0x45, 0x44, 0x46, 0x41, 0x47, 0x45, 0x45, 0x5e, 0x50, 0x54,
  0x54, 0x54, 0x51, 0x5f, 0x45, 0x41, 0x46, 0x47, 0x5b, 0x5d, 0xd5, 0xdc,
  0xc1, 0xcb, 0xf6, 0xf0, 0xfd, 0xff, 0xf9, 0xf8, 0xf8, 0xf9, 0xfe, 0xff,
  0xff, 0xfc, 0xfc, 0xfd, 0xf0, 0xf6, 0xf4, 0xc9, 0xc6, 0xde, 0xd6, 0x52,
  0x5b, 0x42, 0x4a, 0x77, 0x71, 0x76, 0x77, 0x4a, 0x4c, 0x46, 0x5e, 0x50,
  0x55, 0xd5, 0xd6, 0xd0, 0xd2, 0xdd, 0xd2, 0xd3, 0xd0, 0xd1, 0xd7, 0x57,
  0x50, 0x52, 0x5e, 0x5b, 0x47, 0x42, 0x4f, 0x4b, 0x75, 0x75, 0x4a, 0x4b,
  0x4f, 0x44, 0x5f, 0x54, 0xd0, 0xdf, 0xc4, 0xc6, 0xc3, 0xc3, 0xc6, 0xc4,
  0xdf, 0xd3, 0xd6, 0xd5, 0x55, 0x53, 0x5d, 0x5e, 0x58, 0x5a, 0x46, 0x41,
  0x40, 0x41, 0x41, 0x41, 0x47, 0x58, 0x5d, 0x56, 0xd4, 0xdd, 0xd9, 0xc7,
  0xcc, 0xcb, 0xf5, 0xf5, 0xf4, 0xf4, 0xf4, 0xf5, 0xc9, 0xc2, 0xc1, 0xda,
  0xde, 0xdd, 0xd7, 0x51, 0x5c, 0x5e, 0x5a, 0x45, 0x46, 0x43, 0x4c, 0x42,
  0x46, 0x44, 0x58, 0x5c, 0x51, 0xd5, 0xd3, 0xd9, 0xdb, 0xda, 0xc5, 0xdb,
  0xd8, 0xde, 0xdc, 0xd2, 0xd0, 0xd6, 0xd5, 0x54, 0x56, 0x53, 0x5d, 0x5f,
  0x5e, 0x58, 0x45, 0x45, 0x44, 0x45, 0x5a, 0x58, 0x5f, 0x52, 0x51, 0x57,
  0xd5, 0xd5, 0xd5, 0xd4, 0xd7, 0xd7, 0xd4, 0xd5, 0x54, 0x54, 0x57, 0x51,
  0x51, 0x50, 0x52, 0x5d, 0x5d, 0x52, 0x5c, 0x5e, 0x5f, 0x5c, 0x53, 0x50,
  0x51, 0x51, 0x57, 0x54, 0xd7, 0xd6, 0xd0, 0xd2, 0xdd, 0xdf, 0xdf, 0xd9,
  0xd8, 0xd8, 0xdb, 0xd8, 0xd9, 0xdf, 0xdc, 0xdd, 0xd2, 0xd0, 0xd6, 0xd4,
  0x55, 0x54, 0x56, 0x57, 0x55, 0x54, 0x55, 0xd4, 0xd7, 0xd1, 0xd1, 0xd1,
  0xd0, 0xd2, 0xdc, 0xdc, 0xdc, 0xdc, 0xdc, 0xdd, 0xdd, 0xd2, 0xd0, 0xd7,
  0xd5, 0x54, 0x56, 0x50, 0x53, 0x52, 0x52, 0x5c, 0x5c, 0x5c, 0x5d, 0x5c,
  0x5f, 0x5c, 0x52, 0x53, 0x50, 0x51, 0x50, 0x51, 0x51, 0x51, 0x51, 0x50,
  0x50, 0x50, 0x50, 0x53, 0x50, 0x50, 0x51, 0x56, 0x57, 0x55, 0x55, 0xd5,
  0xd5, 0xd7, 0xd7, 0xd6, 0xd6, 0xd7, 0xd4, 0xd7, 0xd6, 0xd6, 0xd4, 0xd5,
  0xd4, 0xd7, 0xd7, 0xd7, 0xd7, 0xd5, 0x54, 0x54, 0x54, 0x54, 0x54, 0x55,
  0xd5, 0xd4, 0xd4, 0xd7, 0xd4, 0xd5, 0x54, 0x57, 0x54, 0x54, 0x57, 0x57,
  0x54, 0x54, 0x54, 0x55, 0xd5, 0xd5, 0xd5, 0xd4, 0xd4, 0xd4, 0xd4, 0xd7,
  0xd7, 0xd6, 0xd7, 0xd6, 0xd6, 0xd6, 0xd6, 0xd5, 0x55, 0x54, 0x57, 0x54,
  0x57, 0x56, 0x57, 0x57, 0x54, 0x54, 0x55, 0xd5, 0xd5, 0xd5, 0xd5, 0xd5,
  0xd5, 0xd5, 0xd5, 0xd5, 0xd5, 0xd5, 0xd5, 0x54, 0x54, 0x57, 0x57, 0x57,
  0x56, 0x56, 0x51, 0x50, 0x50, 0x50, 0x51, 0x56, 0x56, 0x57, 0x54, 0xd5,
  0xd4, 0xd7, 0xd4, 0xd4, 0xd4, 0xd7, 0xd7, 0xd1, 0xd1, 0xd6, 0xd6, 0xd6,
  0xd6, 0xd7, 0xd7, 0xd7, 0xd7, 0xd4, 0xd4, 0xd5, 0x55, 0x55, 0x55, 0x55,
  0xd5, 0x55, 0xd5, 0xd5, 0x55, 0xd5, 0x55, 0x55, 0x55, 0x54, 0x54, 0x57,
  0x57, 0x54, 0x54, 0x54, 0x54, 0xd5, 0xd5, 0xd4, 0xd4, 0xd7, 0xd4, 0xd5,
  0x55, 0x55, 0x55, 0x55, 0x55, 0xd5, 0x55, 0xd5, 0x55, 0x55, 0x54, 0x54,
  0x54, 0x54, 0x57, 0x57, 0x55, 0xd5, 0xd5, 0xd5, 0xd4, 0xd4, 0xd4, 0xd4,
  0xd5, 0x54, 0x54, 0x54, 0x54, 0x55, 0xd5, 0xd5, 0xd4, 0xd4, 0xd7, 0xd6,
  0xd6, 0xd6, 0xd6, 0xd7, 0xd4, 0xd5, 0xd5, 0xd5, 0xd5, 0xd4, 0xd7, 0xd6,
  0xd6, 0xd4, 0xd4, 0xd5, 0xd5, 0x54, 0x54, 0x54, 0x57, 0x57, 0x57, 0x54,
  0x55, 0x54, 0x57, 0x57, 0x56, 0x51, 0x51, 0x51, 0x50, 0x50, 0x50, 0x51,
  0x51, 0x51, 0x56, 0x51, 0x56, 0x56, 0x56, 0x57, 0x54, 0x54, 0x54, 0x54,
  0x54, 0xd5, 0xd4, 0xd4, 0xd5, 0x55, 0xd5, 0xd4, 0xd5, 0xd5, 0xd5, 0x55,
  0xd5, 0xd4, 0xd7, 0xd6, 0xd7, 0xd7, 0xd4, 0xd4, 0xd4, 0xd7, 0xd7, 0xd7,
  0xd7, 0xd7, 0xd7, 0xd7, 0xd7, 0xd4, 0xd4, 0xd5, 0xd5, 0xd4, 0xd4, 0xd5,
  0xd4, 0xd4, 0xd4, 0xd7, 0xd7, 0xd6, 0xd6, 0xd6, 0xd4, 0xd4, 0xd4, 0xd5,
  0xd5, 0xd5, 0xd7, 0xd4, 0xd4, 0xd4, 0xd4, 0xd4, 0xd5, 0x55, 0x54, 0x57,
  0x57, 0x56, 0x56, 0x56, 0x57, 0x54, 0x55, 0xd5, 0xd4, 0xd4, 0xd4, 0xd4,
  0xd4, 0xd5, 0xd5, 0x55, 0x55, 0x54, 0x54, 0x54, 0x54, 0x54, 0x57, 0x54,
  0x54, 0x54, 0x54, 0x55, 0x54, 0x55, 0x55, 0x55, 0xd5, 0xd5, 0xd5, 0xd4,
  0xd7, 0xd7, 0xd7, 0xd4, 0xd4, 0xd4, 0xd4, 0xd4, 0xd4, 0xd5, 0xd5, 0x55,
  0x55, 0x54, 0x57, 0x57, 0x57, 0x57, 0x57, 0x54, 0x55, 0x55, 0xd5, 0xd5,
  0xd5, 0xd4, 0xd4, 0xd4, 0xd4, 0xd7, 0xd4, 0xd4, 0xd4, 0x55, 0x55, 0x55,
  0x54, 0x57, 0x57, 0x57, 0x56, 0x57, 0x57, 0x56, 0x56, 0x57, 0x54, 0x57,
  0x57, 0x54, 0x55, 0x55, 0x55, 0xd5, 0x55, 0x55, 0x54, 0x54, 0x54, 0x54,
  0x54, 0x57, 0x56, 0x51, 0x51, 0x51, 0x51, 0x56, 0x56, 0x56, 0x56, 0x56,
  0x57, 0x54, 0x54, 0x54, 0xd5, 0xd4, 0xd5, 0xd5, 0xd4, 0xd4, 0xd4, 0xd5,
  0xd5, 0xd5, 0xd5, 0xd5, 0x55, 0x55, 0xd5, 0xd5, 0xd5, 0xd7, 0xd7, 0xd7,
  0xd7, 0xd7, 0xd7, 0xd4, 0xd4, 0xd4, 0xd4, 0xd4, 0xd4, 0xd4, 0xd7, 0xd4,
  0xd4, 0xd7, 0xd7, 0xd7, 0xd4, 0xd5, 0x55, 0x54, 0x57, 0x57, 0x57, 0x57,
  0x57, 0x54, 0xd5, 0xd4, 0xd4, 0xd4, 0xd5, 0xd5, 0xd5, 0xd5, 0xd5, 0x55,
  0x54, 0x57, 0x54, 0x54, 0x54, 0x54, 0x55, 0x55, 0x54, 0x55, 0x54, 0x57,
  0x57, 0x57, 0x57, 0x57, 0x55, 0xd5, 0xd5, 0xd5, 0xd5, 0xd5, 0xd4, 0xd4,
  0xd5, 0xd5, 0xd5, 0x55, 0xd5, 0xd5, 0xd5, 0xd4, 0xd4, 0xd4, 0xd4, 0xd4,
  0xd5, 0xd5, 0x55, 0x55, 0x54, 0x54, 0x54, 0x55, 0x55, 0x55, 0xd5, 0x55,
  0x55, 0x54, 0x57, 0x57, 0x57, 0x56, 0x50, 0x51, 0x51, 0x56, 0x57, 0x54,
  0x55, 0x55, 0x55, 0x55, 0x55, 0xd5, 0xd5, 0x55, 0x55, 0xd5, 0xd5, 0xd5,
  0xd5, 0xd5, 0xd5, 0x55, 0x55, 0x55, 0x54, 0x57, 0x54, 0x54, 0x57, 0x54,
  0x55, 0x55, 0xd5, 0xd5, 0xd5, 0xd4, 0xd4, 0xd7, 0xd7, 0xd7, 0xd4, 0xd5,
  0xd4, 0xd4, 0xd4, 0xd5, 0x54, 0x55, 0xd4, 0xd5, 0x56, 0x57, 0x54, 0x56,
  0x56, 0x51, 0x57, 0x54, 0x57, 0x57, 0x55, 0xd7, 0xd4, 0x55, 0xd4, 0xd6,
  0xd6, 0xd4, 0xd5, 0xd7, 0xd6, 0xd7, 0x55, 0xd4, 0xd6, 0xd4, 0x55, 0x55,
  0xd5, 0x55, 0x54, 0x54, 0x54, 0xd5, 0x55, 0x54, 0x54, 0xd5, 0x55, 0x55,
  0xd5, 0x55, 0x55, 0xd5, 0xd5, 0xd5, 0xd5, 0xd5, 0xd5, 0xd5, 0xd4, 0xd5,
  0xd5, 0xd5, 0x55, 0x55, 0x55, 0x55, 0xd5, 0x55, 0xd5, 0xd5, 0xd7, 0xd7,
  0xd4, 0xd4, 0xd7, 0xd7, 0xd7, 0xd7, 0xd7, 0xd4, 0xd5, 0xd5, 0xd5, 0x55,
  0x55, 0x55, 0x55, 0x55, 0x54, 0x54, 0x54, 0x54, 0x55, 0x55, 0xd5, 0xd5,
  0xd5, 0xd5, 0xd5, 0xd5, 0xd4, 0xd5, 0xd5, 0xd4, 0xd4, 0xd4, 0xd4, 0xd4,
  0xd4, 0xd4, 0xd5, 0xd5, 0x55, 0x55, 0x54, 0x54, 0x57, 0x57, 0x57, 0x57,
  0x54, 0x57, 0x57, 0x56, 0x56, 0x56, 0x56, 0x56, 0x56, 0x57, 0x54, 0x57,
  0x54, 0x54, 0x57, 0x54, 0x54, 0x54, 0x54, 0x54, 0x57, 0x57, 0x57, 0x57,
  0x57, 0x57, 0x54, 0x54, 0x54, 0x54, 0x54, 0x54, 0x54, 0x55, 0xd5, 0xd5,
  0x55, 0xd5, 0xd5, 0xd5, 0xd5, 0xd5, 0xd5, 0xd5, 0xd4, 0xd4, 0xd4, 0xd4,
  0xd5, 0xd5, 0xd5, 0xd5, 0xd4, 0xd5, 0xd5, 0xd4, 0xd5, 0xd5, 0xd5, 0xd4,
  0xd7, 0xd4, 0xd4, 0xd4, 0xd5, 0x55, 0x54, 0x54, 0x54, 0x57, 0x57, 0x57,
  0x56, 0x57, 0x57, 0x54, 0x54, 0x55, 0xd5, 0xd5, 0xd5, 0xd5, 0xd5, 0xd5,
  0xd5, 0xd5, 0xd5, 0xd5, 0xd5, 0x55, 0x55, 0x54, 0x54, 0x54, 0x54, 0x54,
  0x54, 0x54, 0x54, 0x54, 0x54, 0x54, 0x54, 0x54, 0x54, 0xd5, 0xd4, 0xd7,
  0xd4, 0xd4, 0xd4, 0xd7, 0xd7, 0xd4, 0xd4, 0xd4, 0xd4, 0xd5, 0xd5, 0xd4,
  0xd5, 0xd5, 0xd4, 0xd4, 0xd7, 0xd4, 0xd4, 0xd4, 0xd4, 0xd5, 0xd5, 0x55,
  0xd5, 0xd5, 0xd5, 0x55, 0x55, 0x55, 0x54, 0x54, 0x54, 0x54, 0x54, 0x54,
  0x54, 0x54, 0x54, 0x54, 0x54, 0x54, 0x54, 0x55, 0x55, 0x55, 0x55, 0x55,
  0x54, 0x55, 0x55, 0x55, 0x55, 0x54, 0x54, 0x54, 0x55, 0x55, 0x54, 0x55,
  0x54, 0x54, 0x57, 0x57, 0x57, 0x57, 0x54, 0x55, 0x55, 0x55, 0xd5, 0xd5,
  0xd5, 0xd5, 0xd5, 0xd5, 0xd5, 0x55, 0xd5, 0x55, 0x55, 0x55, 0xd5, 0xd5,
  0xd5, 0xd5, 0xd5, 0x55, 0x55, 0x55, 0x55, 0x54, 0x54, 0x54, 0x54, 0x54,
  0x54, 0x54, 0x54, 0x54, 0x54, 0x54, 0x54, 0x54, 0x54, 0x54, 0x55, 0x54,
  0x54, 0x55, 0xd5, 0xd5, 0xd5, 0xd5, 0xd5, 0x55, 0x55, 0x54, 0x57, 0x57,
  0x57, 0x57, 0x54, 0x54, 0x57, 0x57, 0x54, 0x55, 0xd5, 0xd5, 0xd5, 0xd5,
  0xd5, 0xd5, 0xd5, 0xd5, 0xd4, 0xd5, 0xd5, 0xd5, 0xd4, 0xd4, 0xd4, 0xd4,
  0xd4, 0xd4, 0xd5, 0xd5, 0xd4, 0xd7, 0xd7, 0xd4, 0xd4, 0xd5, 0xd5, 0xd5,
  0xd5, 0xd5, 0x55, 0x55, 0x55, 0x55, 0x55, 0x55, 0xd5, 0xd5, 0xd5, 0xd5,
  0x55, 0xd5, 0x55, 0x55, 0xd5, 0x55, 0x55, 0x55, 0x55, 0x55, 0x55, 0x55,
  0x55, 0x55, 0x55, 0x54, 0x55, 0x55, 0x55, 0xd5, 0xd5, 0x55, 0x55, 0xd5,
  0x55, 0xd5, 0x55, 0x54, 0x55, 0xd5, 0xd5, 0x55, 0x55, 0xd5, 0xd4, 0xd4,
  0xd4, 0xd4, 0xd4, 0xd5, 0xd5, 0xd5, 0x55, 0x54, 0x54, 0x54, 0x54, 0x57,
  0x54, 0x54, 0x55, 0xd5, 0xd5, 0xd5, 0x55, 0x55, 0x55, 0x55, 0x55, 0x55,
  0x55, 0x55, 0xd5, 0xd5, 0xd5, 0xd5, 0xd5, 0x55, 0x55, 0x54, 0x54, 0x54,
  0x57, 0x54, 0x54, 0x55, 0xd5, 0x55, 0x55, 0x55, 0xd5, 0xd5, 0x55, 0x55,
  0xd5, 0xd5, 0x55, 0xd5, 0xd5, 0xd5, 0xd5, 0xd5, 0xd5, 0xd5, 0xd5, 0x55,
  0x54, 0x54, 0x54, 0x57, 0x57, 0x54, 0x54, 0x54, 0x54, 0x54, 0x55, 0xd5,
  0x55, 0x54, 0x55, 0x55, 0xd5, 0xd5, 0x55, 0xd5, 0xd5, 0xd5, 0xd5, 0xd5,
  0xd5, 0xd4, 0xd5, 0xd5, 0x55, 0x55, 0x55, 0x55, 0xd5, 0xd5, 0x55, 0x55,
  0xd5, 0xd5, 0xd4, 0xd4, 0xd5, 0xd5, 0xd5, 0xd5, 0xd5, 0x55, 0x55, 0xd4,
  0xd4, 0xd5, 0xd5, 0xd5, 0xd5, 0xd5, 0xd5, 0xd5, 0xd5, 0xd5, 0xd5, 0xd5,
  0x55, 0xd5, 0xd5, 0xd5, 0xd5, 0xd5, 0x55, 0x55, 0x55, 0x55, 0x55, 0x54,
  0x55, 0x55, 0x55, 0x55, 0x54, 0x54, 0xd5, 0xd5, 0xd5, 0xd5, 0x55, 0x55,
  0x55, 0x55, 0x54, 0x54, 0x57, 0x57, 0x57, 0x57, 0x56, 0x56, 0x57, 0x57,
  0x57, 0x57, 0x57, 0x57, 0x57, 0x54, 0x54, 0x55, 0x55, 0xd5, 0xd5, 0xd5,
  0xd4, 0xd4, 0xd5, 0xd5, 0xd4, 0xd5, 0xd5, 0xd4, 0xd5, 0xd4, 0xd4, 0xd4,
  0xd4, 0xd5, 0xd5, 0xd4, 0xd5, 0xd5, 0xd5, 0x55, 0xd5, 0xd5, 0xd5, 0xd5,
  0xd5, 0xd5, 0xd5, 0xd4, 0xd5, 0xd5, 0xd5, 0x55, 0x55, 0x55, 0x55, 0x55,
  0x55, 0x54, 0x55, 0x54, 0x54, 0x54, 0x54, 0x57, 0x57, 0x57, 0x57, 0x57,
  0x56, 0x57, 0x57, 0x57, 0x57, 0x57, 0x54, 0x55, 0x55, 0x55, 0x54, 0x54,
  0x54, 0x55, 0x54, 0x54, 0x54, 0x54, 0x54, 0x54, 0x54, 0x54, 0x55, 0x55,
  0x54, 0x54, 0x54, 0x55, 0x55, 0xd5, 0xd5, 0x55, 0xd5, 0xd5, 0x55, 0xd5,
  0xd5, 0xd5, 0xd5, 0x55, 0xd5, 0xd5, 0xd5, 0xd4, 0xd5, 0xd4, 0xd4, 0xd4,
  0xd4, 0xd7, 0xd4, 0xd4, 0xd4, 0xd4, 0xd7, 0xd4, 0xd5, 0xd4, 0xd4, 0xd4,
  0xd4, 0xd4, 0xd5, 0x55, 0x55, 0x54, 0x54, 0x54, 0x54, 0xd5, 0x55, 0x54,
  0x54, 0x54, 0x55, 0x54, 0x55, 0xd5, 0x55, 0x55, 0x55, 0x55, 0x55, 0x54,
  0x54, 0x54, 0x55, 0x54, 0x54, 0x55, 0x54, 0x54, 0x57, 0x54, 0x55, 0x54,
  0x55, 0x54, 0x55, 0x55, 0xd5, 0xd5, 0x55, 0xd5, 0x55, 0x55, 0xd5, 0xd5,
  0xd5, 0xd5, 0xd5, 0xd5, 0xd5, 0xd5, 0x54, 0x54, 0x55, 0x55, 0x54, 0x54,
  0x55, 0x54, 0x54, 0x54, 0x55, 0x55, 0x55, 0xd5, 0xd4, 0xd7, 0xd7, 0xd4,
  0xd7, 0xd7, 0xd7, 0xd7, 0xd4, 0xd4, 0xd4, 0xd5, 0xd5, 0xd5, 0xd4, 0xd5,
  0xd5, 0xd5, 0xd5, 0xd5, 0xd5, 0xd5, 0xd5, 0xd5, 0xd5, 0xd5, 0xd4, 0xd4,
  0xd5, 0xd5, 0xd5, 0x55, 0x54, 0x54, 0x55, 0x54, 0x54, 0x54, 0x57, 0x54,
  0x55, 0x55, 0x55, 0x55, 0x55, 0x55, 0x54, 0x55, 0xd5, 0x55, 0x55, 0x55,
  0x55, 0xd5, 0xd5, 0xd5, 0x55, 0x55, 0x55, 0xd5, 0xd5, 0xd5, 0x55, 0x55,
  0xd5, 0xd5, 0xd5, 0x55, 0x55, 0x55, 0x55, 0x55, 0xd5, 0xd5, 0xd5, 0x55,
  0x55, 0xd5, 0xd4, 0xd5, 0xd5, 0xd4, 0xd5, 0xd4, 0xd5, 0xd5, 0xd5, 0xd5,
  0xd5, 0xd5, 0xd4, 0xd5, 0xd5, 0xd5, 0xd5, 0xd5, 0x55, 0xd5, 0xd5, 0xd4,
  0xd5, 0xd5, 0xd5, 0xd5, 0xd5, 0xd4, 0xd5, 0xd5, 0x55, 0x55, 0x55, 0x55,
  0x55, 0x55, 0x55, 0x55, 0x55, 0xd5, 0x55, 0xd5, 0xd5, 0xd5, 0xd5, 0xd5,
  0xd4, 0xd4, 0xd4, 0xd4, 0xd4, 0xd4, 0xd5, 0xd4, 0xd5, 0xd5, 0xd5, 0xd5,
  0xd5, 0x55, 0x55, 0x55, 0x54, 0x54, 0x57, 0x57, 0x57, 0x57, 0x57, 0x56,
  0x57, 0x57, 0x54, 0x54, 0x54, 0x54, 0x54, 0x54, 0x54, 0x54, 0x54, 0x57,
  0x54, 0x54, 0x57, 0x57, 0x54, 0x55, 0x55, 0x55, 0x55, 0x55, 0xd5, 0xd4,
  0xd5, 0xd5, 0xd5, 0x55, 0xd5, 0xd5, 0xd5, 0xd5, 0xd5, 0xd4, 0xd5, 0xd5,
  0xd5, 0xd5, 0xd5, 0x55, 0x55, 0xd5, 0xd5, 0xd5, 0xd5, 0xd5, 0xd5, 0xd5,
  0xd5, 0xd4, 0xd5, 0xd5, 0xd4, 0xd4, 0xd5, 0xd5, 0xd5, 0xd5, 0xd5, 0x55,
  0x55, 0x55, 0xd5, 0x55, 0x54, 0x54, 0x55, 0x54, 0x54, 0x54, 0x54, 0x54,
  0x55, 0x55, 0xd5, 0xd5, 0xd5, 0xd5, 0xd5, 0xd5, 0xd5, 0xd5, 0x55, 0xd5,
  0x55, 0x55, 0x55, 0x55, 0x55, 0x55, 0x55, 0x55, 0x55, 0x55, 0x55, 0x54,
  0x54, 0x55, 0x54, 0x54, 0x54, 0x55, 0x54, 0x54, 0x54, 0x54, 0x55, 0x55,
  0x55, 0x55, 0x55, 0x55, 0x55, 0xd5, 0xd5, 0x55, 0x55, 0x55, 0xd5, 0x55,
  0xd5, 0xd5, 0x55, 0xd5, 0xd5, 0xd5, 0xd5, 0x55, 0xd5, 0x55, 0xd5, 0xd5,
  0xd5, 0xd5, 0x55, 0xd5, 0xd5, 0xd5, 0xd5, 0xd5, 0xd5, 0xd5, 0xd5, 0xd5,
  0xd5, 0x55, 0x55, 0xd5, 0xd5, 0x55, 0xd5, 0x55, 0xd5, 0x55, 0x55, 0x55,
  0x55, 0x55, 0x55, 0xd5, 0x55, 0xd5, 0x55, 0x55, 0x55, 0x55, 0x55, 0xd5,
  0x55, 0x55, 0x55, 0x55, 0x55, 0x55, 0x55, 0x55, 0xd5, 0x55, 0x55, 0x55,
  0xd5, 0xd5, 0x55, 0x55, 0x55, 0x55, 0x55, 0x55, 0x55, 0x55, 0x55, 0x55,
  0x55, 0x55, 0x55, 0x55, 0x55, 0x55, 0x55, 0xd5, 0x55, 0xd5, 0xd5, 0xd5,
  0x55, 0x55, 0xd5, 0xd5, 0xd5, 0x55, 0xd5, 0x55, 0xd5, 0x55, 0x55, 0xd5,
  0x55, 0xd5, 0x55, 0x55, 0x55, 0x55, 0x55, 0x55, 0x55, 0x55, 0xd5, 0xd5,
  0xd5, 0x55, 0x55, 0x55, 0xd5, 0x55, 0x55, 0xd5, 0x55, 0xd5, 0x55, 0x55,
  0x55, 0x55, 0x55, 0x55, 0x55, 0x55, 0xd5, 0x55, 0x55, 0x55, 0x55, 0xd5,
  0xd5, 0xd5, 0x55, 0x55, 0x55, 0x55, 0xd5, 0x55, 0x55, 0xd5, 0x55, 0x55,
  0xd5, 0xd5, 0x55, 0x55, 0xd5, 0x55, 0xd5, 0x55, 0x55, 0x55, 0x55, 0x55,
  0xd5, 0x55, 0x55, 0x55, 0x55, 0x55, 0x55, 0x55, 0x55, 0x55, 0x55, 0x55,
  0x55, 0x55, 0x55, 0x55, 0x55, 0xd5, 0x55, 0x55, 0xd5, 0xd5, 0x55, 0xd5,
  0xd5, 0xd5, 0x55, 0xd5, 0xd5, 0xd5, 0xd5, 0xd5, 0xd5, 0xd5, 0xd5, 0xd5,
  0x55, 0x55, 0xd5, 0x55, 0x55, 0xd5, 0x55, 0xd5, 0xd5, 0xd5, 0xd5, 0x55,
  0xd5, 0x55, 0x55, 0x55, 0x55, 0xd5, 0x55, 0xd5, 0xd5, 0xd5, 0x55, 0x55,
  0xd5, 0x55, 0xd5, 0xd5, 0xd5, 0xd5, 0x55, 0x55, 0x55, 0x55, 0x55, 0xd5,
  0x55, 0x55, 0x55, 0x55, 0x55, 0x55, 0x55, 0x55, 0x55, 0x55, 0x55, 0x55,
  0xd5, 0x55, 0x55, 0xd5, 0x55, 0xd5, 0xd5, 0x55, 0xd5, 0xd5, 0xd5, 0x55,
  0xd5, 0xd5, 0x55, 0x55, 0x55, 0x55, 0x55, 0x55, 0xd5, 0x55, 0x55, 0x55,
  0x55, 0x55, 0x55, 0x55, 0x55, 0xd5, 0xd5, 0xd5, 0xd5, 0xd5, 0xd5, 0xd5,
  0xd5, 0xd5, 0xd5, 0x55, 0x55, 0x55, 0x55, 0x55, 0x55, 0x55, 0x55, 0x55,
  0x55, 0x55, 0x55, 0x55, 0x55, 0x55, 0xd5, 0xd5, 0x55, 0xd5, 0x55, 0xd5,
  0xd5, 0x55, 0xd5, 0xd5, 0xd5, 0xd5, 0xd5, 0xd5, 0xd5, 0x55, 0x55, 0x55,
  0x55, 0x55, 0x55, 0x55, 0x55, 0x55, 0x55, 0x55, 0x55, 0x55, 0x55, 0x55,
  0xd5, 0x55, 0x55, 0xd5, 0x55, 0x55, 0x55, 0xd5, 0x55, 0x55, 0xd5, 0xd5,
  0x55, 0x55, 0x55, 0xd5, 0x55, 0x55, 0x55, 0x55, 0x55, 0xd5, 0x55, 0xd5,
  0xd5, 0x55, 0xd5, 0xd5, 0xd5, 0x55, 0xd5, 0xd5, 0xd5, 0xd5, 0xd5, 0xd5,
  0xd5, 0xd5, 0xd5, 0xd5, 0xd5, 0x55, 0xd5, 0x55, 0x55, 0x55, 0xd5, 0xd5,
  0x55, 0x55, 0x55, 0xd5, 0xd5, 0xd5, 0xd5, 0x55, 0x55, 0x55, 0xd5, 0xd5,
  0x55, 0xd5, 0x55, 0xd5, 0xd5, 0x55, 0xd5, 0x55, 0x55, 0xd5, 0xd5, 0xd5,
  0xd5, 0x55, 0x55, 0x55, 0xd5, 0xd5, 0x55, 0xd5, 0x55, 0xd5, 0x55, 0x55,
  0x55, 0x55, 0xd5, 0x55, 0x55, 0xd5, 0xd5, 0xd5, 0x55, 0xd5, 0x55, 0x55,
  0x55, 0x55, 0x55, 0x55, 0x55, 0x55, 0x55, 0xd5, 0x55, 0x55, 0xd5, 0xd5,
  0xd5, 0xd5, 0xd5, 0x55, 0x55, 0x55, 0x55, 0x55, 0x55, 0x55, 0x55, 0xd5,
  0xd5, 0x55, 0x55, 0x55, 0x55, 0x55, 0x55, 0x55, 0xd5, 0xd5, 0x55, 0x55,
  0x55, 0xd5, 0xd5, 0xd5, 0xd5, 0x55, 0xd5, 0x55, 0x55, 0x55, 0x55, 0x55,
  0xd5, 0x55, 0x55, 0x55, 0x55, 0xd5, 0xd5, 0xd5, 0xd5, 0xd5, 0x55, 0x55,
  0x55, 0x55, 0x55, 0xd5, 0xd5, 0x55, 0x55, 0x55, 0xd5, 0xd5, 0xd5, 0x55,
  0xd5, 0xd5, 0xd5, 0x55, 0x55, 0x55, 0xd5, 0xd5, 0x55, 0x55, 0x55, 0x55,
  0xd5, 0xd5, 0xd5, 0x55, 0xd5, 0x55, 0x55, 0xd5, 0x55, 0x55, 0x55, 0x55,
  0x55, 0x55, 0x55, 0x55, 0x55, 0xd5, 0x55, 0xd5, 0x55, 0x55, 0x55, 0x55,
  0x55, 0x55, 0x55, 0xd5, 0xd5, 0x55, 0x55, 0xd5, 0xd5, 0xd5, 0x55, 0x55,
  0x55, 0x55, 0xd5, 0x55, 0x55, 0x55, 0xd5, 0x55, 0x55, 0x55, 0xd5, 0xd5,
  0xd5, 0xd5, 0xd5, 0x55, 0xd5, 0x55, 0xd5, 0xd5, 0x55, 0xd5, 0xd5, 0x55,
  0x55, 0xd5, 0x55, 0xd5, 0xd5, 0x55, 0x55, 0x55, 0x55, 0xd5, 0xd5, 0xd5,
  0xd5, 0x55, 0x55, 0x55, 0x55, 0xd5, 0xd5, 0xd5, 0x55, 0xd5, 0xd5, 0x55,
  0x55, 0xd5, 0xd5, 0x55, 0xd5, 0x55, 0x55, 0x55, 0x55, 0x55, 0x55, 0x55,
  0xd5, 0xd5, 0xd5, 0xd5, 0x55, 0xd5, 0xd5, 0xd5, 0x55, 0x55, 0xd5, 0xd5,
  0xd5, 0xd5, 0xd5, 0xd5, 0xd5, 0xd5, 0xd5, 0x55, 0x55, 0xd5, 0x55, 0xd5,
  0x55, 0x55, 0xd5, 0x55, 0xd5, 0x55, 0x55, 0x55, 0x55, 0x55, 0xd5, 0xd5,
  0x55, 0x55, 0xd5, 0x55, 0x55, 0x55, 0x55, 0xd5, 0x55, 0xd5, 0x55, 0x55,
  0x55, 0x55, 0xd5, 0x55, 0x55, 0x55, 0x55, 0xd5, 0x55, 0x55, 0x55, 0xd5,
  0xd5, 0x55, 0x55, 0xd5, 0xd5, 0xd5, 0x55, 0x55, 0x55, 0xd5, 0x55, 0x55,
  0xd5, 0xd5, 0xd5, 0x55, 0xd5, 0xd5, 0xd5, 0xd5, 0xd5, 0xd5, 0xd5, 0xd5,
  0xd5, 0xd5, 0xd5, 0xd5, 0xd5, 0xd5, 0xd5, 0xd5, 0xd5, 0xd5, 0xd5, 0xd5,
  0xd5, 0xd5, 0xd5, 0xd5, 0xd5, 0xd5, 0xd5, 0xd5, 0xd5, 0xd5, 0xd5, 0xd5,
  0xd5, 0xd5, 0xd5, 0xd5, 0xd5, 0x55, 0xd5, 0xd5, 0xd5, 0xd5, 0xd5, 0xd5,
  0xd5, 0xd5, 0xd5, 0xd5, 0xd5, 0xd5, 0xd5, 0xd5, 0x55, 0xd5, 0xd5, 0xd5,
  0xd5, 0xd5, 0xd5, 0xd5, 0x55, 0xd5, 0x55, 0xd5, 0xd5, 0xd5, 0xd5, 0x55,
  0xd5, 0xd5, 0x55, 0x55, 0x55, 0xd5, 0xd5, 0xd5, 0xd5, 0xd5, 0xd5, 0xd5,
  0xd5, 0xd5, 0xd5, 0xd5, 0xd5, 0xd5, 0xd5, 0xd5, 0xd5, 0xd5, 0xd5, 0xd5,
  0x55, 0x55, 0x55, 0x55, 0x55, 0x55, 0xd5, 0xd5, 0x55, 0x55, 0x55, 0x55,
  0x55, 0x55, 0x55, 0x55, 0x55, 0x55, 0x55, 0x55, 0x55, 0x55, 0x55, 0x55,
  0x55, 0x55, 0x55, 0xd5, 0x55, 0x55, 0x55, 0x55, 0x55, 0x55, 0x55, 0x55,
  0x55, 0x55, 0x55, 0x55, 0x55, 0x55, 0x55, 0x55, 0x55, 0x55, 0x55, 0x55,
  0x55, 0x55, 0x55, 0xd5, 0x55, 0xd5, 0x55, 0x55, 0x55, 0x55, 0x55, 0x55,
  0x55, 0x55, 0xd5, 0xd5, 0xd5, 0xd5, 0xd5, 0xd5, 0xd5, 0xd5, 0xd5, 0xd5,
  0xd5, 0xd5, 0xd5, 0xd5, 0xd5, 0xd5, 0xd5, 0xd5, 0xd5, 0xd5, 0x55, 0x55,
  0xd5, 0xd5, 0x55, 0xd5, 0xd5, 0xd5, 0xd5, 0xd5, 0xd5, 0xd5, 0xd5, 0xd5,
  0xd5, 0xd5, 0xd5, 0xd5, 0xd5, 0x55, 0xd5, 0xd5, 0xd5, 0xd5, 0xd5, 0xd5,
  0xd5, 0xd5, 0xd5, 0xd5, 0xd5, 0xd5, 0xd5, 0x55, 0x55, 0xd5, 0xd5, 0xd5,
  0xd5, 0xd5, 0xd5, 0xd5, 0xd5, 0xd5, 0xd5, 0xd5, 0xd5, 0xd5, 0xd5, 0xd5,
  0xd5, 0xd5, 0xd5, 0xd5, 0xd5, 0xd5, 0xd5, 0xd5, 0xd5, 0xd5, 0xd5, 0xd5,
  0xd5, 0xd5, 0xd5, 0xd5, 0xd5, 0xd5, 0xd5, 0xd5, 0xd5, 0xd5, 0xd5, 0xd5,
  0xd5, 0xd5, 0xd5, 0xd5, 0xd5, 0x55, 0x55, 0x55, 0xd5, 0xd5, 0x55, 0xd5,
  0xd5, 0x55, 0xd5, 0xd5, 0x55, 0x55, 0xd5, 0xd5, 0x55, 0xd5, 0xd5, 0xd5,
  0xd5, 0xd5, 0xd5, 0xd5, 0xd5, 0xd5, 0xd5, 0xd5, 0xd5, 0xd5, 0xd5, 0xd5,
  0xd5, 0xd5, 0xd5, 0xd5, 0xd5, 0xd5, 0xd5, 0xd5, 0xd5, 0xd5, 0xd5, 0xd5,
  0xd5, 0xd5, 0xd5, 0xd5, 0xd5, 0xd5, 0xd5, 0xd5, 0xd5, 0xd5, 0xd5, 0xd5,
  0xd5, 0xd5, 0xd5, 0xd5, 0xd5, 0xd5, 0xd5, 0xd5, 0xd5, 0xd5, 0xd5, 0xd5,
  0xd5, 0xd5, 0xd5, 0xd5, 0xd5, 0xd5, 0xd5, 0xd5, 0xd5, 0xd5, 0xd5, 0xd5,
  0xd5, 0xd5, 0xd5, 0xd5, 0xd5, 0xd5, 0xd5, 0xd5, 0xd5, 0xd5, 0xd5, 0xd5,
  0xd5, 0xd5, 0xd5, 0xd5, 0xd5, 0xd5, 0xd5, 0xd5, 0xd5, 0xd5, 0xd5, 0xd5,
  0xd5, 0xd5, 0xd5, 0xd5, 0xd5, 0xd5, 0xd5, 0xd5, 0xd5, 0xd5, 0xd5, 0xd5,
  0xd5, 0xd5, 0xd5, 0xd5, 0xd5, 0xd5, 0xd5, 0xd5, 0xd5, 0xd5, 0xd5, 0xd5,
  0xd5, 0xd5, 0xd5, 0xd5, 0xd5, 0xd5, 0xd5, 0xd5, 0xd5, 0xd5, 0xd5, 0xd5,
  0xd5, 0xd5, 0xd5, 0xd5, 0xd5, 0xd5, 0xd5, 0xd5, 0xd5, 0xd5, 0xd5, 0xd5,
  0xd5, 0xd5, 0xd5, 0xd5, 0xd5, 0xd5, 0xd5, 0xd5, 0xd5, 0xd5, 0xd5, 0xd5,
  0xd5, 0xd5, 0xd5, 0xd5, 0xd5, 0xd5, 0xd5, 0xd5, 0xd5, 0xd5, 0xd5, 0xd5,
  0xd5, 0xd5, 0xd5, 0xd5, 0xd5, 0xd5, 0xd5, 0xd5, 0xd5, 0xd5, 0xd5, 0xd5,
  0xd5, 0xd5, 0xd5, 0xd5, 0xd5, 0xd5, 0xd5, 0xd5, 0xd5, 0xd5, 0xd5, 0xd5,
  0xd5, 0xd5, 0xd5, 0xd5, 0xd5, 0xd5, 0xd5, 0xd5, 0xd5, 0xd5, 0xd5, 0xd5,
  0xd5, 0xd5, 0xd5, 0xd5, 0xd5, 0xd5, 0xd5, 0xd5, 0xd5, 0xd5, 0xd5, 0xd5,
  0xd5, 0xd5, 0xd5, 0xd5, 0xd5, 0xd5, 0xd5, 0xd5, 0xd5, 0xd5, 0xd5, 0xd5,
  0xd5, 0xd5, 0xd5, 0xd5, 0xd5, 0xd5, 0xd5, 0xd5, 0xd5, 0xd5, 0xd5, 0xd5,
  0xd5, 0xd5, 0xd5, 0xd5, 0xd5, 0xd5, 0xd5, 0xd5, 0xd5, 0xd5, 0xd5, 0xd5,
  0xd5, 0xd5, 0xd5, 0xd5, 0xd5, 0xd5, 0xd5, 0xd5, 0xd5, 0xd5, 0xd5, 0xd5,
  0xd5, 0xd5, 0xd5, 0xd5, 0xd5, 0xd5, 0xd5, 0xd5, 0xd5, 0xd5, 0xd5, 0xd5,
  0xd5, 0xd5, 0xd5, 0xd5, 0xd5, 0xd5, 0xd5, 0xd5, 0xd5, 0xd5, 0xd5, 0xd5,
  0xd5, 0xd5, 0xd5, 0xd5, 0xd5, 0xd5, 0xd5, 0xd5, 0xd5, 0xd5, 0xd5, 0xd5,
  0xd5, 0xd5, 0xd5, 0xd5, 0xd5, 0xd5, 0xd5, 0xd5, 0xd5, 0xd5, 0xd5, 0xd5,
  0xd5, 0xd5, 0xd5, 0xd5, 0xd5, 0xd5, 0xd5, 0xd5, 0xd5, 0xd5, 0xd5, 0xd5,
  0xd5, 0xd5, 0xd5, 0xd5, 0xd5, 0xd5, 0xd5, 0xd5, 0xd5, 0xd5, 0xd5, 0xd5,
  0xd5, 0xd5, 0xd5, 0xd5, 0xd5, 0xd5, 0xd5, 0xd5, 0xd5, 0xd5, 0xd5, 0xd5,
  0xd5, 0xd5, 0xd5, 0xd5, 0xd5, 0xd5, 0xd5, 0xd5, 0xd5, 0xd5, 0xd5, 0xd5,
  0xd5, 0xd5, 0xd5, 0xd5, 0xd5, 0xd5, 0xd5, 0xd5, 0xd5, 0xd5, 0xd5, 0xd5,
  0xd5, 0xd5, 0xd5, 0xd5, 0xd5, 0xd5, 0xd5, 0xd5, 0xd5, 0xd5, 0xd5, 0xd5,
  0xd5, 0xd5, 0xd5, 0xd5, 0xd5, 0xd5, 0xd5, 0xd5, 0xd5, 0xd5, 0xd5, 0xd5,
  0xd5, 0xd5, 0xd5, 0xd5, 0xd5, 0xd5, 0xd5, 0xd5, 0xd5, 0xd5, 0xd5, 0xd5,
  0xd5, 0xd5, 0xd5, 0xd5, 0xd5, 0xd5, 0xd5, 0xd5, 0xd5, 0xd5, 0xd5, 0xd5,
  0xd5, 0xd5, 0xd5, 0xd5, 0xd5, 0xd5, 0xd5, 0xd5, 0xd5, 0xd5, 0xd5, 0xd5,
  0xd5, 0xd5, 0xd5, 0xd5, 0xd5, 0xd5, 0xd5, 0xd5, 0xd5, 0xd5, 0xd5, 0xd5,
  0xd5, 0xd5, 0xd5, 0xd5, 0xd5, 0xd5, 0xd5, 0xd5, 0xd5, 0xd5, 0xd5, 0xd5,
  0xd5, 0xd5, 0xd5, 0xd5, 0xd5, 0xd5, 0xd5, 0xd5, 0xd5, 0xd5, 0xd5, 0xd5,
  0xd5, 0xd5, 0xd5, 0xd5, 0xd5, 0xd5, 0xd5, 0xd5, 0xd5, 0xd5, 0xd5, 0xd5,
  0xd5, 0xd5, 0xd5, 0xd5, 0xd5, 0xd5, 0xd5, 0xd5, 0xd5, 0xd5, 0xd5, 0xd5,
  0xd5, 0xd5, 0xd5, 0xd5, 0xd5, 0xd5, 0xd5, 0xd5, 0xd5, 0xd5, 0xd5, 0xd5,
  0xd5, 0xd5, 0xd5, 0xd5, 0xd5, 0xd5, 0xd5, 0xd5, 0xd5, 0xd5, 0xd5, 0xd5,
  0xd5, 0xd5, 0xd5, 0xd5, 0xd5, 0xd5, 0xd5, 0xd5, 0xd5, 0xd5, 0xd5, 0xd5,
  0xd5, 0xd5, 0xd5, 0xd5, 0xd5, 0xd5, 0xd5, 0xd5, 0xd5, 0xd5, 0xd5, 0xd5,
  0xd5, 0xd5, 0xd5, 0xd5, 0xd5, 0xd5, 0xd5, 0xd5, 0xd5, 0xd5, 0xd5, 0xd5,
  0xd5, 0xd5, 0xd5, 0xd5, 0xd5, 0xd5, 0xd5, 0xd5, 0xd5, 0xd5, 0xd5, 0xd5,
  0xd5, 0xd5, 0xd5, 0xd5, 0xd5, 0xd5, 0xd5, 0xd5, 0xd5, 0xd5, 0xd5, 0xd5,
  0xd5, 0xd5, 0xd5, 0xd5, 0xd5, 0xd5, 0xd5, 0xd5, 0xd5, 0xd5, 0xd5, 0xd5,
  0xd5, 0xd5, 0xd5, 0xd5, 0xd5, 0xd5, 0xd5, 0xd5, 0xd5, 0xd5, 0xd5, 0xd5,
  0xd5, 0xd5, 0xd5, 0xd5, 0xd5, 0xd5, 0xd5, 0xd5, 0xd5, 0xd5, 0xd5, 0xd5,
  0xd5, 0xd5, 0xd5, 0xd5, 0xd5, 0xd5, 0xd5, 0xd5, 0xd5, 0xd5, 0xd5, 0xd5,
  0xd5, 0xd5, 0xd5, 0xd5, 0xd5, 0xd5, 0xd5, 0xd5, 0xd5, 0xd5, 0xd5, 0xd5,
  0xd5, 0xd5, 0xd5, 0xd5, 0xd5, 0xd5, 0xd5, 0xd5, 0xd5, 0xd5, 0xd5, 0xd5,
  0xd5, 0xd5, 0xd5, 0xd5, 0xd5, 0xd5, 0xd5, 0xd5, 0xd5, 0xd5, 0xd5, 0xd5,
  0xd5, 0xd5, 0xd5, 0xd5, 0xd5, 0xd5, 0xd5, 0xd5, 0xd5, 0xd5, 0xd5, 0xd5,
  0xd5, 0xd5, 0xd5, 0xd5, 0xd5, 0xd5, 0xd5, 0xd5, 0xd5, 0xd5, 0xd5, 0xd5,
  0xd5, 0xd5, 0xd5, 0xd5, 0xd5, 0xd5, 0xd5, 0xd5, 0xd5, 0xd5, 0xd5, 0xd5,
  0xd5, 0xd5, 0xd5, 0xd5, 0xd5, 0xd5, 0xd5, 0xd5, 0xd5, 0xd5, 0xd5, 0xd5,
  0xd5, 0xd5, 0xd5, 0xd5, 0xd5, 0xd5, 0xd5, 0xd5, 0xd5, 0xd5, 0xd5, 0xd5,
  0xd5, 0xd5, 0xd5, 0xd5, 0xd5, 0xd5, 0xd5, 0xd5, 0xd5, 0xd5, 0xd5, 0xd5,
  0xd5, 0xd5, 0xd5, 0xd5, 0xd5, 0xd5, 0xd5, 0xd5, 0xd5, 0xd5, 0xd5, 0xd5,
  0xd5, 0xd5, 0xd5, 0xd5, 0xd5, 0xd5, 0xd5, 0xd5, 0xd5, 0xd5, 0xd5, 0xd5,
  0xd5, 0xd5, 0xd5, 0xd5, 0xd5, 0xd5, 0xd5, 0xd5, 0xd5, 0xd5, 0xd5, 0xd5,
  0xd5, 0xd5, 0xd5, 0xd5, 0xd5, 0xd5, 0xd5, 0xd5, 0xd5, 0xd5, 0xd5, 0xd5,
  0xd5, 0xd5, 0xd5, 0xd5, 0xd5, 0xd5, 0xd5, 0xd5, 0xd5, 0xd5, 0xd5, 0xd5,
  0xd5, 0xd5, 0xd5, 0xd5, 0xd5, 0xd5, 0xd5, 0xd5, 0xd5, 0xd5, 0xd5, 0xd5,
  0xd5, 0xd5, 0xd5, 0xd5, 0xd5, 0xd5, 0xd5, 0xd5, 0xd5, 0xd5, 0xd5, 0xd5,
  0xd5, 0xd5, 0xd5, 0xd5, 0xd5, 0xd5, 0xd5, 0xd5, 0xd5, 0xd5, 0xd5, 0xd5,
  0xd5, 0xd5, 0xd5, 0xd5, 0xd5, 0xd5, 0xd5, 0xd5, 0xd5, 0xd5, 0xd5, 0xd5,
  0xd5, 0xd5, 0xd5, 0xd5, 0xd5, 0xd5, 0xd5, 0xd5, 0xd5, 0xd5, 0xd5, 0xd5,
  0xd5, 0xd5, 0xd5, 0xd5, 0xd5, 0xd5, 0xd5, 0xd5, 0xd5, 0xd5, 0xd5, 0xd5,
  0xd5, 0xd5, 0xd5, 0xd5, 0xd5, 0xd5, 0xd5, 0xd5, 0xd5, 0xd5, 0xd5, 0xd5,
  0xd5, 0xd5, 0xd5, 0xd5, 0xd5, 0xd5, 0xd5, 0xd5, 0xd5, 0xd5, 0xd5, 0xd5,
  0xd5, 0xd5, 0xd5, 0xd5, 0xd5, 0xd5, 0xd5, 0xd5, 0xd5, 0xd5, 0xd5, 0xd5,
  0xd5, 0xd5, 0xd5, 0xd5, 0xd5, 0xd5, 0xd5, 0xd5, 0xd5, 0xd5, 0xd5, 0xd5,
  0xd5, 0xd5, 0xd5, 0xd5, 0xd5, 0xd5, 0xd5, 0xd5, 0xd5, 0xd5, 0xd5, 0xd5,
  0xd5, 0xd5, 0xd5, 0xd5, 0xd5, 0xd5, 0xd5, 0xd5, 0xd5, 0xd5, 0xd5, 0xd5,
  0xd5, 0xd5, 0xd5, 0xd5, 0xd5, 0xd5, 0xd5, 0xd5, 0xd5, 0xd5, 0xd5, 0xd5,
  0xd5, 0xd5, 0xd5, 0xd5, 0xd5, 0xd5, 0xd5, 0xd5, 0xd5, 0xd5, 0xd5, 0xd5,
  0xd5, 0xd5, 0xd5, 0xd5, 0xd5, 0xd5, 0xd5, 0xd5, 0xd5, 0xd5, 0xd5, 0xd5,
  0xd5, 0xd5, 0xd5, 0xd5, 0xd5, 0xd5, 0xd5, 0xd5, 0xd5, 0xd5, 0xd5, 0xd5,
  0xd5, 0xd5, 0xd5, 0xd5, 0xd5, 0xd5, 0xd5, 0xd5, 0xd5, 0xd5, 0xd5, 0xd5,
  0xd5, 0xd5, 0xd5, 0xd5, 0xd5, 0xd5, 0xd5, 0xd5, 0xd5, 0xd5, 0xd5, 0xd5,
  0xd5, 0xd5, 0xd5, 0xd5, 0xd5, 0xd5, 0xd5, 0xd5, 0xd5, 0xd5, 0xd5, 0xd5,
  0xd5, 0xd5, 0xd5, 0xd5, 0xd5, 0xd5, 0xd5, 0xd5, 0xd5, 0xd5, 0xd5, 0xd5,
  0xd5, 0xd5, 0xd5, 0xd5, 0xd5, 0xd5, 0xd5, 0xd5, 0xd5, 0xd5, 0xd5, 0xd5,
  0xd5, 0xd5, 0xd5, 0xd5, 0xd5, 0xd5, 0xd5, 0xd5, 0xd5, 0xd5, 0xd5, 0xd5,
  0xd5, 0xd5, 0xd5, 0xd5, 0xd5, 0xd5, 0xd5, 0xd5, 0xd5, 0xd5, 0xd5, 0xd5,
  0xd5, 0xd5, 0xd5, 0xd5, 0xd5, 0xd5, 0xd5, 0xd5, 0xd5, 0xd5, 0xd5, 0xd5,
  0xd5, 0xd5, 0xd5, 0xd5, 0xd5, 0xd5, 0xd5, 0xd5, 0xd5, 0xd5, 0xd5, 0xd5,
  0xd5, 0xd5, 0xd5, 0xd5, 0xd5, 0xd5, 0xd5, 0xd5, 0xd5, 0xd5, 0xd5, 0xd5,
  0xd5, 0xd5, 0xd5, 0xd5, 0xd5, 0xd5, 0xd5, 0xd5, 0xd5, 0xd5, 0xd5, 0xd5,
  0xd5, 0xd5, 0xd5, 0xd5, 0xd5, 0xd5, 0xd5, 0xd5, 0xd5, 0xd5, 0xd5, 0xd5,
  0xd5, 0xd5, 0xd5, 0xd5, 0xd5, 0xd5, 0xd5, 0xd5, 0xd5, 0xd5, 0xd5, 0xd5,
  0xd5, 0xd5, 0xd5, 0xd5, 0xd5, 0xd5, 0xd5, 0xd5, 0xd5, 0xd5, 0xd5, 0xd5,
  0xd5, 0xd5, 0xd5, 0xd5, 0xd5, 0xd5, 0xd5, 0xd5, 0xd5, 0xd5, 0xd5, 0xd5,
  0xd5, 0xd5, 0xd5, 0xd5, 0xd5, 0xd5, 0xd5, 0xd5, 0xd5, 0xd5, 0xd5, 0xd5,
  0xd5, 0xd5, 0xd5, 0xd5, 0xd5, 0xd5, 0xd5, 0xd5, 0xd5, 0xd5, 0xd5, 0xd5,
  0xd5, 0xd5, 0xd5, 0xd5, 0xd5, 0xd5, 0xd5, 0xd5, 0xd5, 0xd5, 0xd5, 0xd5,
  0xd5, 0xd5, 0xd5, 0xd5, 0xd5, 0xd5, 0xd5, 0xd5, 0xd5, 0xd5, 0xd5, 0xd5,
  0xd5, 0xd5, 0xd5, 0xd5, 0xd5, 0xd5, 0xd5, 0xd5, 0xd5, 0xd5, 0xd5, 0xd5,
  0xd5, 0xd5, 0xd5, 0xd5, 0xd5, 0xd5, 0xd5, 0xd5, 0xd5, 0xd5, 0xd5, 0xd5,
  0xd5, 0xd5, 0xd5, 0xd5, 0xd5, 0xd5, 0xd5, 0xd5, 0xd5, 0xd5, 0xd5, 0xd5,
  0xd5, 0xd5, 0xd5, 0xd5, 0xd5, 0xd5, 0xd5, 0xd5, 0xd5, 0xd5, 0xd5, 0xd5,
  0xd5, 0xd5, 0xd5, 0xd5, 0xd5, 0xd5, 0xd5, 0xd5, 0xd5, 0xd5, 0xd5, 0xd5,
  0xd5, 0xd5, 0xd5, 0xd5, 0xd5, 0xd5, 0xd5, 0xd5, 0xd5, 0xd5, 0xd5, 0xd5,
  0xd5, 0xd5, 0xd5, 0xd5, 0xd5, 0xd5, 0xd5, 0xd5, 0xd5, 0xd5, 0xd5, 0xd5,
  0xd5, 0xd5, 0xd5, 0xd5, 0xd5, 0xd5, 0xd5, 0xd5, 0xd5, 0xd5, 0xd5, 0xd5,
  0xd5, 0xd5, 0xd5, 0xd5, 0xd5, 0xd5, 0xd5, 0xd5, 0xd5, 0xd5, 0xd5, 0xd5,
  0xd5, 0xd5, 0xd5, 0xd5, 0xd5, 0xd5, 0xd5, 0xd5, 0xd5, 0xd5, 0xd5, 0xd5,
  0xd5, 0xd5, 0xd5, 0xd5, 0xd5, 0xd5, 0xd5, 0xd5, 0xd5, 0xd5, 0xd5, 0xd5,
  0xd5, 0xd5, 0xd5, 0xd5, 0xd5, 0xd5, 0xd5, 0xd5, 0xd5, 0xd5, 0xd5, 0xd5,
  0xd5, 0xd5, 0xd5, 0xd5, 0xd5, 0xd5, 0xd5, 0xd5, 0xd5, 0xd5, 0xd5, 0xd5,
  0xd5, 0xd5, 0xd5, 0xd5, 0xd5, 0xd5, 0xd5, 0xd5, 0xd5, 0xd5, 0xd5, 0xd5,
  0xd5, 0xd5, 0xd5, 0xd5, 0xd5, 0xd5, 0xd5, 0xd5, 0xd5, 0xd5, 0xd5, 0xd5,
  0xd5, 0xd5, 0xd5, 0xd5, 0xd5, 0xd5, 0xd5, 0xd5, 0xd5, 0xd5, 0xd5, 0xd5,
  0xd5, 0xd5, 0xd5, 0xd5, 0xd5, 0xd5, 0xd5, 0xd5, 0xd5, 0xd5, 0xd5, 0xd5,
  0xd5, 0xd5, 0xd5, 0xd5, 0xd5, 0xd5, 0xd5, 0xd5, 0xd5, 0xd5, 0xd5, 0xd5,
  0xd5, 0xd5, 0xd5, 0xd5, 0xd5, 0xd5, 0xd5, 0xd5, 0xd5, 0xd5, 0xd5, 0xd5,
  0xd5, 0xd5, 0xd5, 0xd5, 0xd5, 0xd5, 0xd5, 0xd5, 0xd5, 0xd5, 0xd5, 0xd5,
  0xd5, 0xd5, 0xd5, 0xd5, 0xd5, 0xd5, 0xd5, 0xd5, 0xd5, 0xd5, 0xd5, 0xd5,
  0xd5, 0xd5, 0xd5, 0xd5, 0xd5, 0xd5, 0xd5, 0xd5, 0xd5, 0xd5, 0xd5, 0xd5,
  0xd5, 0xd5, 0xd5, 0xd5, 0xd5, 0xd5, 0xd5, 0xd5, 0xd5, 0xd5, 0xd5, 0xd5,
  0xd5, 0xd5, 0xd5, 0xd5, 0xd5, 0xd5, 0xd5, 0xd5, 0xd5, 0xd5, 0xd5, 0xd5,
  0xd5, 0xd5, 0xd5, 0xd5, 0xd5, 0xd5, 0xd5, 0xd5, 0xd5, 0xd5, 0xd5, 0xd5,
  0xd5, 0xd5, 0xd5, 0xd5, 0xd5, 0xd5, 0xd5, 0xd5, 0xd5, 0xd5, 0xd5, 0xd5,
  0xd5, 0xd5, 0xd5, 0xd5, 0xd5, 0xd5, 0xd5, 0xd5, 0xd5, 0xd5, 0xd5, 0xd5,
  0xd5, 0xd5, 0xd5, 0xd5, 0xd5, 0xd5, 0xd5, 0xd5, 0xd5, 0xd5, 0xd5, 0xd5,
  0xd5, 0xd5, 0xd5, 0xd5, 0xd5, 0xd5, 0xd5, 0xd5, 0xd5, 0xd5, 0xd5, 0xd5,
  0xd5, 0xd5, 0xd5, 0xd5, 0xd5, 0xd5, 0xd5, 0xd5, 0xd5, 0xd5, 0xd5, 0xd5,
  0xd5, 0xd5, 0xd5, 0xd5, 0xd5, 0xd5, 0xd5, 0xd5, 0xd5, 0xd5, 0xd5, 0xd5,
  0xd5, 0xd5, 0xd5, 0xd5, 0xd5, 0xd5, 0xd5, 0xd5, 0xd5, 0xd5, 0xd5, 0xd5,
  0xd5, 0xd5, 0xd5, 0xd5, 0xd5, 0xd5, 0xd5, 0xd5, 0xd5, 0xd5, 0xd5, 0xd5,
  0xd5, 0xd5, 0xd5, 0xd5, 0xd5, 0xd5, 0xd5, 0xd5, 0xd5, 0xd5, 0xd5, 0xd5,
  0xd5, 0xd5, 0xd5, 0xd5, 0xd5, 0xd5, 0xd5, 0xd5, 0xd5, 0xd5, 0xd5, 0xd5,
  0xd5, 0xd5, 0xd5, 0xd5, 0xd5, 0xd5, 0xd5, 0xd5, 0xd5, 0xd5, 0xd5, 0xd5,
  0xd5, 0xd5, 0xd5, 0xd5, 0xd5, 0xd5, 0xd5, 0xd5, 0xd5, 0xd5, 0xd5, 0xd5,
  0xd5, 0xd5, 0xd5, 0xd5, 0xd5, 0xd5, 0xd5, 0xd5, 0xd5, 0xd5, 0xd5, 0xd5,
  0xd5, 0xd5, 0xd5, 0xd5, 0xd5, 0xd5, 0xd5, 0xd5, 0xd5, 0xd5, 0xd5, 0xd5,
  0xd5, 0xd5, 0xd5, 0xd5, 0xd5, 0xd5, 0xd5, 0xd5, 0xd5, 0xd5, 0xd5, 0xd5,
  0xd5, 0xd5, 0xd5, 0xd5, 0xd5, 0xd5, 0xd5, 0xd5, 0xd5, 0xd5, 0xd5, 0xd5,
  0xd5, 0xd5, 0xd5, 0xd5, 0xd5, 0xd5, 0xd5, 0xd5, 0xd5, 0xd5, 0xd5, 0xd5,
  0xd5, 0xd5, 0xd5, 0xd5, 0xd5, 0xd5, 0xd5, 0xd5, 0xd5, 0xd5, 0xd5, 0xd5,
  0xd5, 0xd5, 0xd5, 0xd5, 0xd5, 0xd5, 0xd5, 0xd5, 0xd5, 0xd5, 0xd5, 0xd5,
  0xd5, 0xd5, 0xd5, 0xd5, 0xd5, 0xd5, 0xd5, 0xd5, 0xd5, 0xd5, 0xd5, 0xd5,
  0xd5, 0xd5, 0xd5, 0xd5, 0xd5, 0xd5, 0xd5, 0xd5, 0xd5, 0xd5, 0xd5, 0xd5,
  0xd5, 0xd5, 0xd5, 0xd5, 0xd5, 0xd5, 0xd5, 0xd5, 0xd5, 0xd5, 0xd5, 0xd5,
  0xd5, 0xd5, 0xd5, 0xd5, 0xd5, 0xd5, 0xd5, 0xd5, 0xd5, 0xd5, 0xd5, 0xd5,
  0xd5, 0xd5, 0xd5, 0xd5, 0xd5, 0xd5, 0xd5, 0xd5, 0xd5, 0xd5, 0xd5, 0xd5,
  0xd5, 0xd5, 0xd5, 0xd5, 0xd5, 0xd5, 0xd5, 0xd5, 0xd5, 0xd5, 0xd5, 0xd5,
  0xd5, 0xd5, 0xd5, 0xd5, 0xd5, 0xd5, 0xd5, 0xd5, 0xd5, 0xd5, 0xd5, 0xd5,
  0xd5, 0xd5, 0xd5, 0xd5, 0xd5, 0xd5, 0xd5, 0xd5, 0xd5, 0xd5, 0xd5, 0xd5,
  0xd5, 0xd5, 0xd5, 0xd5, 0xd5, 0xd5, 0xd5, 0xd5, 0xd5, 0xd5, 0xd5, 0xd5,
  0xd5, 0xd5, 0xd5, 0xd5, 0xd5, 0xd5, 0xd5, 0xd5, 0xd5, 0xd5, 0xd5, 0xd5,
  0xd5, 0xd5, 0xd5, 0xd5, 0xd5, 0xd5, 0xd5, 0xd5, 0xd5, 0xd5, 0xd5, 0xd5,
  0xd5, 0xd5, 0xd5, 0xd5, 0xd5, 0xd5, 0xd5, 0xd5, 0xd5, 0xd5, 0xd5, 0xd5,
  0xd5, 0xd5, 0xd5, 0xd5, 0xd5, 0xd5, 0xd5, 0xd5, 0xd5, 0xd5, 0xd5, 0xd5,
  0xd5, 0xd5, 0xd5, 0xd5, 0xd5, 0xd5, 0xd5, 0xd5, 0xd5, 0xd5, 0xd5, 0xd5,
  0xd5, 0xd5, 0xd5, 0xd5, 0xd5, 0xd5, 0xd5, 0xd5, 0xd5, 0xd5, 0xd5, 0xd5,
  0xd5, 0xd5, 0xd5, 0xd5, 0xd5, 0xd5, 0xd5, 0xd5, 0xd5, 0xd5, 0xd5, 0xd5,
  0xd5, 0xd5, 0xd5, 0xd5, 0xd5, 0xd5, 0xd5, 0xd5, 0xd5, 0xd5, 0xd5, 0xd5,
  0xd5, 0xd5, 0xd5, 0xd5, 0xd5, 0xd5, 0xd5, 0xd5, 0xd5, 0xd5, 0xd5, 0xd5,
  0xd5, 0xd5, 0xd5, 0xd5, 0xd5, 0xd5, 0xd5, 0xd5, 0xd5, 0xd5, 0xd5, 0xd5,
  0xd5, 0xd5, 0xd5, 0xd5, 0xd5, 0xd5, 0xd5, 0xd5, 0xd5, 0xd5, 0xd5, 0xd5,
  0xd5, 0xd5, 0xd5, 0xd5, 0xd5, 0xd5, 0xd5, 0xd5, 0xd5, 0xd5, 0xd5, 0xd5,
  0xd5, 0xd5, 0xd5, 0xd5, 0xd5, 0xd5, 0xd5, 0xd5, 0xd5, 0xd5, 0xd5, 0xd5,
  0xd5, 0xd5, 0xd5, 0xd5, 0xd5, 0xd5, 0xd5, 0xd5, 0xd5, 0xd5, 0xd5, 0xd5,
  0xd5, 0xd5, 0xd5, 0xd5, 0xd5, 0xd5, 0xd5, 0xd5, 0xd5, 0xd5, 0xd5, 0xd5,
  0xd5, 0xd5, 0xd5, 0xd5, 0xd5, 0xd5, 0xd5, 0xd5, 0xd5, 0xd5, 0xd5, 0xd5,
  0xd5, 0xd5, 0xd5, 0xd5, 0xd5, 0xd5, 0xd5, 0xd5, 0xd5, 0xd5, 0xd5, 0xd5,
  0xd5, 0xd5, 0xd5, 0xd5, 0xd5, 0xd5, 0xd5, 0xd5, 0xd5, 0xd5, 0xd5, 0xd5,
  0xd5, 0xd5, 0xd5, 0xd5, 0xd5, 0xd5, 0xd5, 0xd5, 0xd5, 0xd5, 0xd5, 0xd5,
  0xd5, 0xd5, 0xd5, 0xd5, 0xd5, 0xd5, 0xd5, 0xd5, 0xd5, 0xd5, 0xd5, 0xd5,
  0xd5, 0xd5, 0xd5, 0xd5, 0xd5, 0xd5, 0xd5, 0xd5, 0xd5, 0xd5, 0xd5, 0xd5,
  0xd5, 0xd5, 0xd5, 0xd5, 0xd5, 0xd5, 0xd5, 0xd5, 0xd5, 0xd5, 0xd5, 0xd5,
  0xd5, 0xd5, 0xd5, 0xd5, 0xd5, 0xd5, 0xd5, 0xd5, 0xd5, 0xd5, 0xd5, 0xd5,
  0xd5, 0xd5, 0xd5, 0xd5, 0xd5, 0xd5, 0xd5, 0xd5, 0xd5, 0xd5, 0xd5, 0xd5,
  0xd5, 0xd5, 0xd5, 0xd5, 0xd5, 0xd5, 0xd5, 0xd5, 0xd5, 0xd5, 0xd5, 0xd5,
  0xd5, 0xd5, 0xd5, 0xd5, 0xd5, 0xd5, 0xd5, 0xd5, 0xd5, 0xd5, 0xd5, 0xd5,
  0xd5, 0xd5, 0xd5, 0xd5, 0xd5, 0xd5, 0xd5, 0xd5, 0xd5, 0xd5, 0xd5, 0xd5,
  0xd5, 0xd5, 0xd5, 0xd5, 0xd5, 0xd5, 0xd5, 0xd5, 0xd5, 0xd5, 0xd5, 0xd5,
  0xd5, 0xd5, 0xd5, 0xd5, 0xd5, 0xd5, 0xd5, 0xd5, 0xd5, 0xd5, 0xd5, 0xd5,
  0xd5, 0xd5, 0xd5, 0xd5, 0xd5, 0xd5, 0xd5, 0xd5, 0xd5, 0xd5, 0xd5, 0xd5,
  0xd5, 0xd5, 0xd5, 0xd5, 0xd5, 0xd5, 0xd5, 0xd5, 0xd5, 0xd5, 0xd5, 0xd5,
  0xd5, 0xd5, 0xd5, 0xd5, 0xd5, 0xd5, 0xd5, 0xd5, 0xd5, 0xd5, 0xd5, 0xd5,
  0xd5, 0xd5, 0xd5, 0xd5, 0xd5, 0xd5, 0xd5, 0xd5, 0xd5, 0xd5, 0xd5, 0xd5,
  0xd5, 0xd5, 0xd5, 0xd5, 0xd5, 0xd5, 0xd5, 0xd5, 0xd5, 0xd5, 0xd5, 0xd5,
  0xd5, 0xd5, 0xd5, 0xd5, 0xd5, 0xd5, 0xd5, 0xd5, 0xd5, 0xd5, 0xd5, 0xd5,
  0xd5, 0xd5, 0xd5, 0xd5, 0xd5, 0xd5, 0xd5, 0xd5, 0xd5, 0xd5, 0xd5, 0xd5,
  0xd5, 0xd5, 0xd5, 0xd5, 0xd5, 0xd5, 0xd5, 0xd5, 0xd5, 0xd5, 0xd5, 0xd5,
  0xd5, 0xd5, 0xd5, 0xd5, 0xd5, 0xd5, 0xd5, 0xd5, 0xd5, 0xd5, 0xd5, 0xd5,
  0xd5, 0xd5, 0xd5, 0xd5, 0xd5, 0xd5, 0xd5, 0xd5, 0xd5, 0xd5, 0xd5, 0xd5,
  0xd5, 0xd5, 0xd5, 0xd5, 0xd5, 0xd5, 0xd5, 0xd5, 0xd5, 0xd5, 0xd5, 0xd5,
  0xd5, 0xd5, 0xd5, 0xd5, 0xd5, 0xd5, 0xd5, 0xd5, 0xd5, 0xd5, 0xd5, 0xd5,
  0xd5, 0xd5, 0xd5, 0xd5, 0xd5, 0xd5, 0xd5, 0xd5, 0xd5, 0xd5, 0xd5, 0xd5,
  0xd5, 0xd5, 0xd5, 0xd5, 0xd5, 0xd5, 0xd5, 0xd5, 0xd5, 0xd5, 0xd5, 0xd5,
  0xd5, 0xd5, 0xd5, 0xd5, 0xd5, 0xd5, 0xd5, 0xd5, 0xd5, 0xd5, 0xd5, 0xd5,
  0xd5, 0xd5, 0xd5, 0xd5, 0xd5, 0xd5, 0xd5, 0xd5, 0xd5, 0xd5, 0xd5, 0xd5,
  0xd5, 0xd5, 0xd5, 0xd5, 0xd5, 0xd5, 0xd5, 0xd5, 0xd5, 0xd5, 0xd5, 0xd5,
  0xd5, 0xd5, 0xd5, 0xd5, 0xd5, 0xd5, 0xd5, 0xd5, 0xd5, 0xd5, 0xd5, 0xd5,
  0xd5, 0xd5, 0xd5, 0xd5, 0xd5, 0xd5, 0xd5, 0xd5, 0xd5, 0xd5, 0xd5, 0xd5,
  0xd5, 0xd5, 0xd5, 0xd5, 0xd5, 0xd5, 0xd5, 0xd5, 0xd5, 0xd5, 0xd5, 0xd5,
  0xd5, 0xd5, 0xd5, 0xd5, 0xd5, 0xd5, 0xd5, 0xd5, 0xd5, 0xd5, 0xd5, 0xd5,
  0xd5, 0xd5, 0xd5, 0xd5, 0xd5, 0xd5, 0xd5, 0xd5, 0xd5, 0xd5, 0xd5, 0xd5,
  0xd5, 0xd5, 0xd5, 0xd5, 0xd5, 0xd5, 0xd5, 0xd5, 0xd5, 0xd5, 0xd5, 0xd5,
  0xd5, 0xd5, 0xd5, 0xd5, 0xd5, 0xd5, 0xd5, 0xd5, 0xd5, 0xd5, 0xd5, 0xd5,
  0xd5, 0xd5, 0xd5, 0xd5, 0xd5, 0xd5, 0xd5, 0xd5, 0xd5, 0xd5, 0xd5, 0xd5,
  0xd5, 0xd5, 0xd5, 0xd5, 0xd5, 0xd5, 0xd5, 0xd5, 0xd5, 0xd5, 0xd5, 0xd5,
  0xd5, 0xd5, 0xd5, 0xd5, 0xd5, 0xd5, 0xd5, 0xd5, 0xd5, 0xd5, 0xd5, 0xd5,
  0xd5, 0xd5, 0xd5, 0xd5, 0xd5, 0xd5, 0xd5, 0xd5, 0xd5, 0xd5, 0xd5, 0xd5,
  0xd5, 0xd5, 0xd5, 0xd5, 0xd5, 0xd5, 0xd5, 0xd5, 0xd5, 0xd5, 0xd5, 0xd5,
  0xd5, 0xd5, 0xd5, 0xd5, 0xd5, 0xd5, 0xd5, 0xd5, 0xd5, 0xd5, 0xd5, 0xd5,
  0xd5, 0xd5, 0xd5, 0xd5, 0xd5, 0xd5, 0xd5, 0xd5, 0xd5, 0xd5, 0xd5, 0xd5,
  0xd5, 0xd5, 0xd5, 0xd5, 0xd5, 0xd5, 0xd5, 0xd5, 0xd5, 0xd5, 0xd5, 0xd5,
  0xd5, 0xd5, 0xd5, 0xd5, 0xd5, 0xd5, 0xd5, 0xd5, 0xd5, 0xd5, 0xd5, 0xd5,
  0xd5, 0xd5, 0xd5, 0xd5, 0xd5, 0xd5, 0xd5, 0xd5, 0xd5, 0xd5, 0xd5, 0xd5,
  0xd5, 0xd5, 0xd5, 0xd5, 0xd5, 0xd5, 0xd5, 0xd5, 0xd5, 0xd5, 0xd5, 0xd5,
  0xd5, 0xd5, 0xd5, 0xd5, 0xd5, 0xd5, 0xd5, 0xd5, 0xd5, 0xd5, 0xd5, 0xd5,
  0xd5, 0xd5, 0xd5, 0xd5, 0xd5, 0xd5, 0xd5, 0xd5, 0xd5, 0xd5, 0xd5, 0xd5,
  0xd5, 0xd5, 0xd5, 0xd5, 0xd5, 0xd5, 0xd5, 0xd5, 0xd5, 0xd5, 0xd5, 0xd5,
  0xd5, 0xd5, 0xd5, 0xd5, 0xd5, 0xd5, 0xd5, 0xd5, 0xd5, 0xd5, 0xd5, 0xd5,
  0xd5, 0xd5, 0xd5, 0xd5, 0xd5, 0xd5, 0xd5, 0xd5, 0xd5, 0xd5, 0xd5, 0xd5,
  0xd5, 0xd5, 0xd5, 0xd5, 0xd5, 0xd5, 0xd5, 0xd5, 0xd5, 0xd5, 0xd5, 0xd5,
  0xd5, 0xd5, 0xd5, 0xd5, 0xd5, 0xd5, 0xd5, 0xd5, 0xd5, 0xd5, 0xd5, 0xd5,
  0xd5, 0xd5, 0xd5, 0xd5, 0xd5, 0xd5, 0xd5, 0xd5, 0xd5, 0xd5, 0xd5, 0xd5,
  0xd5, 0xd5, 0xd5, 0xd5, 0xd5, 0xd5, 0xd5, 0xd5, 0xd5, 0xd5, 0xd5, 0xd5,
  0xd5, 0xd5, 0xd5, 0xd5, 0xd5, 0xd5, 0xd5, 0xd5, 0xd5, 0xd5, 0xd5, 0xd5,
  0xd5, 0xd5, 0xd5, 0xd5, 0xd5, 0xd5, 0xd5, 0xd5, 0xd5, 0xd5, 0xd5, 0xd5,
  0xd5, 0xd5, 0xd5, 0xd5, 0xd5, 0xd5, 0xd5, 0xd5, 0xd5, 0xd5, 0xd5, 0xd5,
  0xd5, 0xd5, 0xd5, 0xd5, 0xd5, 0xd5, 0xd5, 0xd5, 0xd5, 0xd5, 0xd5, 0xd5,
  0xd5, 0xd5, 0xd5, 0xd5, 0xd5, 0xd5, 0xd5, 0xd5, 0xd5, 0xd5, 0xd5, 0xd5,
  0xd5, 0xd5, 0xd5, 0xd5, 0xd5, 0xd5, 0xd5, 0xd5, 0xd5, 0xd5, 0xd5, 0xd5,
  0xd5, 0xd5, 0xd5, 0xd5, 0xd5, 0xd5, 0xd5, 0xd5, 0xd5, 0xd5, 0xd5, 0xd5,
  0xd5, 0xd5, 0xd5, 0xd5, 0xd5, 0xd5, 0xd5, 0xd5, 0xd5, 0xd5, 0xd5, 0xd5,
  0xd5, 0xd5, 0xd5, 0xd5, 0xd5, 0xd5, 0xd5, 0xd5, 0xd5, 0xd5, 0xd5, 0xd5,
  0xd5, 0xd5, 0xd5, 0xd5, 0xd5, 0xd5, 0xd5, 0xd5, 0xd5, 0xd5, 0xd5, 0xd5,
  0xd5, 0xd5, 0xd5, 0xd5, 0xd5, 0xd5, 0xd5, 0xd5, 0xd5, 0xd5, 0xd5, 0xd5,
  0xd5, 0xd5, 0xd5, 0xd5, 0xd5, 0xd5, 0xd5, 0xd5, 0xd5, 0xd5, 0xd5, 0xd5,
  0xd5, 0xd5, 0xd5, 0xd5, 0xd5, 0xd5, 0xd5, 0xd5, 0xd5, 0xd5, 0xd5, 0xd5,
  0xd5, 0xd5, 0xd5, 0xd5, 0xd5, 0xd5, 0xd5, 0xd5, 0xd5, 0xd5, 0xd5, 0xd5,
  0xd5, 0xd5, 0xd5, 0xd5, 0xd5, 0xd5, 0xd5, 0xd5, 0xd5, 0xd5, 0xd5, 0xd5,
  0xd5, 0xd5, 0xd5, 0xd5, 0xd5, 0xd5, 0xd5, 0xd5, 0xd5, 0xd5, 0xd5, 0xd5,
  0xd5, 0xd5, 0xd5, 0xd5, 0xd5, 0xd5, 0xd5, 0xd5, 0xd5, 0xd5, 0xd5, 0xd5,
  0xd5, 0xd5, 0xd5, 0xd5, 0xd5, 0xd5, 0xd5, 0xd5, 0xd5, 0xd5, 0xd5, 0xd5,
  0xd5, 0xd5, 0xd5, 0xd5, 0xd5, 0xd5, 0xd5, 0xd5, 0xd5, 0xd5, 0xd5, 0xd5,
  0xd5, 0xd5, 0xd5, 0xd5, 0xd5, 0xd5, 0xd5, 0xd5, 0xd5, 0xd5, 0xd5, 0xd5,
  0xd5, 0xd5, 0xd5, 0xd5, 0xd5, 0xd5, 0xd5, 0xd5, 0xd5, 0xd5, 0xd5, 0xd5,
  0xd5, 0xd5, 0xd5, 0xd5, 0xd5, 0xd5, 0xd5, 0xd5, 0xd5, 0xd5, 0xd5, 0xd5,
  0xd5, 0xd5, 0xd5, 0xd5, 0xd5, 0xd5, 0xd5, 0xd5, 0xd5, 0xd5, 0xd5, 0xd5,
  0xd5, 0xd5, 0xd5, 0xd5, 0xd5, 0xd5, 0xd5, 0xd5, 0xd5, 0xd5, 0xd5, 0xd5,
  0xd5, 0xd5, 0xd5, 0xd5, 0xd5, 0xd5, 0xd5, 0xd5, 0xd5, 0xd5, 0xd5, 0xd5,
  0xd5, 0xd5, 0xd5, 0xd5, 0xd5, 0xd5, 0xd5, 0xd5, 0xd5, 0xd5, 0xd5, 0xd5,
  0xd5, 0xd5, 0xd5, 0xd5, 0xd5, 0xd5, 0xd5, 0xd5, 0xd5, 0xd5, 0xd5, 0xd5,
  0xd5, 0xd5, 0xd5, 0xd5, 0xd5, 0xd5, 0xd5, 0xd5, 0xd5, 0xd5, 0xd5, 0xd5,
  0xd5, 0xd5, 0xd5, 0xd5, 0xd5, 0xd5, 0xd5, 0xd5, 0xd5, 0xd5, 0xd5, 0xd5,
  0xd5, 0xd5, 0xd5, 0xd5, 0xd5, 0xd5, 0xd5, 0xd5, 0xd5, 0xd5, 0xd5, 0xd5,
  0xd5, 0xd5, 0xd5, 0xd5, 0xd5, 0xd5, 0xd5, 0xd5, 0xd5, 0xd5, 0xd5, 0xd5,
  0xd5, 0xd5, 0xd5, 0xd5, 0xd5, 0xd5, 0xd5, 0xd5, 0xd5, 0xd5, 0xd5, 0xd5,
  0xd5, 0xd5, 0xd5, 0xd5, 0xd5, 0xd5, 0xd5, 0xd5, 0xd5, 0xd5, 0xd5, 0xd5,
  0xd5, 0xd5, 0xd5, 0xd5, 0xd5, 0xd5, 0xd5, 0xd5, 0xd5, 0xd5, 0xd5, 0xd5,
  0xd5, 0xd5, 0xd5, 0xd5, 0xd5, 0xd5, 0xd5, 0xd5, 0xd5, 0xd5, 0xd5, 0xd5,
  0xd5, 0xd5, 0xd5, 0xd5, 0xd5, 0xd5, 0x55, 0xd5, 0xd5, 0xd5, 0xd5, 0xd5,
  0xd5, 0xd5, 0xd5, 0xd5, 0xd5, 0xd5, 0xd5, 0x55, 0xd5, 0xd5, 0xd5, 0xd5,
  0xd5, 0xd5, 0xd5, 0xd5, 0xd5, 0xd5, 0xd5, 0xd5, 0xd5, 0xd5, 0xd5, 0x55,
  0xd5, 0xd5, 0xd5, 0xd5, 0xd5, 0xd5, 0xd5, 0xd5, 0xd5, 0xd5, 0xd5, 0xd5,
  0xd5, 0x55, 0x55, 0x55, 0x55, 0x55, 0xd5, 0xd5, 0xd5, 0xd5, 0xd5, 0xd5,
  0xd5, 0xd5, 0xd5, 0xd5, 0xd5, 0xd5, 0xd5, 0xd5, 0xd5, 0xd5, 0xd5, 0xd5,
  0xd5, 0xd5, 0xd5, 0xd5, 0xd5, 0xd5, 0xd5, 0x55, 0xd5, 0xd5, 0x55, 0x55,
  0xd5, 0x55, 0x55, 0xd5, 0x55, 0xd5, 0xd5, 0xd5, 0xd5, 0xd5, 0xd5, 0xd5,
  0xd5, 0xd5, 0xd5, 0xd5, 0xd5, 0xd5, 0xd5, 0xd5, 0xd5, 0xd5, 0xd5, 0xd5,
  0xd5, 0xd5, 0xd5, 0xd5, 0xd5, 0xd5, 0xd5, 0x55, 0xd5, 0xd5, 0x55, 0x55,
  0xd5, 0xd5, 0xd5, 0x55, 0xd5, 0xd5, 0xd5, 0x55, 0xd5, 0xd5, 0xd5, 0xd5,
  0xd5, 0xd5, 0xd5, 0xd5, 0xd5, 0xd5, 0xd5, 0xd5, 0xd5, 0xd5, 0xd5, 0x55,
  0xd5, 0xd5, 0xd5, 0x55, 0xd5, 0xd5, 0xd5, 0xd5, 0xd5, 0xd5, 0x55, 0xd5,
  0xd5, 0x55, 0x55, 0xd5, 0x55, 0xd5, 0x55, 0xd5, 0x55, 0x55, 0x55, 0x55,
  0x55, 0xd5, 0x55, 0x55, 0x55, 0x55, 0xd5, 0xd5, 0xd5, 0xd5, 0xd5, 0xd5,
  0xd5, 0xd5, 0xd5, 0xd5, 0xd5, 0xd5, 0xd5, 0xd5, 0xd5, 0xd5, 0xd5, 0x55,
  0xd5, 0xd5, 0xd5, 0xd5, 0xd5, 0xd5, 0xd5, 0x55, 0x55, 0xd5, 0x55, 0x55,
  0xd5, 0xd5, 0xd5, 0xd5, 0xd5, 0x55, 0x55, 0xd5, 0xd5, 0xd5, 0xd5, 0xd5,
  0xd5, 0xd5, 0xd5, 0xd5, 0xd5, 0xd5, 0xd5, 0xd5, 0xd5, 0xd5, 0xd5, 0xd5,
  0xd5, 0xd5, 0x55, 0xd5, 0x55, 0x55, 0xd5, 0xd5, 0x55, 0xd5, 0xd5, 0x55,
  0xd5, 0xd5, 0x55, 0xd5, 0x55, 0xd5, 0x55, 0xd5, 0xd5, 0xd5, 0xd5, 0xd5,
  0xd5, 0xd5, 0xd5, 0xd5, 0xd5, 0xd5, 0xd5, 0xd5, 0xd5, 0xd5, 0xd5, 0xd5,
  0xd5, 0xd5, 0xd5, 0x55, 0xd5, 0xd5, 0x55, 0x55, 0xd5, 0xd5, 0x55, 0x55,
  0xd5, 0xd5, 0xd5, 0xd5, 0xd5, 0xd5, 0xd5, 0xd5, 0x55, 0x55, 0xd5, 0x55,
  0xd5, 0xd5, 0xd5, 0xd5, 0xd5, 0xd5, 0xd5, 0xd5, 0xd5, 0xd5, 0xd5, 0xd5,
  0xd5, 0xd5, 0xd5, 0x55, 0x55, 0xd5, 0xd5, 0xd5, 0xd5, 0xd5, 0xd5, 0xd5,
  0x55, 0x55, 0x55, 0x55, 0x55, 0xd5, 0xd5, 0x55, 0xd5, 0x55, 0x55, 0xd5,
  0xd5, 0xd5, 0xd5, 0x55, 0xd5, 0x55, 0x55, 0x55, 0xd5, 0xd5, 0xd5, 0x55,
  0x55, 0x55, 0xd5, 0xd5, 0xd5, 0xd5, 0xd5, 0xd5, 0x55, 0x55, 0xd5, 0xd5,
  0xd5, 0xd5, 0xd5, 0x55, 0xd5, 0x55, 0xd5, 0xd5, 0x55, 0xd5, 0x55, 0x55,
  0xd5, 0xd5, 0x55, 0x55, 0xd5, 0xd5, 0xd5, 0xd5, 0x55, 0xd5, 0xd5, 0xd5,
  0xd5, 0xd5, 0xd5, 0x55, 0xd5, 0xd5, 0x55, 0x55, 0x55, 0xd5, 0xd5, 0x55,
  0x55, 0x55, 0x55, 0xd5, 0x55, 0x55, 0xd5, 0x55, 0xd5, 0x55, 0x55, 0xd5,
  0x55, 0x55, 0x55, 0xd5, 0x55, 0xd5, 0x55, 0x55, 0x55, 0x55, 0xd5, 0xd5,
  0xd5, 0x55, 0x55, 0xd5, 0x55, 0x55, 0xd5, 0x55, 0x55, 0x55, 0xd5, 0xd5,
  0x55, 0xd5, 0x55, 0xd5, 0xd5, 0x55, 0x55, 0x55, 0x55, 0xd5, 0xd5, 0xd5,
  0x55, 0x55, 0x55, 0xd5, 0xd5, 0x55, 0x55, 0x55, 0x55, 0x55, 0x55, 0xd5,
  0x55, 0x55, 0x55, 0x55, 0xd5, 0xd5, 0x55, 0x55, 0x55, 0x55, 0x55, 0x55,
  0xd5, 0x55, 0x55, 0x55, 0x55, 0x55, 0x55, 0x55, 0x55, 0x55, 0x55, 0x55,
  0x55, 0x55, 0xd5, 0x55, 0x55, 0x55, 0x55, 0x55, 0x55, 0x55, 0x55, 0x55,
  0x55, 0xd5, 0xd5, 0xd5, 0x55, 0x55, 0xd5, 0x55, 0x55, 0x55, 0x55, 0x55,
  0x55, 0x55, 0x55, 0x55, 0x55, 0x55, 0x55, 0x55, 0x55, 0xd5, 0x55, 0x55,
  0xd5, 0xd5, 0x55, 0x55, 0xd5, 0xd5, 0x55, 0xd5, 0xd5, 0xd5, 0xd5, 0xd5,
  0xd5, 0x55, 0xd5, 0xd5, 0xd5, 0xd5, 0x55, 0x55, 0xd5, 0x55, 0x55, 0xd5,
  0x55, 0x55, 0xd5, 0xd5, 0xd5, 0xd5, 0x55, 0xd5, 0x55, 0x55, 0x55, 0xd5,
  0x55, 0x55, 0xd5, 0x55, 0x55, 0xd5, 0xd5, 0x55, 0x55, 0x55, 0xd5, 0x55,
  0xd5, 0xd5, 0xd5, 0xd5, 0xd5, 0xd5, 0xd5, 0xd5, 0x55, 0x55, 0x55, 0x55,
  0x55, 0xd5, 0xd5, 0xd5, 0x55, 0x55, 0xd5, 0x55, 0x55, 0xd5, 0x55, 0xd5,
  0xd5, 0xd5, 0xd5, 0x55, 0xd5, 0xd5, 0x55, 0xd5, 0xd5, 0xd5, 0xd5, 0xd5,
  0xd5, 0xd5, 0xd5, 0xd5, 0x55, 0xd5, 0xd5, 0xd5, 0xd5, 0xd5, 0xd5, 0xd5,
  0xd5, 0xd5, 0x55, 0x55, 0xd5, 0xd5, 0xd5, 0xd5, 0xd5, 0xd5, 0xd5, 0xd5,
  0xd5, 0xd5, 0xd5, 0xd5, 0xd5, 0xd5, 0xd5, 0xd5, 0xd5, 0xd5, 0xd5, 0xd5,
  0xd5, 0xd5, 0xd5, 0xd5, 0x55, 0xd5, 0xd5, 0x55, 0x55, 0xd5, 0xd5, 0xd5,
  0xd5, 0xd5, 0x55, 0x55, 0x55, 0xd5, 0xd5, 0x55, 0x55, 0xd5, 0x55, 0x55,
  0xd5, 0xd5, 0xd5, 0xd5, 0xd5, 0xd5, 0x55, 0xd5, 0xd5, 0xd5, 0xd5, 0xd5,
  0xd5, 0xd5, 0xd5, 0xd5, 0xd5, 0xd5, 0xd5, 0xd5, 0xd5, 0xd5, 0xd5, 0xd5,
  0xd5, 0xd5, 0xd5, 0xd5, 0xd5, 0xd5, 0xd5, 0xd5, 0x55, 0xd5, 0xd5, 0xd5,
  0xd5, 0xd5, 0xd5, 0xd5, 0xd5, 0xd5, 0xd5, 0xd5, 0xd5, 0xd5, 0xd5, 0xd5,
  0xd5, 0xd5, 0xd5, 0xd5, 0xd5, 0xd5, 0xd5, 0xd5, 0xd5, 0xd5, 0xd5, 0xd5,
  0xd5, 0xd5, 0x55, 0x55, 0x55, 0x55, 0xd5, 0xd5, 0x55, 0xd5, 0x55, 0x55,
  0x55, 0x55, 0x55, 0xd5, 0xd5, 0x55, 0x55, 0x55, 0x55, 0x55, 0x55, 0x55,
  0x55, 0x55, 0x55, 0x55, 0x55, 0xd5, 0x55, 0xd5, 0xd5, 0xd5, 0xd5, 0x55,
  0xd5, 0x55, 0x55, 0xd5, 0xd5, 0xd5, 0xd5, 0xd5, 0xd5, 0xd5, 0xd5, 0xd5,
  0xd5, 0xd5, 0xd5, 0xd5, 0xd5, 0xd5, 0xd5, 0xd5, 0xd5, 0xd5, 0xd5, 0xd5,
  0xd5, 0xd5, 0x55, 0xd5, 0xd5, 0x55, 0x55, 0x55, 0x55, 0xd5, 0xd5, 0xd5,
  0x55, 0x55, 0xd5, 0xd5, 0xd5, 0xd5, 0xd5, 0xd5, 0xd5, 0xd5, 0xd5, 0xd5,
  0xd5, 0xd5, 0xd5, 0xd5, 0xd5, 0x55, 0x55, 0x55, 0x55, 0xd5, 0x55, 0x55,
  0x55, 0xd5, 0xd5, 0x55, 0x55, 0x55, 0x55, 0x55, 0x55, 0x55, 0xd5, 0xd5,
  0x55, 0xd5, 0x55, 0x55, 0x55, 0x55, 0xd5, 0xd5, 0x55, 0xd5, 0x55, 0xd5,
  0xd5, 0x55, 0xd5, 0x55, 0xd5, 0x55, 0x55, 0x55, 0x55, 0x55, 0xd5, 0x55,
  0xd5, 0x55, 0x55, 0x55, 0x55, 0x55, 0x55, 0x55, 0x55, 0x55, 0x55, 0x55,
  0xd5, 0x55, 0xd5, 0x55, 0x55, 0x55, 0x55, 0x55, 0xd5, 0xd5, 0x55, 0xd5,
  0x55, 0x55, 0x55, 0x55, 0x55, 0x55, 0x55, 0xd5, 0x55, 0xd5, 0x55, 0x55,
  0xd5, 0x55, 0xd5, 0xd5, 0x55, 0xd5, 0xd5, 0xd5, 0x55, 0x55, 0xd5, 0x55,
  0xd5, 0xd5, 0x55, 0x55, 0xd5, 0x55, 0xd5, 0x55, 0xd5, 0xd5, 0x55, 0x55,
  0xd5, 0x55, 0xd5, 0xd5, 0xd5, 0x55, 0xd5, 0x55, 0xd5, 0xd5, 0x55, 0xd5,
  0xd5, 0xd5, 0xd5, 0xd5, 0xd5, 0xd5, 0xd5, 0xd5, 0xd5, 0xd5, 0x55, 0xd5,
  0xd5, 0xd5, 0xd5, 0xd5, 0x55, 0xd5, 0x55, 0x55, 0xd5, 0x55, 0xd5, 0xd5,
  0x55, 0x55, 0xd5, 0x55, 0x55, 0x55, 0x55, 0xd5, 0xd5, 0xd5, 0xd5, 0x55,
  0x55, 0xd5, 0xd5, 0xd5, 0xd5, 0x55, 0xd5, 0x55, 0xd5, 0xd5, 0x55, 0xd5,
  0xd5, 0x55, 0x55, 0x55, 0x55, 0xd5, 0x55, 0x55, 0x55, 0x54, 0x55, 0x55,
  0x55, 0x55, 0xd5, 0x55, 0x55, 0xd5, 0xd7, 0xd7, 0xd7, 0xd6, 0xd7, 0xd7,
  0xd6, 0xd1, 0xd6, 0xd7, 0xd6, 0xd6, 0xd6, 0xd7, 0xd7, 0xd7, 0xd7, 0xd7,
  0xd7, 0xd4, 0xd7, 0xd4, 0xd4, 0xd4, 0xd5, 0xd5, 0xd5, 0x55, 0x55, 0x55,
  0x54, 0x55, 0x54, 0x54, 0x57, 0x57, 0x57, 0x56, 0x54, 0x54, 0x56, 0x57,
  0x57, 0x57, 0x54, 0x54, 0x57, 0x54, 0x54, 0x54, 0x55, 0x54, 0x57, 0x54,
  0x54, 0x57, 0x57, 0x57, 0x54, 0x57, 0x57, 0x57, 0x57, 0x56, 0x57, 0x57,
  0x56, 0x54, 0x56, 0x57, 0x57, 0x56, 0x54, 0x57, 0x55, 0x55, 0x55, 0x55,
  0xd5, 0x55, 0x55, 0xd5, 0xd5, 0x55, 0x55, 0xd5, 0xd5, 0xd5, 0x55, 0xd4,
  0x55, 0x55, 0xd5, 0xd4, 0xd4, 0xd5, 0xd4, 0xd5, 0xd5, 0xd5, 0xd5, 0xd4,
  0xd7, 0xd5, 0xd4, 0xd4, 0xd5, 0xd5, 0xd5, 0xd5, 0xd5, 0xd4, 0x54, 0x55,
  0x55, 0xd5, 0x55, 0x55, 0x55, 0x54, 0x55, 0xd5, 0x55, 0x54, 0x55, 0x54,
  0x54, 0x54, 0x54, 0x54, 0x54, 0x54, 0x55, 0x54, 0x57, 0x54, 0x54, 0x55,
  0xd5, 0x54, 0x55, 0xd5, 0x55, 0x55, 0x55, 0x55, 0x55, 0xd5, 0xd5, 0xd5,
  0xd5, 0x55, 0xd5, 0xd5, 0xd5, 0xd5, 0xd5, 0x55, 0x55, 0xd4, 0xd5, 0x55,
  0x55, 0xd5, 0xd5, 0x55, 0xd5, 0x55, 0x57, 0x55, 0xd5, 0xd4, 0x57, 0x55,
  0xd5, 0x54, 0xd5, 0xd4, 0xd0, 0xd7, 0xd4, 0xd5, 0x55, 0x54, 0x54, 0x54,
  0x56, 0x54, 0x54, 0x54, 0x56, 0x51, 0x56, 0x51, 0x56, 0x55, 0x57, 0x57,
  0x55, 0x57, 0x55, 0xd7, 0xd4, 0xd5, 0xd5, 0xd4, 0xd6, 0xd7, 0xd6, 0xd0,
  0xd4, 0xd5, 0xd6, 0xd6, 0xd4, 0xd4, 0xd4, 0xd4, 0xd4, 0xd4, 0xd6, 0xd7,
  0xd5, 0x55, 0x55, 0xd5, 0x54, 0x54, 0x56, 0x55, 0x55, 0x57, 0x54, 0x57,
  0x57, 0x57, 0x51, 0x54, 0x57, 0x56, 0x55, 0x56, 0x57, 0x57, 0x56, 0x54,
  0x57, 0xd5, 0x55, 0x55, 0x55, 0x57, 0x54, 0x55, 0x55, 0x55, 0x55, 0xd4,
  0x55, 0xd5, 0xd5, 0xd5, 0xd5, 0xd4, 0xd5, 0xd5, 0xd4, 0xd5, 0x55, 0x55,
  0xd5, 0x55, 0x54, 0xd4, 0xd4, 0xd5, 0xd5, 0xd4, 0xd5, 0x54, 0x55, 0xd5,
  0xd5, 0xd5, 0xd5, 0x54, 0x55, 0xd5, 0x55, 0xd5, 0x55, 0x55, 0x55, 0xd5,
  0x54, 0x55, 0x55, 0x55, 0x55, 0xd5, 0x54, 0x54, 0x55, 0x54, 0x57, 0x54,
  0x54, 0x54, 0x55, 0x55, 0x57, 0x54, 0x54, 0x55, 0x55, 0x57, 0x54, 0x55,
  0x54, 0x54, 0x55, 0xd5, 0x55, 0x55, 0x55, 0xd5, 0xd5, 0xd7, 0xd7, 0xd5,
  0xd7, 0xd7, 0xd5, 0xd4, 0xd4, 0xd7, 0xd6, 0xd6, 0xd6, 0xd7, 0xd6, 0xd7,
  0xd7, 0xd6, 0xd6, 0xd6, 0xd6, 0xd7, 0xd6, 0xd1, 0xd6, 0xd4, 0xd4, 0xd7,
  0xd5, 0x55, 0x54, 0x54, 0x55, 0x55, 0x55, 0xd5, 0x54, 0x54, 0x55, 0x54,
  0x55, 0x54, 0x57, 0x57, 0x57, 0x57, 0x54, 0x54, 0x54, 0x54, 0x54, 0x55,
  0x54, 0x55, 0x54, 0x54, 0x54, 0x54, 0xd5, 0xd4, 0x55, 0x54, 0x55, 0x55,
  0xd5, 0xd5, 0xd4, 0xd4, 0xd5, 0xd5, 0x55, 0xd4, 0xd4, 0xd5, 0x57, 0x57,
  0xd5, 0xd4, 0xd4, 0x54, 0xd5, 0xd5, 0xd4, 0xd7, 0xd6, 0xd7, 0xd7, 0xd5,
  0xd5, 0xd4, 0xd7, 0xd7, 0xd7, 0xd4, 0xd5, 0xd6, 0xd7, 0x55, 0x56, 0x57,
  0xd4, 0xd5, 0xd5, 0xd5, 0x55, 0x55, 0x54, 0x55, 0xd5, 0xd4, 0xd4, 0xd5,
  0x57, 0x56, 0x54, 0xd5, 0xd5, 0x57, 0x54, 0xd5, 0xd5, 0xd5, 0x55, 0xd5,
  0x55, 0x54, 0x57, 0x54, 0x55, 0x54, 0x57, 0x54, 0x55, 0x55, 0x55, 0x55,
  0x55, 0xd5, 0xd5, 0x55, 0xd5, 0xd5, 0x55, 0xd4, 0x55, 0x55, 0x55, 0xd5,
  0x54, 0x56, 0x57, 0x54, 0xd5, 0x54, 0x57, 0x57, 0x57, 0x56, 0x56, 0x54,
  0xd5, 0x54, 0x55, 0xd4, 0xd5, 0xd4, 0xd4, 0xd5, 0x54, 0xd5, 0xd5, 0xd5,
  0xd5, 0x54, 0x57, 0x54, 0x55, 0xd4, 0xd4, 0x55, 0x57, 0x54, 0x54, 0xd4,
  0xd5, 0xd5, 0xd7, 0x55, 0xd5, 0x54, 0x54, 0x55, 0x55, 0x54, 0x54, 0x54,
  0x54, 0x54, 0x55, 0x54, 0x57, 0x57, 0x57, 0x54, 0xd4, 0x55, 0x55, 0x54,
  0x57, 0x54, 0x54, 0x54, 0x57, 0xd5, 0xd4, 0x54, 0x57, 0x54, 0x54, 0x55,
  0x55, 0x55, 0xd5, 0xd5, 0x55, 0x57, 0x54, 0x55, 0x54, 0xd4, 0xd5, 0xd4,
  0xd4, 0x57, 0x55, 0xd4, 0xd4, 0xd5, 0xd4, 0xd5, 0x54, 0x55, 0x55, 0xd5,
  0xd5, 0xd5, 0xd4, 0xd5, 0xd4, 0xd7, 0xd7, 0xd5, 0xd4, 0xd7, 0xd4, 0xd4,
  0xd4, 0xd6, 0xd6, 0xd4, 0xd7, 0xd5, 0xd7, 0xd7, 0xd7, 0xd4, 0x57, 0x55,
  0x57, 0x55, 0x54, 0x57, 0xd4, 0x54, 0x56, 0x56, 0x55
};
unsigned int ___sim_audio_g711a_len = 160125;
